ISO-10303-21;
HEADER;
FILE_DESCRIPTION(('Open CASCADE Model'),'2;1');
FILE_NAME('Open CASCADE Shape Model','2026-09-23T18:03:21',('Author'),(
    'Open CASCADE'),'Open CASCADE STEP processor 7.9','Open CASCADE 7.9'
  ,'Unknown');
FILE_SCHEMA(('AUTOMOTIVE_DESIGN { 1 0 10303 214 1 1 1 1 }'));
ENDSEC;
DATA;
#1 = APPLICATION_PROTOCOL_DEFINITION('international standard',
  'automotive_design',2000,#2);
#2 = APPLICATION_CONTEXT(
  'core data for automotive mechanical design processes');
#3 = SHAPE_DEFINITION_REPRESENTATION(#4,#10);
#4 = PRODUCT_DEFINITION_SHAPE('','',#5);
#5 = PRODUCT_DEFINITION('design','',#6,#9);
#6 = PRODUCT_DEFINITION_FORMATION('','',#7);
#7 = PRODUCT('Open CASCADE STEP translator 7.9 2',
  'Open CASCADE STEP translator 7.9 2','',(#8));
#8 = PRODUCT_CONTEXT('',#2,'mechanical');
#9 = PRODUCT_DEFINITION_CONTEXT('part definition',#2,'design');
#10 = ADVANCED_BREP_SHAPE_REPRESENTATION('',(#11,#15),#11087);
#11 = AXIS2_PLACEMENT_3D('',#12,#13,#14);
#12 = CARTESIAN_POINT('',(0.,0.,0.));
#13 = DIRECTION('',(0.,0.,1.));
#14 = DIRECTION('',(1.,0.,-0.));
#15 = MANIFOLD_SOLID_BREP('',#16);
#16 = CLOSED_SHELL('',(#17,#301,#378,#503,#553,#600,#650,#763,#815,#898,
    #977,#1229,#1286,#1699,#1831,#2237,#2264,#2291,#2316,#2374,#2672,
    #3233,#3302,#3358,#3412,#3467,#3547,#4469,#4494,#4542,#4594,#4640,
    #4647,#4674,#4901,#4928,#4955,#4982,#5209,#5216,#5266,#5640,#5667,
    #5876,#5903,#5930,#5957,#6510,#6536,#6586,#6633,#6660,#6687,#6714,
    #6741,#6768,#6795,#6802,#7305,#7361,#7417,#7489,#7566,#7720,#7769,
    #7815,#7822,#7899,#7948,#8002,#8051,#8101,#8150,#8204,#8231,#8283,
    #8330,#8382,#8434,#8484,#8616,#8693,#8725,#8780,#8812,#8859,#8886,
    #8913,#8940,#8967,#8994,#9021,#9028,#9075,#9102,#9129,#9156,#9183,
    #9210,#9237,#9244,#9291,#9318,#9345,#9372,#9399,#9426,#9453,#9460,
    #9467,#9471,#9475,#9479,#9483,#9560,#9607,#9657,#9704,#9754,#9801,
    #9851,#9876,#9928,#9980,#10038,#10204,#10229,#10278,#10511,#10536,
    #10564,#10607,#10614,#10639,#10646,#10839,#10864,#10871,#10918,
    #10945,#10972,#10999,#11026,#11053,#11080));
#17 = ADVANCED_FACE('',(#18),#32,.F.);
#18 = FACE_BOUND('',#19,.F.);
#19 = EDGE_LOOP('',(#20,#55,#83,#111,#139,#167,#193,#222,#248,#277));
#20 = ORIENTED_EDGE('',*,*,#21,.T.);
#21 = EDGE_CURVE('',#22,#24,#26,.T.);
#22 = VERTEX_POINT('',#23);
#23 = CARTESIAN_POINT('',(-14.25,8.8,-7.5));
#24 = VERTEX_POINT('',#25);
#25 = CARTESIAN_POINT('',(-14.25,8.8,-9.));
#26 = SURFACE_CURVE('',#27,(#31,#43),.PCURVE_S1.);
#27 = LINE('',#28,#29);
#28 = CARTESIAN_POINT('',(-14.25,8.8,9.));
#29 = VECTOR('',#30,1.);
#30 = DIRECTION('',(-0.,-0.,-1.));
#31 = PCURVE('',#32,#37);
#32 = PLANE('',#33);
#33 = AXIS2_PLACEMENT_3D('',#34,#35,#36);
#34 = CARTESIAN_POINT('',(-14.25,8.5,-14.25));
#35 = DIRECTION('',(1.,0.,0.));
#36 = DIRECTION('',(0.,0.,1.));
#37 = DEFINITIONAL_REPRESENTATION('',(#38),#42);
#38 = LINE('',#39,#40);
#39 = CARTESIAN_POINT('',(23.25,-0.3));
#40 = VECTOR('',#41,1.);
#41 = DIRECTION('',(-1.,0.));
#42 = ( GEOMETRIC_REPRESENTATION_CONTEXT(2) 
PARAMETRIC_REPRESENTATION_CONTEXT() REPRESENTATION_CONTEXT('2D SPACE',''
  ) );
#43 = PCURVE('',#44,#49);
#44 = PLANE('',#45);
#45 = AXIS2_PLACEMENT_3D('',#46,#47,#48);
#46 = CARTESIAN_POINT('',(-14.1,8.65,9.));
#47 = DIRECTION('',(-0.707106781187,-0.707106781187,0.));
#48 = DIRECTION('',(0.,-0.,1.));
#49 = DEFINITIONAL_REPRESENTATION('',(#50),#54);
#50 = LINE('',#51,#52);
#51 = CARTESIAN_POINT('',(-0.,0.212132034356));
#52 = VECTOR('',#53,1.);
#53 = DIRECTION('',(-1.,0.));
#54 = ( GEOMETRIC_REPRESENTATION_CONTEXT(2) 
PARAMETRIC_REPRESENTATION_CONTEXT() REPRESENTATION_CONTEXT('2D SPACE',''
  ) );
#55 = ORIENTED_EDGE('',*,*,#56,.T.);
#56 = EDGE_CURVE('',#24,#57,#59,.T.);
#57 = VERTEX_POINT('',#58);
#58 = CARTESIAN_POINT('',(-14.25,20.41,-9.));
#59 = SURFACE_CURVE('',#60,(#64,#71),.PCURVE_S1.);
#60 = LINE('',#61,#62);
#61 = CARTESIAN_POINT('',(-14.25,8.5,-9.));
#62 = VECTOR('',#63,1.);
#63 = DIRECTION('',(0.,1.,0.));
#64 = PCURVE('',#32,#65);
#65 = DEFINITIONAL_REPRESENTATION('',(#66),#70);
#66 = LINE('',#67,#68);
#67 = CARTESIAN_POINT('',(5.25,0.));
#68 = VECTOR('',#69,1.);
#69 = DIRECTION('',(0.,-1.));
#70 = ( GEOMETRIC_REPRESENTATION_CONTEXT(2) 
PARAMETRIC_REPRESENTATION_CONTEXT() REPRESENTATION_CONTEXT('2D SPACE',''
  ) );
#71 = PCURVE('',#72,#77);
#72 = CYLINDRICAL_SURFACE('',#73,5.25);
#73 = AXIS2_PLACEMENT_3D('',#74,#75,#76);
#74 = CARTESIAN_POINT('',(-9.,8.5,-9.));
#75 = DIRECTION('',(0.,1.,0.));
#76 = DIRECTION('',(-1.,0.,0.));
#77 = DEFINITIONAL_REPRESENTATION('',(#78),#82);
#78 = LINE('',#79,#80);
#79 = CARTESIAN_POINT('',(-0.,0.));
#80 = VECTOR('',#81,1.);
#81 = DIRECTION('',(-0.,1.));
#82 = ( GEOMETRIC_REPRESENTATION_CONTEXT(2) 
PARAMETRIC_REPRESENTATION_CONTEXT() REPRESENTATION_CONTEXT('2D SPACE',''
  ) );
#83 = ORIENTED_EDGE('',*,*,#84,.F.);
#84 = EDGE_CURVE('',#85,#57,#87,.T.);
#85 = VERTEX_POINT('',#86);
#86 = CARTESIAN_POINT('',(-14.25,20.41,9.));
#87 = SURFACE_CURVE('',#88,(#92,#99),.PCURVE_S1.);
#88 = LINE('',#89,#90);
#89 = CARTESIAN_POINT('',(-14.25,20.41,9.));
#90 = VECTOR('',#91,1.);
#91 = DIRECTION('',(-0.,-0.,-1.));
#92 = PCURVE('',#32,#93);
#93 = DEFINITIONAL_REPRESENTATION('',(#94),#98);
#94 = LINE('',#95,#96);
#95 = CARTESIAN_POINT('',(23.25,-11.91));
#96 = VECTOR('',#97,1.);
#97 = DIRECTION('',(-1.,0.));
#98 = ( GEOMETRIC_REPRESENTATION_CONTEXT(2) 
PARAMETRIC_REPRESENTATION_CONTEXT() REPRESENTATION_CONTEXT('2D SPACE',''
  ) );
#99 = PCURVE('',#100,#105);
#100 = CYLINDRICAL_SURFACE('',#101,1.);
#101 = AXIS2_PLACEMENT_3D('',#102,#103,#104);
#102 = CARTESIAN_POINT('',(-13.25,20.41,9.));
#103 = DIRECTION('',(-0.,-0.,-1.));
#104 = DIRECTION('',(0.,1.,-0.));
#105 = DEFINITIONAL_REPRESENTATION('',(#106),#110);
#106 = LINE('',#107,#108);
#107 = CARTESIAN_POINT('',(-1.570796326795,0.));
#108 = VECTOR('',#109,1.);
#109 = DIRECTION('',(-0.,1.));
#110 = ( GEOMETRIC_REPRESENTATION_CONTEXT(2) 
PARAMETRIC_REPRESENTATION_CONTEXT() REPRESENTATION_CONTEXT('2D SPACE',''
  ) );
#111 = ORIENTED_EDGE('',*,*,#112,.F.);
#112 = EDGE_CURVE('',#113,#85,#115,.T.);
#113 = VERTEX_POINT('',#114);
#114 = CARTESIAN_POINT('',(-14.25,8.8,9.));
#115 = SURFACE_CURVE('',#116,(#120,#127),.PCURVE_S1.);
#116 = LINE('',#117,#118);
#117 = CARTESIAN_POINT('',(-14.25,8.5,9.));
#118 = VECTOR('',#119,1.);
#119 = DIRECTION('',(0.,1.,0.));
#120 = PCURVE('',#32,#121);
#121 = DEFINITIONAL_REPRESENTATION('',(#122),#126);
#122 = LINE('',#123,#124);
#123 = CARTESIAN_POINT('',(23.25,0.));
#124 = VECTOR('',#125,1.);
#125 = DIRECTION('',(0.,-1.));
#126 = ( GEOMETRIC_REPRESENTATION_CONTEXT(2) 
PARAMETRIC_REPRESENTATION_CONTEXT() REPRESENTATION_CONTEXT('2D SPACE',''
  ) );
#127 = PCURVE('',#128,#133);
#128 = CYLINDRICAL_SURFACE('',#129,5.25);
#129 = AXIS2_PLACEMENT_3D('',#130,#131,#132);
#130 = CARTESIAN_POINT('',(-9.,8.5,9.));
#131 = DIRECTION('',(0.,1.,0.));
#132 = DIRECTION('',(-1.,0.,0.));
#133 = DEFINITIONAL_REPRESENTATION('',(#134),#138);
#134 = LINE('',#135,#136);
#135 = CARTESIAN_POINT('',(0.,0.));
#136 = VECTOR('',#137,1.);
#137 = DIRECTION('',(0.,1.));
#138 = ( GEOMETRIC_REPRESENTATION_CONTEXT(2) 
PARAMETRIC_REPRESENTATION_CONTEXT() REPRESENTATION_CONTEXT('2D SPACE',''
  ) );
#139 = ORIENTED_EDGE('',*,*,#140,.T.);
#140 = EDGE_CURVE('',#113,#141,#143,.T.);
#141 = VERTEX_POINT('',#142);
#142 = CARTESIAN_POINT('',(-14.25,8.8,7.5));
#143 = SURFACE_CURVE('',#144,(#148,#155),.PCURVE_S1.);
#144 = LINE('',#145,#146);
#145 = CARTESIAN_POINT('',(-14.25,8.8,9.));
#146 = VECTOR('',#147,1.);
#147 = DIRECTION('',(-0.,-0.,-1.));
#148 = PCURVE('',#32,#149);
#149 = DEFINITIONAL_REPRESENTATION('',(#150),#154);
#150 = LINE('',#151,#152);
#151 = CARTESIAN_POINT('',(23.25,-0.3));
#152 = VECTOR('',#153,1.);
#153 = DIRECTION('',(-1.,0.));
#154 = ( GEOMETRIC_REPRESENTATION_CONTEXT(2) 
PARAMETRIC_REPRESENTATION_CONTEXT() REPRESENTATION_CONTEXT('2D SPACE',''
  ) );
#155 = PCURVE('',#156,#161);
#156 = PLANE('',#157);
#157 = AXIS2_PLACEMENT_3D('',#158,#159,#160);
#158 = CARTESIAN_POINT('',(-14.1,8.65,9.));
#159 = DIRECTION('',(-0.707106781187,-0.707106781187,0.));
#160 = DIRECTION('',(0.,-0.,1.));
#161 = DEFINITIONAL_REPRESENTATION('',(#162),#166);
#162 = LINE('',#163,#164);
#163 = CARTESIAN_POINT('',(-0.,0.212132034356));
#164 = VECTOR('',#165,1.);
#165 = DIRECTION('',(-1.,0.));
#166 = ( GEOMETRIC_REPRESENTATION_CONTEXT(2) 
PARAMETRIC_REPRESENTATION_CONTEXT() REPRESENTATION_CONTEXT('2D SPACE',''
  ) );
#167 = ORIENTED_EDGE('',*,*,#168,.F.);
#168 = EDGE_CURVE('',#169,#141,#171,.T.);
#169 = VERTEX_POINT('',#170);
#170 = CARTESIAN_POINT('',(-14.25,14.1,7.5));
#171 = SURFACE_CURVE('',#172,(#176,#182),.PCURVE_S1.);
#172 = LINE('',#173,#174);
#173 = CARTESIAN_POINT('',(-14.25,2.35,7.5));
#174 = VECTOR('',#175,1.);
#175 = DIRECTION('',(0.,-1.,0.));
#176 = PCURVE('',#32,#177);
#177 = DEFINITIONAL_REPRESENTATION('',(#178),#181);
#178 = B_SPLINE_CURVE_WITH_KNOTS('',1,(#179,#180),.UNSPECIFIED.,.F.,.F.,
  (2,2),(-11.75,-6.45),.PIECEWISE_BEZIER_KNOTS.);
#179 = CARTESIAN_POINT('',(21.75,-5.6));
#180 = CARTESIAN_POINT('',(21.75,-0.3));
#181 = ( GEOMETRIC_REPRESENTATION_CONTEXT(2) 
PARAMETRIC_REPRESENTATION_CONTEXT() REPRESENTATION_CONTEXT('2D SPACE',''
  ) );
#182 = PCURVE('',#183,#188);
#183 = PLANE('',#184);
#184 = AXIS2_PLACEMENT_3D('',#185,#186,#187);
#185 = CARTESIAN_POINT('',(-16.25,-3.8,7.5));
#186 = DIRECTION('',(0.,0.,1.));
#187 = DIRECTION('',(1.,0.,0.));
#188 = DEFINITIONAL_REPRESENTATION('',(#189),#192);
#189 = B_SPLINE_CURVE_WITH_KNOTS('',1,(#190,#191),.UNSPECIFIED.,.F.,.F.,
  (2,2),(-11.75,-6.45),.PIECEWISE_BEZIER_KNOTS.);
#190 = CARTESIAN_POINT('',(2.,17.9));
#191 = CARTESIAN_POINT('',(2.,12.6));
#192 = ( GEOMETRIC_REPRESENTATION_CONTEXT(2) 
PARAMETRIC_REPRESENTATION_CONTEXT() REPRESENTATION_CONTEXT('2D SPACE',''
  ) );
#193 = ORIENTED_EDGE('',*,*,#194,.F.);
#194 = EDGE_CURVE('',#195,#169,#197,.T.);
#195 = VERTEX_POINT('',#196);
#196 = CARTESIAN_POINT('',(-14.25,15.6,6.));
#197 = SURFACE_CURVE('',#198,(#203,#210),.PCURVE_S1.);
#198 = CIRCLE('',#199,1.5);
#199 = AXIS2_PLACEMENT_3D('',#200,#201,#202);
#200 = CARTESIAN_POINT('',(-14.25,14.1,6.));
#201 = DIRECTION('',(1.,0.,0.));
#202 = DIRECTION('',(-0.,1.,0.));
#203 = PCURVE('',#32,#204);
#204 = DEFINITIONAL_REPRESENTATION('',(#205),#209);
#205 = CIRCLE('',#206,1.5);
#206 = AXIS2_PLACEMENT_2D('',#207,#208);
#207 = CARTESIAN_POINT('',(20.25,-5.6));
#208 = DIRECTION('',(0.,-1.));
#209 = ( GEOMETRIC_REPRESENTATION_CONTEXT(2) 
PARAMETRIC_REPRESENTATION_CONTEXT() REPRESENTATION_CONTEXT('2D SPACE',''
  ) );
#210 = PCURVE('',#211,#216);
#211 = CYLINDRICAL_SURFACE('',#212,1.5);
#212 = AXIS2_PLACEMENT_3D('',#213,#214,#215);
#213 = CARTESIAN_POINT('',(-16.25,14.1,6.));
#214 = DIRECTION('',(1.,0.,0.));
#215 = DIRECTION('',(-0.,1.,0.));
#216 = DEFINITIONAL_REPRESENTATION('',(#217),#221);
#217 = LINE('',#218,#219);
#218 = CARTESIAN_POINT('',(0.,2.));
#219 = VECTOR('',#220,1.);
#220 = DIRECTION('',(1.,0.));
#221 = ( GEOMETRIC_REPRESENTATION_CONTEXT(2) 
PARAMETRIC_REPRESENTATION_CONTEXT() REPRESENTATION_CONTEXT('2D SPACE',''
  ) );
#222 = ORIENTED_EDGE('',*,*,#223,.F.);
#223 = EDGE_CURVE('',#224,#195,#226,.T.);
#224 = VERTEX_POINT('',#225);
#225 = CARTESIAN_POINT('',(-14.25,15.6,-6.));
#226 = SURFACE_CURVE('',#227,(#231,#237),.PCURVE_S1.);
#227 = LINE('',#228,#229);
#228 = CARTESIAN_POINT('',(-14.25,15.6,-10.875));
#229 = VECTOR('',#230,1.);
#230 = DIRECTION('',(0.,0.,1.));
#231 = PCURVE('',#32,#232);
#232 = DEFINITIONAL_REPRESENTATION('',(#233),#236);
#233 = B_SPLINE_CURVE_WITH_KNOTS('',1,(#234,#235),.UNSPECIFIED.,.F.,.F.,
  (2,2),(4.875,16.875),.PIECEWISE_BEZIER_KNOTS.);
#234 = CARTESIAN_POINT('',(8.25,-7.1));
#235 = CARTESIAN_POINT('',(20.25,-7.1));
#236 = ( GEOMETRIC_REPRESENTATION_CONTEXT(2) 
PARAMETRIC_REPRESENTATION_CONTEXT() REPRESENTATION_CONTEXT('2D SPACE',''
  ) );
#237 = PCURVE('',#238,#243);
#238 = PLANE('',#239);
#239 = AXIS2_PLACEMENT_3D('',#240,#241,#242);
#240 = CARTESIAN_POINT('',(-16.25,15.6,-7.5));
#241 = DIRECTION('',(0.,1.,0.));
#242 = DIRECTION('',(0.,0.,1.));
#243 = DEFINITIONAL_REPRESENTATION('',(#244),#247);
#244 = B_SPLINE_CURVE_WITH_KNOTS('',1,(#245,#246),.UNSPECIFIED.,.F.,.F.,
  (2,2),(4.875,16.875),.PIECEWISE_BEZIER_KNOTS.);
#245 = CARTESIAN_POINT('',(1.5,2.));
#246 = CARTESIAN_POINT('',(13.5,2.));
#247 = ( GEOMETRIC_REPRESENTATION_CONTEXT(2) 
PARAMETRIC_REPRESENTATION_CONTEXT() REPRESENTATION_CONTEXT('2D SPACE',''
  ) );
#248 = ORIENTED_EDGE('',*,*,#249,.F.);
#249 = EDGE_CURVE('',#250,#224,#252,.T.);
#250 = VERTEX_POINT('',#251);
#251 = CARTESIAN_POINT('',(-14.25,14.1,-7.5));
#252 = SURFACE_CURVE('',#253,(#258,#265),.PCURVE_S1.);
#253 = CIRCLE('',#254,1.5);
#254 = AXIS2_PLACEMENT_3D('',#255,#256,#257);
#255 = CARTESIAN_POINT('',(-14.25,14.1,-6.));
#256 = DIRECTION('',(1.,0.,0.));
#257 = DIRECTION('',(-0.,1.,0.));
#258 = PCURVE('',#32,#259);
#259 = DEFINITIONAL_REPRESENTATION('',(#260),#264);
#260 = CIRCLE('',#261,1.5);
#261 = AXIS2_PLACEMENT_2D('',#262,#263);
#262 = CARTESIAN_POINT('',(8.25,-5.6));
#263 = DIRECTION('',(0.,-1.));
#264 = ( GEOMETRIC_REPRESENTATION_CONTEXT(2) 
PARAMETRIC_REPRESENTATION_CONTEXT() REPRESENTATION_CONTEXT('2D SPACE',''
  ) );
#265 = PCURVE('',#266,#271);
#266 = CYLINDRICAL_SURFACE('',#267,1.5);
#267 = AXIS2_PLACEMENT_3D('',#268,#269,#270);
#268 = CARTESIAN_POINT('',(-16.25,14.1,-6.));
#269 = DIRECTION('',(1.,0.,0.));
#270 = DIRECTION('',(-0.,1.,0.));
#271 = DEFINITIONAL_REPRESENTATION('',(#272),#276);
#272 = LINE('',#273,#274);
#273 = CARTESIAN_POINT('',(-6.28318530718,2.));
#274 = VECTOR('',#275,1.);
#275 = DIRECTION('',(1.,-0.));
#276 = ( GEOMETRIC_REPRESENTATION_CONTEXT(2) 
PARAMETRIC_REPRESENTATION_CONTEXT() REPRESENTATION_CONTEXT('2D SPACE',''
  ) );
#277 = ORIENTED_EDGE('',*,*,#278,.T.);
#278 = EDGE_CURVE('',#250,#22,#279,.T.);
#279 = SURFACE_CURVE('',#280,(#284,#290),.PCURVE_S1.);
#280 = LINE('',#281,#282);
#281 = CARTESIAN_POINT('',(-14.25,2.35,-7.5));
#282 = VECTOR('',#283,1.);
#283 = DIRECTION('',(0.,-1.,0.));
#284 = PCURVE('',#32,#285);
#285 = DEFINITIONAL_REPRESENTATION('',(#286),#289);
#286 = B_SPLINE_CURVE_WITH_KNOTS('',1,(#287,#288),.UNSPECIFIED.,.F.,.F.,
  (2,2),(-11.75,-6.45),.PIECEWISE_BEZIER_KNOTS.);
#287 = CARTESIAN_POINT('',(6.75,-5.6));
#288 = CARTESIAN_POINT('',(6.75,-0.3));
#289 = ( GEOMETRIC_REPRESENTATION_CONTEXT(2) 
PARAMETRIC_REPRESENTATION_CONTEXT() REPRESENTATION_CONTEXT('2D SPACE',''
  ) );
#290 = PCURVE('',#291,#296);
#291 = PLANE('',#292);
#292 = AXIS2_PLACEMENT_3D('',#293,#294,#295);
#293 = CARTESIAN_POINT('',(-16.25,-3.8,-7.5));
#294 = DIRECTION('',(0.,0.,1.));
#295 = DIRECTION('',(1.,0.,0.));
#296 = DEFINITIONAL_REPRESENTATION('',(#297),#300);
#297 = B_SPLINE_CURVE_WITH_KNOTS('',1,(#298,#299),.UNSPECIFIED.,.F.,.F.,
  (2,2),(-11.75,-6.45),.PIECEWISE_BEZIER_KNOTS.);
#298 = CARTESIAN_POINT('',(2.,17.9));
#299 = CARTESIAN_POINT('',(2.,12.6));
#300 = ( GEOMETRIC_REPRESENTATION_CONTEXT(2) 
PARAMETRIC_REPRESENTATION_CONTEXT() REPRESENTATION_CONTEXT('2D SPACE',''
  ) );
#301 = ADVANCED_FACE('',(#302),#44,.T.);
#302 = FACE_BOUND('',#303,.F.);
#303 = EDGE_LOOP('',(#304,#325,#353,#377));
#304 = ORIENTED_EDGE('',*,*,#305,.T.);
#305 = EDGE_CURVE('',#22,#306,#308,.T.);
#306 = VERTEX_POINT('',#307);
#307 = CARTESIAN_POINT('',(-13.95,8.5,-7.5));
#308 = SURFACE_CURVE('',#309,(#313,#319),.PCURVE_S1.);
#309 = LINE('',#310,#311);
#310 = CARTESIAN_POINT('',(-11.525,6.075,-7.5));
#311 = VECTOR('',#312,1.);
#312 = DIRECTION('',(0.707106781187,-0.707106781187,0.));
#313 = PCURVE('',#44,#314);
#314 = DEFINITIONAL_REPRESENTATION('',(#315),#318);
#315 = B_SPLINE_CURVE_WITH_KNOTS('',1,(#316,#317),.UNSPECIFIED.,.F.,.F.,
  (2,2),(-3.853731957467,-3.429467888755),.PIECEWISE_BEZIER_KNOTS.);
#316 = CARTESIAN_POINT('',(-16.5,0.212132034356));
#317 = CARTESIAN_POINT('',(-16.5,-0.212132034356));
#318 = ( GEOMETRIC_REPRESENTATION_CONTEXT(2) 
PARAMETRIC_REPRESENTATION_CONTEXT() REPRESENTATION_CONTEXT('2D SPACE',''
  ) );
#319 = PCURVE('',#291,#320);
#320 = DEFINITIONAL_REPRESENTATION('',(#321),#324);
#321 = B_SPLINE_CURVE_WITH_KNOTS('',1,(#322,#323),.UNSPECIFIED.,.F.,.F.,
  (2,2),(-3.853731957467,-3.429467888755),.PIECEWISE_BEZIER_KNOTS.);
#322 = CARTESIAN_POINT('',(2.,12.6));
#323 = CARTESIAN_POINT('',(2.3,12.3));
#324 = ( GEOMETRIC_REPRESENTATION_CONTEXT(2) 
PARAMETRIC_REPRESENTATION_CONTEXT() REPRESENTATION_CONTEXT('2D SPACE',''
  ) );
#325 = ORIENTED_EDGE('',*,*,#326,.T.);
#326 = EDGE_CURVE('',#306,#327,#329,.T.);
#327 = VERTEX_POINT('',#328);
#328 = CARTESIAN_POINT('',(-13.95,8.5,-9.));
#329 = SURFACE_CURVE('',#330,(#334,#341),.PCURVE_S1.);
#330 = LINE('',#331,#332);
#331 = CARTESIAN_POINT('',(-13.95,8.5,9.));
#332 = VECTOR('',#333,1.);
#333 = DIRECTION('',(-0.,-0.,-1.));
#334 = PCURVE('',#44,#335);
#335 = DEFINITIONAL_REPRESENTATION('',(#336),#340);
#336 = LINE('',#337,#338);
#337 = CARTESIAN_POINT('',(-0.,-0.212132034356));
#338 = VECTOR('',#339,1.);
#339 = DIRECTION('',(-1.,0.));
#340 = ( GEOMETRIC_REPRESENTATION_CONTEXT(2) 
PARAMETRIC_REPRESENTATION_CONTEXT() REPRESENTATION_CONTEXT('2D SPACE',''
  ) );
#341 = PCURVE('',#342,#347);
#342 = PLANE('',#343);
#343 = AXIS2_PLACEMENT_3D('',#344,#345,#346);
#344 = CARTESIAN_POINT('',(-14.25,8.5,-14.25));
#345 = DIRECTION('',(0.,1.,0.));
#346 = DIRECTION('',(0.,0.,1.));
#347 = DEFINITIONAL_REPRESENTATION('',(#348),#352);
#348 = LINE('',#349,#350);
#349 = CARTESIAN_POINT('',(23.25,0.3));
#350 = VECTOR('',#351,1.);
#351 = DIRECTION('',(-1.,-0.));
#352 = ( GEOMETRIC_REPRESENTATION_CONTEXT(2) 
PARAMETRIC_REPRESENTATION_CONTEXT() REPRESENTATION_CONTEXT('2D SPACE',''
  ) );
#353 = ORIENTED_EDGE('',*,*,#354,.T.);
#354 = EDGE_CURVE('',#327,#24,#355,.T.);
#355 = SURFACE_CURVE('',#356,(#360,#366),.PCURVE_S1.);
#356 = LINE('',#357,#358);
#357 = CARTESIAN_POINT('',(-14.1,8.65,-9.));
#358 = VECTOR('',#359,1.);
#359 = DIRECTION('',(-0.707106781187,0.707106781187,0.));
#360 = PCURVE('',#44,#361);
#361 = DEFINITIONAL_REPRESENTATION('',(#362),#365);
#362 = B_SPLINE_CURVE_WITH_KNOTS('',1,(#363,#364),.UNSPECIFIED.,.F.,.F.,
  (2,2),(-0.212132034356,0.212132034356),.PIECEWISE_BEZIER_KNOTS.);
#363 = CARTESIAN_POINT('',(-18.,-0.212132034356));
#364 = CARTESIAN_POINT('',(-18.,0.212132034356));
#365 = ( GEOMETRIC_REPRESENTATION_CONTEXT(2) 
PARAMETRIC_REPRESENTATION_CONTEXT() REPRESENTATION_CONTEXT('2D SPACE',''
  ) );
#366 = PCURVE('',#367,#372);
#367 = CONICAL_SURFACE('',#368,5.25,0.785398163397);
#368 = AXIS2_PLACEMENT_3D('',#369,#370,#371);
#369 = CARTESIAN_POINT('',(-9.,8.8,-9.));
#370 = DIRECTION('',(0.,1.,0.));
#371 = DIRECTION('',(-1.,0.,0.));
#372 = DEFINITIONAL_REPRESENTATION('',(#373),#376);
#373 = B_SPLINE_CURVE_WITH_KNOTS('',1,(#374,#375),.UNSPECIFIED.,.F.,.F.,
  (2,2),(-0.212132034356,0.212132034356),.PIECEWISE_BEZIER_KNOTS.);
#374 = CARTESIAN_POINT('',(0.,-0.3));
#375 = CARTESIAN_POINT('',(0.,6.672892949406E-16));
#376 = ( GEOMETRIC_REPRESENTATION_CONTEXT(2) 
PARAMETRIC_REPRESENTATION_CONTEXT() REPRESENTATION_CONTEXT('2D SPACE',''
  ) );
#377 = ORIENTED_EDGE('',*,*,#21,.F.);
#378 = ADVANCED_FACE('',(#379),#291,.T.);
#379 = FACE_BOUND('',#380,.T.);
#380 = EDGE_LOOP('',(#381,#404,#405,#406,#427,#453,#479));
#381 = ORIENTED_EDGE('',*,*,#382,.F.);
#382 = EDGE_CURVE('',#250,#383,#385,.T.);
#383 = VERTEX_POINT('',#384);
#384 = CARTESIAN_POINT('',(-12.25,14.1,-7.5));
#385 = SURFACE_CURVE('',#386,(#390,#397),.PCURVE_S1.);
#386 = LINE('',#387,#388);
#387 = CARTESIAN_POINT('',(-16.25,14.1,-7.5));
#388 = VECTOR('',#389,1.);
#389 = DIRECTION('',(1.,0.,0.));
#390 = PCURVE('',#291,#391);
#391 = DEFINITIONAL_REPRESENTATION('',(#392),#396);
#392 = LINE('',#393,#394);
#393 = CARTESIAN_POINT('',(0.,17.9));
#394 = VECTOR('',#395,1.);
#395 = DIRECTION('',(1.,0.));
#396 = ( GEOMETRIC_REPRESENTATION_CONTEXT(2) 
PARAMETRIC_REPRESENTATION_CONTEXT() REPRESENTATION_CONTEXT('2D SPACE',''
  ) );
#397 = PCURVE('',#266,#398);
#398 = DEFINITIONAL_REPRESENTATION('',(#399),#403);
#399 = LINE('',#400,#401);
#400 = CARTESIAN_POINT('',(-1.570796326795,0.));
#401 = VECTOR('',#402,1.);
#402 = DIRECTION('',(-0.,1.));
#403 = ( GEOMETRIC_REPRESENTATION_CONTEXT(2) 
PARAMETRIC_REPRESENTATION_CONTEXT() REPRESENTATION_CONTEXT('2D SPACE',''
  ) );
#404 = ORIENTED_EDGE('',*,*,#278,.T.);
#405 = ORIENTED_EDGE('',*,*,#305,.T.);
#406 = ORIENTED_EDGE('',*,*,#407,.T.);
#407 = EDGE_CURVE('',#306,#408,#410,.T.);
#408 = VERTEX_POINT('',#409);
#409 = CARTESIAN_POINT('',(-13.25,8.5,-7.5));
#410 = SURFACE_CURVE('',#411,(#415,#421),.PCURVE_S1.);
#411 = LINE('',#412,#413);
#412 = CARTESIAN_POINT('',(-15.25,8.5,-7.5));
#413 = VECTOR('',#414,1.);
#414 = DIRECTION('',(1.,0.,0.));
#415 = PCURVE('',#291,#416);
#416 = DEFINITIONAL_REPRESENTATION('',(#417),#420);
#417 = B_SPLINE_CURVE_WITH_KNOTS('',1,(#418,#419),.UNSPECIFIED.,.F.,.F.,
  (2,2),(1.3,4.85),.PIECEWISE_BEZIER_KNOTS.);
#418 = CARTESIAN_POINT('',(2.3,12.3));
#419 = CARTESIAN_POINT('',(5.85,12.3));
#420 = ( GEOMETRIC_REPRESENTATION_CONTEXT(2) 
PARAMETRIC_REPRESENTATION_CONTEXT() REPRESENTATION_CONTEXT('2D SPACE',''
  ) );
#421 = PCURVE('',#342,#422);
#422 = DEFINITIONAL_REPRESENTATION('',(#423),#426);
#423 = B_SPLINE_CURVE_WITH_KNOTS('',1,(#424,#425),.UNSPECIFIED.,.F.,.F.,
  (2,2),(1.3,4.85),.PIECEWISE_BEZIER_KNOTS.);
#424 = CARTESIAN_POINT('',(6.75,0.3));
#425 = CARTESIAN_POINT('',(6.75,3.85));
#426 = ( GEOMETRIC_REPRESENTATION_CONTEXT(2) 
PARAMETRIC_REPRESENTATION_CONTEXT() REPRESENTATION_CONTEXT('2D SPACE',''
  ) );
#427 = ORIENTED_EDGE('',*,*,#428,.F.);
#428 = EDGE_CURVE('',#429,#408,#431,.T.);
#429 = VERTEX_POINT('',#430);
#430 = CARTESIAN_POINT('',(-13.25,10.3,-7.5));
#431 = SURFACE_CURVE('',#432,(#436,#442),.PCURVE_S1.);
#432 = LINE('',#433,#434);
#433 = CARTESIAN_POINT('',(-13.25,1.85,-7.5));
#434 = VECTOR('',#435,1.);
#435 = DIRECTION('',(0.,-1.,0.));
#436 = PCURVE('',#291,#437);
#437 = DEFINITIONAL_REPRESENTATION('',(#438),#441);
#438 = B_SPLINE_CURVE_WITH_KNOTS('',1,(#439,#440),.UNSPECIFIED.,.F.,.F.,
  (2,2),(-8.45,-6.65),.PIECEWISE_BEZIER_KNOTS.);
#439 = CARTESIAN_POINT('',(3.,14.1));
#440 = CARTESIAN_POINT('',(3.,12.3));
#441 = ( GEOMETRIC_REPRESENTATION_CONTEXT(2) 
PARAMETRIC_REPRESENTATION_CONTEXT() REPRESENTATION_CONTEXT('2D SPACE',''
  ) );
#442 = PCURVE('',#443,#448);
#443 = PLANE('',#444);
#444 = AXIS2_PLACEMENT_3D('',#445,#446,#447);
#445 = CARTESIAN_POINT('',(-13.25,7.5,-13.25));
#446 = DIRECTION('',(1.,0.,0.));
#447 = DIRECTION('',(0.,0.,1.));
#448 = DEFINITIONAL_REPRESENTATION('',(#449),#452);
#449 = B_SPLINE_CURVE_WITH_KNOTS('',1,(#450,#451),.UNSPECIFIED.,.F.,.F.,
  (2,2),(-8.45,-6.65),.PIECEWISE_BEZIER_KNOTS.);
#450 = CARTESIAN_POINT('',(5.75,-2.8));
#451 = CARTESIAN_POINT('',(5.75,-1.));
#452 = ( GEOMETRIC_REPRESENTATION_CONTEXT(2) 
PARAMETRIC_REPRESENTATION_CONTEXT() REPRESENTATION_CONTEXT('2D SPACE',''
  ) );
#453 = ORIENTED_EDGE('',*,*,#454,.T.);
#454 = EDGE_CURVE('',#429,#455,#457,.T.);
#455 = VERTEX_POINT('',#456);
#456 = CARTESIAN_POINT('',(-12.25,10.3,-7.5));
#457 = SURFACE_CURVE('',#458,(#462,#468),.PCURVE_S1.);
#458 = LINE('',#459,#460);
#459 = CARTESIAN_POINT('',(-14.75,10.3,-7.5));
#460 = VECTOR('',#461,1.);
#461 = DIRECTION('',(1.,0.,0.));
#462 = PCURVE('',#291,#463);
#463 = DEFINITIONAL_REPRESENTATION('',(#464),#467);
#464 = B_SPLINE_CURVE_WITH_KNOTS('',1,(#465,#466),.UNSPECIFIED.,.F.,.F.,
  (2,2),(1.5,4.35),.PIECEWISE_BEZIER_KNOTS.);
#465 = CARTESIAN_POINT('',(3.,14.1));
#466 = CARTESIAN_POINT('',(5.85,14.1));
#467 = ( GEOMETRIC_REPRESENTATION_CONTEXT(2) 
PARAMETRIC_REPRESENTATION_CONTEXT() REPRESENTATION_CONTEXT('2D SPACE',''
  ) );
#468 = PCURVE('',#469,#474);
#469 = PLANE('',#470);
#470 = AXIS2_PLACEMENT_3D('',#471,#472,#473);
#471 = CARTESIAN_POINT('',(-13.25,10.3,-13.25));
#472 = DIRECTION('',(0.,1.,0.));
#473 = DIRECTION('',(0.,0.,1.));
#474 = DEFINITIONAL_REPRESENTATION('',(#475),#478);
#475 = B_SPLINE_CURVE_WITH_KNOTS('',1,(#476,#477),.UNSPECIFIED.,.F.,.F.,
  (2,2),(1.5,4.35),.PIECEWISE_BEZIER_KNOTS.);
#476 = CARTESIAN_POINT('',(5.75,0.));
#477 = CARTESIAN_POINT('',(5.75,2.85));
#478 = ( GEOMETRIC_REPRESENTATION_CONTEXT(2) 
PARAMETRIC_REPRESENTATION_CONTEXT() REPRESENTATION_CONTEXT('2D SPACE',''
  ) );
#479 = ORIENTED_EDGE('',*,*,#480,.F.);
#480 = EDGE_CURVE('',#383,#455,#481,.T.);
#481 = SURFACE_CURVE('',#482,(#486,#492),.PCURVE_S1.);
#482 = LINE('',#483,#484);
#483 = CARTESIAN_POINT('',(-12.25,1.85,-7.5));
#484 = VECTOR('',#485,1.);
#485 = DIRECTION('',(0.,-1.,0.));
#486 = PCURVE('',#291,#487);
#487 = DEFINITIONAL_REPRESENTATION('',(#488),#491);
#488 = B_SPLINE_CURVE_WITH_KNOTS('',1,(#489,#490),.UNSPECIFIED.,.F.,.F.,
  (2,2),(-12.25,-8.45),.PIECEWISE_BEZIER_KNOTS.);
#489 = CARTESIAN_POINT('',(4.,17.9));
#490 = CARTESIAN_POINT('',(4.,14.1));
#491 = ( GEOMETRIC_REPRESENTATION_CONTEXT(2) 
PARAMETRIC_REPRESENTATION_CONTEXT() REPRESENTATION_CONTEXT('2D SPACE',''
  ) );
#492 = PCURVE('',#493,#498);
#493 = PLANE('',#494);
#494 = AXIS2_PLACEMENT_3D('',#495,#496,#497);
#495 = CARTESIAN_POINT('',(-12.25,7.5,-12.25));
#496 = DIRECTION('',(1.,0.,0.));
#497 = DIRECTION('',(0.,0.,1.));
#498 = DEFINITIONAL_REPRESENTATION('',(#499),#502);
#499 = B_SPLINE_CURVE_WITH_KNOTS('',1,(#500,#501),.UNSPECIFIED.,.F.,.F.,
  (2,2),(-12.25,-8.45),.PIECEWISE_BEZIER_KNOTS.);
#500 = CARTESIAN_POINT('',(4.75,-6.6));
#501 = CARTESIAN_POINT('',(4.75,-2.8));
#502 = ( GEOMETRIC_REPRESENTATION_CONTEXT(2) 
PARAMETRIC_REPRESENTATION_CONTEXT() REPRESENTATION_CONTEXT('2D SPACE',''
  ) );
#503 = ADVANCED_FACE('',(#504),#266,.F.);
#504 = FACE_BOUND('',#505,.T.);
#505 = EDGE_LOOP('',(#506,#529,#530,#531));
#506 = ORIENTED_EDGE('',*,*,#507,.F.);
#507 = EDGE_CURVE('',#224,#508,#510,.T.);
#508 = VERTEX_POINT('',#509);
#509 = CARTESIAN_POINT('',(-12.25,15.6,-6.));
#510 = SURFACE_CURVE('',#511,(#515,#522),.PCURVE_S1.);
#511 = LINE('',#512,#513);
#512 = CARTESIAN_POINT('',(-16.25,15.6,-6.));
#513 = VECTOR('',#514,1.);
#514 = DIRECTION('',(1.,0.,0.));
#515 = PCURVE('',#266,#516);
#516 = DEFINITIONAL_REPRESENTATION('',(#517),#521);
#517 = LINE('',#518,#519);
#518 = CARTESIAN_POINT('',(-0.,0.));
#519 = VECTOR('',#520,1.);
#520 = DIRECTION('',(-0.,1.));
#521 = ( GEOMETRIC_REPRESENTATION_CONTEXT(2) 
PARAMETRIC_REPRESENTATION_CONTEXT() REPRESENTATION_CONTEXT('2D SPACE',''
  ) );
#522 = PCURVE('',#238,#523);
#523 = DEFINITIONAL_REPRESENTATION('',(#524),#528);
#524 = LINE('',#525,#526);
#525 = CARTESIAN_POINT('',(1.5,0.));
#526 = VECTOR('',#527,1.);
#527 = DIRECTION('',(0.,1.));
#528 = ( GEOMETRIC_REPRESENTATION_CONTEXT(2) 
PARAMETRIC_REPRESENTATION_CONTEXT() REPRESENTATION_CONTEXT('2D SPACE',''
  ) );
#529 = ORIENTED_EDGE('',*,*,#249,.F.);
#530 = ORIENTED_EDGE('',*,*,#382,.T.);
#531 = ORIENTED_EDGE('',*,*,#532,.T.);
#532 = EDGE_CURVE('',#383,#508,#533,.T.);
#533 = SURFACE_CURVE('',#534,(#539,#546),.PCURVE_S1.);
#534 = CIRCLE('',#535,1.5);
#535 = AXIS2_PLACEMENT_3D('',#536,#537,#538);
#536 = CARTESIAN_POINT('',(-12.25,14.1,-6.));
#537 = DIRECTION('',(1.,0.,0.));
#538 = DIRECTION('',(-0.,1.,0.));
#539 = PCURVE('',#266,#540);
#540 = DEFINITIONAL_REPRESENTATION('',(#541),#545);
#541 = LINE('',#542,#543);
#542 = CARTESIAN_POINT('',(-6.28318530718,4.));
#543 = VECTOR('',#544,1.);
#544 = DIRECTION('',(1.,-0.));
#545 = ( GEOMETRIC_REPRESENTATION_CONTEXT(2) 
PARAMETRIC_REPRESENTATION_CONTEXT() REPRESENTATION_CONTEXT('2D SPACE',''
  ) );
#546 = PCURVE('',#493,#547);
#547 = DEFINITIONAL_REPRESENTATION('',(#548),#552);
#548 = CIRCLE('',#549,1.5);
#549 = AXIS2_PLACEMENT_2D('',#550,#551);
#550 = CARTESIAN_POINT('',(6.25,-6.6));
#551 = DIRECTION('',(0.,-1.));
#552 = ( GEOMETRIC_REPRESENTATION_CONTEXT(2) 
PARAMETRIC_REPRESENTATION_CONTEXT() REPRESENTATION_CONTEXT('2D SPACE',''
  ) );
#553 = ADVANCED_FACE('',(#554),#238,.F.);
#554 = FACE_BOUND('',#555,.F.);
#555 = EDGE_LOOP('',(#556,#577,#578,#579));
#556 = ORIENTED_EDGE('',*,*,#557,.F.);
#557 = EDGE_CURVE('',#508,#558,#560,.T.);
#558 = VERTEX_POINT('',#559);
#559 = CARTESIAN_POINT('',(-12.25,15.6,6.));
#560 = SURFACE_CURVE('',#561,(#565,#571),.PCURVE_S1.);
#561 = LINE('',#562,#563);
#562 = CARTESIAN_POINT('',(-12.25,15.6,-9.875));
#563 = VECTOR('',#564,1.);
#564 = DIRECTION('',(0.,0.,1.));
#565 = PCURVE('',#238,#566);
#566 = DEFINITIONAL_REPRESENTATION('',(#567),#570);
#567 = B_SPLINE_CURVE_WITH_KNOTS('',1,(#568,#569),.UNSPECIFIED.,.F.,.F.,
  (2,2),(3.875,15.875),.PIECEWISE_BEZIER_KNOTS.);
#568 = CARTESIAN_POINT('',(1.5,4.));
#569 = CARTESIAN_POINT('',(13.5,4.));
#570 = ( GEOMETRIC_REPRESENTATION_CONTEXT(2) 
PARAMETRIC_REPRESENTATION_CONTEXT() REPRESENTATION_CONTEXT('2D SPACE',''
  ) );
#571 = PCURVE('',#493,#572);
#572 = DEFINITIONAL_REPRESENTATION('',(#573),#576);
#573 = B_SPLINE_CURVE_WITH_KNOTS('',1,(#574,#575),.UNSPECIFIED.,.F.,.F.,
  (2,2),(3.875,15.875),.PIECEWISE_BEZIER_KNOTS.);
#574 = CARTESIAN_POINT('',(6.25,-8.1));
#575 = CARTESIAN_POINT('',(18.25,-8.1));
#576 = ( GEOMETRIC_REPRESENTATION_CONTEXT(2) 
PARAMETRIC_REPRESENTATION_CONTEXT() REPRESENTATION_CONTEXT('2D SPACE',''
  ) );
#577 = ORIENTED_EDGE('',*,*,#507,.F.);
#578 = ORIENTED_EDGE('',*,*,#223,.T.);
#579 = ORIENTED_EDGE('',*,*,#580,.T.);
#580 = EDGE_CURVE('',#195,#558,#581,.T.);
#581 = SURFACE_CURVE('',#582,(#586,#593),.PCURVE_S1.);
#582 = LINE('',#583,#584);
#583 = CARTESIAN_POINT('',(-16.25,15.6,6.));
#584 = VECTOR('',#585,1.);
#585 = DIRECTION('',(1.,0.,0.));
#586 = PCURVE('',#238,#587);
#587 = DEFINITIONAL_REPRESENTATION('',(#588),#592);
#588 = LINE('',#589,#590);
#589 = CARTESIAN_POINT('',(13.5,0.));
#590 = VECTOR('',#591,1.);
#591 = DIRECTION('',(0.,1.));
#592 = ( GEOMETRIC_REPRESENTATION_CONTEXT(2) 
PARAMETRIC_REPRESENTATION_CONTEXT() REPRESENTATION_CONTEXT('2D SPACE',''
  ) );
#593 = PCURVE('',#211,#594);
#594 = DEFINITIONAL_REPRESENTATION('',(#595),#599);
#595 = LINE('',#596,#597);
#596 = CARTESIAN_POINT('',(0.,0.));
#597 = VECTOR('',#598,1.);
#598 = DIRECTION('',(0.,1.));
#599 = ( GEOMETRIC_REPRESENTATION_CONTEXT(2) 
PARAMETRIC_REPRESENTATION_CONTEXT() REPRESENTATION_CONTEXT('2D SPACE',''
  ) );
#600 = ADVANCED_FACE('',(#601),#211,.F.);
#601 = FACE_BOUND('',#602,.F.);
#602 = EDGE_LOOP('',(#603,#604,#605,#628));
#603 = ORIENTED_EDGE('',*,*,#580,.F.);
#604 = ORIENTED_EDGE('',*,*,#194,.T.);
#605 = ORIENTED_EDGE('',*,*,#606,.T.);
#606 = EDGE_CURVE('',#169,#607,#609,.T.);
#607 = VERTEX_POINT('',#608);
#608 = CARTESIAN_POINT('',(-12.25,14.1,7.5));
#609 = SURFACE_CURVE('',#610,(#614,#621),.PCURVE_S1.);
#610 = LINE('',#611,#612);
#611 = CARTESIAN_POINT('',(-16.25,14.1,7.5));
#612 = VECTOR('',#613,1.);
#613 = DIRECTION('',(1.,0.,0.));
#614 = PCURVE('',#211,#615);
#615 = DEFINITIONAL_REPRESENTATION('',(#616),#620);
#616 = LINE('',#617,#618);
#617 = CARTESIAN_POINT('',(1.570796326795,0.));
#618 = VECTOR('',#619,1.);
#619 = DIRECTION('',(0.,1.));
#620 = ( GEOMETRIC_REPRESENTATION_CONTEXT(2) 
PARAMETRIC_REPRESENTATION_CONTEXT() REPRESENTATION_CONTEXT('2D SPACE',''
  ) );
#621 = PCURVE('',#183,#622);
#622 = DEFINITIONAL_REPRESENTATION('',(#623),#627);
#623 = LINE('',#624,#625);
#624 = CARTESIAN_POINT('',(0.,17.9));
#625 = VECTOR('',#626,1.);
#626 = DIRECTION('',(1.,0.));
#627 = ( GEOMETRIC_REPRESENTATION_CONTEXT(2) 
PARAMETRIC_REPRESENTATION_CONTEXT() REPRESENTATION_CONTEXT('2D SPACE',''
  ) );
#628 = ORIENTED_EDGE('',*,*,#629,.F.);
#629 = EDGE_CURVE('',#558,#607,#630,.T.);
#630 = SURFACE_CURVE('',#631,(#636,#643),.PCURVE_S1.);
#631 = CIRCLE('',#632,1.5);
#632 = AXIS2_PLACEMENT_3D('',#633,#634,#635);
#633 = CARTESIAN_POINT('',(-12.25,14.1,6.));
#634 = DIRECTION('',(1.,0.,0.));
#635 = DIRECTION('',(-0.,1.,0.));
#636 = PCURVE('',#211,#637);
#637 = DEFINITIONAL_REPRESENTATION('',(#638),#642);
#638 = LINE('',#639,#640);
#639 = CARTESIAN_POINT('',(0.,4.));
#640 = VECTOR('',#641,1.);
#641 = DIRECTION('',(1.,0.));
#642 = ( GEOMETRIC_REPRESENTATION_CONTEXT(2) 
PARAMETRIC_REPRESENTATION_CONTEXT() REPRESENTATION_CONTEXT('2D SPACE',''
  ) );
#643 = PCURVE('',#493,#644);
#644 = DEFINITIONAL_REPRESENTATION('',(#645),#649);
#645 = CIRCLE('',#646,1.5);
#646 = AXIS2_PLACEMENT_2D('',#647,#648);
#647 = CARTESIAN_POINT('',(18.25,-6.6));
#648 = DIRECTION('',(0.,-1.));
#649 = ( GEOMETRIC_REPRESENTATION_CONTEXT(2) 
PARAMETRIC_REPRESENTATION_CONTEXT() REPRESENTATION_CONTEXT('2D SPACE',''
  ) );
#650 = ADVANCED_FACE('',(#651),#183,.F.);
#651 = FACE_BOUND('',#652,.F.);
#652 = EDGE_LOOP('',(#653,#654,#655,#676,#697,#723,#744));
#653 = ORIENTED_EDGE('',*,*,#606,.F.);
#654 = ORIENTED_EDGE('',*,*,#168,.T.);
#655 = ORIENTED_EDGE('',*,*,#656,.T.);
#656 = EDGE_CURVE('',#141,#657,#659,.T.);
#657 = VERTEX_POINT('',#658);
#658 = CARTESIAN_POINT('',(-13.95,8.5,7.5));
#659 = SURFACE_CURVE('',#660,(#664,#670),.PCURVE_S1.);
#660 = LINE('',#661,#662);
#661 = CARTESIAN_POINT('',(-11.525,6.075,7.5));
#662 = VECTOR('',#663,1.);
#663 = DIRECTION('',(0.707106781187,-0.707106781187,0.));
#664 = PCURVE('',#183,#665);
#665 = DEFINITIONAL_REPRESENTATION('',(#666),#669);
#666 = B_SPLINE_CURVE_WITH_KNOTS('',1,(#667,#668),.UNSPECIFIED.,.F.,.F.,
  (2,2),(-3.853731957467,-3.429467888755),.PIECEWISE_BEZIER_KNOTS.);
#667 = CARTESIAN_POINT('',(2.,12.6));
#668 = CARTESIAN_POINT('',(2.3,12.3));
#669 = ( GEOMETRIC_REPRESENTATION_CONTEXT(2) 
PARAMETRIC_REPRESENTATION_CONTEXT() REPRESENTATION_CONTEXT('2D SPACE',''
  ) );
#670 = PCURVE('',#156,#671);
#671 = DEFINITIONAL_REPRESENTATION('',(#672),#675);
#672 = B_SPLINE_CURVE_WITH_KNOTS('',1,(#673,#674),.UNSPECIFIED.,.F.,.F.,
  (2,2),(-3.853731957467,-3.429467888755),.PIECEWISE_BEZIER_KNOTS.);
#673 = CARTESIAN_POINT('',(-1.5,0.212132034356));
#674 = CARTESIAN_POINT('',(-1.5,-0.212132034356));
#675 = ( GEOMETRIC_REPRESENTATION_CONTEXT(2) 
PARAMETRIC_REPRESENTATION_CONTEXT() REPRESENTATION_CONTEXT('2D SPACE',''
  ) );
#676 = ORIENTED_EDGE('',*,*,#677,.T.);
#677 = EDGE_CURVE('',#657,#678,#680,.T.);
#678 = VERTEX_POINT('',#679);
#679 = CARTESIAN_POINT('',(-13.25,8.5,7.5));
#680 = SURFACE_CURVE('',#681,(#685,#691),.PCURVE_S1.);
#681 = LINE('',#682,#683);
#682 = CARTESIAN_POINT('',(-15.25,8.5,7.5));
#683 = VECTOR('',#684,1.);
#684 = DIRECTION('',(1.,0.,0.));
#685 = PCURVE('',#183,#686);
#686 = DEFINITIONAL_REPRESENTATION('',(#687),#690);
#687 = B_SPLINE_CURVE_WITH_KNOTS('',1,(#688,#689),.UNSPECIFIED.,.F.,.F.,
  (2,2),(1.3,4.85),.PIECEWISE_BEZIER_KNOTS.);
#688 = CARTESIAN_POINT('',(2.3,12.3));
#689 = CARTESIAN_POINT('',(5.85,12.3));
#690 = ( GEOMETRIC_REPRESENTATION_CONTEXT(2) 
PARAMETRIC_REPRESENTATION_CONTEXT() REPRESENTATION_CONTEXT('2D SPACE',''
  ) );
#691 = PCURVE('',#342,#692);
#692 = DEFINITIONAL_REPRESENTATION('',(#693),#696);
#693 = B_SPLINE_CURVE_WITH_KNOTS('',1,(#694,#695),.UNSPECIFIED.,.F.,.F.,
  (2,2),(1.3,4.85),.PIECEWISE_BEZIER_KNOTS.);
#694 = CARTESIAN_POINT('',(21.75,0.3));
#695 = CARTESIAN_POINT('',(21.75,3.85));
#696 = ( GEOMETRIC_REPRESENTATION_CONTEXT(2) 
PARAMETRIC_REPRESENTATION_CONTEXT() REPRESENTATION_CONTEXT('2D SPACE',''
  ) );
#697 = ORIENTED_EDGE('',*,*,#698,.F.);
#698 = EDGE_CURVE('',#699,#678,#701,.T.);
#699 = VERTEX_POINT('',#700);
#700 = CARTESIAN_POINT('',(-13.25,10.3,7.5));
#701 = SURFACE_CURVE('',#702,(#706,#712),.PCURVE_S1.);
#702 = LINE('',#703,#704);
#703 = CARTESIAN_POINT('',(-13.25,1.85,7.5));
#704 = VECTOR('',#705,1.);
#705 = DIRECTION('',(0.,-1.,0.));
#706 = PCURVE('',#183,#707);
#707 = DEFINITIONAL_REPRESENTATION('',(#708),#711);
#708 = B_SPLINE_CURVE_WITH_KNOTS('',1,(#709,#710),.UNSPECIFIED.,.F.,.F.,
  (2,2),(-8.45,-6.65),.PIECEWISE_BEZIER_KNOTS.);
#709 = CARTESIAN_POINT('',(3.,14.1));
#710 = CARTESIAN_POINT('',(3.,12.3));
#711 = ( GEOMETRIC_REPRESENTATION_CONTEXT(2) 
PARAMETRIC_REPRESENTATION_CONTEXT() REPRESENTATION_CONTEXT('2D SPACE',''
  ) );
#712 = PCURVE('',#713,#718);
#713 = PLANE('',#714);
#714 = AXIS2_PLACEMENT_3D('',#715,#716,#717);
#715 = CARTESIAN_POINT('',(-13.25,7.5,-13.25));
#716 = DIRECTION('',(1.,0.,0.));
#717 = DIRECTION('',(0.,0.,1.));
#718 = DEFINITIONAL_REPRESENTATION('',(#719),#722);
#719 = B_SPLINE_CURVE_WITH_KNOTS('',1,(#720,#721),.UNSPECIFIED.,.F.,.F.,
  (2,2),(-8.45,-6.65),.PIECEWISE_BEZIER_KNOTS.);
#720 = CARTESIAN_POINT('',(20.75,-2.8));
#721 = CARTESIAN_POINT('',(20.75,-1.));
#722 = ( GEOMETRIC_REPRESENTATION_CONTEXT(2) 
PARAMETRIC_REPRESENTATION_CONTEXT() REPRESENTATION_CONTEXT('2D SPACE',''
  ) );
#723 = ORIENTED_EDGE('',*,*,#724,.T.);
#724 = EDGE_CURVE('',#699,#725,#727,.T.);
#725 = VERTEX_POINT('',#726);
#726 = CARTESIAN_POINT('',(-12.25,10.3,7.5));
#727 = SURFACE_CURVE('',#728,(#732,#738),.PCURVE_S1.);
#728 = LINE('',#729,#730);
#729 = CARTESIAN_POINT('',(-14.75,10.3,7.5));
#730 = VECTOR('',#731,1.);
#731 = DIRECTION('',(1.,0.,0.));
#732 = PCURVE('',#183,#733);
#733 = DEFINITIONAL_REPRESENTATION('',(#734),#737);
#734 = B_SPLINE_CURVE_WITH_KNOTS('',1,(#735,#736),.UNSPECIFIED.,.F.,.F.,
  (2,2),(1.5,4.35),.PIECEWISE_BEZIER_KNOTS.);
#735 = CARTESIAN_POINT('',(3.,14.1));
#736 = CARTESIAN_POINT('',(5.85,14.1));
#737 = ( GEOMETRIC_REPRESENTATION_CONTEXT(2) 
PARAMETRIC_REPRESENTATION_CONTEXT() REPRESENTATION_CONTEXT('2D SPACE',''
  ) );
#738 = PCURVE('',#469,#739);
#739 = DEFINITIONAL_REPRESENTATION('',(#740),#743);
#740 = B_SPLINE_CURVE_WITH_KNOTS('',1,(#741,#742),.UNSPECIFIED.,.F.,.F.,
  (2,2),(1.5,4.35),.PIECEWISE_BEZIER_KNOTS.);
#741 = CARTESIAN_POINT('',(20.75,0.));
#742 = CARTESIAN_POINT('',(20.75,2.85));
#743 = ( GEOMETRIC_REPRESENTATION_CONTEXT(2) 
PARAMETRIC_REPRESENTATION_CONTEXT() REPRESENTATION_CONTEXT('2D SPACE',''
  ) );
#744 = ORIENTED_EDGE('',*,*,#745,.F.);
#745 = EDGE_CURVE('',#607,#725,#746,.T.);
#746 = SURFACE_CURVE('',#747,(#751,#757),.PCURVE_S1.);
#747 = LINE('',#748,#749);
#748 = CARTESIAN_POINT('',(-12.25,1.85,7.5));
#749 = VECTOR('',#750,1.);
#750 = DIRECTION('',(0.,-1.,0.));
#751 = PCURVE('',#183,#752);
#752 = DEFINITIONAL_REPRESENTATION('',(#753),#756);
#753 = B_SPLINE_CURVE_WITH_KNOTS('',1,(#754,#755),.UNSPECIFIED.,.F.,.F.,
  (2,2),(-12.25,-8.45),.PIECEWISE_BEZIER_KNOTS.);
#754 = CARTESIAN_POINT('',(4.,17.9));
#755 = CARTESIAN_POINT('',(4.,14.1));
#756 = ( GEOMETRIC_REPRESENTATION_CONTEXT(2) 
PARAMETRIC_REPRESENTATION_CONTEXT() REPRESENTATION_CONTEXT('2D SPACE',''
  ) );
#757 = PCURVE('',#493,#758);
#758 = DEFINITIONAL_REPRESENTATION('',(#759),#762);
#759 = B_SPLINE_CURVE_WITH_KNOTS('',1,(#760,#761),.UNSPECIFIED.,.F.,.F.,
  (2,2),(-12.25,-8.45),.PIECEWISE_BEZIER_KNOTS.);
#760 = CARTESIAN_POINT('',(19.75,-6.6));
#761 = CARTESIAN_POINT('',(19.75,-2.8));
#762 = ( GEOMETRIC_REPRESENTATION_CONTEXT(2) 
PARAMETRIC_REPRESENTATION_CONTEXT() REPRESENTATION_CONTEXT('2D SPACE',''
  ) );
#763 = ADVANCED_FACE('',(#764),#156,.T.);
#764 = FACE_BOUND('',#765,.F.);
#765 = EDGE_LOOP('',(#766,#792,#813,#814));
#766 = ORIENTED_EDGE('',*,*,#767,.F.);
#767 = EDGE_CURVE('',#768,#113,#770,.T.);
#768 = VERTEX_POINT('',#769);
#769 = CARTESIAN_POINT('',(-13.95,8.5,9.));
#770 = SURFACE_CURVE('',#771,(#775,#781),.PCURVE_S1.);
#771 = LINE('',#772,#773);
#772 = CARTESIAN_POINT('',(-14.25,8.8,9.));
#773 = VECTOR('',#774,1.);
#774 = DIRECTION('',(-0.707106781187,0.707106781187,-3.894513550023E-17)
  );
#775 = PCURVE('',#156,#776);
#776 = DEFINITIONAL_REPRESENTATION('',(#777),#780);
#777 = B_SPLINE_CURVE_WITH_KNOTS('',1,(#778,#779),.UNSPECIFIED.,.F.,.F.,
  (2,2),(-0.424264068712,0.),.PIECEWISE_BEZIER_KNOTS.);
#778 = CARTESIAN_POINT('',(0.,-0.212132034356));
#779 = CARTESIAN_POINT('',(0.,0.212132034356));
#780 = ( GEOMETRIC_REPRESENTATION_CONTEXT(2) 
PARAMETRIC_REPRESENTATION_CONTEXT() REPRESENTATION_CONTEXT('2D SPACE',''
  ) );
#781 = PCURVE('',#782,#787);
#782 = CONICAL_SURFACE('',#783,5.25,0.785398163397);
#783 = AXIS2_PLACEMENT_3D('',#784,#785,#786);
#784 = CARTESIAN_POINT('',(-9.,8.8,9.));
#785 = DIRECTION('',(0.,1.,0.));
#786 = DIRECTION('',(-3.383536836953E-16,0.,1.));
#787 = DEFINITIONAL_REPRESENTATION('',(#788),#791);
#788 = B_SPLINE_CURVE_WITH_KNOTS('',1,(#789,#790),.UNSPECIFIED.,.F.,.F.,
  (2,2),(-0.424264068712,0.),.PIECEWISE_BEZIER_KNOTS.);
#789 = CARTESIAN_POINT('',(-1.570796326795,-0.3));
#790 = CARTESIAN_POINT('',(-1.570796326795,0.));
#791 = ( GEOMETRIC_REPRESENTATION_CONTEXT(2) 
PARAMETRIC_REPRESENTATION_CONTEXT() REPRESENTATION_CONTEXT('2D SPACE',''
  ) );
#792 = ORIENTED_EDGE('',*,*,#793,.T.);
#793 = EDGE_CURVE('',#768,#657,#794,.T.);
#794 = SURFACE_CURVE('',#795,(#799,#806),.PCURVE_S1.);
#795 = LINE('',#796,#797);
#796 = CARTESIAN_POINT('',(-13.95,8.5,9.));
#797 = VECTOR('',#798,1.);
#798 = DIRECTION('',(-0.,-0.,-1.));
#799 = PCURVE('',#156,#800);
#800 = DEFINITIONAL_REPRESENTATION('',(#801),#805);
#801 = LINE('',#802,#803);
#802 = CARTESIAN_POINT('',(-0.,-0.212132034356));
#803 = VECTOR('',#804,1.);
#804 = DIRECTION('',(-1.,0.));
#805 = ( GEOMETRIC_REPRESENTATION_CONTEXT(2) 
PARAMETRIC_REPRESENTATION_CONTEXT() REPRESENTATION_CONTEXT('2D SPACE',''
  ) );
#806 = PCURVE('',#342,#807);
#807 = DEFINITIONAL_REPRESENTATION('',(#808),#812);
#808 = LINE('',#809,#810);
#809 = CARTESIAN_POINT('',(23.25,0.3));
#810 = VECTOR('',#811,1.);
#811 = DIRECTION('',(-1.,-0.));
#812 = ( GEOMETRIC_REPRESENTATION_CONTEXT(2) 
PARAMETRIC_REPRESENTATION_CONTEXT() REPRESENTATION_CONTEXT('2D SPACE',''
  ) );
#813 = ORIENTED_EDGE('',*,*,#656,.F.);
#814 = ORIENTED_EDGE('',*,*,#140,.F.);
#815 = ADVANCED_FACE('',(#816),#128,.T.);
#816 = FACE_BOUND('',#817,.T.);
#817 = EDGE_LOOP('',(#818,#819,#843,#871));
#818 = ORIENTED_EDGE('',*,*,#112,.F.);
#819 = ORIENTED_EDGE('',*,*,#820,.F.);
#820 = EDGE_CURVE('',#821,#113,#823,.T.);
#821 = VERTEX_POINT('',#822);
#822 = CARTESIAN_POINT('',(-9.,8.8,14.25));
#823 = SURFACE_CURVE('',#824,(#829,#836),.PCURVE_S1.);
#824 = CIRCLE('',#825,5.25);
#825 = AXIS2_PLACEMENT_3D('',#826,#827,#828);
#826 = CARTESIAN_POINT('',(-9.,8.8,9.));
#827 = DIRECTION('',(-0.,-1.,0.));
#828 = DIRECTION('',(-3.383536836953E-16,0.,1.));
#829 = PCURVE('',#128,#830);
#830 = DEFINITIONAL_REPRESENTATION('',(#831),#835);
#831 = LINE('',#832,#833);
#832 = CARTESIAN_POINT('',(1.570796326795,0.3));
#833 = VECTOR('',#834,1.);
#834 = DIRECTION('',(-1.,-0.));
#835 = ( GEOMETRIC_REPRESENTATION_CONTEXT(2) 
PARAMETRIC_REPRESENTATION_CONTEXT() REPRESENTATION_CONTEXT('2D SPACE',''
  ) );
#836 = PCURVE('',#782,#837);
#837 = DEFINITIONAL_REPRESENTATION('',(#838),#842);
#838 = LINE('',#839,#840);
#839 = CARTESIAN_POINT('',(-0.,0.));
#840 = VECTOR('',#841,1.);
#841 = DIRECTION('',(-1.,0.));
#842 = ( GEOMETRIC_REPRESENTATION_CONTEXT(2) 
PARAMETRIC_REPRESENTATION_CONTEXT() REPRESENTATION_CONTEXT('2D SPACE',''
  ) );
#843 = ORIENTED_EDGE('',*,*,#844,.T.);
#844 = EDGE_CURVE('',#821,#845,#847,.T.);
#845 = VERTEX_POINT('',#846);
#846 = CARTESIAN_POINT('',(-9.,20.41,14.25));
#847 = SURFACE_CURVE('',#848,(#852,#859),.PCURVE_S1.);
#848 = LINE('',#849,#850);
#849 = CARTESIAN_POINT('',(-9.,8.5,14.25));
#850 = VECTOR('',#851,1.);
#851 = DIRECTION('',(0.,1.,0.));
#852 = PCURVE('',#128,#853);
#853 = DEFINITIONAL_REPRESENTATION('',(#854),#858);
#854 = LINE('',#855,#856);
#855 = CARTESIAN_POINT('',(1.570796326795,0.));
#856 = VECTOR('',#857,1.);
#857 = DIRECTION('',(0.,1.));
#858 = ( GEOMETRIC_REPRESENTATION_CONTEXT(2) 
PARAMETRIC_REPRESENTATION_CONTEXT() REPRESENTATION_CONTEXT('2D SPACE',''
  ) );
#859 = PCURVE('',#860,#865);
#860 = PLANE('',#861);
#861 = AXIS2_PLACEMENT_3D('',#862,#863,#864);
#862 = CARTESIAN_POINT('',(-14.25,8.5,14.25));
#863 = DIRECTION('',(0.,0.,1.));
#864 = DIRECTION('',(1.,0.,0.));
#865 = DEFINITIONAL_REPRESENTATION('',(#866),#870);
#866 = LINE('',#867,#868);
#867 = CARTESIAN_POINT('',(5.25,0.));
#868 = VECTOR('',#869,1.);
#869 = DIRECTION('',(0.,1.));
#870 = ( GEOMETRIC_REPRESENTATION_CONTEXT(2) 
PARAMETRIC_REPRESENTATION_CONTEXT() REPRESENTATION_CONTEXT('2D SPACE',''
  ) );
#871 = ORIENTED_EDGE('',*,*,#872,.T.);
#872 = EDGE_CURVE('',#845,#85,#873,.T.);
#873 = SURFACE_CURVE('',#874,(#879,#886),.PCURVE_S1.);
#874 = CIRCLE('',#875,5.25);
#875 = AXIS2_PLACEMENT_3D('',#876,#877,#878);
#876 = CARTESIAN_POINT('',(-9.,20.41,9.));
#877 = DIRECTION('',(-0.,-1.,0.));
#878 = DIRECTION('',(-3.383536836953E-16,0.,1.));
#879 = PCURVE('',#128,#880);
#880 = DEFINITIONAL_REPRESENTATION('',(#881),#885);
#881 = LINE('',#882,#883);
#882 = CARTESIAN_POINT('',(1.570796326795,11.91));
#883 = VECTOR('',#884,1.);
#884 = DIRECTION('',(-1.,-0.));
#885 = ( GEOMETRIC_REPRESENTATION_CONTEXT(2) 
PARAMETRIC_REPRESENTATION_CONTEXT() REPRESENTATION_CONTEXT('2D SPACE',''
  ) );
#886 = PCURVE('',#887,#892);
#887 = TOROIDAL_SURFACE('',#888,4.25,1.);
#888 = AXIS2_PLACEMENT_3D('',#889,#890,#891);
#889 = CARTESIAN_POINT('',(-9.,20.41,9.));
#890 = DIRECTION('',(-0.,-1.,-0.));
#891 = DIRECTION('',(-3.383536836953E-16,0.,1.));
#892 = DEFINITIONAL_REPRESENTATION('',(#893),#897);
#893 = LINE('',#894,#895);
#894 = CARTESIAN_POINT('',(0.,6.28318530718));
#895 = VECTOR('',#896,1.);
#896 = DIRECTION('',(1.,0.));
#897 = ( GEOMETRIC_REPRESENTATION_CONTEXT(2) 
PARAMETRIC_REPRESENTATION_CONTEXT() REPRESENTATION_CONTEXT('2D SPACE',''
  ) );
#898 = ADVANCED_FACE('',(#899),#100,.T.);
#899 = FACE_BOUND('',#900,.F.);
#900 = EDGE_LOOP('',(#901,#923,#924,#951));
#901 = ORIENTED_EDGE('',*,*,#902,.T.);
#902 = EDGE_CURVE('',#903,#85,#905,.T.);
#903 = VERTEX_POINT('',#904);
#904 = CARTESIAN_POINT('',(-13.25,21.41,9.));
#905 = SURFACE_CURVE('',#906,(#911,#917),.PCURVE_S1.);
#906 = CIRCLE('',#907,1.);
#907 = AXIS2_PLACEMENT_3D('',#908,#909,#910);
#908 = CARTESIAN_POINT('',(-13.25,20.41,9.));
#909 = DIRECTION('',(-5.507673881289E-17,0.,1.));
#910 = DIRECTION('',(-1.,0.,-5.507673881289E-17));
#911 = PCURVE('',#100,#912);
#912 = DEFINITIONAL_REPRESENTATION('',(#913),#916);
#913 = B_SPLINE_CURVE_WITH_KNOTS('',1,(#914,#915),.UNSPECIFIED.,.F.,.F.,
  (2,2),(4.712388980385,6.28318530718),.PIECEWISE_BEZIER_KNOTS.);
#914 = CARTESIAN_POINT('',(0.,0.));
#915 = CARTESIAN_POINT('',(-1.570796326795,0.));
#916 = ( GEOMETRIC_REPRESENTATION_CONTEXT(2) 
PARAMETRIC_REPRESENTATION_CONTEXT() REPRESENTATION_CONTEXT('2D SPACE',''
  ) );
#917 = PCURVE('',#887,#918);
#918 = DEFINITIONAL_REPRESENTATION('',(#919),#922);
#919 = B_SPLINE_CURVE_WITH_KNOTS('',1,(#920,#921),.UNSPECIFIED.,.F.,.F.,
  (2,2),(4.712388980385,6.28318530718),.PIECEWISE_BEZIER_KNOTS.);
#920 = CARTESIAN_POINT('',(1.570796326795,4.712388980385));
#921 = CARTESIAN_POINT('',(1.570796326795,6.28318530718));
#922 = ( GEOMETRIC_REPRESENTATION_CONTEXT(2) 
PARAMETRIC_REPRESENTATION_CONTEXT() REPRESENTATION_CONTEXT('2D SPACE',''
  ) );
#923 = ORIENTED_EDGE('',*,*,#84,.T.);
#924 = ORIENTED_EDGE('',*,*,#925,.F.);
#925 = EDGE_CURVE('',#926,#57,#928,.T.);
#926 = VERTEX_POINT('',#927);
#927 = CARTESIAN_POINT('',(-13.25,21.41,-9.));
#928 = SURFACE_CURVE('',#929,(#934,#940),.PCURVE_S1.);
#929 = CIRCLE('',#930,1.);
#930 = AXIS2_PLACEMENT_3D('',#931,#932,#933);
#931 = CARTESIAN_POINT('',(-13.25,20.41,-9.));
#932 = DIRECTION('',(0.,0.,1.));
#933 = DIRECTION('',(0.,1.,-0.));
#934 = PCURVE('',#100,#935);
#935 = DEFINITIONAL_REPRESENTATION('',(#936),#939);
#936 = B_SPLINE_CURVE_WITH_KNOTS('',1,(#937,#938),.UNSPECIFIED.,.F.,.F.,
  (2,2),(0.,1.570796326795),.PIECEWISE_BEZIER_KNOTS.);
#937 = CARTESIAN_POINT('',(0.,18.));
#938 = CARTESIAN_POINT('',(-1.570796326795,18.));
#939 = ( GEOMETRIC_REPRESENTATION_CONTEXT(2) 
PARAMETRIC_REPRESENTATION_CONTEXT() REPRESENTATION_CONTEXT('2D SPACE',''
  ) );
#940 = PCURVE('',#941,#946);
#941 = TOROIDAL_SURFACE('',#942,4.25,1.);
#942 = AXIS2_PLACEMENT_3D('',#943,#944,#945);
#943 = CARTESIAN_POINT('',(-9.,20.41,-9.));
#944 = DIRECTION('',(-0.,-1.,-0.));
#945 = DIRECTION('',(-1.,0.,0.));
#946 = DEFINITIONAL_REPRESENTATION('',(#947),#950);
#947 = B_SPLINE_CURVE_WITH_KNOTS('',1,(#948,#949),.UNSPECIFIED.,.F.,.F.,
  (2,2),(0.,1.570796326795),.PIECEWISE_BEZIER_KNOTS.);
#948 = CARTESIAN_POINT('',(0.,4.712388980385));
#949 = CARTESIAN_POINT('',(0.,6.28318530718));
#950 = ( GEOMETRIC_REPRESENTATION_CONTEXT(2) 
PARAMETRIC_REPRESENTATION_CONTEXT() REPRESENTATION_CONTEXT('2D SPACE',''
  ) );
#951 = ORIENTED_EDGE('',*,*,#952,.F.);
#952 = EDGE_CURVE('',#903,#926,#953,.T.);
#953 = SURFACE_CURVE('',#954,(#958,#965),.PCURVE_S1.);
#954 = LINE('',#955,#956);
#955 = CARTESIAN_POINT('',(-13.25,21.41,9.));
#956 = VECTOR('',#957,1.);
#957 = DIRECTION('',(-0.,-0.,-1.));
#958 = PCURVE('',#100,#959);
#959 = DEFINITIONAL_REPRESENTATION('',(#960),#964);
#960 = LINE('',#961,#962);
#961 = CARTESIAN_POINT('',(-0.,0.));
#962 = VECTOR('',#963,1.);
#963 = DIRECTION('',(-0.,1.));
#964 = ( GEOMETRIC_REPRESENTATION_CONTEXT(2) 
PARAMETRIC_REPRESENTATION_CONTEXT() REPRESENTATION_CONTEXT('2D SPACE',''
  ) );
#965 = PCURVE('',#966,#971);
#966 = PLANE('',#967);
#967 = AXIS2_PLACEMENT_3D('',#968,#969,#970);
#968 = CARTESIAN_POINT('',(-14.25,21.41,-14.25));
#969 = DIRECTION('',(0.,1.,0.));
#970 = DIRECTION('',(0.,0.,1.));
#971 = DEFINITIONAL_REPRESENTATION('',(#972),#976);
#972 = LINE('',#973,#974);
#973 = CARTESIAN_POINT('',(23.25,1.));
#974 = VECTOR('',#975,1.);
#975 = DIRECTION('',(-1.,0.));
#976 = ( GEOMETRIC_REPRESENTATION_CONTEXT(2) 
PARAMETRIC_REPRESENTATION_CONTEXT() REPRESENTATION_CONTEXT('2D SPACE',''
  ) );
#977 = ADVANCED_FACE('',(#978),#72,.T.);
#978 = FACE_BOUND('',#979,.F.);
#979 = EDGE_LOOP('',(#980,#981,#1005,#1033,#1062,#1141,#1167,#1207));
#980 = ORIENTED_EDGE('',*,*,#56,.F.);
#981 = ORIENTED_EDGE('',*,*,#982,.T.);
#982 = EDGE_CURVE('',#24,#983,#985,.T.);
#983 = VERTEX_POINT('',#984);
#984 = CARTESIAN_POINT('',(-9.,8.8,-14.25));
#985 = SURFACE_CURVE('',#986,(#991,#998),.PCURVE_S1.);
#986 = CIRCLE('',#987,5.25);
#987 = AXIS2_PLACEMENT_3D('',#988,#989,#990);
#988 = CARTESIAN_POINT('',(-9.,8.8,-9.));
#989 = DIRECTION('',(-0.,-1.,-0.));
#990 = DIRECTION('',(-1.,0.,0.));
#991 = PCURVE('',#72,#992);
#992 = DEFINITIONAL_REPRESENTATION('',(#993),#997);
#993 = LINE('',#994,#995);
#994 = CARTESIAN_POINT('',(-0.,0.3));
#995 = VECTOR('',#996,1.);
#996 = DIRECTION('',(-1.,0.));
#997 = ( GEOMETRIC_REPRESENTATION_CONTEXT(2) 
PARAMETRIC_REPRESENTATION_CONTEXT() REPRESENTATION_CONTEXT('2D SPACE',''
  ) );
#998 = PCURVE('',#367,#999);
#999 = DEFINITIONAL_REPRESENTATION('',(#1000),#1004);
#1000 = LINE('',#1001,#1002);
#1001 = CARTESIAN_POINT('',(-0.,0.));
#1002 = VECTOR('',#1003,1.);
#1003 = DIRECTION('',(-1.,0.));
#1004 = ( GEOMETRIC_REPRESENTATION_CONTEXT(2) 
PARAMETRIC_REPRESENTATION_CONTEXT() REPRESENTATION_CONTEXT('2D SPACE',''
  ) );
#1005 = ORIENTED_EDGE('',*,*,#1006,.T.);
#1006 = EDGE_CURVE('',#983,#1007,#1009,.T.);
#1007 = VERTEX_POINT('',#1008);
#1008 = CARTESIAN_POINT('',(-9.,12.91,-14.25));
#1009 = SURFACE_CURVE('',#1010,(#1014,#1021),.PCURVE_S1.);
#1010 = LINE('',#1011,#1012);
#1011 = CARTESIAN_POINT('',(-9.,8.5,-14.25));
#1012 = VECTOR('',#1013,1.);
#1013 = DIRECTION('',(0.,1.,0.));
#1014 = PCURVE('',#72,#1015);
#1015 = DEFINITIONAL_REPRESENTATION('',(#1016),#1020);
#1016 = LINE('',#1017,#1018);
#1017 = CARTESIAN_POINT('',(-1.570796326795,0.));
#1018 = VECTOR('',#1019,1.);
#1019 = DIRECTION('',(-0.,1.));
#1020 = ( GEOMETRIC_REPRESENTATION_CONTEXT(2) 
PARAMETRIC_REPRESENTATION_CONTEXT() REPRESENTATION_CONTEXT('2D SPACE',''
  ) );
#1021 = PCURVE('',#1022,#1027);
#1022 = PLANE('',#1023);
#1023 = AXIS2_PLACEMENT_3D('',#1024,#1025,#1026);
#1024 = CARTESIAN_POINT('',(-14.25,8.5,-14.25));
#1025 = DIRECTION('',(0.,0.,1.));
#1026 = DIRECTION('',(1.,0.,0.));
#1027 = DEFINITIONAL_REPRESENTATION('',(#1028),#1032);
#1028 = LINE('',#1029,#1030);
#1029 = CARTESIAN_POINT('',(5.25,0.));
#1030 = VECTOR('',#1031,1.);
#1031 = DIRECTION('',(0.,1.));
#1032 = ( GEOMETRIC_REPRESENTATION_CONTEXT(2) 
PARAMETRIC_REPRESENTATION_CONTEXT() REPRESENTATION_CONTEXT('2D SPACE',''
  ) );
#1033 = ORIENTED_EDGE('',*,*,#1034,.T.);
#1034 = EDGE_CURVE('',#1007,#1035,#1037,.T.);
#1035 = VERTEX_POINT('',#1036);
#1036 = CARTESIAN_POINT('',(-10.75,12.91,-13.9497474683));
#1037 = SURFACE_CURVE('',#1038,(#1043,#1050),.PCURVE_S1.);
#1038 = CIRCLE('',#1039,5.25);
#1039 = AXIS2_PLACEMENT_3D('',#1040,#1041,#1042);
#1040 = CARTESIAN_POINT('',(-9.,12.91,-9.));
#1041 = DIRECTION('',(0.,1.,0.));
#1042 = DIRECTION('',(-1.,0.,0.));
#1043 = PCURVE('',#72,#1044);
#1044 = DEFINITIONAL_REPRESENTATION('',(#1045),#1049);
#1045 = LINE('',#1046,#1047);
#1046 = CARTESIAN_POINT('',(-6.28318530718,4.41));
#1047 = VECTOR('',#1048,1.);
#1048 = DIRECTION('',(1.,-0.));
#1049 = ( GEOMETRIC_REPRESENTATION_CONTEXT(2) 
PARAMETRIC_REPRESENTATION_CONTEXT() REPRESENTATION_CONTEXT('2D SPACE',''
  ) );
#1050 = PCURVE('',#1051,#1056);
#1051 = PLANE('',#1052);
#1052 = AXIS2_PLACEMENT_3D('',#1053,#1054,#1055);
#1053 = CARTESIAN_POINT('',(-12.25,12.91,-19.75));
#1054 = DIRECTION('',(0.,1.,0.));
#1055 = DIRECTION('',(0.,0.,1.));
#1056 = DEFINITIONAL_REPRESENTATION('',(#1057),#1061);
#1057 = CIRCLE('',#1058,5.25);
#1058 = AXIS2_PLACEMENT_2D('',#1059,#1060);
#1059 = CARTESIAN_POINT('',(10.75,3.25));
#1060 = DIRECTION('',(0.,-1.));
#1061 = ( GEOMETRIC_REPRESENTATION_CONTEXT(2) 
PARAMETRIC_REPRESENTATION_CONTEXT() REPRESENTATION_CONTEXT('2D SPACE',''
  ) );
#1062 = ORIENTED_EDGE('',*,*,#1063,.F.);
#1063 = EDGE_CURVE('',#1064,#1035,#1066,.T.);
#1064 = VERTEX_POINT('',#1065);
#1065 = CARTESIAN_POINT('',(-12.25,14.41,-13.12310562561));
#1066 = SURFACE_CURVE('',#1067,(#1088,#1112),.PCURVE_S1.);
#1067 = B_SPLINE_CURVE_WITH_KNOTS('',7,(#1068,#1069,#1070,#1071,#1072,
    #1073,#1074,#1075,#1076,#1077,#1078,#1079,#1080,#1081,#1082,#1083,
    #1084,#1085,#1086,#1087),.UNSPECIFIED.,.F.,.F.,(8,6,6,8),(0.,
    0.460020204438,0.70375995404,1.),.UNSPECIFIED.);
#1068 = CARTESIAN_POINT('',(-12.25,14.41,-13.12310562561));
#1069 = CARTESIAN_POINT('',(-12.25,14.260926569796,-13.12310562561));
#1070 = CARTESIAN_POINT('',(-12.23271547137,14.11297759378,
    -13.13673014023));
#1071 = CARTESIAN_POINT('',(-12.1986162129,13.967926450474,
    -13.1636077728));
#1072 = CARTESIAN_POINT('',(-12.1481435843,13.827520987897,
    -13.20265457734));
#1073 = CARTESIAN_POINT('',(-12.08183160087,13.693668931715,
    -13.25206998281));
#1074 = CARTESIAN_POINT('',(-12.00055885671,13.56844422447,
    -13.3095358814));
#1075 = CARTESIAN_POINT('',(-11.85554631944,13.393154178713,
    -13.40590417371));
#1076 = CARTESIAN_POINT('',(-11.80134522094,13.335211437146,
    -13.44095320978));
#1077 = CARTESIAN_POINT('',(-11.74322478101,13.280245373532,
    -13.47739145114));
#1078 = CARTESIAN_POINT('',(-11.68123474855,13.228496380251,
    -13.5149328157));
#1079 = CARTESIAN_POINT('',(-11.61542654606,13.180241473058,
    -13.55328808022));
#1080 = CARTESIAN_POINT('',(-11.54586340666,13.135800104935,
    -13.59216412007));
#1081 = CARTESIAN_POINT('',(-11.38362362422,13.04660802977,
    -13.67878390894));
#1082 = CARTESIAN_POINT('',(-11.28880937818,13.003640253148,
    -13.72684064569));
#1083 = CARTESIAN_POINT('',(-11.18870282397,12.967637868951,
    -13.77466653762));
#1084 = CARTESIAN_POINT('',(-11.08394757272,12.939503232366,
    -13.82150409776));
#1085 = CARTESIAN_POINT('',(-10.97530858287,12.920048419389,
    -13.86666301504));
#1086 = CARTESIAN_POINT('',(-10.86366456435,12.91,-13.90956097618));
#1087 = CARTESIAN_POINT('',(-10.75,12.91,-13.9497474683));
#1088 = PCURVE('',#72,#1089);
#1089 = DEFINITIONAL_REPRESENTATION('',(#1090),#1111);
#1090 = B_SPLINE_CURVE_WITH_KNOTS('',7,(#1091,#1092,#1093,#1094,#1095,
    #1096,#1097,#1098,#1099,#1100,#1101,#1102,#1103,#1104,#1105,#1106,
    #1107,#1108,#1109,#1110),.UNSPECIFIED.,.F.,.F.,(8,6,6,8),(0.,
    0.460020204438,0.70375995404,1.),.UNSPECIFIED.);
#1091 = CARTESIAN_POINT('',(-0.903266882159,5.91));
#1092 = CARTESIAN_POINT('',(-0.903266882159,5.760926569796));
#1093 = CARTESIAN_POINT('',(-0.907459020464,5.61297759378));
#1094 = CARTESIAN_POINT('',(-0.915729168369,5.467926450474));
#1095 = CARTESIAN_POINT('',(-0.927883728679,5.327520987897));
#1096 = CARTESIAN_POINT('',(-0.943629756622,5.193668931715));
#1097 = CARTESIAN_POINT('',(-0.96258122794,5.06844422447));
#1098 = CARTESIAN_POINT('',(-0.995745689277,4.893154178713));
#1099 = CARTESIAN_POINT('',(-1.008039224972,4.835211437146));
#1100 = CARTESIAN_POINT('',(-1.021103426235,4.780245373532));
#1101 = CARTESIAN_POINT('',(-1.034904331504,4.728496380251));
#1102 = CARTESIAN_POINT('',(-1.049409261525,4.680241473058));
#1103 = CARTESIAN_POINT('',(-1.064585350369,4.635800104935));
#1104 = CARTESIAN_POINT('',(-1.099616782878,4.54660802977));
#1105 = CARTESIAN_POINT('',(-1.119859377086,4.503640253148));
#1106 = CARTESIAN_POINT('',(-1.14098207539,4.467637868951));
#1107 = CARTESIAN_POINT('',(-1.162826028815,4.439503232366));
#1108 = CARTESIAN_POINT('',(-1.185222686693,4.420048419389));
#1109 = CARTESIAN_POINT('',(-1.20799570756,4.41));
#1110 = CARTESIAN_POINT('',(-1.230959417341,4.41));
#1111 = ( GEOMETRIC_REPRESENTATION_CONTEXT(2) 
PARAMETRIC_REPRESENTATION_CONTEXT() REPRESENTATION_CONTEXT('2D SPACE',''
  ) );
#1112 = PCURVE('',#1113,#1118);
#1113 = CYLINDRICAL_SURFACE('',#1114,1.5);
#1114 = AXIS2_PLACEMENT_3D('',#1115,#1116,#1117);
#1115 = CARTESIAN_POINT('',(-10.75,14.41,-19.75));
#1116 = DIRECTION('',(0.,0.,1.));
#1117 = DIRECTION('',(-1.,-0.,0.));
#1118 = DEFINITIONAL_REPRESENTATION('',(#1119),#1140);
#1119 = B_SPLINE_CURVE_WITH_KNOTS('',7,(#1120,#1121,#1122,#1123,#1124,
    #1125,#1126,#1127,#1128,#1129,#1130,#1131,#1132,#1133,#1134,#1135,
    #1136,#1137,#1138,#1139),.UNSPECIFIED.,.F.,.F.,(8,6,6,8),(0.,
    0.460020204438,0.70375995404,1.),.UNSPECIFIED.);
#1120 = CARTESIAN_POINT('',(0.,6.626894374382));
#1121 = CARTESIAN_POINT('',(9.93822868025E-02,6.626894374382));
#1122 = CARTESIAN_POINT('',(0.198014979282,6.613269859761));
#1123 = CARTESIAN_POINT('',(0.296318786849,6.586392227193));
#1124 = CARTESIAN_POINT('',(0.394623836734,6.547345422653));
#1125 = CARTESIAN_POINT('',(0.493151182328,6.49793001719));
#1126 = CARTESIAN_POINT('',(0.592012819603,6.440464118598));
#1127 = CARTESIAN_POINT('',(0.743678000703,6.344095826284));
#1128 = CARTESIAN_POINT('',(0.79647438632,6.309046790219));
#1129 = CARTESIAN_POINT('',(0.84964423428,6.272608548858));
#1130 = CARTESIAN_POINT('',(0.903290189317,6.235067184294));
#1131 = CARTESIAN_POINT('',(0.957515756385,6.196711919775));
#1132 = CARTESIAN_POINT('',(1.012428209771,6.15783587993));
#1133 = CARTESIAN_POINT('',(1.135855153124,6.071216091058));
#1134 = CARTESIAN_POINT('',(1.205046009917,6.023159354308));
#1135 = CARTESIAN_POINT('',(1.275598595163,5.975333462378));
#1136 = CARTESIAN_POINT('',(1.347453959067,5.928495902236));
#1137 = CARTESIAN_POINT('',(1.420590604875,5.883336984957));
#1138 = CARTESIAN_POINT('',(1.49501995056,5.840439023811));
#1139 = CARTESIAN_POINT('',(1.570796326795,5.800252531694));
#1140 = ( GEOMETRIC_REPRESENTATION_CONTEXT(2) 
PARAMETRIC_REPRESENTATION_CONTEXT() REPRESENTATION_CONTEXT('2D SPACE',''
  ) );
#1141 = ORIENTED_EDGE('',*,*,#1142,.T.);
#1142 = EDGE_CURVE('',#1064,#1143,#1145,.T.);
#1143 = VERTEX_POINT('',#1144);
#1144 = CARTESIAN_POINT('',(-12.25,19.91,-13.12310562561));
#1145 = SURFACE_CURVE('',#1146,(#1150,#1156),.PCURVE_S1.);
#1146 = LINE('',#1147,#1148);
#1147 = CARTESIAN_POINT('',(-12.25,8.5,-13.12310562561));
#1148 = VECTOR('',#1149,1.);
#1149 = DIRECTION('',(0.,1.,0.));
#1150 = PCURVE('',#72,#1151);
#1151 = DEFINITIONAL_REPRESENTATION('',(#1152),#1155);
#1152 = B_SPLINE_CURVE_WITH_KNOTS('',1,(#1153,#1154),.UNSPECIFIED.,.F.,
  .F.,(2,2),(5.36,11.9100006),.PIECEWISE_BEZIER_KNOTS.);
#1153 = CARTESIAN_POINT('',(-0.903266882159,5.36));
#1154 = CARTESIAN_POINT('',(-0.903266882159,11.9100006));
#1155 = ( GEOMETRIC_REPRESENTATION_CONTEXT(2) 
PARAMETRIC_REPRESENTATION_CONTEXT() REPRESENTATION_CONTEXT('2D SPACE',''
  ) );
#1156 = PCURVE('',#1157,#1162);
#1157 = PLANE('',#1158);
#1158 = AXIS2_PLACEMENT_3D('',#1159,#1160,#1161);
#1159 = CARTESIAN_POINT('',(-12.25,12.91,-19.75));
#1160 = DIRECTION('',(1.,0.,0.));
#1161 = DIRECTION('',(0.,0.,1.));
#1162 = DEFINITIONAL_REPRESENTATION('',(#1163),#1166);
#1163 = B_SPLINE_CURVE_WITH_KNOTS('',1,(#1164,#1165),.UNSPECIFIED.,.F.,
  .F.,(2,2),(5.36,11.9100006),.PIECEWISE_BEZIER_KNOTS.);
#1164 = CARTESIAN_POINT('',(6.626894374382,-0.95));
#1165 = CARTESIAN_POINT('',(6.626894374382,-7.5000006));
#1166 = ( GEOMETRIC_REPRESENTATION_CONTEXT(2) 
PARAMETRIC_REPRESENTATION_CONTEXT() REPRESENTATION_CONTEXT('2D SPACE',''
  ) );
#1167 = ORIENTED_EDGE('',*,*,#1168,.T.);
#1168 = EDGE_CURVE('',#1143,#1169,#1171,.T.);
#1169 = VERTEX_POINT('',#1170);
#1170 = CARTESIAN_POINT('',(-12.16421356237,20.41,-13.1893021533));
#1171 = SURFACE_CURVE('',#1172,(#1180,#1191),.PCURVE_S1.);
#1172 = B_SPLINE_CURVE_WITH_KNOTS('',6,(#1173,#1174,#1175,#1176,#1177,
    #1178,#1179),.UNSPECIFIED.,.F.,.F.,(7,7),(0.,1.),
  .PIECEWISE_BEZIER_KNOTS.);
#1173 = CARTESIAN_POINT('',(-12.25,19.91,-13.12310562561));
#1174 = CARTESIAN_POINT('',(-12.25,19.995146243262,-13.12310562561));
#1175 = CARTESIAN_POINT('',(-12.24420011801,20.080228254451,
    -13.12767732268));
#1176 = CARTESIAN_POINT('',(-12.2326166023,20.164754299435,
    -13.13680795213));
#1177 = CARTESIAN_POINT('',(-12.21532144754,20.248229382022,
    -13.15034141946));
#1178 = CARTESIAN_POINT('',(-12.19244507203,20.330149340095,
    -13.16797866956));
#1179 = CARTESIAN_POINT('',(-12.16421335024,20.4100006,-13.18930231353)
  );
#1180 = PCURVE('',#72,#1181);
#1181 = DEFINITIONAL_REPRESENTATION('',(#1182),#1190);
#1182 = B_SPLINE_CURVE_WITH_KNOTS('',6,(#1183,#1184,#1185,#1186,#1187,
    #1188,#1189),.UNSPECIFIED.,.F.,.F.,(7,7),(0.,1.),
  .PIECEWISE_BEZIER_KNOTS.);
#1183 = CARTESIAN_POINT('',(-0.903266882159,11.41));
#1184 = CARTESIAN_POINT('',(-0.903266882159,11.495146243262));
#1185 = CARTESIAN_POINT('',(-0.904673557478,11.580228254451));
#1186 = CARTESIAN_POINT('',(-0.907482985227,11.664754299435));
#1187 = CARTESIAN_POINT('',(-0.911665948168,11.748229382022));
#1188 = CARTESIAN_POINT('',(-0.917167771708,11.830149340095));
#1189 = CARTESIAN_POINT('',(-0.923906774932,11.9100006));
#1190 = ( GEOMETRIC_REPRESENTATION_CONTEXT(2) 
PARAMETRIC_REPRESENTATION_CONTEXT() REPRESENTATION_CONTEXT('2D SPACE',''
  ) );
#1191 = PCURVE('',#1192,#1197);
#1192 = CYLINDRICAL_SURFACE('',#1193,1.5);
#1193 = AXIS2_PLACEMENT_3D('',#1194,#1195,#1196);
#1194 = CARTESIAN_POINT('',(-10.75,19.91,-19.75));
#1195 = DIRECTION('',(0.,0.,1.));
#1196 = DIRECTION('',(-1.,-0.,0.));
#1197 = DEFINITIONAL_REPRESENTATION('',(#1198),#1206);
#1198 = B_SPLINE_CURVE_WITH_KNOTS('',6,(#1199,#1200,#1201,#1202,#1203,
    #1204,#1205),.UNSPECIFIED.,.F.,.F.,(7,7),(0.,1.),
  .PIECEWISE_BEZIER_KNOTS.);
#1199 = CARTESIAN_POINT('',(0.,6.626894374382));
#1200 = CARTESIAN_POINT('',(-5.67641621744E-02,6.626894374382));
#1201 = CARTESIAN_POINT('',(-0.113485473792,6.62232267732));
#1202 = CARTESIAN_POINT('',(-0.170165536723,6.613192047863));
#1203 = CARTESIAN_POINT('',(-0.226800428485,6.599658580539));
#1204 = CARTESIAN_POINT('',(-0.283373957884,6.582021330436));
#1205 = CARTESIAN_POINT('',(-0.339837333718,6.560697686469));
#1206 = ( GEOMETRIC_REPRESENTATION_CONTEXT(2) 
PARAMETRIC_REPRESENTATION_CONTEXT() REPRESENTATION_CONTEXT('2D SPACE',''
  ) );
#1207 = ORIENTED_EDGE('',*,*,#1208,.F.);
#1208 = EDGE_CURVE('',#57,#1169,#1209,.T.);
#1209 = SURFACE_CURVE('',#1210,(#1215,#1222),.PCURVE_S1.);
#1210 = CIRCLE('',#1211,5.25);
#1211 = AXIS2_PLACEMENT_3D('',#1212,#1213,#1214);
#1212 = CARTESIAN_POINT('',(-9.,20.41,-9.));
#1213 = DIRECTION('',(-0.,-1.,-0.));
#1214 = DIRECTION('',(-1.,0.,0.));
#1215 = PCURVE('',#72,#1216);
#1216 = DEFINITIONAL_REPRESENTATION('',(#1217),#1221);
#1217 = LINE('',#1218,#1219);
#1218 = CARTESIAN_POINT('',(-0.,11.91));
#1219 = VECTOR('',#1220,1.);
#1220 = DIRECTION('',(-1.,0.));
#1221 = ( GEOMETRIC_REPRESENTATION_CONTEXT(2) 
PARAMETRIC_REPRESENTATION_CONTEXT() REPRESENTATION_CONTEXT('2D SPACE',''
  ) );
#1222 = PCURVE('',#941,#1223);
#1223 = DEFINITIONAL_REPRESENTATION('',(#1224),#1228);
#1224 = LINE('',#1225,#1226);
#1225 = CARTESIAN_POINT('',(0.,6.28318530718));
#1226 = VECTOR('',#1227,1.);
#1227 = DIRECTION('',(1.,0.));
#1228 = ( GEOMETRIC_REPRESENTATION_CONTEXT(2) 
PARAMETRIC_REPRESENTATION_CONTEXT() REPRESENTATION_CONTEXT('2D SPACE',''
  ) );
#1229 = ADVANCED_FACE('',(#1230),#367,.T.);
#1230 = FACE_BOUND('',#1231,.F.);
#1231 = EDGE_LOOP('',(#1232,#1233,#1261,#1285));
#1232 = ORIENTED_EDGE('',*,*,#354,.F.);
#1233 = ORIENTED_EDGE('',*,*,#1234,.T.);
#1234 = EDGE_CURVE('',#327,#1235,#1237,.T.);
#1235 = VERTEX_POINT('',#1236);
#1236 = CARTESIAN_POINT('',(-9.,8.5,-13.95));
#1237 = SURFACE_CURVE('',#1238,(#1243,#1250),.PCURVE_S1.);
#1238 = CIRCLE('',#1239,4.95);
#1239 = AXIS2_PLACEMENT_3D('',#1240,#1241,#1242);
#1240 = CARTESIAN_POINT('',(-9.,8.5,-9.));
#1241 = DIRECTION('',(-0.,-1.,-0.));
#1242 = DIRECTION('',(-1.,0.,0.));
#1243 = PCURVE('',#367,#1244);
#1244 = DEFINITIONAL_REPRESENTATION('',(#1245),#1249);
#1245 = LINE('',#1246,#1247);
#1246 = CARTESIAN_POINT('',(-0.,-0.3));
#1247 = VECTOR('',#1248,1.);
#1248 = DIRECTION('',(-1.,0.));
#1249 = ( GEOMETRIC_REPRESENTATION_CONTEXT(2) 
PARAMETRIC_REPRESENTATION_CONTEXT() REPRESENTATION_CONTEXT('2D SPACE',''
  ) );
#1250 = PCURVE('',#342,#1251);
#1251 = DEFINITIONAL_REPRESENTATION('',(#1252),#1260);
#1252 = ( BOUNDED_CURVE() B_SPLINE_CURVE(2,(#1253,#1254,#1255,#1256,
#1257,#1258,#1259),.UNSPECIFIED.,.T.,.F.) B_SPLINE_CURVE_WITH_KNOTS((1,2
    ,2,2,2,1),(-2.094395102393,0.,2.094395102393,4.188790204786,
6.28318530718,8.377580409573),.UNSPECIFIED.) CURVE() 
GEOMETRIC_REPRESENTATION_ITEM() RATIONAL_B_SPLINE_CURVE((1.,0.5,1.,0.5,
1.,0.5,1.)) REPRESENTATION_ITEM('') );
#1253 = CARTESIAN_POINT('',(5.25,0.3));
#1254 = CARTESIAN_POINT('',(-3.323651497466,0.3));
#1255 = CARTESIAN_POINT('',(0.963174251267,7.725));
#1256 = CARTESIAN_POINT('',(5.25,15.15));
#1257 = CARTESIAN_POINT('',(9.536825748733,7.725));
#1258 = CARTESIAN_POINT('',(13.823651497466,0.3));
#1259 = CARTESIAN_POINT('',(5.25,0.3));
#1260 = ( GEOMETRIC_REPRESENTATION_CONTEXT(2) 
PARAMETRIC_REPRESENTATION_CONTEXT() REPRESENTATION_CONTEXT('2D SPACE',''
  ) );
#1261 = ORIENTED_EDGE('',*,*,#1262,.T.);
#1262 = EDGE_CURVE('',#1235,#983,#1263,.T.);
#1263 = SURFACE_CURVE('',#1264,(#1268,#1274),.PCURVE_S1.);
#1264 = LINE('',#1265,#1266);
#1265 = CARTESIAN_POINT('',(-9.,8.65,-14.1));
#1266 = VECTOR('',#1267,1.);
#1267 = DIRECTION('',(-0.,0.707106781187,-0.707106781187));
#1268 = PCURVE('',#367,#1269);
#1269 = DEFINITIONAL_REPRESENTATION('',(#1270),#1273);
#1270 = B_SPLINE_CURVE_WITH_KNOTS('',1,(#1271,#1272),.UNSPECIFIED.,.F.,
  .F.,(2,2),(-0.212132034356,0.212132034356),.PIECEWISE_BEZIER_KNOTS.);
#1271 = CARTESIAN_POINT('',(-1.570796326795,-0.3));
#1272 = CARTESIAN_POINT('',(-1.570796326795,6.672892949406E-16));
#1273 = ( GEOMETRIC_REPRESENTATION_CONTEXT(2) 
PARAMETRIC_REPRESENTATION_CONTEXT() REPRESENTATION_CONTEXT('2D SPACE',''
  ) );
#1274 = PCURVE('',#1275,#1280);
#1275 = PLANE('',#1276);
#1276 = AXIS2_PLACEMENT_3D('',#1277,#1278,#1279);
#1277 = CARTESIAN_POINT('',(-9.,8.65,-14.1));
#1278 = DIRECTION('',(0.,-0.707106781187,-0.707106781187));
#1279 = DIRECTION('',(-1.,-0.,-0.));
#1280 = DEFINITIONAL_REPRESENTATION('',(#1281),#1284);
#1281 = B_SPLINE_CURVE_WITH_KNOTS('',1,(#1282,#1283),.UNSPECIFIED.,.F.,
  .F.,(2,2),(-0.212132034356,0.212132034356),.PIECEWISE_BEZIER_KNOTS.);
#1282 = CARTESIAN_POINT('',(0.,-0.212132034356));
#1283 = CARTESIAN_POINT('',(0.,0.212132034356));
#1284 = ( GEOMETRIC_REPRESENTATION_CONTEXT(2) 
PARAMETRIC_REPRESENTATION_CONTEXT() REPRESENTATION_CONTEXT('2D SPACE',''
  ) );
#1285 = ORIENTED_EDGE('',*,*,#982,.F.);
#1286 = ADVANCED_FACE('',(#1287),#342,.F.);
#1287 = FACE_BOUND('',#1288,.F.);
#1288 = EDGE_LOOP('',(#1289,#1312,#1313,#1314,#1315,#1336,#1365,#1391,
    #1420,#1446,#1475,#1501,#1530,#1549,#1550,#1551,#1579,#1607,#1640,
    #1668));
#1289 = ORIENTED_EDGE('',*,*,#1290,.F.);
#1290 = EDGE_CURVE('',#1235,#1291,#1293,.T.);
#1291 = VERTEX_POINT('',#1292);
#1292 = CARTESIAN_POINT('',(9.,8.5,-13.95));
#1293 = SURFACE_CURVE('',#1294,(#1298,#1305),.PCURVE_S1.);
#1294 = LINE('',#1295,#1296);
#1295 = CARTESIAN_POINT('',(-9.,8.5,-13.95));
#1296 = VECTOR('',#1297,1.);
#1297 = DIRECTION('',(1.,0.,0.));
#1298 = PCURVE('',#342,#1299);
#1299 = DEFINITIONAL_REPRESENTATION('',(#1300),#1304);
#1300 = LINE('',#1301,#1302);
#1301 = CARTESIAN_POINT('',(0.3,5.25));
#1302 = VECTOR('',#1303,1.);
#1303 = DIRECTION('',(0.,1.));
#1304 = ( GEOMETRIC_REPRESENTATION_CONTEXT(2) 
PARAMETRIC_REPRESENTATION_CONTEXT() REPRESENTATION_CONTEXT('2D SPACE',''
  ) );
#1305 = PCURVE('',#1275,#1306);
#1306 = DEFINITIONAL_REPRESENTATION('',(#1307),#1311);
#1307 = LINE('',#1308,#1309);
#1308 = CARTESIAN_POINT('',(-0.,-0.212132034356));
#1309 = VECTOR('',#1310,1.);
#1310 = DIRECTION('',(-1.,0.));
#1311 = ( GEOMETRIC_REPRESENTATION_CONTEXT(2) 
PARAMETRIC_REPRESENTATION_CONTEXT() REPRESENTATION_CONTEXT('2D SPACE',''
  ) );
#1312 = ORIENTED_EDGE('',*,*,#1234,.F.);
#1313 = ORIENTED_EDGE('',*,*,#326,.F.);
#1314 = ORIENTED_EDGE('',*,*,#407,.T.);
#1315 = ORIENTED_EDGE('',*,*,#1316,.T.);
#1316 = EDGE_CURVE('',#408,#1317,#1319,.T.);
#1317 = VERTEX_POINT('',#1318);
#1318 = CARTESIAN_POINT('',(-13.25,8.5,-9.));
#1319 = SURFACE_CURVE('',#1320,(#1324,#1330),.PCURVE_S1.);
#1320 = LINE('',#1321,#1322);
#1321 = CARTESIAN_POINT('',(-13.25,8.5,-13.75));
#1322 = VECTOR('',#1323,1.);
#1323 = DIRECTION('',(0.,0.,-1.));
#1324 = PCURVE('',#342,#1325);
#1325 = DEFINITIONAL_REPRESENTATION('',(#1326),#1329);
#1326 = B_SPLINE_CURVE_WITH_KNOTS('',1,(#1327,#1328),.UNSPECIFIED.,.F.,
  .F.,(2,2),(-22.75,-4.75),.PIECEWISE_BEZIER_KNOTS.);
#1327 = CARTESIAN_POINT('',(23.25,1.));
#1328 = CARTESIAN_POINT('',(5.25,1.));
#1329 = ( GEOMETRIC_REPRESENTATION_CONTEXT(2) 
PARAMETRIC_REPRESENTATION_CONTEXT() REPRESENTATION_CONTEXT('2D SPACE',''
  ) );
#1330 = PCURVE('',#443,#1331);
#1331 = DEFINITIONAL_REPRESENTATION('',(#1332),#1335);
#1332 = B_SPLINE_CURVE_WITH_KNOTS('',1,(#1333,#1334),.UNSPECIFIED.,.F.,
  .F.,(2,2),(-22.75,-4.75),.PIECEWISE_BEZIER_KNOTS.);
#1333 = CARTESIAN_POINT('',(22.25,-1.));
#1334 = CARTESIAN_POINT('',(4.25,-1.));
#1335 = ( GEOMETRIC_REPRESENTATION_CONTEXT(2) 
PARAMETRIC_REPRESENTATION_CONTEXT() REPRESENTATION_CONTEXT('2D SPACE',''
  ) );
#1336 = ORIENTED_EDGE('',*,*,#1337,.F.);
#1337 = EDGE_CURVE('',#1338,#1317,#1340,.T.);
#1338 = VERTEX_POINT('',#1339);
#1339 = CARTESIAN_POINT('',(-9.,8.5,-13.25));
#1340 = SURFACE_CURVE('',#1341,(#1346,#1353),.PCURVE_S1.);
#1341 = CIRCLE('',#1342,4.25);
#1342 = AXIS2_PLACEMENT_3D('',#1343,#1344,#1345);
#1343 = CARTESIAN_POINT('',(-9.,8.5,-9.));
#1344 = DIRECTION('',(0.,1.,0.));
#1345 = DIRECTION('',(-1.,0.,0.));
#1346 = PCURVE('',#342,#1347);
#1347 = DEFINITIONAL_REPRESENTATION('',(#1348),#1352);
#1348 = CIRCLE('',#1349,4.25);
#1349 = AXIS2_PLACEMENT_2D('',#1350,#1351);
#1350 = CARTESIAN_POINT('',(5.25,5.25));
#1351 = DIRECTION('',(0.,-1.));
#1352 = ( GEOMETRIC_REPRESENTATION_CONTEXT(2) 
PARAMETRIC_REPRESENTATION_CONTEXT() REPRESENTATION_CONTEXT('2D SPACE',''
  ) );
#1353 = PCURVE('',#1354,#1359);
#1354 = CYLINDRICAL_SURFACE('',#1355,4.25);
#1355 = AXIS2_PLACEMENT_3D('',#1356,#1357,#1358);
#1356 = CARTESIAN_POINT('',(-9.,7.5,-9.));
#1357 = DIRECTION('',(0.,1.,0.));
#1358 = DIRECTION('',(-1.,0.,0.));
#1359 = DEFINITIONAL_REPRESENTATION('',(#1360),#1364);
#1360 = LINE('',#1361,#1362);
#1361 = CARTESIAN_POINT('',(-6.28318530718,1.));
#1362 = VECTOR('',#1363,1.);
#1363 = DIRECTION('',(1.,-0.));
#1364 = ( GEOMETRIC_REPRESENTATION_CONTEXT(2) 
PARAMETRIC_REPRESENTATION_CONTEXT() REPRESENTATION_CONTEXT('2D SPACE',''
  ) );
#1365 = ORIENTED_EDGE('',*,*,#1366,.T.);
#1366 = EDGE_CURVE('',#1338,#1367,#1369,.T.);
#1367 = VERTEX_POINT('',#1368);
#1368 = CARTESIAN_POINT('',(9.,8.5,-13.25));
#1369 = SURFACE_CURVE('',#1370,(#1374,#1380),.PCURVE_S1.);
#1370 = LINE('',#1371,#1372);
#1371 = CARTESIAN_POINT('',(-13.75,8.5,-13.25));
#1372 = VECTOR('',#1373,1.);
#1373 = DIRECTION('',(1.,0.,0.));
#1374 = PCURVE('',#342,#1375);
#1375 = DEFINITIONAL_REPRESENTATION('',(#1376),#1379);
#1376 = B_SPLINE_CURVE_WITH_KNOTS('',1,(#1377,#1378),.UNSPECIFIED.,.F.,
  .F.,(2,2),(4.75,22.75),.PIECEWISE_BEZIER_KNOTS.);
#1377 = CARTESIAN_POINT('',(1.,5.25));
#1378 = CARTESIAN_POINT('',(1.,23.25));
#1379 = ( GEOMETRIC_REPRESENTATION_CONTEXT(2) 
PARAMETRIC_REPRESENTATION_CONTEXT() REPRESENTATION_CONTEXT('2D SPACE',''
  ) );
#1380 = PCURVE('',#1381,#1386);
#1381 = PLANE('',#1382);
#1382 = AXIS2_PLACEMENT_3D('',#1383,#1384,#1385);
#1383 = CARTESIAN_POINT('',(-13.25,7.5,-13.25));
#1384 = DIRECTION('',(0.,0.,1.));
#1385 = DIRECTION('',(1.,0.,0.));
#1386 = DEFINITIONAL_REPRESENTATION('',(#1387),#1390);
#1387 = B_SPLINE_CURVE_WITH_KNOTS('',1,(#1388,#1389),.UNSPECIFIED.,.F.,
  .F.,(2,2),(4.75,22.75),.PIECEWISE_BEZIER_KNOTS.);
#1388 = CARTESIAN_POINT('',(4.25,1.));
#1389 = CARTESIAN_POINT('',(22.25,1.));
#1390 = ( GEOMETRIC_REPRESENTATION_CONTEXT(2) 
PARAMETRIC_REPRESENTATION_CONTEXT() REPRESENTATION_CONTEXT('2D SPACE',''
  ) );
#1391 = ORIENTED_EDGE('',*,*,#1392,.F.);
#1392 = EDGE_CURVE('',#1393,#1367,#1395,.T.);
#1393 = VERTEX_POINT('',#1394);
#1394 = CARTESIAN_POINT('',(13.25,8.5,-9.));
#1395 = SURFACE_CURVE('',#1396,(#1401,#1408),.PCURVE_S1.);
#1396 = CIRCLE('',#1397,4.25);
#1397 = AXIS2_PLACEMENT_3D('',#1398,#1399,#1400);
#1398 = CARTESIAN_POINT('',(9.,8.5,-9.));
#1399 = DIRECTION('',(0.,1.,0.));
#1400 = DIRECTION('',(1.,0.,-0.));
#1401 = PCURVE('',#342,#1402);
#1402 = DEFINITIONAL_REPRESENTATION('',(#1403),#1407);
#1403 = CIRCLE('',#1404,4.25);
#1404 = AXIS2_PLACEMENT_2D('',#1405,#1406);
#1405 = CARTESIAN_POINT('',(5.25,23.25));
#1406 = DIRECTION('',(0.,1.));
#1407 = ( GEOMETRIC_REPRESENTATION_CONTEXT(2) 
PARAMETRIC_REPRESENTATION_CONTEXT() REPRESENTATION_CONTEXT('2D SPACE',''
  ) );
#1408 = PCURVE('',#1409,#1414);
#1409 = CYLINDRICAL_SURFACE('',#1410,4.25);
#1410 = AXIS2_PLACEMENT_3D('',#1411,#1412,#1413);
#1411 = CARTESIAN_POINT('',(9.,7.5,-9.));
#1412 = DIRECTION('',(0.,1.,0.));
#1413 = DIRECTION('',(1.,0.,-0.));
#1414 = DEFINITIONAL_REPRESENTATION('',(#1415),#1419);
#1415 = LINE('',#1416,#1417);
#1416 = CARTESIAN_POINT('',(0.,1.));
#1417 = VECTOR('',#1418,1.);
#1418 = DIRECTION('',(1.,0.));
#1419 = ( GEOMETRIC_REPRESENTATION_CONTEXT(2) 
PARAMETRIC_REPRESENTATION_CONTEXT() REPRESENTATION_CONTEXT('2D SPACE',''
  ) );
#1420 = ORIENTED_EDGE('',*,*,#1421,.F.);
#1421 = EDGE_CURVE('',#1422,#1393,#1424,.T.);
#1422 = VERTEX_POINT('',#1423);
#1423 = CARTESIAN_POINT('',(13.25,8.5,9.));
#1424 = SURFACE_CURVE('',#1425,(#1429,#1435),.PCURVE_S1.);
#1425 = LINE('',#1426,#1427);
#1426 = CARTESIAN_POINT('',(13.25,8.5,-13.75));
#1427 = VECTOR('',#1428,1.);
#1428 = DIRECTION('',(0.,0.,-1.));
#1429 = PCURVE('',#342,#1430);
#1430 = DEFINITIONAL_REPRESENTATION('',(#1431),#1434);
#1431 = B_SPLINE_CURVE_WITH_KNOTS('',1,(#1432,#1433),.UNSPECIFIED.,.F.,
  .F.,(2,2),(-22.75,-4.75),.PIECEWISE_BEZIER_KNOTS.);
#1432 = CARTESIAN_POINT('',(23.25,27.5));
#1433 = CARTESIAN_POINT('',(5.25,27.5));
#1434 = ( GEOMETRIC_REPRESENTATION_CONTEXT(2) 
PARAMETRIC_REPRESENTATION_CONTEXT() REPRESENTATION_CONTEXT('2D SPACE',''
  ) );
#1435 = PCURVE('',#1436,#1441);
#1436 = PLANE('',#1437);
#1437 = AXIS2_PLACEMENT_3D('',#1438,#1439,#1440);
#1438 = CARTESIAN_POINT('',(13.25,7.5,-13.25));
#1439 = DIRECTION('',(1.,0.,0.));
#1440 = DIRECTION('',(0.,0.,1.));
#1441 = DEFINITIONAL_REPRESENTATION('',(#1442),#1445);
#1442 = B_SPLINE_CURVE_WITH_KNOTS('',1,(#1443,#1444),.UNSPECIFIED.,.F.,
  .F.,(2,2),(-22.75,-4.75),.PIECEWISE_BEZIER_KNOTS.);
#1443 = CARTESIAN_POINT('',(22.25,-1.));
#1444 = CARTESIAN_POINT('',(4.25,-1.));
#1445 = ( GEOMETRIC_REPRESENTATION_CONTEXT(2) 
PARAMETRIC_REPRESENTATION_CONTEXT() REPRESENTATION_CONTEXT('2D SPACE',''
  ) );
#1446 = ORIENTED_EDGE('',*,*,#1447,.F.);
#1447 = EDGE_CURVE('',#1448,#1422,#1450,.T.);
#1448 = VERTEX_POINT('',#1449);
#1449 = CARTESIAN_POINT('',(9.,8.5,13.25));
#1450 = SURFACE_CURVE('',#1451,(#1456,#1463),.PCURVE_S1.);
#1451 = CIRCLE('',#1452,4.25);
#1452 = AXIS2_PLACEMENT_3D('',#1453,#1454,#1455);
#1453 = CARTESIAN_POINT('',(9.,8.5,9.));
#1454 = DIRECTION('',(0.,1.,0.));
#1455 = DIRECTION('',(1.,0.,-0.));
#1456 = PCURVE('',#342,#1457);
#1457 = DEFINITIONAL_REPRESENTATION('',(#1458),#1462);
#1458 = CIRCLE('',#1459,4.25);
#1459 = AXIS2_PLACEMENT_2D('',#1460,#1461);
#1460 = CARTESIAN_POINT('',(23.25,23.25));
#1461 = DIRECTION('',(0.,1.));
#1462 = ( GEOMETRIC_REPRESENTATION_CONTEXT(2) 
PARAMETRIC_REPRESENTATION_CONTEXT() REPRESENTATION_CONTEXT('2D SPACE',''
  ) );
#1463 = PCURVE('',#1464,#1469);
#1464 = CYLINDRICAL_SURFACE('',#1465,4.25);
#1465 = AXIS2_PLACEMENT_3D('',#1466,#1467,#1468);
#1466 = CARTESIAN_POINT('',(9.,7.5,9.));
#1467 = DIRECTION('',(0.,1.,0.));
#1468 = DIRECTION('',(1.,0.,-0.));
#1469 = DEFINITIONAL_REPRESENTATION('',(#1470),#1474);
#1470 = LINE('',#1471,#1472);
#1471 = CARTESIAN_POINT('',(-6.28318530718,1.));
#1472 = VECTOR('',#1473,1.);
#1473 = DIRECTION('',(1.,-0.));
#1474 = ( GEOMETRIC_REPRESENTATION_CONTEXT(2) 
PARAMETRIC_REPRESENTATION_CONTEXT() REPRESENTATION_CONTEXT('2D SPACE',''
  ) );
#1475 = ORIENTED_EDGE('',*,*,#1476,.F.);
#1476 = EDGE_CURVE('',#1477,#1448,#1479,.T.);
#1477 = VERTEX_POINT('',#1478);
#1478 = CARTESIAN_POINT('',(-9.,8.5,13.25));
#1479 = SURFACE_CURVE('',#1480,(#1484,#1490),.PCURVE_S1.);
#1480 = LINE('',#1481,#1482);
#1481 = CARTESIAN_POINT('',(-13.75,8.5,13.25));
#1482 = VECTOR('',#1483,1.);
#1483 = DIRECTION('',(1.,0.,0.));
#1484 = PCURVE('',#342,#1485);
#1485 = DEFINITIONAL_REPRESENTATION('',(#1486),#1489);
#1486 = B_SPLINE_CURVE_WITH_KNOTS('',1,(#1487,#1488),.UNSPECIFIED.,.F.,
  .F.,(2,2),(4.75,22.75),.PIECEWISE_BEZIER_KNOTS.);
#1487 = CARTESIAN_POINT('',(27.5,5.25));
#1488 = CARTESIAN_POINT('',(27.5,23.25));
#1489 = ( GEOMETRIC_REPRESENTATION_CONTEXT(2) 
PARAMETRIC_REPRESENTATION_CONTEXT() REPRESENTATION_CONTEXT('2D SPACE',''
  ) );
#1490 = PCURVE('',#1491,#1496);
#1491 = PLANE('',#1492);
#1492 = AXIS2_PLACEMENT_3D('',#1493,#1494,#1495);
#1493 = CARTESIAN_POINT('',(-13.25,7.5,13.25));
#1494 = DIRECTION('',(0.,0.,1.));
#1495 = DIRECTION('',(1.,0.,0.));
#1496 = DEFINITIONAL_REPRESENTATION('',(#1497),#1500);
#1497 = B_SPLINE_CURVE_WITH_KNOTS('',1,(#1498,#1499),.UNSPECIFIED.,.F.,
  .F.,(2,2),(4.75,22.75),.PIECEWISE_BEZIER_KNOTS.);
#1498 = CARTESIAN_POINT('',(4.25,1.));
#1499 = CARTESIAN_POINT('',(22.25,1.));
#1500 = ( GEOMETRIC_REPRESENTATION_CONTEXT(2) 
PARAMETRIC_REPRESENTATION_CONTEXT() REPRESENTATION_CONTEXT('2D SPACE',''
  ) );
#1501 = ORIENTED_EDGE('',*,*,#1502,.F.);
#1502 = EDGE_CURVE('',#1503,#1477,#1505,.T.);
#1503 = VERTEX_POINT('',#1504);
#1504 = CARTESIAN_POINT('',(-13.25,8.5,9.));
#1505 = SURFACE_CURVE('',#1506,(#1511,#1518),.PCURVE_S1.);
#1506 = CIRCLE('',#1507,4.25);
#1507 = AXIS2_PLACEMENT_3D('',#1508,#1509,#1510);
#1508 = CARTESIAN_POINT('',(-9.,8.5,9.));
#1509 = DIRECTION('',(0.,1.,0.));
#1510 = DIRECTION('',(-1.,0.,0.));
#1511 = PCURVE('',#342,#1512);
#1512 = DEFINITIONAL_REPRESENTATION('',(#1513),#1517);
#1513 = CIRCLE('',#1514,4.25);
#1514 = AXIS2_PLACEMENT_2D('',#1515,#1516);
#1515 = CARTESIAN_POINT('',(23.25,5.25));
#1516 = DIRECTION('',(0.,-1.));
#1517 = ( GEOMETRIC_REPRESENTATION_CONTEXT(2) 
PARAMETRIC_REPRESENTATION_CONTEXT() REPRESENTATION_CONTEXT('2D SPACE',''
  ) );
#1518 = PCURVE('',#1519,#1524);
#1519 = CYLINDRICAL_SURFACE('',#1520,4.25);
#1520 = AXIS2_PLACEMENT_3D('',#1521,#1522,#1523);
#1521 = CARTESIAN_POINT('',(-9.,7.5,9.));
#1522 = DIRECTION('',(0.,1.,0.));
#1523 = DIRECTION('',(-1.,0.,0.));
#1524 = DEFINITIONAL_REPRESENTATION('',(#1525),#1529);
#1525 = LINE('',#1526,#1527);
#1526 = CARTESIAN_POINT('',(0.,1.));
#1527 = VECTOR('',#1528,1.);
#1528 = DIRECTION('',(1.,0.));
#1529 = ( GEOMETRIC_REPRESENTATION_CONTEXT(2) 
PARAMETRIC_REPRESENTATION_CONTEXT() REPRESENTATION_CONTEXT('2D SPACE',''
  ) );
#1530 = ORIENTED_EDGE('',*,*,#1531,.T.);
#1531 = EDGE_CURVE('',#1503,#678,#1532,.T.);
#1532 = SURFACE_CURVE('',#1533,(#1537,#1543),.PCURVE_S1.);
#1533 = LINE('',#1534,#1535);
#1534 = CARTESIAN_POINT('',(-13.25,8.5,-13.75));
#1535 = VECTOR('',#1536,1.);
#1536 = DIRECTION('',(0.,0.,-1.));
#1537 = PCURVE('',#342,#1538);
#1538 = DEFINITIONAL_REPRESENTATION('',(#1539),#1542);
#1539 = B_SPLINE_CURVE_WITH_KNOTS('',1,(#1540,#1541),.UNSPECIFIED.,.F.,
  .F.,(2,2),(-22.75,-4.75),.PIECEWISE_BEZIER_KNOTS.);
#1540 = CARTESIAN_POINT('',(23.25,1.));
#1541 = CARTESIAN_POINT('',(5.25,1.));
#1542 = ( GEOMETRIC_REPRESENTATION_CONTEXT(2) 
PARAMETRIC_REPRESENTATION_CONTEXT() REPRESENTATION_CONTEXT('2D SPACE',''
  ) );
#1543 = PCURVE('',#713,#1544);
#1544 = DEFINITIONAL_REPRESENTATION('',(#1545),#1548);
#1545 = B_SPLINE_CURVE_WITH_KNOTS('',1,(#1546,#1547),.UNSPECIFIED.,.F.,
  .F.,(2,2),(-22.75,-4.75),.PIECEWISE_BEZIER_KNOTS.);
#1546 = CARTESIAN_POINT('',(22.25,-1.));
#1547 = CARTESIAN_POINT('',(4.25,-1.));
#1548 = ( GEOMETRIC_REPRESENTATION_CONTEXT(2) 
PARAMETRIC_REPRESENTATION_CONTEXT() REPRESENTATION_CONTEXT('2D SPACE',''
  ) );
#1549 = ORIENTED_EDGE('',*,*,#677,.F.);
#1550 = ORIENTED_EDGE('',*,*,#793,.F.);
#1551 = ORIENTED_EDGE('',*,*,#1552,.F.);
#1552 = EDGE_CURVE('',#1553,#768,#1555,.T.);
#1553 = VERTEX_POINT('',#1554);
#1554 = CARTESIAN_POINT('',(-9.,8.5,13.95));
#1555 = SURFACE_CURVE('',#1556,(#1561,#1572),.PCURVE_S1.);
#1556 = CIRCLE('',#1557,4.95);
#1557 = AXIS2_PLACEMENT_3D('',#1558,#1559,#1560);
#1558 = CARTESIAN_POINT('',(-9.,8.5,9.));
#1559 = DIRECTION('',(-0.,-1.,0.));
#1560 = DIRECTION('',(-3.383536836953E-16,0.,1.));
#1561 = PCURVE('',#342,#1562);
#1562 = DEFINITIONAL_REPRESENTATION('',(#1563),#1571);
#1563 = ( BOUNDED_CURVE() B_SPLINE_CURVE(2,(#1564,#1565,#1566,#1567,
#1568,#1569,#1570),.UNSPECIFIED.,.T.,.F.) B_SPLINE_CURVE_WITH_KNOTS((1,2
    ,2,2,2,1),(-2.094395102393,0.,2.094395102393,4.188790204786,
6.28318530718,8.377580409573),.UNSPECIFIED.) CURVE() 
GEOMETRIC_REPRESENTATION_ITEM() RATIONAL_B_SPLINE_CURVE((1.,0.5,1.,0.5,
1.,0.5,1.)) REPRESENTATION_ITEM('') );
#1564 = CARTESIAN_POINT('',(28.2,5.25));
#1565 = CARTESIAN_POINT('',(28.2,-3.323651497466));
#1566 = CARTESIAN_POINT('',(20.775,0.963174251267));
#1567 = CARTESIAN_POINT('',(13.35,5.25));
#1568 = CARTESIAN_POINT('',(20.775,9.536825748733));
#1569 = CARTESIAN_POINT('',(28.2,13.823651497466));
#1570 = CARTESIAN_POINT('',(28.2,5.25));
#1571 = ( GEOMETRIC_REPRESENTATION_CONTEXT(2) 
PARAMETRIC_REPRESENTATION_CONTEXT() REPRESENTATION_CONTEXT('2D SPACE',''
  ) );
#1572 = PCURVE('',#782,#1573);
#1573 = DEFINITIONAL_REPRESENTATION('',(#1574),#1578);
#1574 = LINE('',#1575,#1576);
#1575 = CARTESIAN_POINT('',(-0.,-0.3));
#1576 = VECTOR('',#1577,1.);
#1577 = DIRECTION('',(-1.,0.));
#1578 = ( GEOMETRIC_REPRESENTATION_CONTEXT(2) 
PARAMETRIC_REPRESENTATION_CONTEXT() REPRESENTATION_CONTEXT('2D SPACE',''
  ) );
#1579 = ORIENTED_EDGE('',*,*,#1580,.F.);
#1580 = EDGE_CURVE('',#1581,#1553,#1583,.T.);
#1581 = VERTEX_POINT('',#1582);
#1582 = CARTESIAN_POINT('',(9.,8.5,13.95));
#1583 = SURFACE_CURVE('',#1584,(#1588,#1595),.PCURVE_S1.);
#1584 = LINE('',#1585,#1586);
#1585 = CARTESIAN_POINT('',(9.,8.5,13.95));
#1586 = VECTOR('',#1587,1.);
#1587 = DIRECTION('',(-1.,-0.,-0.));
#1588 = PCURVE('',#342,#1589);
#1589 = DEFINITIONAL_REPRESENTATION('',(#1590),#1594);
#1590 = LINE('',#1591,#1592);
#1591 = CARTESIAN_POINT('',(28.2,23.25));
#1592 = VECTOR('',#1593,1.);
#1593 = DIRECTION('',(-0.,-1.));
#1594 = ( GEOMETRIC_REPRESENTATION_CONTEXT(2) 
PARAMETRIC_REPRESENTATION_CONTEXT() REPRESENTATION_CONTEXT('2D SPACE',''
  ) );
#1595 = PCURVE('',#1596,#1601);
#1596 = PLANE('',#1597);
#1597 = AXIS2_PLACEMENT_3D('',#1598,#1599,#1600);
#1598 = CARTESIAN_POINT('',(9.,8.65,14.1));
#1599 = DIRECTION('',(0.,0.707106781187,-0.707106781187));
#1600 = DIRECTION('',(-1.,0.,-0.));
#1601 = DEFINITIONAL_REPRESENTATION('',(#1602),#1606);
#1602 = LINE('',#1603,#1604);
#1603 = CARTESIAN_POINT('',(0.,-0.212132034356));
#1604 = VECTOR('',#1605,1.);
#1605 = DIRECTION('',(1.,0.));
#1606 = ( GEOMETRIC_REPRESENTATION_CONTEXT(2) 
PARAMETRIC_REPRESENTATION_CONTEXT() REPRESENTATION_CONTEXT('2D SPACE',''
  ) );
#1607 = ORIENTED_EDGE('',*,*,#1608,.F.);
#1608 = EDGE_CURVE('',#1609,#1581,#1611,.T.);
#1609 = VERTEX_POINT('',#1610);
#1610 = CARTESIAN_POINT('',(13.95,8.5,9.));
#1611 = SURFACE_CURVE('',#1612,(#1617,#1628),.PCURVE_S1.);
#1612 = CIRCLE('',#1613,4.95);
#1613 = AXIS2_PLACEMENT_3D('',#1614,#1615,#1616);
#1614 = CARTESIAN_POINT('',(9.,8.5,9.));
#1615 = DIRECTION('',(0.,-1.,-0.));
#1616 = DIRECTION('',(1.,0.,-3.383536836953E-16));
#1617 = PCURVE('',#342,#1618);
#1618 = DEFINITIONAL_REPRESENTATION('',(#1619),#1627);
#1619 = ( BOUNDED_CURVE() B_SPLINE_CURVE(2,(#1620,#1621,#1622,#1623,
#1624,#1625,#1626),.UNSPECIFIED.,.T.,.F.) B_SPLINE_CURVE_WITH_KNOTS((1,2
    ,2,2,2,1),(-2.094395102393,0.,2.094395102393,4.188790204786,
6.28318530718,8.377580409573),.UNSPECIFIED.) CURVE() 
GEOMETRIC_REPRESENTATION_ITEM() RATIONAL_B_SPLINE_CURVE((1.,0.5,1.,0.5,
1.,0.5,1.)) REPRESENTATION_ITEM('') );
#1620 = CARTESIAN_POINT('',(23.25,28.2));
#1621 = CARTESIAN_POINT('',(31.823651497466,28.2));
#1622 = CARTESIAN_POINT('',(27.536825748733,20.775));
#1623 = CARTESIAN_POINT('',(23.25,13.35));
#1624 = CARTESIAN_POINT('',(18.963174251267,20.775));
#1625 = CARTESIAN_POINT('',(14.676348502534,28.2));
#1626 = CARTESIAN_POINT('',(23.25,28.2));
#1627 = ( GEOMETRIC_REPRESENTATION_CONTEXT(2) 
PARAMETRIC_REPRESENTATION_CONTEXT() REPRESENTATION_CONTEXT('2D SPACE',''
  ) );
#1628 = PCURVE('',#1629,#1634);
#1629 = CONICAL_SURFACE('',#1630,5.25,0.785398163397);
#1630 = AXIS2_PLACEMENT_3D('',#1631,#1632,#1633);
#1631 = CARTESIAN_POINT('',(9.,8.8,9.));
#1632 = DIRECTION('',(0.,1.,0.));
#1633 = DIRECTION('',(1.,0.,-3.383536836953E-16));
#1634 = DEFINITIONAL_REPRESENTATION('',(#1635),#1639);
#1635 = LINE('',#1636,#1637);
#1636 = CARTESIAN_POINT('',(-0.,-0.3));
#1637 = VECTOR('',#1638,1.);
#1638 = DIRECTION('',(-1.,0.));
#1639 = ( GEOMETRIC_REPRESENTATION_CONTEXT(2) 
PARAMETRIC_REPRESENTATION_CONTEXT() REPRESENTATION_CONTEXT('2D SPACE',''
  ) );
#1640 = ORIENTED_EDGE('',*,*,#1641,.F.);
#1641 = EDGE_CURVE('',#1642,#1609,#1644,.T.);
#1642 = VERTEX_POINT('',#1643);
#1643 = CARTESIAN_POINT('',(13.95,8.5,-9.));
#1644 = SURFACE_CURVE('',#1645,(#1649,#1656),.PCURVE_S1.);
#1645 = LINE('',#1646,#1647);
#1646 = CARTESIAN_POINT('',(13.95,8.5,-9.));
#1647 = VECTOR('',#1648,1.);
#1648 = DIRECTION('',(0.,0.,1.));
#1649 = PCURVE('',#342,#1650);
#1650 = DEFINITIONAL_REPRESENTATION('',(#1651),#1655);
#1651 = LINE('',#1652,#1653);
#1652 = CARTESIAN_POINT('',(5.25,28.2));
#1653 = VECTOR('',#1654,1.);
#1654 = DIRECTION('',(1.,0.));
#1655 = ( GEOMETRIC_REPRESENTATION_CONTEXT(2) 
PARAMETRIC_REPRESENTATION_CONTEXT() REPRESENTATION_CONTEXT('2D SPACE',''
  ) );
#1656 = PCURVE('',#1657,#1662);
#1657 = PLANE('',#1658);
#1658 = AXIS2_PLACEMENT_3D('',#1659,#1660,#1661);
#1659 = CARTESIAN_POINT('',(14.1,8.65,-9.));
#1660 = DIRECTION('',(-0.707106781187,0.707106781187,0.));
#1661 = DIRECTION('',(0.,0.,1.));
#1662 = DEFINITIONAL_REPRESENTATION('',(#1663),#1667);
#1663 = LINE('',#1664,#1665);
#1664 = CARTESIAN_POINT('',(0.,-0.212132034356));
#1665 = VECTOR('',#1666,1.);
#1666 = DIRECTION('',(1.,0.));
#1667 = ( GEOMETRIC_REPRESENTATION_CONTEXT(2) 
PARAMETRIC_REPRESENTATION_CONTEXT() REPRESENTATION_CONTEXT('2D SPACE',''
  ) );
#1668 = ORIENTED_EDGE('',*,*,#1669,.F.);
#1669 = EDGE_CURVE('',#1291,#1642,#1670,.T.);
#1670 = SURFACE_CURVE('',#1671,(#1676,#1687),.PCURVE_S1.);
#1671 = CIRCLE('',#1672,4.95);
#1672 = AXIS2_PLACEMENT_3D('',#1673,#1674,#1675);
#1673 = CARTESIAN_POINT('',(9.,8.5,-9.));
#1674 = DIRECTION('',(0.,-1.,-0.));
#1675 = DIRECTION('',(0.,0.,-1.));
#1676 = PCURVE('',#342,#1677);
#1677 = DEFINITIONAL_REPRESENTATION('',(#1678),#1686);
#1678 = ( BOUNDED_CURVE() B_SPLINE_CURVE(2,(#1679,#1680,#1681,#1682,
#1683,#1684,#1685),.UNSPECIFIED.,.T.,.F.) B_SPLINE_CURVE_WITH_KNOTS((1,2
    ,2,2,2,1),(-2.094395102393,0.,2.094395102393,4.188790204786,
6.28318530718,8.377580409573),.UNSPECIFIED.) CURVE() 
GEOMETRIC_REPRESENTATION_ITEM() RATIONAL_B_SPLINE_CURVE((1.,0.5,1.,0.5,
1.,0.5,1.)) REPRESENTATION_ITEM('') );
#1679 = CARTESIAN_POINT('',(0.3,23.25));
#1680 = CARTESIAN_POINT('',(0.3,31.823651497466));
#1681 = CARTESIAN_POINT('',(7.725,27.536825748733));
#1682 = CARTESIAN_POINT('',(15.15,23.25));
#1683 = CARTESIAN_POINT('',(7.725,18.963174251267));
#1684 = CARTESIAN_POINT('',(0.3,14.676348502534));
#1685 = CARTESIAN_POINT('',(0.3,23.25));
#1686 = ( GEOMETRIC_REPRESENTATION_CONTEXT(2) 
PARAMETRIC_REPRESENTATION_CONTEXT() REPRESENTATION_CONTEXT('2D SPACE',''
  ) );
#1687 = PCURVE('',#1688,#1693);
#1688 = CONICAL_SURFACE('',#1689,5.25,0.785398163397);
#1689 = AXIS2_PLACEMENT_3D('',#1690,#1691,#1692);
#1690 = CARTESIAN_POINT('',(9.,8.8,-9.));
#1691 = DIRECTION('',(0.,1.,0.));
#1692 = DIRECTION('',(0.,0.,-1.));
#1693 = DEFINITIONAL_REPRESENTATION('',(#1694),#1698);
#1694 = LINE('',#1695,#1696);
#1695 = CARTESIAN_POINT('',(-0.,-0.3));
#1696 = VECTOR('',#1697,1.);
#1697 = DIRECTION('',(-1.,0.));
#1698 = ( GEOMETRIC_REPRESENTATION_CONTEXT(2) 
PARAMETRIC_REPRESENTATION_CONTEXT() REPRESENTATION_CONTEXT('2D SPACE',''
  ) );
#1699 = ADVANCED_FACE('',(#1700),#493,.T.);
#1700 = FACE_BOUND('',#1701,.T.);
#1701 = EDGE_LOOP('',(#1702,#1732,#1751,#1752,#1753,#1754,#1755,#1756,
    #1777,#1805));
#1702 = ORIENTED_EDGE('',*,*,#1703,.F.);
#1703 = EDGE_CURVE('',#1704,#1706,#1708,.T.);
#1704 = VERTEX_POINT('',#1705);
#1705 = CARTESIAN_POINT('',(-12.25,10.3,9.));
#1706 = VERTEX_POINT('',#1707);
#1707 = CARTESIAN_POINT('',(-12.25,19.81,9.));
#1708 = SURFACE_CURVE('',#1709,(#1713,#1720),.PCURVE_S1.);
#1709 = LINE('',#1710,#1711);
#1710 = CARTESIAN_POINT('',(-12.25,7.5,9.));
#1711 = VECTOR('',#1712,1.);
#1712 = DIRECTION('',(0.,1.,0.));
#1713 = PCURVE('',#493,#1714);
#1714 = DEFINITIONAL_REPRESENTATION('',(#1715),#1719);
#1715 = LINE('',#1716,#1717);
#1716 = CARTESIAN_POINT('',(21.25,0.));
#1717 = VECTOR('',#1718,1.);
#1718 = DIRECTION('',(0.,-1.));
#1719 = ( GEOMETRIC_REPRESENTATION_CONTEXT(2) 
PARAMETRIC_REPRESENTATION_CONTEXT() REPRESENTATION_CONTEXT('2D SPACE',''
  ) );
#1720 = PCURVE('',#1721,#1726);
#1721 = CYLINDRICAL_SURFACE('',#1722,3.25);
#1722 = AXIS2_PLACEMENT_3D('',#1723,#1724,#1725);
#1723 = CARTESIAN_POINT('',(-9.,7.5,9.));
#1724 = DIRECTION('',(0.,1.,0.));
#1725 = DIRECTION('',(-1.,0.,0.));
#1726 = DEFINITIONAL_REPRESENTATION('',(#1727),#1731);
#1727 = LINE('',#1728,#1729);
#1728 = CARTESIAN_POINT('',(0.,0.));
#1729 = VECTOR('',#1730,1.);
#1730 = DIRECTION('',(0.,1.));
#1731 = ( GEOMETRIC_REPRESENTATION_CONTEXT(2) 
PARAMETRIC_REPRESENTATION_CONTEXT() REPRESENTATION_CONTEXT('2D SPACE',''
  ) );
#1732 = ORIENTED_EDGE('',*,*,#1733,.F.);
#1733 = EDGE_CURVE('',#725,#1704,#1734,.T.);
#1734 = SURFACE_CURVE('',#1735,(#1739,#1745),.PCURVE_S1.);
#1735 = LINE('',#1736,#1737);
#1736 = CARTESIAN_POINT('',(-12.25,10.3,-12.75));
#1737 = VECTOR('',#1738,1.);
#1738 = DIRECTION('',(0.,0.,1.));
#1739 = PCURVE('',#493,#1740);
#1740 = DEFINITIONAL_REPRESENTATION('',(#1741),#1744);
#1741 = B_SPLINE_CURVE_WITH_KNOTS('',1,(#1742,#1743),.UNSPECIFIED.,.F.,
  .F.,(2,2),(3.75,21.75),.PIECEWISE_BEZIER_KNOTS.);
#1742 = CARTESIAN_POINT('',(3.25,-2.8));
#1743 = CARTESIAN_POINT('',(21.25,-2.8));
#1744 = ( GEOMETRIC_REPRESENTATION_CONTEXT(2) 
PARAMETRIC_REPRESENTATION_CONTEXT() REPRESENTATION_CONTEXT('2D SPACE',''
  ) );
#1745 = PCURVE('',#469,#1746);
#1746 = DEFINITIONAL_REPRESENTATION('',(#1747),#1750);
#1747 = B_SPLINE_CURVE_WITH_KNOTS('',1,(#1748,#1749),.UNSPECIFIED.,.F.,
  .F.,(2,2),(3.75,21.75),.PIECEWISE_BEZIER_KNOTS.);
#1748 = CARTESIAN_POINT('',(4.25,1.));
#1749 = CARTESIAN_POINT('',(22.25,1.));
#1750 = ( GEOMETRIC_REPRESENTATION_CONTEXT(2) 
PARAMETRIC_REPRESENTATION_CONTEXT() REPRESENTATION_CONTEXT('2D SPACE',''
  ) );
#1751 = ORIENTED_EDGE('',*,*,#745,.F.);
#1752 = ORIENTED_EDGE('',*,*,#629,.F.);
#1753 = ORIENTED_EDGE('',*,*,#557,.F.);
#1754 = ORIENTED_EDGE('',*,*,#532,.F.);
#1755 = ORIENTED_EDGE('',*,*,#480,.T.);
#1756 = ORIENTED_EDGE('',*,*,#1757,.F.);
#1757 = EDGE_CURVE('',#1758,#455,#1760,.T.);
#1758 = VERTEX_POINT('',#1759);
#1759 = CARTESIAN_POINT('',(-12.25,10.3,-9.));
#1760 = SURFACE_CURVE('',#1761,(#1765,#1771),.PCURVE_S1.);
#1761 = LINE('',#1762,#1763);
#1762 = CARTESIAN_POINT('',(-12.25,10.3,-12.75));
#1763 = VECTOR('',#1764,1.);
#1764 = DIRECTION('',(0.,0.,1.));
#1765 = PCURVE('',#493,#1766);
#1766 = DEFINITIONAL_REPRESENTATION('',(#1767),#1770);
#1767 = B_SPLINE_CURVE_WITH_KNOTS('',1,(#1768,#1769),.UNSPECIFIED.,.F.,
  .F.,(2,2),(3.75,21.75),.PIECEWISE_BEZIER_KNOTS.);
#1768 = CARTESIAN_POINT('',(3.25,-2.8));
#1769 = CARTESIAN_POINT('',(21.25,-2.8));
#1770 = ( GEOMETRIC_REPRESENTATION_CONTEXT(2) 
PARAMETRIC_REPRESENTATION_CONTEXT() REPRESENTATION_CONTEXT('2D SPACE',''
  ) );
#1771 = PCURVE('',#469,#1772);
#1772 = DEFINITIONAL_REPRESENTATION('',(#1773),#1776);
#1773 = B_SPLINE_CURVE_WITH_KNOTS('',1,(#1774,#1775),.UNSPECIFIED.,.F.,
  .F.,(2,2),(3.75,21.75),.PIECEWISE_BEZIER_KNOTS.);
#1774 = CARTESIAN_POINT('',(4.25,1.));
#1775 = CARTESIAN_POINT('',(22.25,1.));
#1776 = ( GEOMETRIC_REPRESENTATION_CONTEXT(2) 
PARAMETRIC_REPRESENTATION_CONTEXT() REPRESENTATION_CONTEXT('2D SPACE',''
  ) );
#1777 = ORIENTED_EDGE('',*,*,#1778,.T.);
#1778 = EDGE_CURVE('',#1758,#1779,#1781,.T.);
#1779 = VERTEX_POINT('',#1780);
#1780 = CARTESIAN_POINT('',(-12.25,19.81,-9.));
#1781 = SURFACE_CURVE('',#1782,(#1786,#1793),.PCURVE_S1.);
#1782 = LINE('',#1783,#1784);
#1783 = CARTESIAN_POINT('',(-12.25,7.5,-9.));
#1784 = VECTOR('',#1785,1.);
#1785 = DIRECTION('',(0.,1.,0.));
#1786 = PCURVE('',#493,#1787);
#1787 = DEFINITIONAL_REPRESENTATION('',(#1788),#1792);
#1788 = LINE('',#1789,#1790);
#1789 = CARTESIAN_POINT('',(3.25,0.));
#1790 = VECTOR('',#1791,1.);
#1791 = DIRECTION('',(0.,-1.));
#1792 = ( GEOMETRIC_REPRESENTATION_CONTEXT(2) 
PARAMETRIC_REPRESENTATION_CONTEXT() REPRESENTATION_CONTEXT('2D SPACE',''
  ) );
#1793 = PCURVE('',#1794,#1799);
#1794 = CYLINDRICAL_SURFACE('',#1795,3.25);
#1795 = AXIS2_PLACEMENT_3D('',#1796,#1797,#1798);
#1796 = CARTESIAN_POINT('',(-9.,7.5,-9.));
#1797 = DIRECTION('',(0.,1.,0.));
#1798 = DIRECTION('',(-1.,0.,0.));
#1799 = DEFINITIONAL_REPRESENTATION('',(#1800),#1804);
#1800 = LINE('',#1801,#1802);
#1801 = CARTESIAN_POINT('',(-0.,0.));
#1802 = VECTOR('',#1803,1.);
#1803 = DIRECTION('',(-0.,1.));
#1804 = ( GEOMETRIC_REPRESENTATION_CONTEXT(2) 
PARAMETRIC_REPRESENTATION_CONTEXT() REPRESENTATION_CONTEXT('2D SPACE',''
  ) );
#1805 = ORIENTED_EDGE('',*,*,#1806,.T.);
#1806 = EDGE_CURVE('',#1779,#1706,#1807,.T.);
#1807 = SURFACE_CURVE('',#1808,(#1812,#1819),.PCURVE_S1.);
#1808 = LINE('',#1809,#1810);
#1809 = CARTESIAN_POINT('',(-12.25,19.81,-12.25));
#1810 = VECTOR('',#1811,1.);
#1811 = DIRECTION('',(0.,0.,1.));
#1812 = PCURVE('',#493,#1813);
#1813 = DEFINITIONAL_REPRESENTATION('',(#1814),#1818);
#1814 = LINE('',#1815,#1816);
#1815 = CARTESIAN_POINT('',(0.,-12.31));
#1816 = VECTOR('',#1817,1.);
#1817 = DIRECTION('',(1.,0.));
#1818 = ( GEOMETRIC_REPRESENTATION_CONTEXT(2) 
PARAMETRIC_REPRESENTATION_CONTEXT() REPRESENTATION_CONTEXT('2D SPACE',''
  ) );
#1819 = PCURVE('',#1820,#1825);
#1820 = PLANE('',#1821);
#1821 = AXIS2_PLACEMENT_3D('',#1822,#1823,#1824);
#1822 = CARTESIAN_POINT('',(-12.25,19.81,-12.25));
#1823 = DIRECTION('',(0.,1.,0.));
#1824 = DIRECTION('',(0.,0.,1.));
#1825 = DEFINITIONAL_REPRESENTATION('',(#1826),#1830);
#1826 = LINE('',#1827,#1828);
#1827 = CARTESIAN_POINT('',(0.,0.));
#1828 = VECTOR('',#1829,1.);
#1829 = DIRECTION('',(1.,0.));
#1830 = ( GEOMETRIC_REPRESENTATION_CONTEXT(2) 
PARAMETRIC_REPRESENTATION_CONTEXT() REPRESENTATION_CONTEXT('2D SPACE',''
  ) );
#1831 = ADVANCED_FACE('',(#1832),#469,.F.);
#1832 = FACE_BOUND('',#1833,.F.);
#1833 = EDGE_LOOP('',(#1834,#1859,#1887,#1908,#1909,#1910,#1934,#1960,
    #1989,#2015,#2044,#2070,#2092,#2093,#2094,#2117,#2141,#2164,#2192,
    #2215));
#1834 = ORIENTED_EDGE('',*,*,#1835,.F.);
#1835 = EDGE_CURVE('',#1836,#1838,#1840,.T.);
#1836 = VERTEX_POINT('',#1837);
#1837 = CARTESIAN_POINT('',(-9.,10.3,-13.25));
#1838 = VERTEX_POINT('',#1839);
#1839 = CARTESIAN_POINT('',(9.,10.3,-13.25));
#1840 = SURFACE_CURVE('',#1841,(#1845,#1852),.PCURVE_S1.);
#1841 = LINE('',#1842,#1843);
#1842 = CARTESIAN_POINT('',(-13.25,10.3,-13.25));
#1843 = VECTOR('',#1844,1.);
#1844 = DIRECTION('',(1.,0.,0.));
#1845 = PCURVE('',#469,#1846);
#1846 = DEFINITIONAL_REPRESENTATION('',(#1847),#1851);
#1847 = LINE('',#1848,#1849);
#1848 = CARTESIAN_POINT('',(0.,0.));
#1849 = VECTOR('',#1850,1.);
#1850 = DIRECTION('',(0.,1.));
#1851 = ( GEOMETRIC_REPRESENTATION_CONTEXT(2) 
PARAMETRIC_REPRESENTATION_CONTEXT() REPRESENTATION_CONTEXT('2D SPACE',''
  ) );
#1852 = PCURVE('',#1381,#1853);
#1853 = DEFINITIONAL_REPRESENTATION('',(#1854),#1858);
#1854 = LINE('',#1855,#1856);
#1855 = CARTESIAN_POINT('',(0.,2.8));
#1856 = VECTOR('',#1857,1.);
#1857 = DIRECTION('',(1.,0.));
#1858 = ( GEOMETRIC_REPRESENTATION_CONTEXT(2) 
PARAMETRIC_REPRESENTATION_CONTEXT() REPRESENTATION_CONTEXT('2D SPACE',''
  ) );
#1859 = ORIENTED_EDGE('',*,*,#1860,.F.);
#1860 = EDGE_CURVE('',#1861,#1836,#1863,.T.);
#1861 = VERTEX_POINT('',#1862);
#1862 = CARTESIAN_POINT('',(-13.25,10.3,-9.));
#1863 = SURFACE_CURVE('',#1864,(#1869,#1880),.PCURVE_S1.);
#1864 = CIRCLE('',#1865,4.25);
#1865 = AXIS2_PLACEMENT_3D('',#1866,#1867,#1868);
#1866 = CARTESIAN_POINT('',(-9.,10.3,-9.));
#1867 = DIRECTION('',(-0.,-1.,0.));
#1868 = DIRECTION('',(0.,-0.,1.));
#1869 = PCURVE('',#469,#1870);
#1870 = DEFINITIONAL_REPRESENTATION('',(#1871),#1879);
#1871 = ( BOUNDED_CURVE() B_SPLINE_CURVE(2,(#1872,#1873,#1874,#1875,
#1876,#1877,#1878),.UNSPECIFIED.,.T.,.F.) B_SPLINE_CURVE_WITH_KNOTS((1,2
    ,2,2,2,1),(-2.094395102393,0.,2.094395102393,4.188790204786,
6.28318530718,8.377580409573),.UNSPECIFIED.) CURVE() 
GEOMETRIC_REPRESENTATION_ITEM() RATIONAL_B_SPLINE_CURVE((1.,0.5,1.,0.5,
1.,0.5,1.)) REPRESENTATION_ITEM('') );
#1872 = CARTESIAN_POINT('',(8.5,4.25));
#1873 = CARTESIAN_POINT('',(8.5,-3.111215932168));
#1874 = CARTESIAN_POINT('',(2.125,0.569392033916));
#1875 = CARTESIAN_POINT('',(-4.25,4.25));
#1876 = CARTESIAN_POINT('',(2.125,7.930607966084));
#1877 = CARTESIAN_POINT('',(8.5,11.611215932168));
#1878 = CARTESIAN_POINT('',(8.5,4.25));
#1879 = ( GEOMETRIC_REPRESENTATION_CONTEXT(2) 
PARAMETRIC_REPRESENTATION_CONTEXT() REPRESENTATION_CONTEXT('2D SPACE',''
  ) );
#1880 = PCURVE('',#1354,#1881);
#1881 = DEFINITIONAL_REPRESENTATION('',(#1882),#1886);
#1882 = LINE('',#1883,#1884);
#1883 = CARTESIAN_POINT('',(1.570796326795,2.8));
#1884 = VECTOR('',#1885,1.);
#1885 = DIRECTION('',(-1.,0.));
#1886 = ( GEOMETRIC_REPRESENTATION_CONTEXT(2) 
PARAMETRIC_REPRESENTATION_CONTEXT() REPRESENTATION_CONTEXT('2D SPACE',''
  ) );
#1887 = ORIENTED_EDGE('',*,*,#1888,.T.);
#1888 = EDGE_CURVE('',#1861,#429,#1889,.T.);
#1889 = SURFACE_CURVE('',#1890,(#1894,#1901),.PCURVE_S1.);
#1890 = LINE('',#1891,#1892);
#1891 = CARTESIAN_POINT('',(-13.25,10.3,-13.25));
#1892 = VECTOR('',#1893,1.);
#1893 = DIRECTION('',(0.,0.,1.));
#1894 = PCURVE('',#469,#1895);
#1895 = DEFINITIONAL_REPRESENTATION('',(#1896),#1900);
#1896 = LINE('',#1897,#1898);
#1897 = CARTESIAN_POINT('',(0.,0.));
#1898 = VECTOR('',#1899,1.);
#1899 = DIRECTION('',(1.,0.));
#1900 = ( GEOMETRIC_REPRESENTATION_CONTEXT(2) 
PARAMETRIC_REPRESENTATION_CONTEXT() REPRESENTATION_CONTEXT('2D SPACE',''
  ) );
#1901 = PCURVE('',#443,#1902);
#1902 = DEFINITIONAL_REPRESENTATION('',(#1903),#1907);
#1903 = LINE('',#1904,#1905);
#1904 = CARTESIAN_POINT('',(0.,-2.8));
#1905 = VECTOR('',#1906,1.);
#1906 = DIRECTION('',(1.,0.));
#1907 = ( GEOMETRIC_REPRESENTATION_CONTEXT(2) 
PARAMETRIC_REPRESENTATION_CONTEXT() REPRESENTATION_CONTEXT('2D SPACE',''
  ) );
#1908 = ORIENTED_EDGE('',*,*,#454,.T.);
#1909 = ORIENTED_EDGE('',*,*,#1757,.F.);
#1910 = ORIENTED_EDGE('',*,*,#1911,.F.);
#1911 = EDGE_CURVE('',#1912,#1758,#1914,.T.);
#1912 = VERTEX_POINT('',#1913);
#1913 = CARTESIAN_POINT('',(-9.,10.3,-12.25));
#1914 = SURFACE_CURVE('',#1915,(#1920,#1927),.PCURVE_S1.);
#1915 = CIRCLE('',#1916,3.25);
#1916 = AXIS2_PLACEMENT_3D('',#1917,#1918,#1919);
#1917 = CARTESIAN_POINT('',(-9.,10.3,-9.));
#1918 = DIRECTION('',(0.,1.,0.));
#1919 = DIRECTION('',(-1.,0.,0.));
#1920 = PCURVE('',#469,#1921);
#1921 = DEFINITIONAL_REPRESENTATION('',(#1922),#1926);
#1922 = CIRCLE('',#1923,3.25);
#1923 = AXIS2_PLACEMENT_2D('',#1924,#1925);
#1924 = CARTESIAN_POINT('',(4.25,4.25));
#1925 = DIRECTION('',(0.,-1.));
#1926 = ( GEOMETRIC_REPRESENTATION_CONTEXT(2) 
PARAMETRIC_REPRESENTATION_CONTEXT() REPRESENTATION_CONTEXT('2D SPACE',''
  ) );
#1927 = PCURVE('',#1794,#1928);
#1928 = DEFINITIONAL_REPRESENTATION('',(#1929),#1933);
#1929 = LINE('',#1930,#1931);
#1930 = CARTESIAN_POINT('',(-6.28318530718,2.8));
#1931 = VECTOR('',#1932,1.);
#1932 = DIRECTION('',(1.,-0.));
#1933 = ( GEOMETRIC_REPRESENTATION_CONTEXT(2) 
PARAMETRIC_REPRESENTATION_CONTEXT() REPRESENTATION_CONTEXT('2D SPACE',''
  ) );
#1934 = ORIENTED_EDGE('',*,*,#1935,.F.);
#1935 = EDGE_CURVE('',#1936,#1912,#1938,.T.);
#1936 = VERTEX_POINT('',#1937);
#1937 = CARTESIAN_POINT('',(9.,10.3,-12.25));
#1938 = SURFACE_CURVE('',#1939,(#1943,#1949),.PCURVE_S1.);
#1939 = LINE('',#1940,#1941);
#1940 = CARTESIAN_POINT('',(-12.75,10.3,-12.25));
#1941 = VECTOR('',#1942,1.);
#1942 = DIRECTION('',(-1.,0.,0.));
#1943 = PCURVE('',#469,#1944);
#1944 = DEFINITIONAL_REPRESENTATION('',(#1945),#1948);
#1945 = B_SPLINE_CURVE_WITH_KNOTS('',1,(#1946,#1947),.UNSPECIFIED.,.F.,
  .F.,(2,2),(-21.75,-3.75),.PIECEWISE_BEZIER_KNOTS.);
#1946 = CARTESIAN_POINT('',(1.,22.25));
#1947 = CARTESIAN_POINT('',(1.,4.25));
#1948 = ( GEOMETRIC_REPRESENTATION_CONTEXT(2) 
PARAMETRIC_REPRESENTATION_CONTEXT() REPRESENTATION_CONTEXT('2D SPACE',''
  ) );
#1949 = PCURVE('',#1950,#1955);
#1950 = PLANE('',#1951);
#1951 = AXIS2_PLACEMENT_3D('',#1952,#1953,#1954);
#1952 = CARTESIAN_POINT('',(-12.25,7.5,-12.25));
#1953 = DIRECTION('',(0.,0.,1.));
#1954 = DIRECTION('',(1.,0.,0.));
#1955 = DEFINITIONAL_REPRESENTATION('',(#1956),#1959);
#1956 = B_SPLINE_CURVE_WITH_KNOTS('',1,(#1957,#1958),.UNSPECIFIED.,.F.,
  .F.,(2,2),(-21.75,-3.75),.PIECEWISE_BEZIER_KNOTS.);
#1957 = CARTESIAN_POINT('',(21.25,2.8));
#1958 = CARTESIAN_POINT('',(3.25,2.8));
#1959 = ( GEOMETRIC_REPRESENTATION_CONTEXT(2) 
PARAMETRIC_REPRESENTATION_CONTEXT() REPRESENTATION_CONTEXT('2D SPACE',''
  ) );
#1960 = ORIENTED_EDGE('',*,*,#1961,.F.);
#1961 = EDGE_CURVE('',#1962,#1936,#1964,.T.);
#1962 = VERTEX_POINT('',#1963);
#1963 = CARTESIAN_POINT('',(12.25,10.3,-9.));
#1964 = SURFACE_CURVE('',#1965,(#1970,#1977),.PCURVE_S1.);
#1965 = CIRCLE('',#1966,3.25);
#1966 = AXIS2_PLACEMENT_3D('',#1967,#1968,#1969);
#1967 = CARTESIAN_POINT('',(9.,10.3,-9.));
#1968 = DIRECTION('',(0.,1.,0.));
#1969 = DIRECTION('',(1.,0.,-0.));
#1970 = PCURVE('',#469,#1971);
#1971 = DEFINITIONAL_REPRESENTATION('',(#1972),#1976);
#1972 = CIRCLE('',#1973,3.25);
#1973 = AXIS2_PLACEMENT_2D('',#1974,#1975);
#1974 = CARTESIAN_POINT('',(4.25,22.25));
#1975 = DIRECTION('',(0.,1.));
#1976 = ( GEOMETRIC_REPRESENTATION_CONTEXT(2) 
PARAMETRIC_REPRESENTATION_CONTEXT() REPRESENTATION_CONTEXT('2D SPACE',''
  ) );
#1977 = PCURVE('',#1978,#1983);
#1978 = CYLINDRICAL_SURFACE('',#1979,3.25);
#1979 = AXIS2_PLACEMENT_3D('',#1980,#1981,#1982);
#1980 = CARTESIAN_POINT('',(9.,7.5,-9.));
#1981 = DIRECTION('',(0.,1.,0.));
#1982 = DIRECTION('',(1.,0.,-0.));
#1983 = DEFINITIONAL_REPRESENTATION('',(#1984),#1988);
#1984 = LINE('',#1985,#1986);
#1985 = CARTESIAN_POINT('',(0.,2.8));
#1986 = VECTOR('',#1987,1.);
#1987 = DIRECTION('',(1.,0.));
#1988 = ( GEOMETRIC_REPRESENTATION_CONTEXT(2) 
PARAMETRIC_REPRESENTATION_CONTEXT() REPRESENTATION_CONTEXT('2D SPACE',''
  ) );
#1989 = ORIENTED_EDGE('',*,*,#1990,.T.);
#1990 = EDGE_CURVE('',#1962,#1991,#1993,.T.);
#1991 = VERTEX_POINT('',#1992);
#1992 = CARTESIAN_POINT('',(12.25,10.3,9.));
#1993 = SURFACE_CURVE('',#1994,(#1998,#2004),.PCURVE_S1.);
#1994 = LINE('',#1995,#1996);
#1995 = CARTESIAN_POINT('',(12.25,10.3,-12.75));
#1996 = VECTOR('',#1997,1.);
#1997 = DIRECTION('',(0.,0.,1.));
#1998 = PCURVE('',#469,#1999);
#1999 = DEFINITIONAL_REPRESENTATION('',(#2000),#2003);
#2000 = B_SPLINE_CURVE_WITH_KNOTS('',1,(#2001,#2002),.UNSPECIFIED.,.F.,
  .F.,(2,2),(3.75,21.75),.PIECEWISE_BEZIER_KNOTS.);
#2001 = CARTESIAN_POINT('',(4.25,25.5));
#2002 = CARTESIAN_POINT('',(22.25,25.5));
#2003 = ( GEOMETRIC_REPRESENTATION_CONTEXT(2) 
PARAMETRIC_REPRESENTATION_CONTEXT() REPRESENTATION_CONTEXT('2D SPACE',''
  ) );
#2004 = PCURVE('',#2005,#2010);
#2005 = PLANE('',#2006);
#2006 = AXIS2_PLACEMENT_3D('',#2007,#2008,#2009);
#2007 = CARTESIAN_POINT('',(12.25,7.5,-12.25));
#2008 = DIRECTION('',(1.,0.,0.));
#2009 = DIRECTION('',(0.,0.,1.));
#2010 = DEFINITIONAL_REPRESENTATION('',(#2011),#2014);
#2011 = B_SPLINE_CURVE_WITH_KNOTS('',1,(#2012,#2013),.UNSPECIFIED.,.F.,
  .F.,(2,2),(3.75,21.75),.PIECEWISE_BEZIER_KNOTS.);
#2012 = CARTESIAN_POINT('',(3.25,-2.8));
#2013 = CARTESIAN_POINT('',(21.25,-2.8));
#2014 = ( GEOMETRIC_REPRESENTATION_CONTEXT(2) 
PARAMETRIC_REPRESENTATION_CONTEXT() REPRESENTATION_CONTEXT('2D SPACE',''
  ) );
#2015 = ORIENTED_EDGE('',*,*,#2016,.F.);
#2016 = EDGE_CURVE('',#2017,#1991,#2019,.T.);
#2017 = VERTEX_POINT('',#2018);
#2018 = CARTESIAN_POINT('',(9.,10.3,12.25));
#2019 = SURFACE_CURVE('',#2020,(#2025,#2032),.PCURVE_S1.);
#2020 = CIRCLE('',#2021,3.25);
#2021 = AXIS2_PLACEMENT_3D('',#2022,#2023,#2024);
#2022 = CARTESIAN_POINT('',(9.,10.3,9.));
#2023 = DIRECTION('',(0.,1.,0.));
#2024 = DIRECTION('',(1.,0.,-0.));
#2025 = PCURVE('',#469,#2026);
#2026 = DEFINITIONAL_REPRESENTATION('',(#2027),#2031);
#2027 = CIRCLE('',#2028,3.25);
#2028 = AXIS2_PLACEMENT_2D('',#2029,#2030);
#2029 = CARTESIAN_POINT('',(22.25,22.25));
#2030 = DIRECTION('',(0.,1.));
#2031 = ( GEOMETRIC_REPRESENTATION_CONTEXT(2) 
PARAMETRIC_REPRESENTATION_CONTEXT() REPRESENTATION_CONTEXT('2D SPACE',''
  ) );
#2032 = PCURVE('',#2033,#2038);
#2033 = CYLINDRICAL_SURFACE('',#2034,3.25);
#2034 = AXIS2_PLACEMENT_3D('',#2035,#2036,#2037);
#2035 = CARTESIAN_POINT('',(9.,7.5,9.));
#2036 = DIRECTION('',(0.,1.,0.));
#2037 = DIRECTION('',(1.,0.,-0.));
#2038 = DEFINITIONAL_REPRESENTATION('',(#2039),#2043);
#2039 = LINE('',#2040,#2041);
#2040 = CARTESIAN_POINT('',(-6.28318530718,2.8));
#2041 = VECTOR('',#2042,1.);
#2042 = DIRECTION('',(1.,-0.));
#2043 = ( GEOMETRIC_REPRESENTATION_CONTEXT(2) 
PARAMETRIC_REPRESENTATION_CONTEXT() REPRESENTATION_CONTEXT('2D SPACE',''
  ) );
#2044 = ORIENTED_EDGE('',*,*,#2045,.T.);
#2045 = EDGE_CURVE('',#2017,#2046,#2048,.T.);
#2046 = VERTEX_POINT('',#2047);
#2047 = CARTESIAN_POINT('',(-9.,10.3,12.25));
#2048 = SURFACE_CURVE('',#2049,(#2053,#2059),.PCURVE_S1.);
#2049 = LINE('',#2050,#2051);
#2050 = CARTESIAN_POINT('',(-12.75,10.3,12.25));
#2051 = VECTOR('',#2052,1.);
#2052 = DIRECTION('',(-1.,0.,0.));
#2053 = PCURVE('',#469,#2054);
#2054 = DEFINITIONAL_REPRESENTATION('',(#2055),#2058);
#2055 = B_SPLINE_CURVE_WITH_KNOTS('',1,(#2056,#2057),.UNSPECIFIED.,.F.,
  .F.,(2,2),(-21.75,-3.75),.PIECEWISE_BEZIER_KNOTS.);
#2056 = CARTESIAN_POINT('',(25.5,22.25));
#2057 = CARTESIAN_POINT('',(25.5,4.25));
#2058 = ( GEOMETRIC_REPRESENTATION_CONTEXT(2) 
PARAMETRIC_REPRESENTATION_CONTEXT() REPRESENTATION_CONTEXT('2D SPACE',''
  ) );
#2059 = PCURVE('',#2060,#2065);
#2060 = PLANE('',#2061);
#2061 = AXIS2_PLACEMENT_3D('',#2062,#2063,#2064);
#2062 = CARTESIAN_POINT('',(-12.25,7.5,12.25));
#2063 = DIRECTION('',(0.,0.,1.));
#2064 = DIRECTION('',(1.,0.,0.));
#2065 = DEFINITIONAL_REPRESENTATION('',(#2066),#2069);
#2066 = B_SPLINE_CURVE_WITH_KNOTS('',1,(#2067,#2068),.UNSPECIFIED.,.F.,
  .F.,(2,2),(-21.75,-3.75),.PIECEWISE_BEZIER_KNOTS.);
#2067 = CARTESIAN_POINT('',(21.25,2.8));
#2068 = CARTESIAN_POINT('',(3.25,2.8));
#2069 = ( GEOMETRIC_REPRESENTATION_CONTEXT(2) 
PARAMETRIC_REPRESENTATION_CONTEXT() REPRESENTATION_CONTEXT('2D SPACE',''
  ) );
#2070 = ORIENTED_EDGE('',*,*,#2071,.F.);
#2071 = EDGE_CURVE('',#1704,#2046,#2072,.T.);
#2072 = SURFACE_CURVE('',#2073,(#2078,#2085),.PCURVE_S1.);
#2073 = CIRCLE('',#2074,3.25);
#2074 = AXIS2_PLACEMENT_3D('',#2075,#2076,#2077);
#2075 = CARTESIAN_POINT('',(-9.,10.3,9.));
#2076 = DIRECTION('',(0.,1.,0.));
#2077 = DIRECTION('',(-1.,0.,0.));
#2078 = PCURVE('',#469,#2079);
#2079 = DEFINITIONAL_REPRESENTATION('',(#2080),#2084);
#2080 = CIRCLE('',#2081,3.25);
#2081 = AXIS2_PLACEMENT_2D('',#2082,#2083);
#2082 = CARTESIAN_POINT('',(22.25,4.25));
#2083 = DIRECTION('',(0.,-1.));
#2084 = ( GEOMETRIC_REPRESENTATION_CONTEXT(2) 
PARAMETRIC_REPRESENTATION_CONTEXT() REPRESENTATION_CONTEXT('2D SPACE',''
  ) );
#2085 = PCURVE('',#1721,#2086);
#2086 = DEFINITIONAL_REPRESENTATION('',(#2087),#2091);
#2087 = LINE('',#2088,#2089);
#2088 = CARTESIAN_POINT('',(0.,2.8));
#2089 = VECTOR('',#2090,1.);
#2090 = DIRECTION('',(1.,0.));
#2091 = ( GEOMETRIC_REPRESENTATION_CONTEXT(2) 
PARAMETRIC_REPRESENTATION_CONTEXT() REPRESENTATION_CONTEXT('2D SPACE',''
  ) );
#2092 = ORIENTED_EDGE('',*,*,#1733,.F.);
#2093 = ORIENTED_EDGE('',*,*,#724,.F.);
#2094 = ORIENTED_EDGE('',*,*,#2095,.T.);
#2095 = EDGE_CURVE('',#699,#2096,#2098,.T.);
#2096 = VERTEX_POINT('',#2097);
#2097 = CARTESIAN_POINT('',(-13.25,10.3,9.));
#2098 = SURFACE_CURVE('',#2099,(#2103,#2110),.PCURVE_S1.);
#2099 = LINE('',#2100,#2101);
#2100 = CARTESIAN_POINT('',(-13.25,10.3,-13.25));
#2101 = VECTOR('',#2102,1.);
#2102 = DIRECTION('',(0.,0.,1.));
#2103 = PCURVE('',#469,#2104);
#2104 = DEFINITIONAL_REPRESENTATION('',(#2105),#2109);
#2105 = LINE('',#2106,#2107);
#2106 = CARTESIAN_POINT('',(0.,0.));
#2107 = VECTOR('',#2108,1.);
#2108 = DIRECTION('',(1.,0.));
#2109 = ( GEOMETRIC_REPRESENTATION_CONTEXT(2) 
PARAMETRIC_REPRESENTATION_CONTEXT() REPRESENTATION_CONTEXT('2D SPACE',''
  ) );
#2110 = PCURVE('',#713,#2111);
#2111 = DEFINITIONAL_REPRESENTATION('',(#2112),#2116);
#2112 = LINE('',#2113,#2114);
#2113 = CARTESIAN_POINT('',(0.,-2.8));
#2114 = VECTOR('',#2115,1.);
#2115 = DIRECTION('',(1.,0.));
#2116 = ( GEOMETRIC_REPRESENTATION_CONTEXT(2) 
PARAMETRIC_REPRESENTATION_CONTEXT() REPRESENTATION_CONTEXT('2D SPACE',''
  ) );
#2117 = ORIENTED_EDGE('',*,*,#2118,.T.);
#2118 = EDGE_CURVE('',#2096,#2119,#2121,.T.);
#2119 = VERTEX_POINT('',#2120);
#2120 = CARTESIAN_POINT('',(-9.,10.3,13.25));
#2121 = SURFACE_CURVE('',#2122,(#2127,#2134),.PCURVE_S1.);
#2122 = CIRCLE('',#2123,4.25);
#2123 = AXIS2_PLACEMENT_3D('',#2124,#2125,#2126);
#2124 = CARTESIAN_POINT('',(-9.,10.3,9.));
#2125 = DIRECTION('',(0.,1.,0.));
#2126 = DIRECTION('',(0.,-0.,1.));
#2127 = PCURVE('',#469,#2128);
#2128 = DEFINITIONAL_REPRESENTATION('',(#2129),#2133);
#2129 = CIRCLE('',#2130,4.25);
#2130 = AXIS2_PLACEMENT_2D('',#2131,#2132);
#2131 = CARTESIAN_POINT('',(22.25,4.25));
#2132 = DIRECTION('',(1.,0.));
#2133 = ( GEOMETRIC_REPRESENTATION_CONTEXT(2) 
PARAMETRIC_REPRESENTATION_CONTEXT() REPRESENTATION_CONTEXT('2D SPACE',''
  ) );
#2134 = PCURVE('',#1519,#2135);
#2135 = DEFINITIONAL_REPRESENTATION('',(#2136),#2140);
#2136 = LINE('',#2137,#2138);
#2137 = CARTESIAN_POINT('',(-4.712388980385,2.8));
#2138 = VECTOR('',#2139,1.);
#2139 = DIRECTION('',(1.,0.));
#2140 = ( GEOMETRIC_REPRESENTATION_CONTEXT(2) 
PARAMETRIC_REPRESENTATION_CONTEXT() REPRESENTATION_CONTEXT('2D SPACE',''
  ) );
#2141 = ORIENTED_EDGE('',*,*,#2142,.T.);
#2142 = EDGE_CURVE('',#2119,#2143,#2145,.T.);
#2143 = VERTEX_POINT('',#2144);
#2144 = CARTESIAN_POINT('',(9.,10.3,13.25));
#2145 = SURFACE_CURVE('',#2146,(#2150,#2157),.PCURVE_S1.);
#2146 = LINE('',#2147,#2148);
#2147 = CARTESIAN_POINT('',(-13.25,10.3,13.25));
#2148 = VECTOR('',#2149,1.);
#2149 = DIRECTION('',(1.,0.,0.));
#2150 = PCURVE('',#469,#2151);
#2151 = DEFINITIONAL_REPRESENTATION('',(#2152),#2156);
#2152 = LINE('',#2153,#2154);
#2153 = CARTESIAN_POINT('',(26.5,0.));
#2154 = VECTOR('',#2155,1.);
#2155 = DIRECTION('',(0.,1.));
#2156 = ( GEOMETRIC_REPRESENTATION_CONTEXT(2) 
PARAMETRIC_REPRESENTATION_CONTEXT() REPRESENTATION_CONTEXT('2D SPACE',''
  ) );
#2157 = PCURVE('',#1491,#2158);
#2158 = DEFINITIONAL_REPRESENTATION('',(#2159),#2163);
#2159 = LINE('',#2160,#2161);
#2160 = CARTESIAN_POINT('',(0.,2.8));
#2161 = VECTOR('',#2162,1.);
#2162 = DIRECTION('',(1.,0.));
#2163 = ( GEOMETRIC_REPRESENTATION_CONTEXT(2) 
PARAMETRIC_REPRESENTATION_CONTEXT() REPRESENTATION_CONTEXT('2D SPACE',''
  ) );
#2164 = ORIENTED_EDGE('',*,*,#2165,.F.);
#2165 = EDGE_CURVE('',#2166,#2143,#2168,.T.);
#2166 = VERTEX_POINT('',#2167);
#2167 = CARTESIAN_POINT('',(13.25,10.3,9.));
#2168 = SURFACE_CURVE('',#2169,(#2174,#2185),.PCURVE_S1.);
#2169 = CIRCLE('',#2170,4.25);
#2170 = AXIS2_PLACEMENT_3D('',#2171,#2172,#2173);
#2171 = CARTESIAN_POINT('',(9.,10.3,9.));
#2172 = DIRECTION('',(-0.,-1.,0.));
#2173 = DIRECTION('',(0.,-0.,1.));
#2174 = PCURVE('',#469,#2175);
#2175 = DEFINITIONAL_REPRESENTATION('',(#2176),#2184);
#2176 = ( BOUNDED_CURVE() B_SPLINE_CURVE(2,(#2177,#2178,#2179,#2180,
#2181,#2182,#2183),.UNSPECIFIED.,.T.,.F.) B_SPLINE_CURVE_WITH_KNOTS((1,2
    ,2,2,2,1),(-2.094395102393,0.,2.094395102393,4.188790204786,
6.28318530718,8.377580409573),.UNSPECIFIED.) CURVE() 
GEOMETRIC_REPRESENTATION_ITEM() RATIONAL_B_SPLINE_CURVE((1.,0.5,1.,0.5,
1.,0.5,1.)) REPRESENTATION_ITEM('') );
#2177 = CARTESIAN_POINT('',(26.5,22.25));
#2178 = CARTESIAN_POINT('',(26.5,14.888784067832));
#2179 = CARTESIAN_POINT('',(20.125,18.569392033916));
#2180 = CARTESIAN_POINT('',(13.75,22.25));
#2181 = CARTESIAN_POINT('',(20.125,25.930607966084));
#2182 = CARTESIAN_POINT('',(26.5,29.611215932168));
#2183 = CARTESIAN_POINT('',(26.5,22.25));
#2184 = ( GEOMETRIC_REPRESENTATION_CONTEXT(2) 
PARAMETRIC_REPRESENTATION_CONTEXT() REPRESENTATION_CONTEXT('2D SPACE',''
  ) );
#2185 = PCURVE('',#1464,#2186);
#2186 = DEFINITIONAL_REPRESENTATION('',(#2187),#2191);
#2187 = LINE('',#2188,#2189);
#2188 = CARTESIAN_POINT('',(4.712388980385,2.8));
#2189 = VECTOR('',#2190,1.);
#2190 = DIRECTION('',(-1.,0.));
#2191 = ( GEOMETRIC_REPRESENTATION_CONTEXT(2) 
PARAMETRIC_REPRESENTATION_CONTEXT() REPRESENTATION_CONTEXT('2D SPACE',''
  ) );
#2192 = ORIENTED_EDGE('',*,*,#2193,.F.);
#2193 = EDGE_CURVE('',#2194,#2166,#2196,.T.);
#2194 = VERTEX_POINT('',#2195);
#2195 = CARTESIAN_POINT('',(13.25,10.3,-9.));
#2196 = SURFACE_CURVE('',#2197,(#2201,#2208),.PCURVE_S1.);
#2197 = LINE('',#2198,#2199);
#2198 = CARTESIAN_POINT('',(13.25,10.3,-13.25));
#2199 = VECTOR('',#2200,1.);
#2200 = DIRECTION('',(0.,0.,1.));
#2201 = PCURVE('',#469,#2202);
#2202 = DEFINITIONAL_REPRESENTATION('',(#2203),#2207);
#2203 = LINE('',#2204,#2205);
#2204 = CARTESIAN_POINT('',(0.,26.5));
#2205 = VECTOR('',#2206,1.);
#2206 = DIRECTION('',(1.,0.));
#2207 = ( GEOMETRIC_REPRESENTATION_CONTEXT(2) 
PARAMETRIC_REPRESENTATION_CONTEXT() REPRESENTATION_CONTEXT('2D SPACE',''
  ) );
#2208 = PCURVE('',#1436,#2209);
#2209 = DEFINITIONAL_REPRESENTATION('',(#2210),#2214);
#2210 = LINE('',#2211,#2212);
#2211 = CARTESIAN_POINT('',(0.,-2.8));
#2212 = VECTOR('',#2213,1.);
#2213 = DIRECTION('',(1.,0.));
#2214 = ( GEOMETRIC_REPRESENTATION_CONTEXT(2) 
PARAMETRIC_REPRESENTATION_CONTEXT() REPRESENTATION_CONTEXT('2D SPACE',''
  ) );
#2215 = ORIENTED_EDGE('',*,*,#2216,.T.);
#2216 = EDGE_CURVE('',#2194,#1838,#2217,.T.);
#2217 = SURFACE_CURVE('',#2218,(#2223,#2230),.PCURVE_S1.);
#2218 = CIRCLE('',#2219,4.25);
#2219 = AXIS2_PLACEMENT_3D('',#2220,#2221,#2222);
#2220 = CARTESIAN_POINT('',(9.,10.3,-9.));
#2221 = DIRECTION('',(0.,1.,0.));
#2222 = DIRECTION('',(0.,-0.,1.));
#2223 = PCURVE('',#469,#2224);
#2224 = DEFINITIONAL_REPRESENTATION('',(#2225),#2229);
#2225 = CIRCLE('',#2226,4.25);
#2226 = AXIS2_PLACEMENT_2D('',#2227,#2228);
#2227 = CARTESIAN_POINT('',(4.25,22.25));
#2228 = DIRECTION('',(1.,0.));
#2229 = ( GEOMETRIC_REPRESENTATION_CONTEXT(2) 
PARAMETRIC_REPRESENTATION_CONTEXT() REPRESENTATION_CONTEXT('2D SPACE',''
  ) );
#2230 = PCURVE('',#1409,#2231);
#2231 = DEFINITIONAL_REPRESENTATION('',(#2232),#2236);
#2232 = LINE('',#2233,#2234);
#2233 = CARTESIAN_POINT('',(-1.570796326795,2.8));
#2234 = VECTOR('',#2235,1.);
#2235 = DIRECTION('',(1.,0.));
#2236 = ( GEOMETRIC_REPRESENTATION_CONTEXT(2) 
PARAMETRIC_REPRESENTATION_CONTEXT() REPRESENTATION_CONTEXT('2D SPACE',''
  ) );
#2237 = ADVANCED_FACE('',(#2238),#443,.T.);
#2238 = FACE_BOUND('',#2239,.T.);
#2239 = EDGE_LOOP('',(#2240,#2241,#2242,#2263));
#2240 = ORIENTED_EDGE('',*,*,#428,.T.);
#2241 = ORIENTED_EDGE('',*,*,#1316,.T.);
#2242 = ORIENTED_EDGE('',*,*,#2243,.T.);
#2243 = EDGE_CURVE('',#1317,#1861,#2244,.T.);
#2244 = SURFACE_CURVE('',#2245,(#2249,#2256),.PCURVE_S1.);
#2245 = LINE('',#2246,#2247);
#2246 = CARTESIAN_POINT('',(-13.25,7.5,-9.));
#2247 = VECTOR('',#2248,1.);
#2248 = DIRECTION('',(0.,1.,0.));
#2249 = PCURVE('',#443,#2250);
#2250 = DEFINITIONAL_REPRESENTATION('',(#2251),#2255);
#2251 = LINE('',#2252,#2253);
#2252 = CARTESIAN_POINT('',(4.25,0.));
#2253 = VECTOR('',#2254,1.);
#2254 = DIRECTION('',(0.,-1.));
#2255 = ( GEOMETRIC_REPRESENTATION_CONTEXT(2) 
PARAMETRIC_REPRESENTATION_CONTEXT() REPRESENTATION_CONTEXT('2D SPACE',''
  ) );
#2256 = PCURVE('',#1354,#2257);
#2257 = DEFINITIONAL_REPRESENTATION('',(#2258),#2262);
#2258 = LINE('',#2259,#2260);
#2259 = CARTESIAN_POINT('',(-0.,0.));
#2260 = VECTOR('',#2261,1.);
#2261 = DIRECTION('',(-0.,1.));
#2262 = ( GEOMETRIC_REPRESENTATION_CONTEXT(2) 
PARAMETRIC_REPRESENTATION_CONTEXT() REPRESENTATION_CONTEXT('2D SPACE',''
  ) );
#2263 = ORIENTED_EDGE('',*,*,#1888,.T.);
#2264 = ADVANCED_FACE('',(#2265),#713,.T.);
#2265 = FACE_BOUND('',#2266,.T.);
#2266 = EDGE_LOOP('',(#2267,#2288,#2289,#2290));
#2267 = ORIENTED_EDGE('',*,*,#2268,.F.);
#2268 = EDGE_CURVE('',#1503,#2096,#2269,.T.);
#2269 = SURFACE_CURVE('',#2270,(#2274,#2281),.PCURVE_S1.);
#2270 = LINE('',#2271,#2272);
#2271 = CARTESIAN_POINT('',(-13.25,7.5,9.));
#2272 = VECTOR('',#2273,1.);
#2273 = DIRECTION('',(0.,1.,0.));
#2274 = PCURVE('',#713,#2275);
#2275 = DEFINITIONAL_REPRESENTATION('',(#2276),#2280);
#2276 = LINE('',#2277,#2278);
#2277 = CARTESIAN_POINT('',(22.25,0.));
#2278 = VECTOR('',#2279,1.);
#2279 = DIRECTION('',(0.,-1.));
#2280 = ( GEOMETRIC_REPRESENTATION_CONTEXT(2) 
PARAMETRIC_REPRESENTATION_CONTEXT() REPRESENTATION_CONTEXT('2D SPACE',''
  ) );
#2281 = PCURVE('',#1519,#2282);
#2282 = DEFINITIONAL_REPRESENTATION('',(#2283),#2287);
#2283 = LINE('',#2284,#2285);
#2284 = CARTESIAN_POINT('',(0.,0.));
#2285 = VECTOR('',#2286,1.);
#2286 = DIRECTION('',(0.,1.));
#2287 = ( GEOMETRIC_REPRESENTATION_CONTEXT(2) 
PARAMETRIC_REPRESENTATION_CONTEXT() REPRESENTATION_CONTEXT('2D SPACE',''
  ) );
#2288 = ORIENTED_EDGE('',*,*,#1531,.T.);
#2289 = ORIENTED_EDGE('',*,*,#698,.F.);
#2290 = ORIENTED_EDGE('',*,*,#2095,.T.);
#2291 = ADVANCED_FACE('',(#2292),#782,.T.);
#2292 = FACE_BOUND('',#2293,.F.);
#2293 = EDGE_LOOP('',(#2294,#2313,#2314,#2315));
#2294 = ORIENTED_EDGE('',*,*,#2295,.F.);
#2295 = EDGE_CURVE('',#1553,#821,#2296,.T.);
#2296 = SURFACE_CURVE('',#2297,(#2301,#2307),.PCURVE_S1.);
#2297 = LINE('',#2298,#2299);
#2298 = CARTESIAN_POINT('',(-9.,8.65,14.1));
#2299 = VECTOR('',#2300,1.);
#2300 = DIRECTION('',(0.,0.707106781187,0.707106781187));
#2301 = PCURVE('',#782,#2302);
#2302 = DEFINITIONAL_REPRESENTATION('',(#2303),#2306);
#2303 = B_SPLINE_CURVE_WITH_KNOTS('',1,(#2304,#2305),.UNSPECIFIED.,.F.,
  .F.,(2,2),(-0.212132034356,0.212132034356),.PIECEWISE_BEZIER_KNOTS.);
#2304 = CARTESIAN_POINT('',(2.22044604925E-16,-0.3));
#2305 = CARTESIAN_POINT('',(2.22044604925E-16,6.672892949406E-16));
#2306 = ( GEOMETRIC_REPRESENTATION_CONTEXT(2) 
PARAMETRIC_REPRESENTATION_CONTEXT() REPRESENTATION_CONTEXT('2D SPACE',''
  ) );
#2307 = PCURVE('',#1596,#2308);
#2308 = DEFINITIONAL_REPRESENTATION('',(#2309),#2312);
#2309 = B_SPLINE_CURVE_WITH_KNOTS('',1,(#2310,#2311),.UNSPECIFIED.,.F.,
  .F.,(2,2),(-0.212132034356,0.212132034356),.PIECEWISE_BEZIER_KNOTS.);
#2310 = CARTESIAN_POINT('',(18.,-0.212132034356));
#2311 = CARTESIAN_POINT('',(18.,0.212132034356));
#2312 = ( GEOMETRIC_REPRESENTATION_CONTEXT(2) 
PARAMETRIC_REPRESENTATION_CONTEXT() REPRESENTATION_CONTEXT('2D SPACE',''
  ) );
#2313 = ORIENTED_EDGE('',*,*,#1552,.T.);
#2314 = ORIENTED_EDGE('',*,*,#767,.T.);
#2315 = ORIENTED_EDGE('',*,*,#820,.F.);
#2316 = ADVANCED_FACE('',(#2317),#887,.T.);
#2317 = FACE_BOUND('',#2318,.T.);
#2318 = EDGE_LOOP('',(#2319,#2346,#2372,#2373));
#2319 = ORIENTED_EDGE('',*,*,#2320,.F.);
#2320 = EDGE_CURVE('',#2321,#845,#2323,.T.);
#2321 = VERTEX_POINT('',#2322);
#2322 = CARTESIAN_POINT('',(-9.,21.41,13.25));
#2323 = SURFACE_CURVE('',#2324,(#2329,#2335),.PCURVE_S1.);
#2324 = CIRCLE('',#2325,1.);
#2325 = AXIS2_PLACEMENT_3D('',#2326,#2327,#2328);
#2326 = CARTESIAN_POINT('',(-9.,20.41,13.25));
#2327 = DIRECTION('',(1.,0.,0.));
#2328 = DIRECTION('',(-0.,1.,0.));
#2329 = PCURVE('',#887,#2330);
#2330 = DEFINITIONAL_REPRESENTATION('',(#2331),#2334);
#2331 = B_SPLINE_CURVE_WITH_KNOTS('',1,(#2332,#2333),.UNSPECIFIED.,.F.,
  .F.,(2,2),(0.,1.570796326795),.PIECEWISE_BEZIER_KNOTS.);
#2332 = CARTESIAN_POINT('',(-2.22044604925E-16,4.712388980385));
#2333 = CARTESIAN_POINT('',(-2.22044604925E-16,6.28318530718));
#2334 = ( GEOMETRIC_REPRESENTATION_CONTEXT(2) 
PARAMETRIC_REPRESENTATION_CONTEXT() REPRESENTATION_CONTEXT('2D SPACE',''
  ) );
#2335 = PCURVE('',#2336,#2341);
#2336 = CYLINDRICAL_SURFACE('',#2337,1.);
#2337 = AXIS2_PLACEMENT_3D('',#2338,#2339,#2340);
#2338 = CARTESIAN_POINT('',(9.,20.41,13.25));
#2339 = DIRECTION('',(-1.,-0.,-0.));
#2340 = DIRECTION('',(0.,1.,0.));
#2341 = DEFINITIONAL_REPRESENTATION('',(#2342),#2345);
#2342 = B_SPLINE_CURVE_WITH_KNOTS('',1,(#2343,#2344),.UNSPECIFIED.,.F.,
  .F.,(2,2),(0.,1.570796326795),.PIECEWISE_BEZIER_KNOTS.);
#2343 = CARTESIAN_POINT('',(0.,18.));
#2344 = CARTESIAN_POINT('',(-1.570796326795,18.));
#2345 = ( GEOMETRIC_REPRESENTATION_CONTEXT(2) 
PARAMETRIC_REPRESENTATION_CONTEXT() REPRESENTATION_CONTEXT('2D SPACE',''
  ) );
#2346 = ORIENTED_EDGE('',*,*,#2347,.T.);
#2347 = EDGE_CURVE('',#2321,#903,#2348,.T.);
#2348 = SURFACE_CURVE('',#2349,(#2354,#2361),.PCURVE_S1.);
#2349 = CIRCLE('',#2350,4.25);
#2350 = AXIS2_PLACEMENT_3D('',#2351,#2352,#2353);
#2351 = CARTESIAN_POINT('',(-9.,21.41,9.));
#2352 = DIRECTION('',(-0.,-1.,0.));
#2353 = DIRECTION('',(-3.383536836953E-16,0.,1.));
#2354 = PCURVE('',#887,#2355);
#2355 = DEFINITIONAL_REPRESENTATION('',(#2356),#2360);
#2356 = LINE('',#2357,#2358);
#2357 = CARTESIAN_POINT('',(0.,4.712388980385));
#2358 = VECTOR('',#2359,1.);
#2359 = DIRECTION('',(1.,0.));
#2360 = ( GEOMETRIC_REPRESENTATION_CONTEXT(2) 
PARAMETRIC_REPRESENTATION_CONTEXT() REPRESENTATION_CONTEXT('2D SPACE',''
  ) );
#2361 = PCURVE('',#966,#2362);
#2362 = DEFINITIONAL_REPRESENTATION('',(#2363),#2371);
#2363 = ( BOUNDED_CURVE() B_SPLINE_CURVE(2,(#2364,#2365,#2366,#2367,
#2368,#2369,#2370),.UNSPECIFIED.,.T.,.F.) B_SPLINE_CURVE_WITH_KNOTS((1,2
    ,2,2,2,1),(-2.094395102393,0.,2.094395102393,4.188790204786,
6.28318530718,8.377580409573),.UNSPECIFIED.) CURVE() 
GEOMETRIC_REPRESENTATION_ITEM() RATIONAL_B_SPLINE_CURVE((1.,0.5,1.,0.5,
1.,0.5,1.)) REPRESENTATION_ITEM('') );
#2364 = CARTESIAN_POINT('',(27.5,5.25));
#2365 = CARTESIAN_POINT('',(27.5,-2.111215932168));
#2366 = CARTESIAN_POINT('',(21.125,1.569392033916));
#2367 = CARTESIAN_POINT('',(14.75,5.25));
#2368 = CARTESIAN_POINT('',(21.125,8.930607966084));
#2369 = CARTESIAN_POINT('',(27.5,12.611215932168));
#2370 = CARTESIAN_POINT('',(27.5,5.25));
#2371 = ( GEOMETRIC_REPRESENTATION_CONTEXT(2) 
PARAMETRIC_REPRESENTATION_CONTEXT() REPRESENTATION_CONTEXT('2D SPACE',''
  ) );
#2372 = ORIENTED_EDGE('',*,*,#902,.T.);
#2373 = ORIENTED_EDGE('',*,*,#872,.F.);
#2374 = ADVANCED_FACE('',(#2375,#2450),#860,.T.);
#2375 = FACE_BOUND('',#2376,.T.);
#2376 = EDGE_LOOP('',(#2377,#2378,#2401,#2429));
#2377 = ORIENTED_EDGE('',*,*,#844,.F.);
#2378 = ORIENTED_EDGE('',*,*,#2379,.F.);
#2379 = EDGE_CURVE('',#2380,#821,#2382,.T.);
#2380 = VERTEX_POINT('',#2381);
#2381 = CARTESIAN_POINT('',(9.,8.8,14.25));
#2382 = SURFACE_CURVE('',#2383,(#2387,#2394),.PCURVE_S1.);
#2383 = LINE('',#2384,#2385);
#2384 = CARTESIAN_POINT('',(9.,8.8,14.25));
#2385 = VECTOR('',#2386,1.);
#2386 = DIRECTION('',(-1.,-0.,-0.));
#2387 = PCURVE('',#860,#2388);
#2388 = DEFINITIONAL_REPRESENTATION('',(#2389),#2393);
#2389 = LINE('',#2390,#2391);
#2390 = CARTESIAN_POINT('',(23.25,0.3));
#2391 = VECTOR('',#2392,1.);
#2392 = DIRECTION('',(-1.,-0.));
#2393 = ( GEOMETRIC_REPRESENTATION_CONTEXT(2) 
PARAMETRIC_REPRESENTATION_CONTEXT() REPRESENTATION_CONTEXT('2D SPACE',''
  ) );
#2394 = PCURVE('',#1596,#2395);
#2395 = DEFINITIONAL_REPRESENTATION('',(#2396),#2400);
#2396 = LINE('',#2397,#2398);
#2397 = CARTESIAN_POINT('',(0.,0.212132034356));
#2398 = VECTOR('',#2399,1.);
#2399 = DIRECTION('',(1.,0.));
#2400 = ( GEOMETRIC_REPRESENTATION_CONTEXT(2) 
PARAMETRIC_REPRESENTATION_CONTEXT() REPRESENTATION_CONTEXT('2D SPACE',''
  ) );
#2401 = ORIENTED_EDGE('',*,*,#2402,.T.);
#2402 = EDGE_CURVE('',#2380,#2403,#2405,.T.);
#2403 = VERTEX_POINT('',#2404);
#2404 = CARTESIAN_POINT('',(9.,20.41,14.25));
#2405 = SURFACE_CURVE('',#2406,(#2410,#2417),.PCURVE_S1.);
#2406 = LINE('',#2407,#2408);
#2407 = CARTESIAN_POINT('',(9.,8.5,14.25));
#2408 = VECTOR('',#2409,1.);
#2409 = DIRECTION('',(0.,1.,0.));
#2410 = PCURVE('',#860,#2411);
#2411 = DEFINITIONAL_REPRESENTATION('',(#2412),#2416);
#2412 = LINE('',#2413,#2414);
#2413 = CARTESIAN_POINT('',(23.25,0.));
#2414 = VECTOR('',#2415,1.);
#2415 = DIRECTION('',(0.,1.));
#2416 = ( GEOMETRIC_REPRESENTATION_CONTEXT(2) 
PARAMETRIC_REPRESENTATION_CONTEXT() REPRESENTATION_CONTEXT('2D SPACE',''
  ) );
#2417 = PCURVE('',#2418,#2423);
#2418 = CYLINDRICAL_SURFACE('',#2419,5.25);
#2419 = AXIS2_PLACEMENT_3D('',#2420,#2421,#2422);
#2420 = CARTESIAN_POINT('',(9.,8.5,9.));
#2421 = DIRECTION('',(0.,1.,0.));
#2422 = DIRECTION('',(1.,0.,-0.));
#2423 = DEFINITIONAL_REPRESENTATION('',(#2424),#2428);
#2424 = LINE('',#2425,#2426);
#2425 = CARTESIAN_POINT('',(-1.570796326795,0.));
#2426 = VECTOR('',#2427,1.);
#2427 = DIRECTION('',(-0.,1.));
#2428 = ( GEOMETRIC_REPRESENTATION_CONTEXT(2) 
PARAMETRIC_REPRESENTATION_CONTEXT() REPRESENTATION_CONTEXT('2D SPACE',''
  ) );
#2429 = ORIENTED_EDGE('',*,*,#2430,.T.);
#2430 = EDGE_CURVE('',#2403,#845,#2431,.T.);
#2431 = SURFACE_CURVE('',#2432,(#2436,#2443),.PCURVE_S1.);
#2432 = LINE('',#2433,#2434);
#2433 = CARTESIAN_POINT('',(9.,20.41,14.25));
#2434 = VECTOR('',#2435,1.);
#2435 = DIRECTION('',(-1.,-0.,-0.));
#2436 = PCURVE('',#860,#2437);
#2437 = DEFINITIONAL_REPRESENTATION('',(#2438),#2442);
#2438 = LINE('',#2439,#2440);
#2439 = CARTESIAN_POINT('',(23.25,11.91));
#2440 = VECTOR('',#2441,1.);
#2441 = DIRECTION('',(-1.,-0.));
#2442 = ( GEOMETRIC_REPRESENTATION_CONTEXT(2) 
PARAMETRIC_REPRESENTATION_CONTEXT() REPRESENTATION_CONTEXT('2D SPACE',''
  ) );
#2443 = PCURVE('',#2336,#2444);
#2444 = DEFINITIONAL_REPRESENTATION('',(#2445),#2449);
#2445 = LINE('',#2446,#2447);
#2446 = CARTESIAN_POINT('',(-1.570796326795,0.));
#2447 = VECTOR('',#2448,1.);
#2448 = DIRECTION('',(-0.,1.));
#2449 = ( GEOMETRIC_REPRESENTATION_CONTEXT(2) 
PARAMETRIC_REPRESENTATION_CONTEXT() REPRESENTATION_CONTEXT('2D SPACE',''
  ) );
#2450 = FACE_BOUND('',#2451,.T.);
#2451 = EDGE_LOOP('',(#2452,#2483,#2509,#2538,#2564,#2593,#2619,#2648));
#2452 = ORIENTED_EDGE('',*,*,#2453,.F.);
#2453 = EDGE_CURVE('',#2454,#2456,#2458,.T.);
#2454 = VERTEX_POINT('',#2455);
#2455 = CARTESIAN_POINT('',(-5.,14.99,14.25));
#2456 = VERTEX_POINT('',#2457);
#2457 = CARTESIAN_POINT('',(-4.41,14.4,14.25));
#2458 = SURFACE_CURVE('',#2459,(#2464,#2471),.PCURVE_S1.);
#2459 = CIRCLE('',#2460,0.59);
#2460 = AXIS2_PLACEMENT_3D('',#2461,#2462,#2463);
#2461 = CARTESIAN_POINT('',(-4.41,14.99,14.25));
#2462 = DIRECTION('',(0.,0.,1.));
#2463 = DIRECTION('',(-1.,-0.,0.));
#2464 = PCURVE('',#860,#2465);
#2465 = DEFINITIONAL_REPRESENTATION('',(#2466),#2470);
#2466 = CIRCLE('',#2467,0.59);
#2467 = AXIS2_PLACEMENT_2D('',#2468,#2469);
#2468 = CARTESIAN_POINT('',(9.84,6.49));
#2469 = DIRECTION('',(-1.,0.));
#2470 = ( GEOMETRIC_REPRESENTATION_CONTEXT(2) 
PARAMETRIC_REPRESENTATION_CONTEXT() REPRESENTATION_CONTEXT('2D SPACE',''
  ) );
#2471 = PCURVE('',#2472,#2477);
#2472 = CYLINDRICAL_SURFACE('',#2473,0.59);
#2473 = AXIS2_PLACEMENT_3D('',#2474,#2475,#2476);
#2474 = CARTESIAN_POINT('',(-4.41,14.99,11.25));
#2475 = DIRECTION('',(0.,0.,1.));
#2476 = DIRECTION('',(-1.,-0.,0.));
#2477 = DEFINITIONAL_REPRESENTATION('',(#2478),#2482);
#2478 = LINE('',#2479,#2480);
#2479 = CARTESIAN_POINT('',(0.,3.));
#2480 = VECTOR('',#2481,1.);
#2481 = DIRECTION('',(1.,0.));
#2482 = ( GEOMETRIC_REPRESENTATION_CONTEXT(2) 
PARAMETRIC_REPRESENTATION_CONTEXT() REPRESENTATION_CONTEXT('2D SPACE',''
  ) );
#2483 = ORIENTED_EDGE('',*,*,#2484,.T.);
#2484 = EDGE_CURVE('',#2454,#2485,#2487,.T.);
#2485 = VERTEX_POINT('',#2486);
#2486 = CARTESIAN_POINT('',(-5.,15.01,14.25));
#2487 = SURFACE_CURVE('',#2488,(#2492,#2498),.PCURVE_S1.);
#2488 = LINE('',#2489,#2490);
#2489 = CARTESIAN_POINT('',(-5.,11.45,14.25));
#2490 = VECTOR('',#2491,1.);
#2491 = DIRECTION('',(0.,1.,0.));
#2492 = PCURVE('',#860,#2493);
#2493 = DEFINITIONAL_REPRESENTATION('',(#2494),#2497);
#2494 = B_SPLINE_CURVE_WITH_KNOTS('',1,(#2495,#2496),.UNSPECIFIED.,.F.,
  .F.,(2,2),(3.54,3.56),.PIECEWISE_BEZIER_KNOTS.);
#2495 = CARTESIAN_POINT('',(9.25,6.49));
#2496 = CARTESIAN_POINT('',(9.25,6.51));
#2497 = ( GEOMETRIC_REPRESENTATION_CONTEXT(2) 
PARAMETRIC_REPRESENTATION_CONTEXT() REPRESENTATION_CONTEXT('2D SPACE',''
  ) );
#2498 = PCURVE('',#2499,#2504);
#2499 = PLANE('',#2500);
#2500 = AXIS2_PLACEMENT_3D('',#2501,#2502,#2503);
#2501 = CARTESIAN_POINT('',(-5.,14.4,11.25));
#2502 = DIRECTION('',(1.,0.,0.));
#2503 = DIRECTION('',(0.,0.,1.));
#2504 = DEFINITIONAL_REPRESENTATION('',(#2505),#2508);
#2505 = B_SPLINE_CURVE_WITH_KNOTS('',1,(#2506,#2507),.UNSPECIFIED.,.F.,
  .F.,(2,2),(3.54,3.56),.PIECEWISE_BEZIER_KNOTS.);
#2506 = CARTESIAN_POINT('',(3.,-0.59));
#2507 = CARTESIAN_POINT('',(3.,-0.61));
#2508 = ( GEOMETRIC_REPRESENTATION_CONTEXT(2) 
PARAMETRIC_REPRESENTATION_CONTEXT() REPRESENTATION_CONTEXT('2D SPACE',''
  ) );
#2509 = ORIENTED_EDGE('',*,*,#2510,.F.);
#2510 = EDGE_CURVE('',#2511,#2485,#2513,.T.);
#2511 = VERTEX_POINT('',#2512);
#2512 = CARTESIAN_POINT('',(-4.41,15.6,14.25));
#2513 = SURFACE_CURVE('',#2514,(#2519,#2526),.PCURVE_S1.);
#2514 = CIRCLE('',#2515,0.59);
#2515 = AXIS2_PLACEMENT_3D('',#2516,#2517,#2518);
#2516 = CARTESIAN_POINT('',(-4.41,15.01,14.25));
#2517 = DIRECTION('',(0.,0.,1.));
#2518 = DIRECTION('',(-1.,-0.,0.));
#2519 = PCURVE('',#860,#2520);
#2520 = DEFINITIONAL_REPRESENTATION('',(#2521),#2525);
#2521 = CIRCLE('',#2522,0.59);
#2522 = AXIS2_PLACEMENT_2D('',#2523,#2524);
#2523 = CARTESIAN_POINT('',(9.84,6.51));
#2524 = DIRECTION('',(-1.,0.));
#2525 = ( GEOMETRIC_REPRESENTATION_CONTEXT(2) 
PARAMETRIC_REPRESENTATION_CONTEXT() REPRESENTATION_CONTEXT('2D SPACE',''
  ) );
#2526 = PCURVE('',#2527,#2532);
#2527 = CYLINDRICAL_SURFACE('',#2528,0.59);
#2528 = AXIS2_PLACEMENT_3D('',#2529,#2530,#2531);
#2529 = CARTESIAN_POINT('',(-4.41,15.01,11.25));
#2530 = DIRECTION('',(0.,0.,1.));
#2531 = DIRECTION('',(-1.,-0.,0.));
#2532 = DEFINITIONAL_REPRESENTATION('',(#2533),#2537);
#2533 = LINE('',#2534,#2535);
#2534 = CARTESIAN_POINT('',(-6.28318530718,3.));
#2535 = VECTOR('',#2536,1.);
#2536 = DIRECTION('',(1.,-0.));
#2537 = ( GEOMETRIC_REPRESENTATION_CONTEXT(2) 
PARAMETRIC_REPRESENTATION_CONTEXT() REPRESENTATION_CONTEXT('2D SPACE',''
  ) );
#2538 = ORIENTED_EDGE('',*,*,#2539,.F.);
#2539 = EDGE_CURVE('',#2540,#2511,#2542,.T.);
#2540 = VERTEX_POINT('',#2541);
#2541 = CARTESIAN_POINT('',(4.41,15.6,14.25));
#2542 = SURFACE_CURVE('',#2543,(#2547,#2553),.PCURVE_S1.);
#2543 = LINE('',#2544,#2545);
#2544 = CARTESIAN_POINT('',(-9.625,15.6,14.25));
#2545 = VECTOR('',#2546,1.);
#2546 = DIRECTION('',(-1.,0.,0.));
#2547 = PCURVE('',#860,#2548);
#2548 = DEFINITIONAL_REPRESENTATION('',(#2549),#2552);
#2549 = B_SPLINE_CURVE_WITH_KNOTS('',1,(#2550,#2551),.UNSPECIFIED.,.F.,
  .F.,(2,2),(-14.035,-5.215),.PIECEWISE_BEZIER_KNOTS.);
#2550 = CARTESIAN_POINT('',(18.66,7.1));
#2551 = CARTESIAN_POINT('',(9.84,7.1));
#2552 = ( GEOMETRIC_REPRESENTATION_CONTEXT(2) 
PARAMETRIC_REPRESENTATION_CONTEXT() REPRESENTATION_CONTEXT('2D SPACE',''
  ) );
#2553 = PCURVE('',#2554,#2559);
#2554 = PLANE('',#2555);
#2555 = AXIS2_PLACEMENT_3D('',#2556,#2557,#2558);
#2556 = CARTESIAN_POINT('',(-5.,15.6,11.25));
#2557 = DIRECTION('',(0.,1.,0.));
#2558 = DIRECTION('',(0.,0.,1.));
#2559 = DEFINITIONAL_REPRESENTATION('',(#2560),#2563);
#2560 = B_SPLINE_CURVE_WITH_KNOTS('',1,(#2561,#2562),.UNSPECIFIED.,.F.,
  .F.,(2,2),(-14.035,-5.215),.PIECEWISE_BEZIER_KNOTS.);
#2561 = CARTESIAN_POINT('',(3.,9.41));
#2562 = CARTESIAN_POINT('',(3.,0.59));
#2563 = ( GEOMETRIC_REPRESENTATION_CONTEXT(2) 
PARAMETRIC_REPRESENTATION_CONTEXT() REPRESENTATION_CONTEXT('2D SPACE',''
  ) );
#2564 = ORIENTED_EDGE('',*,*,#2565,.F.);
#2565 = EDGE_CURVE('',#2566,#2540,#2568,.T.);
#2566 = VERTEX_POINT('',#2567);
#2567 = CARTESIAN_POINT('',(5.,15.01,14.25));
#2568 = SURFACE_CURVE('',#2569,(#2574,#2581),.PCURVE_S1.);
#2569 = CIRCLE('',#2570,0.59);
#2570 = AXIS2_PLACEMENT_3D('',#2571,#2572,#2573);
#2571 = CARTESIAN_POINT('',(4.41,15.01,14.25));
#2572 = DIRECTION('',(0.,0.,1.));
#2573 = DIRECTION('',(1.,0.,-0.));
#2574 = PCURVE('',#860,#2575);
#2575 = DEFINITIONAL_REPRESENTATION('',(#2576),#2580);
#2576 = CIRCLE('',#2577,0.59);
#2577 = AXIS2_PLACEMENT_2D('',#2578,#2579);
#2578 = CARTESIAN_POINT('',(18.66,6.51));
#2579 = DIRECTION('',(1.,0.));
#2580 = ( GEOMETRIC_REPRESENTATION_CONTEXT(2) 
PARAMETRIC_REPRESENTATION_CONTEXT() REPRESENTATION_CONTEXT('2D SPACE',''
  ) );
#2581 = PCURVE('',#2582,#2587);
#2582 = CYLINDRICAL_SURFACE('',#2583,0.59);
#2583 = AXIS2_PLACEMENT_3D('',#2584,#2585,#2586);
#2584 = CARTESIAN_POINT('',(4.41,15.01,11.25));
#2585 = DIRECTION('',(0.,0.,1.));
#2586 = DIRECTION('',(1.,0.,-0.));
#2587 = DEFINITIONAL_REPRESENTATION('',(#2588),#2592);
#2588 = LINE('',#2589,#2590);
#2589 = CARTESIAN_POINT('',(0.,3.));
#2590 = VECTOR('',#2591,1.);
#2591 = DIRECTION('',(1.,0.));
#2592 = ( GEOMETRIC_REPRESENTATION_CONTEXT(2) 
PARAMETRIC_REPRESENTATION_CONTEXT() REPRESENTATION_CONTEXT('2D SPACE',''
  ) );
#2593 = ORIENTED_EDGE('',*,*,#2594,.F.);
#2594 = EDGE_CURVE('',#2595,#2566,#2597,.T.);
#2595 = VERTEX_POINT('',#2596);
#2596 = CARTESIAN_POINT('',(5.,14.99,14.25));
#2597 = SURFACE_CURVE('',#2598,(#2602,#2608),.PCURVE_S1.);
#2598 = LINE('',#2599,#2600);
#2599 = CARTESIAN_POINT('',(5.,11.45,14.25));
#2600 = VECTOR('',#2601,1.);
#2601 = DIRECTION('',(0.,1.,0.));
#2602 = PCURVE('',#860,#2603);
#2603 = DEFINITIONAL_REPRESENTATION('',(#2604),#2607);
#2604 = B_SPLINE_CURVE_WITH_KNOTS('',1,(#2605,#2606),.UNSPECIFIED.,.F.,
  .F.,(2,2),(3.54,3.56),.PIECEWISE_BEZIER_KNOTS.);
#2605 = CARTESIAN_POINT('',(19.25,6.49));
#2606 = CARTESIAN_POINT('',(19.25,6.51));
#2607 = ( GEOMETRIC_REPRESENTATION_CONTEXT(2) 
PARAMETRIC_REPRESENTATION_CONTEXT() REPRESENTATION_CONTEXT('2D SPACE',''
  ) );
#2608 = PCURVE('',#2609,#2614);
#2609 = PLANE('',#2610);
#2610 = AXIS2_PLACEMENT_3D('',#2611,#2612,#2613);
#2611 = CARTESIAN_POINT('',(5.,14.4,11.25));
#2612 = DIRECTION('',(1.,0.,0.));
#2613 = DIRECTION('',(0.,0.,1.));
#2614 = DEFINITIONAL_REPRESENTATION('',(#2615),#2618);
#2615 = B_SPLINE_CURVE_WITH_KNOTS('',1,(#2616,#2617),.UNSPECIFIED.,.F.,
  .F.,(2,2),(3.54,3.56),.PIECEWISE_BEZIER_KNOTS.);
#2616 = CARTESIAN_POINT('',(3.,-0.59));
#2617 = CARTESIAN_POINT('',(3.,-0.61));
#2618 = ( GEOMETRIC_REPRESENTATION_CONTEXT(2) 
PARAMETRIC_REPRESENTATION_CONTEXT() REPRESENTATION_CONTEXT('2D SPACE',''
  ) );
#2619 = ORIENTED_EDGE('',*,*,#2620,.F.);
#2620 = EDGE_CURVE('',#2621,#2595,#2623,.T.);
#2621 = VERTEX_POINT('',#2622);
#2622 = CARTESIAN_POINT('',(4.41,14.4,14.25));
#2623 = SURFACE_CURVE('',#2624,(#2629,#2636),.PCURVE_S1.);
#2624 = CIRCLE('',#2625,0.59);
#2625 = AXIS2_PLACEMENT_3D('',#2626,#2627,#2628);
#2626 = CARTESIAN_POINT('',(4.41,14.99,14.25));
#2627 = DIRECTION('',(0.,0.,1.));
#2628 = DIRECTION('',(1.,0.,-0.));
#2629 = PCURVE('',#860,#2630);
#2630 = DEFINITIONAL_REPRESENTATION('',(#2631),#2635);
#2631 = CIRCLE('',#2632,0.59);
#2632 = AXIS2_PLACEMENT_2D('',#2633,#2634);
#2633 = CARTESIAN_POINT('',(18.66,6.49));
#2634 = DIRECTION('',(1.,0.));
#2635 = ( GEOMETRIC_REPRESENTATION_CONTEXT(2) 
PARAMETRIC_REPRESENTATION_CONTEXT() REPRESENTATION_CONTEXT('2D SPACE',''
  ) );
#2636 = PCURVE('',#2637,#2642);
#2637 = CYLINDRICAL_SURFACE('',#2638,0.59);
#2638 = AXIS2_PLACEMENT_3D('',#2639,#2640,#2641);
#2639 = CARTESIAN_POINT('',(4.41,14.99,11.25));
#2640 = DIRECTION('',(0.,0.,1.));
#2641 = DIRECTION('',(1.,0.,-0.));
#2642 = DEFINITIONAL_REPRESENTATION('',(#2643),#2647);
#2643 = LINE('',#2644,#2645);
#2644 = CARTESIAN_POINT('',(-6.28318530718,3.));
#2645 = VECTOR('',#2646,1.);
#2646 = DIRECTION('',(1.,-0.));
#2647 = ( GEOMETRIC_REPRESENTATION_CONTEXT(2) 
PARAMETRIC_REPRESENTATION_CONTEXT() REPRESENTATION_CONTEXT('2D SPACE',''
  ) );
#2648 = ORIENTED_EDGE('',*,*,#2649,.T.);
#2649 = EDGE_CURVE('',#2621,#2456,#2650,.T.);
#2650 = SURFACE_CURVE('',#2651,(#2655,#2661),.PCURVE_S1.);
#2651 = LINE('',#2652,#2653);
#2652 = CARTESIAN_POINT('',(-9.625,14.4,14.25));
#2653 = VECTOR('',#2654,1.);
#2654 = DIRECTION('',(-1.,0.,0.));
#2655 = PCURVE('',#860,#2656);
#2656 = DEFINITIONAL_REPRESENTATION('',(#2657),#2660);
#2657 = B_SPLINE_CURVE_WITH_KNOTS('',1,(#2658,#2659),.UNSPECIFIED.,.F.,
  .F.,(2,2),(-14.035,-5.215),.PIECEWISE_BEZIER_KNOTS.);
#2658 = CARTESIAN_POINT('',(18.66,5.9));
#2659 = CARTESIAN_POINT('',(9.84,5.9));
#2660 = ( GEOMETRIC_REPRESENTATION_CONTEXT(2) 
PARAMETRIC_REPRESENTATION_CONTEXT() REPRESENTATION_CONTEXT('2D SPACE',''
  ) );
#2661 = PCURVE('',#2662,#2667);
#2662 = PLANE('',#2663);
#2663 = AXIS2_PLACEMENT_3D('',#2664,#2665,#2666);
#2664 = CARTESIAN_POINT('',(-5.,14.4,11.25));
#2665 = DIRECTION('',(0.,1.,0.));
#2666 = DIRECTION('',(0.,0.,1.));
#2667 = DEFINITIONAL_REPRESENTATION('',(#2668),#2671);
#2668 = B_SPLINE_CURVE_WITH_KNOTS('',1,(#2669,#2670),.UNSPECIFIED.,.F.,
  .F.,(2,2),(-14.035,-5.215),.PIECEWISE_BEZIER_KNOTS.);
#2669 = CARTESIAN_POINT('',(3.,9.41));
#2670 = CARTESIAN_POINT('',(3.,0.59));
#2671 = ( GEOMETRIC_REPRESENTATION_CONTEXT(2) 
PARAMETRIC_REPRESENTATION_CONTEXT() REPRESENTATION_CONTEXT('2D SPACE',''
  ) );
#2672 = ADVANCED_FACE('',(#2673,#3011),#966,.T.);
#2673 = FACE_BOUND('',#2674,.T.);
#2674 = EDGE_LOOP('',(#2675,#2705,#2733,#2761,#2784,#2810,#2811,#2812,
    #2835,#2868,#2896,#2929,#2957,#2985));
#2675 = ORIENTED_EDGE('',*,*,#2676,.F.);
#2676 = EDGE_CURVE('',#2677,#2679,#2681,.T.);
#2677 = VERTEX_POINT('',#2678);
#2678 = CARTESIAN_POINT('',(-6.75,21.41,-13.25));
#2679 = VERTEX_POINT('',#2680);
#2680 = CARTESIAN_POINT('',(6.75,21.41,-13.25));
#2681 = SURFACE_CURVE('',#2682,(#2686,#2693),.PCURVE_S1.);
#2682 = LINE('',#2683,#2684);
#2683 = CARTESIAN_POINT('',(-9.,21.41,-13.25));
#2684 = VECTOR('',#2685,1.);
#2685 = DIRECTION('',(1.,0.,0.));
#2686 = PCURVE('',#966,#2687);
#2687 = DEFINITIONAL_REPRESENTATION('',(#2688),#2692);
#2688 = LINE('',#2689,#2690);
#2689 = CARTESIAN_POINT('',(1.,5.25));
#2690 = VECTOR('',#2691,1.);
#2691 = DIRECTION('',(0.,1.));
#2692 = ( GEOMETRIC_REPRESENTATION_CONTEXT(2) 
PARAMETRIC_REPRESENTATION_CONTEXT() REPRESENTATION_CONTEXT('2D SPACE',''
  ) );
#2693 = PCURVE('',#2694,#2699);
#2694 = CYLINDRICAL_SURFACE('',#2695,1.);
#2695 = AXIS2_PLACEMENT_3D('',#2696,#2697,#2698);
#2696 = CARTESIAN_POINT('',(-9.,20.41,-13.25));
#2697 = DIRECTION('',(1.,0.,0.));
#2698 = DIRECTION('',(-0.,1.,0.));
#2699 = DEFINITIONAL_REPRESENTATION('',(#2700),#2704);
#2700 = LINE('',#2701,#2702);
#2701 = CARTESIAN_POINT('',(-0.,0.));
#2702 = VECTOR('',#2703,1.);
#2703 = DIRECTION('',(-0.,1.));
#2704 = ( GEOMETRIC_REPRESENTATION_CONTEXT(2) 
PARAMETRIC_REPRESENTATION_CONTEXT() REPRESENTATION_CONTEXT('2D SPACE',''
  ) );
#2705 = ORIENTED_EDGE('',*,*,#2706,.F.);
#2706 = EDGE_CURVE('',#2707,#2677,#2709,.T.);
#2707 = VERTEX_POINT('',#2708);
#2708 = CARTESIAN_POINT('',(-6.75,21.41,-19.35));
#2709 = SURFACE_CURVE('',#2710,(#2714,#2721),.PCURVE_S1.);
#2710 = LINE('',#2711,#2712);
#2711 = CARTESIAN_POINT('',(-6.75,21.41,-19.75));
#2712 = VECTOR('',#2713,1.);
#2713 = DIRECTION('',(0.,0.,1.));
#2714 = PCURVE('',#966,#2715);
#2715 = DEFINITIONAL_REPRESENTATION('',(#2716),#2720);
#2716 = LINE('',#2717,#2718);
#2717 = CARTESIAN_POINT('',(-5.5,7.5));
#2718 = VECTOR('',#2719,1.);
#2719 = DIRECTION('',(1.,0.));
#2720 = ( GEOMETRIC_REPRESENTATION_CONTEXT(2) 
PARAMETRIC_REPRESENTATION_CONTEXT() REPRESENTATION_CONTEXT('2D SPACE',''
  ) );
#2721 = PCURVE('',#2722,#2727);
#2722 = CYLINDRICAL_SURFACE('',#2723,1.5);
#2723 = AXIS2_PLACEMENT_3D('',#2724,#2725,#2726);
#2724 = CARTESIAN_POINT('',(-6.75,19.91,-19.75));
#2725 = DIRECTION('',(0.,0.,1.));
#2726 = DIRECTION('',(1.,0.,-0.));
#2727 = DEFINITIONAL_REPRESENTATION('',(#2728),#2732);
#2728 = LINE('',#2729,#2730);
#2729 = CARTESIAN_POINT('',(1.570796326795,0.));
#2730 = VECTOR('',#2731,1.);
#2731 = DIRECTION('',(0.,1.));
#2732 = ( GEOMETRIC_REPRESENTATION_CONTEXT(2) 
PARAMETRIC_REPRESENTATION_CONTEXT() REPRESENTATION_CONTEXT('2D SPACE',''
  ) );
#2733 = ORIENTED_EDGE('',*,*,#2734,.F.);
#2734 = EDGE_CURVE('',#2735,#2707,#2737,.T.);
#2735 = VERTEX_POINT('',#2736);
#2736 = CARTESIAN_POINT('',(-10.75,21.41,-19.35));
#2737 = SURFACE_CURVE('',#2738,(#2742,#2749),.PCURVE_S1.);
#2738 = LINE('',#2739,#2740);
#2739 = CARTESIAN_POINT('',(-10.75,21.41,-19.35));
#2740 = VECTOR('',#2741,1.);
#2741 = DIRECTION('',(1.,0.,0.));
#2742 = PCURVE('',#966,#2743);
#2743 = DEFINITIONAL_REPRESENTATION('',(#2744),#2748);
#2744 = LINE('',#2745,#2746);
#2745 = CARTESIAN_POINT('',(-5.1,3.5));
#2746 = VECTOR('',#2747,1.);
#2747 = DIRECTION('',(0.,1.));
#2748 = ( GEOMETRIC_REPRESENTATION_CONTEXT(2) 
PARAMETRIC_REPRESENTATION_CONTEXT() REPRESENTATION_CONTEXT('2D SPACE',''
  ) );
#2749 = PCURVE('',#2750,#2755);
#2750 = PLANE('',#2751);
#2751 = AXIS2_PLACEMENT_3D('',#2752,#2753,#2754);
#2752 = CARTESIAN_POINT('',(-10.75,21.21,-19.55));
#2753 = DIRECTION('',(0.,-0.707106781187,0.707106781187));
#2754 = DIRECTION('',(-1.,-0.,-0.));
#2755 = DEFINITIONAL_REPRESENTATION('',(#2756),#2760);
#2756 = LINE('',#2757,#2758);
#2757 = CARTESIAN_POINT('',(-0.,-0.282842712475));
#2758 = VECTOR('',#2759,1.);
#2759 = DIRECTION('',(-1.,0.));
#2760 = ( GEOMETRIC_REPRESENTATION_CONTEXT(2) 
PARAMETRIC_REPRESENTATION_CONTEXT() REPRESENTATION_CONTEXT('2D SPACE',''
  ) );
#2761 = ORIENTED_EDGE('',*,*,#2762,.T.);
#2762 = EDGE_CURVE('',#2735,#2763,#2765,.T.);
#2763 = VERTEX_POINT('',#2764);
#2764 = CARTESIAN_POINT('',(-10.75,21.41,-12.8729833462));
#2765 = SURFACE_CURVE('',#2766,(#2770,#2777),.PCURVE_S1.);
#2766 = LINE('',#2767,#2768);
#2767 = CARTESIAN_POINT('',(-10.75,21.41,-19.75));
#2768 = VECTOR('',#2769,1.);
#2769 = DIRECTION('',(0.,0.,1.));
#2770 = PCURVE('',#966,#2771);
#2771 = DEFINITIONAL_REPRESENTATION('',(#2772),#2776);
#2772 = LINE('',#2773,#2774);
#2773 = CARTESIAN_POINT('',(-5.5,3.5));
#2774 = VECTOR('',#2775,1.);
#2775 = DIRECTION('',(1.,0.));
#2776 = ( GEOMETRIC_REPRESENTATION_CONTEXT(2) 
PARAMETRIC_REPRESENTATION_CONTEXT() REPRESENTATION_CONTEXT('2D SPACE',''
  ) );
#2777 = PCURVE('',#1192,#2778);
#2778 = DEFINITIONAL_REPRESENTATION('',(#2779),#2783);
#2779 = LINE('',#2780,#2781);
#2780 = CARTESIAN_POINT('',(-1.570796326795,0.));
#2781 = VECTOR('',#2782,1.);
#2782 = DIRECTION('',(-0.,1.));
#2783 = ( GEOMETRIC_REPRESENTATION_CONTEXT(2) 
PARAMETRIC_REPRESENTATION_CONTEXT() REPRESENTATION_CONTEXT('2D SPACE',''
  ) );
#2784 = ORIENTED_EDGE('',*,*,#2785,.F.);
#2785 = EDGE_CURVE('',#926,#2763,#2786,.T.);
#2786 = SURFACE_CURVE('',#2787,(#2792,#2803),.PCURVE_S1.);
#2787 = CIRCLE('',#2788,4.25);
#2788 = AXIS2_PLACEMENT_3D('',#2789,#2790,#2791);
#2789 = CARTESIAN_POINT('',(-9.,21.41,-9.));
#2790 = DIRECTION('',(-0.,-1.,-0.));
#2791 = DIRECTION('',(-1.,0.,0.));
#2792 = PCURVE('',#966,#2793);
#2793 = DEFINITIONAL_REPRESENTATION('',(#2794),#2802);
#2794 = ( BOUNDED_CURVE() B_SPLINE_CURVE(2,(#2795,#2796,#2797,#2798,
#2799,#2800,#2801),.UNSPECIFIED.,.T.,.F.) B_SPLINE_CURVE_WITH_KNOTS((1,2
    ,2,2,2,1),(-2.094395102393,0.,2.094395102393,4.188790204786,
6.28318530718,8.377580409573),.UNSPECIFIED.) CURVE() 
GEOMETRIC_REPRESENTATION_ITEM() RATIONAL_B_SPLINE_CURVE((1.,0.5,1.,0.5,
1.,0.5,1.)) REPRESENTATION_ITEM('') );
#2795 = CARTESIAN_POINT('',(5.25,1.));
#2796 = CARTESIAN_POINT('',(-2.111215932168,1.));
#2797 = CARTESIAN_POINT('',(1.569392033916,7.375));
#2798 = CARTESIAN_POINT('',(5.25,13.75));
#2799 = CARTESIAN_POINT('',(8.930607966084,7.375));
#2800 = CARTESIAN_POINT('',(12.611215932168,1.));
#2801 = CARTESIAN_POINT('',(5.25,1.));
#2802 = ( GEOMETRIC_REPRESENTATION_CONTEXT(2) 
PARAMETRIC_REPRESENTATION_CONTEXT() REPRESENTATION_CONTEXT('2D SPACE',''
  ) );
#2803 = PCURVE('',#941,#2804);
#2804 = DEFINITIONAL_REPRESENTATION('',(#2805),#2809);
#2805 = LINE('',#2806,#2807);
#2806 = CARTESIAN_POINT('',(0.,4.712388980385));
#2807 = VECTOR('',#2808,1.);
#2808 = DIRECTION('',(1.,0.));
#2809 = ( GEOMETRIC_REPRESENTATION_CONTEXT(2) 
PARAMETRIC_REPRESENTATION_CONTEXT() REPRESENTATION_CONTEXT('2D SPACE',''
  ) );
#2810 = ORIENTED_EDGE('',*,*,#952,.F.);
#2811 = ORIENTED_EDGE('',*,*,#2347,.F.);
#2812 = ORIENTED_EDGE('',*,*,#2813,.F.);
#2813 = EDGE_CURVE('',#2814,#2321,#2816,.T.);
#2814 = VERTEX_POINT('',#2815);
#2815 = CARTESIAN_POINT('',(9.,21.41,13.25));
#2816 = SURFACE_CURVE('',#2817,(#2821,#2828),.PCURVE_S1.);
#2817 = LINE('',#2818,#2819);
#2818 = CARTESIAN_POINT('',(9.,21.41,13.25));
#2819 = VECTOR('',#2820,1.);
#2820 = DIRECTION('',(-1.,-0.,-0.));
#2821 = PCURVE('',#966,#2822);
#2822 = DEFINITIONAL_REPRESENTATION('',(#2823),#2827);
#2823 = LINE('',#2824,#2825);
#2824 = CARTESIAN_POINT('',(27.5,23.25));
#2825 = VECTOR('',#2826,1.);
#2826 = DIRECTION('',(0.,-1.));
#2827 = ( GEOMETRIC_REPRESENTATION_CONTEXT(2) 
PARAMETRIC_REPRESENTATION_CONTEXT() REPRESENTATION_CONTEXT('2D SPACE',''
  ) );
#2828 = PCURVE('',#2336,#2829);
#2829 = DEFINITIONAL_REPRESENTATION('',(#2830),#2834);
#2830 = LINE('',#2831,#2832);
#2831 = CARTESIAN_POINT('',(-0.,0.));
#2832 = VECTOR('',#2833,1.);
#2833 = DIRECTION('',(-0.,1.));
#2834 = ( GEOMETRIC_REPRESENTATION_CONTEXT(2) 
PARAMETRIC_REPRESENTATION_CONTEXT() REPRESENTATION_CONTEXT('2D SPACE',''
  ) );
#2835 = ORIENTED_EDGE('',*,*,#2836,.F.);
#2836 = EDGE_CURVE('',#2837,#2814,#2839,.T.);
#2837 = VERTEX_POINT('',#2838);
#2838 = CARTESIAN_POINT('',(13.25,21.41,9.));
#2839 = SURFACE_CURVE('',#2840,(#2845,#2856),.PCURVE_S1.);
#2840 = CIRCLE('',#2841,4.25);
#2841 = AXIS2_PLACEMENT_3D('',#2842,#2843,#2844);
#2842 = CARTESIAN_POINT('',(9.,21.41,9.));
#2843 = DIRECTION('',(-0.,-1.,0.));
#2844 = DIRECTION('',(1.,-0.,0.));
#2845 = PCURVE('',#966,#2846);
#2846 = DEFINITIONAL_REPRESENTATION('',(#2847),#2855);
#2847 = ( BOUNDED_CURVE() B_SPLINE_CURVE(2,(#2848,#2849,#2850,#2851,
#2852,#2853,#2854),.UNSPECIFIED.,.T.,.F.) B_SPLINE_CURVE_WITH_KNOTS((1,2
    ,2,2,2,1),(-2.094395102393,0.,2.094395102393,4.188790204786,
6.28318530718,8.377580409573),.UNSPECIFIED.) CURVE() 
GEOMETRIC_REPRESENTATION_ITEM() RATIONAL_B_SPLINE_CURVE((1.,0.5,1.,0.5,
1.,0.5,1.)) REPRESENTATION_ITEM('') );
#2848 = CARTESIAN_POINT('',(23.25,27.5));
#2849 = CARTESIAN_POINT('',(30.611215932168,27.5));
#2850 = CARTESIAN_POINT('',(26.930607966084,21.125));
#2851 = CARTESIAN_POINT('',(23.25,14.75));
#2852 = CARTESIAN_POINT('',(19.569392033916,21.125));
#2853 = CARTESIAN_POINT('',(15.888784067832,27.5));
#2854 = CARTESIAN_POINT('',(23.25,27.5));
#2855 = ( GEOMETRIC_REPRESENTATION_CONTEXT(2) 
PARAMETRIC_REPRESENTATION_CONTEXT() REPRESENTATION_CONTEXT('2D SPACE',''
  ) );
#2856 = PCURVE('',#2857,#2862);
#2857 = TOROIDAL_SURFACE('',#2858,4.25,1.);
#2858 = AXIS2_PLACEMENT_3D('',#2859,#2860,#2861);
#2859 = CARTESIAN_POINT('',(9.,20.41,9.));
#2860 = DIRECTION('',(-0.,-1.,-0.));
#2861 = DIRECTION('',(1.,-0.,0.));
#2862 = DEFINITIONAL_REPRESENTATION('',(#2863),#2867);
#2863 = LINE('',#2864,#2865);
#2864 = CARTESIAN_POINT('',(0.,4.712388980385));
#2865 = VECTOR('',#2866,1.);
#2866 = DIRECTION('',(1.,0.));
#2867 = ( GEOMETRIC_REPRESENTATION_CONTEXT(2) 
PARAMETRIC_REPRESENTATION_CONTEXT() REPRESENTATION_CONTEXT('2D SPACE',''
  ) );
#2868 = ORIENTED_EDGE('',*,*,#2869,.F.);
#2869 = EDGE_CURVE('',#2870,#2837,#2872,.T.);
#2870 = VERTEX_POINT('',#2871);
#2871 = CARTESIAN_POINT('',(13.25,21.41,-9.));
#2872 = SURFACE_CURVE('',#2873,(#2877,#2884),.PCURVE_S1.);
#2873 = LINE('',#2874,#2875);
#2874 = CARTESIAN_POINT('',(13.25,21.41,-9.));
#2875 = VECTOR('',#2876,1.);
#2876 = DIRECTION('',(0.,0.,1.));
#2877 = PCURVE('',#966,#2878);
#2878 = DEFINITIONAL_REPRESENTATION('',(#2879),#2883);
#2879 = LINE('',#2880,#2881);
#2880 = CARTESIAN_POINT('',(5.25,27.5));
#2881 = VECTOR('',#2882,1.);
#2882 = DIRECTION('',(1.,0.));
#2883 = ( GEOMETRIC_REPRESENTATION_CONTEXT(2) 
PARAMETRIC_REPRESENTATION_CONTEXT() REPRESENTATION_CONTEXT('2D SPACE',''
  ) );
#2884 = PCURVE('',#2885,#2890);
#2885 = CYLINDRICAL_SURFACE('',#2886,1.);
#2886 = AXIS2_PLACEMENT_3D('',#2887,#2888,#2889);
#2887 = CARTESIAN_POINT('',(13.25,20.41,-9.));
#2888 = DIRECTION('',(0.,0.,1.));
#2889 = DIRECTION('',(0.,1.,0.));
#2890 = DEFINITIONAL_REPRESENTATION('',(#2891),#2895);
#2891 = LINE('',#2892,#2893);
#2892 = CARTESIAN_POINT('',(-0.,0.));
#2893 = VECTOR('',#2894,1.);
#2894 = DIRECTION('',(-0.,1.));
#2895 = ( GEOMETRIC_REPRESENTATION_CONTEXT(2) 
PARAMETRIC_REPRESENTATION_CONTEXT() REPRESENTATION_CONTEXT('2D SPACE',''
  ) );
#2896 = ORIENTED_EDGE('',*,*,#2897,.F.);
#2897 = EDGE_CURVE('',#2898,#2870,#2900,.T.);
#2898 = VERTEX_POINT('',#2899);
#2899 = CARTESIAN_POINT('',(10.75,21.41,-12.8729833462));
#2900 = SURFACE_CURVE('',#2901,(#2906,#2917),.PCURVE_S1.);
#2901 = CIRCLE('',#2902,4.25);
#2902 = AXIS2_PLACEMENT_3D('',#2903,#2904,#2905);
#2903 = CARTESIAN_POINT('',(9.,21.41,-9.));
#2904 = DIRECTION('',(0.,-1.,-0.));
#2905 = DIRECTION('',(0.,0.,-1.));
#2906 = PCURVE('',#966,#2907);
#2907 = DEFINITIONAL_REPRESENTATION('',(#2908),#2916);
#2908 = ( BOUNDED_CURVE() B_SPLINE_CURVE(2,(#2909,#2910,#2911,#2912,
#2913,#2914,#2915),.UNSPECIFIED.,.T.,.F.) B_SPLINE_CURVE_WITH_KNOTS((1,2
    ,2,2,2,1),(-2.094395102393,0.,2.094395102393,4.188790204786,
6.28318530718,8.377580409573),.UNSPECIFIED.) CURVE() 
GEOMETRIC_REPRESENTATION_ITEM() RATIONAL_B_SPLINE_CURVE((1.,0.5,1.,0.5,
1.,0.5,1.)) REPRESENTATION_ITEM('') );
#2909 = CARTESIAN_POINT('',(1.,23.25));
#2910 = CARTESIAN_POINT('',(1.,30.611215932168));
#2911 = CARTESIAN_POINT('',(7.375,26.930607966084));
#2912 = CARTESIAN_POINT('',(13.75,23.25));
#2913 = CARTESIAN_POINT('',(7.375,19.569392033916));
#2914 = CARTESIAN_POINT('',(1.,15.888784067832));
#2915 = CARTESIAN_POINT('',(1.,23.25));
#2916 = ( GEOMETRIC_REPRESENTATION_CONTEXT(2) 
PARAMETRIC_REPRESENTATION_CONTEXT() REPRESENTATION_CONTEXT('2D SPACE',''
  ) );
#2917 = PCURVE('',#2918,#2923);
#2918 = TOROIDAL_SURFACE('',#2919,4.25,1.);
#2919 = AXIS2_PLACEMENT_3D('',#2920,#2921,#2922);
#2920 = CARTESIAN_POINT('',(9.,20.41,-9.));
#2921 = DIRECTION('',(-0.,-1.,-0.));
#2922 = DIRECTION('',(0.,0.,-1.));
#2923 = DEFINITIONAL_REPRESENTATION('',(#2924),#2928);
#2924 = LINE('',#2925,#2926);
#2925 = CARTESIAN_POINT('',(0.,4.712388980385));
#2926 = VECTOR('',#2927,1.);
#2927 = DIRECTION('',(1.,0.));
#2928 = ( GEOMETRIC_REPRESENTATION_CONTEXT(2) 
PARAMETRIC_REPRESENTATION_CONTEXT() REPRESENTATION_CONTEXT('2D SPACE',''
  ) );
#2929 = ORIENTED_EDGE('',*,*,#2930,.F.);
#2930 = EDGE_CURVE('',#2931,#2898,#2933,.T.);
#2931 = VERTEX_POINT('',#2932);
#2932 = CARTESIAN_POINT('',(10.75,21.41,-19.35));
#2933 = SURFACE_CURVE('',#2934,(#2938,#2945),.PCURVE_S1.);
#2934 = LINE('',#2935,#2936);
#2935 = CARTESIAN_POINT('',(10.75,21.41,-19.75));
#2936 = VECTOR('',#2937,1.);
#2937 = DIRECTION('',(0.,0.,1.));
#2938 = PCURVE('',#966,#2939);
#2939 = DEFINITIONAL_REPRESENTATION('',(#2940),#2944);
#2940 = LINE('',#2941,#2942);
#2941 = CARTESIAN_POINT('',(-5.5,25.));
#2942 = VECTOR('',#2943,1.);
#2943 = DIRECTION('',(1.,0.));
#2944 = ( GEOMETRIC_REPRESENTATION_CONTEXT(2) 
PARAMETRIC_REPRESENTATION_CONTEXT() REPRESENTATION_CONTEXT('2D SPACE',''
  ) );
#2945 = PCURVE('',#2946,#2951);
#2946 = CYLINDRICAL_SURFACE('',#2947,1.5);
#2947 = AXIS2_PLACEMENT_3D('',#2948,#2949,#2950);
#2948 = CARTESIAN_POINT('',(10.75,19.91,-19.75));
#2949 = DIRECTION('',(0.,0.,1.));
#2950 = DIRECTION('',(1.,0.,-0.));
#2951 = DEFINITIONAL_REPRESENTATION('',(#2952),#2956);
#2952 = LINE('',#2953,#2954);
#2953 = CARTESIAN_POINT('',(1.570796326795,0.));
#2954 = VECTOR('',#2955,1.);
#2955 = DIRECTION('',(0.,1.));
#2956 = ( GEOMETRIC_REPRESENTATION_CONTEXT(2) 
PARAMETRIC_REPRESENTATION_CONTEXT() REPRESENTATION_CONTEXT('2D SPACE',''
  ) );
#2957 = ORIENTED_EDGE('',*,*,#2958,.F.);
#2958 = EDGE_CURVE('',#2959,#2931,#2961,.T.);
#2959 = VERTEX_POINT('',#2960);
#2960 = CARTESIAN_POINT('',(6.75,21.41,-19.35));
#2961 = SURFACE_CURVE('',#2962,(#2966,#2973),.PCURVE_S1.);
#2962 = LINE('',#2963,#2964);
#2963 = CARTESIAN_POINT('',(6.75,21.41,-19.35));
#2964 = VECTOR('',#2965,1.);
#2965 = DIRECTION('',(1.,0.,0.));
#2966 = PCURVE('',#966,#2967);
#2967 = DEFINITIONAL_REPRESENTATION('',(#2968),#2972);
#2968 = LINE('',#2969,#2970);
#2969 = CARTESIAN_POINT('',(-5.1,21.));
#2970 = VECTOR('',#2971,1.);
#2971 = DIRECTION('',(0.,1.));
#2972 = ( GEOMETRIC_REPRESENTATION_CONTEXT(2) 
PARAMETRIC_REPRESENTATION_CONTEXT() REPRESENTATION_CONTEXT('2D SPACE',''
  ) );
#2973 = PCURVE('',#2974,#2979);
#2974 = PLANE('',#2975);
#2975 = AXIS2_PLACEMENT_3D('',#2976,#2977,#2978);
#2976 = CARTESIAN_POINT('',(6.75,21.21,-19.55));
#2977 = DIRECTION('',(0.,-0.707106781187,0.707106781187));
#2978 = DIRECTION('',(-1.,-0.,-0.));
#2979 = DEFINITIONAL_REPRESENTATION('',(#2980),#2984);
#2980 = LINE('',#2981,#2982);
#2981 = CARTESIAN_POINT('',(-0.,-0.282842712475));
#2982 = VECTOR('',#2983,1.);
#2983 = DIRECTION('',(-1.,0.));
#2984 = ( GEOMETRIC_REPRESENTATION_CONTEXT(2) 
PARAMETRIC_REPRESENTATION_CONTEXT() REPRESENTATION_CONTEXT('2D SPACE',''
  ) );
#2985 = ORIENTED_EDGE('',*,*,#2986,.T.);
#2986 = EDGE_CURVE('',#2959,#2679,#2987,.T.);
#2987 = SURFACE_CURVE('',#2988,(#2992,#2999),.PCURVE_S1.);
#2988 = LINE('',#2989,#2990);
#2989 = CARTESIAN_POINT('',(6.75,21.41,-19.75));
#2990 = VECTOR('',#2991,1.);
#2991 = DIRECTION('',(0.,0.,1.));
#2992 = PCURVE('',#966,#2993);
#2993 = DEFINITIONAL_REPRESENTATION('',(#2994),#2998);
#2994 = LINE('',#2995,#2996);
#2995 = CARTESIAN_POINT('',(-5.5,21.));
#2996 = VECTOR('',#2997,1.);
#2997 = DIRECTION('',(1.,0.));
#2998 = ( GEOMETRIC_REPRESENTATION_CONTEXT(2) 
PARAMETRIC_REPRESENTATION_CONTEXT() REPRESENTATION_CONTEXT('2D SPACE',''
  ) );
#2999 = PCURVE('',#3000,#3005);
#3000 = CYLINDRICAL_SURFACE('',#3001,1.5);
#3001 = AXIS2_PLACEMENT_3D('',#3002,#3003,#3004);
#3002 = CARTESIAN_POINT('',(6.75,19.91,-19.75));
#3003 = DIRECTION('',(0.,0.,1.));
#3004 = DIRECTION('',(-1.,-0.,0.));
#3005 = DEFINITIONAL_REPRESENTATION('',(#3006),#3010);
#3006 = LINE('',#3007,#3008);
#3007 = CARTESIAN_POINT('',(-1.570796326795,0.));
#3008 = VECTOR('',#3009,1.);
#3009 = DIRECTION('',(-0.,1.));
#3010 = ( GEOMETRIC_REPRESENTATION_CONTEXT(2) 
PARAMETRIC_REPRESENTATION_CONTEXT() REPRESENTATION_CONTEXT('2D SPACE',''
  ) );
#3011 = FACE_BOUND('',#3012,.T.);
#3012 = EDGE_LOOP('',(#3013,#3044,#3070,#3099,#3125,#3154,#3180,#3209));
#3013 = ORIENTED_EDGE('',*,*,#3014,.F.);
#3014 = EDGE_CURVE('',#3015,#3017,#3019,.T.);
#3015 = VERTEX_POINT('',#3016);
#3016 = CARTESIAN_POINT('',(-10.5,21.41,7.5));
#3017 = VERTEX_POINT('',#3018);
#3018 = CARTESIAN_POINT('',(-7.5,21.41,10.5));
#3019 = SURFACE_CURVE('',#3020,(#3025,#3032),.PCURVE_S1.);
#3020 = CIRCLE('',#3021,3.);
#3021 = AXIS2_PLACEMENT_3D('',#3022,#3023,#3024);
#3022 = CARTESIAN_POINT('',(-7.5,21.41,7.5));
#3023 = DIRECTION('',(0.,1.,0.));
#3024 = DIRECTION('',(-1.,0.,0.));
#3025 = PCURVE('',#966,#3026);
#3026 = DEFINITIONAL_REPRESENTATION('',(#3027),#3031);
#3027 = CIRCLE('',#3028,3.);
#3028 = AXIS2_PLACEMENT_2D('',#3029,#3030);
#3029 = CARTESIAN_POINT('',(21.75,6.75));
#3030 = DIRECTION('',(0.,-1.));
#3031 = ( GEOMETRIC_REPRESENTATION_CONTEXT(2) 
PARAMETRIC_REPRESENTATION_CONTEXT() REPRESENTATION_CONTEXT('2D SPACE',''
  ) );
#3032 = PCURVE('',#3033,#3038);
#3033 = CYLINDRICAL_SURFACE('',#3034,3.);
#3034 = AXIS2_PLACEMENT_3D('',#3035,#3036,#3037);
#3035 = CARTESIAN_POINT('',(-7.5,21.01,7.5));
#3036 = DIRECTION('',(0.,1.,0.));
#3037 = DIRECTION('',(-1.,0.,0.));
#3038 = DEFINITIONAL_REPRESENTATION('',(#3039),#3043);
#3039 = LINE('',#3040,#3041);
#3040 = CARTESIAN_POINT('',(0.,0.4));
#3041 = VECTOR('',#3042,1.);
#3042 = DIRECTION('',(1.,0.));
#3043 = ( GEOMETRIC_REPRESENTATION_CONTEXT(2) 
PARAMETRIC_REPRESENTATION_CONTEXT() REPRESENTATION_CONTEXT('2D SPACE',''
  ) );
#3044 = ORIENTED_EDGE('',*,*,#3045,.T.);
#3045 = EDGE_CURVE('',#3015,#3046,#3048,.T.);
#3046 = VERTEX_POINT('',#3047);
#3047 = CARTESIAN_POINT('',(-10.5,21.41,-7.5));
#3048 = SURFACE_CURVE('',#3049,(#3053,#3059),.PCURVE_S1.);
#3049 = LINE('',#3050,#3051);
#3050 = CARTESIAN_POINT('',(-10.5,21.41,-12.375));
#3051 = VECTOR('',#3052,1.);
#3052 = DIRECTION('',(0.,0.,-1.));
#3053 = PCURVE('',#966,#3054);
#3054 = DEFINITIONAL_REPRESENTATION('',(#3055),#3058);
#3055 = B_SPLINE_CURVE_WITH_KNOTS('',1,(#3056,#3057),.UNSPECIFIED.,.F.,
  .F.,(2,2),(-19.875,-4.875),.PIECEWISE_BEZIER_KNOTS.);
#3056 = CARTESIAN_POINT('',(21.75,3.75));
#3057 = CARTESIAN_POINT('',(6.75,3.75));
#3058 = ( GEOMETRIC_REPRESENTATION_CONTEXT(2) 
PARAMETRIC_REPRESENTATION_CONTEXT() REPRESENTATION_CONTEXT('2D SPACE',''
  ) );
#3059 = PCURVE('',#3060,#3065);
#3060 = PLANE('',#3061);
#3061 = AXIS2_PLACEMENT_3D('',#3062,#3063,#3064);
#3062 = CARTESIAN_POINT('',(-10.5,21.01,-10.5));
#3063 = DIRECTION('',(1.,0.,0.));
#3064 = DIRECTION('',(0.,0.,1.));
#3065 = DEFINITIONAL_REPRESENTATION('',(#3066),#3069);
#3066 = B_SPLINE_CURVE_WITH_KNOTS('',1,(#3067,#3068),.UNSPECIFIED.,.F.,
  .F.,(2,2),(-19.875,-4.875),.PIECEWISE_BEZIER_KNOTS.);
#3067 = CARTESIAN_POINT('',(18.,-0.4));
#3068 = CARTESIAN_POINT('',(3.,-0.4));
#3069 = ( GEOMETRIC_REPRESENTATION_CONTEXT(2) 
PARAMETRIC_REPRESENTATION_CONTEXT() REPRESENTATION_CONTEXT('2D SPACE',''
  ) );
#3070 = ORIENTED_EDGE('',*,*,#3071,.F.);
#3071 = EDGE_CURVE('',#3072,#3046,#3074,.T.);
#3072 = VERTEX_POINT('',#3073);
#3073 = CARTESIAN_POINT('',(-7.5,21.41,-10.5));
#3074 = SURFACE_CURVE('',#3075,(#3080,#3087),.PCURVE_S1.);
#3075 = CIRCLE('',#3076,3.);
#3076 = AXIS2_PLACEMENT_3D('',#3077,#3078,#3079);
#3077 = CARTESIAN_POINT('',(-7.5,21.41,-7.5));
#3078 = DIRECTION('',(0.,1.,0.));
#3079 = DIRECTION('',(-1.,0.,0.));
#3080 = PCURVE('',#966,#3081);
#3081 = DEFINITIONAL_REPRESENTATION('',(#3082),#3086);
#3082 = CIRCLE('',#3083,3.);
#3083 = AXIS2_PLACEMENT_2D('',#3084,#3085);
#3084 = CARTESIAN_POINT('',(6.75,6.75));
#3085 = DIRECTION('',(0.,-1.));
#3086 = ( GEOMETRIC_REPRESENTATION_CONTEXT(2) 
PARAMETRIC_REPRESENTATION_CONTEXT() REPRESENTATION_CONTEXT('2D SPACE',''
  ) );
#3087 = PCURVE('',#3088,#3093);
#3088 = CYLINDRICAL_SURFACE('',#3089,3.);
#3089 = AXIS2_PLACEMENT_3D('',#3090,#3091,#3092);
#3090 = CARTESIAN_POINT('',(-7.5,21.01,-7.5));
#3091 = DIRECTION('',(0.,1.,0.));
#3092 = DIRECTION('',(-1.,0.,0.));
#3093 = DEFINITIONAL_REPRESENTATION('',(#3094),#3098);
#3094 = LINE('',#3095,#3096);
#3095 = CARTESIAN_POINT('',(-6.28318530718,0.4));
#3096 = VECTOR('',#3097,1.);
#3097 = DIRECTION('',(1.,-0.));
#3098 = ( GEOMETRIC_REPRESENTATION_CONTEXT(2) 
PARAMETRIC_REPRESENTATION_CONTEXT() REPRESENTATION_CONTEXT('2D SPACE',''
  ) );
#3099 = ORIENTED_EDGE('',*,*,#3100,.T.);
#3100 = EDGE_CURVE('',#3072,#3101,#3103,.T.);
#3101 = VERTEX_POINT('',#3102);
#3102 = CARTESIAN_POINT('',(7.5,21.41,-10.5));
#3103 = SURFACE_CURVE('',#3104,(#3108,#3114),.PCURVE_S1.);
#3104 = LINE('',#3105,#3106);
#3105 = CARTESIAN_POINT('',(-12.375,21.41,-10.5));
#3106 = VECTOR('',#3107,1.);
#3107 = DIRECTION('',(1.,0.,0.));
#3108 = PCURVE('',#966,#3109);
#3109 = DEFINITIONAL_REPRESENTATION('',(#3110),#3113);
#3110 = B_SPLINE_CURVE_WITH_KNOTS('',1,(#3111,#3112),.UNSPECIFIED.,.F.,
  .F.,(2,2),(4.875,19.875),.PIECEWISE_BEZIER_KNOTS.);
#3111 = CARTESIAN_POINT('',(3.75,6.75));
#3112 = CARTESIAN_POINT('',(3.75,21.75));
#3113 = ( GEOMETRIC_REPRESENTATION_CONTEXT(2) 
PARAMETRIC_REPRESENTATION_CONTEXT() REPRESENTATION_CONTEXT('2D SPACE',''
  ) );
#3114 = PCURVE('',#3115,#3120);
#3115 = PLANE('',#3116);
#3116 = AXIS2_PLACEMENT_3D('',#3117,#3118,#3119);
#3117 = CARTESIAN_POINT('',(-10.5,21.01,-10.5));
#3118 = DIRECTION('',(0.,0.,1.));
#3119 = DIRECTION('',(1.,0.,0.));
#3120 = DEFINITIONAL_REPRESENTATION('',(#3121),#3124);
#3121 = B_SPLINE_CURVE_WITH_KNOTS('',1,(#3122,#3123),.UNSPECIFIED.,.F.,
  .F.,(2,2),(4.875,19.875),.PIECEWISE_BEZIER_KNOTS.);
#3122 = CARTESIAN_POINT('',(3.,0.4));
#3123 = CARTESIAN_POINT('',(18.,0.4));
#3124 = ( GEOMETRIC_REPRESENTATION_CONTEXT(2) 
PARAMETRIC_REPRESENTATION_CONTEXT() REPRESENTATION_CONTEXT('2D SPACE',''
  ) );
#3125 = ORIENTED_EDGE('',*,*,#3126,.F.);
#3126 = EDGE_CURVE('',#3127,#3101,#3129,.T.);
#3127 = VERTEX_POINT('',#3128);
#3128 = CARTESIAN_POINT('',(10.5,21.41,-7.5));
#3129 = SURFACE_CURVE('',#3130,(#3135,#3142),.PCURVE_S1.);
#3130 = CIRCLE('',#3131,3.);
#3131 = AXIS2_PLACEMENT_3D('',#3132,#3133,#3134);
#3132 = CARTESIAN_POINT('',(7.5,21.41,-7.5));
#3133 = DIRECTION('',(0.,1.,0.));
#3134 = DIRECTION('',(1.,0.,-0.));
#3135 = PCURVE('',#966,#3136);
#3136 = DEFINITIONAL_REPRESENTATION('',(#3137),#3141);
#3137 = CIRCLE('',#3138,3.);
#3138 = AXIS2_PLACEMENT_2D('',#3139,#3140);
#3139 = CARTESIAN_POINT('',(6.75,21.75));
#3140 = DIRECTION('',(0.,1.));
#3141 = ( GEOMETRIC_REPRESENTATION_CONTEXT(2) 
PARAMETRIC_REPRESENTATION_CONTEXT() REPRESENTATION_CONTEXT('2D SPACE',''
  ) );
#3142 = PCURVE('',#3143,#3148);
#3143 = CYLINDRICAL_SURFACE('',#3144,3.);
#3144 = AXIS2_PLACEMENT_3D('',#3145,#3146,#3147);
#3145 = CARTESIAN_POINT('',(7.5,21.01,-7.5));
#3146 = DIRECTION('',(0.,1.,0.));
#3147 = DIRECTION('',(1.,0.,-0.));
#3148 = DEFINITIONAL_REPRESENTATION('',(#3149),#3153);
#3149 = LINE('',#3150,#3151);
#3150 = CARTESIAN_POINT('',(0.,0.4));
#3151 = VECTOR('',#3152,1.);
#3152 = DIRECTION('',(1.,0.));
#3153 = ( GEOMETRIC_REPRESENTATION_CONTEXT(2) 
PARAMETRIC_REPRESENTATION_CONTEXT() REPRESENTATION_CONTEXT('2D SPACE',''
  ) );
#3154 = ORIENTED_EDGE('',*,*,#3155,.F.);
#3155 = EDGE_CURVE('',#3156,#3127,#3158,.T.);
#3156 = VERTEX_POINT('',#3157);
#3157 = CARTESIAN_POINT('',(10.5,21.41,7.5));
#3158 = SURFACE_CURVE('',#3159,(#3163,#3169),.PCURVE_S1.);
#3159 = LINE('',#3160,#3161);
#3160 = CARTESIAN_POINT('',(10.5,21.41,-12.375));
#3161 = VECTOR('',#3162,1.);
#3162 = DIRECTION('',(0.,0.,-1.));
#3163 = PCURVE('',#966,#3164);
#3164 = DEFINITIONAL_REPRESENTATION('',(#3165),#3168);
#3165 = B_SPLINE_CURVE_WITH_KNOTS('',1,(#3166,#3167),.UNSPECIFIED.,.F.,
  .F.,(2,2),(-19.875,-4.875),.PIECEWISE_BEZIER_KNOTS.);
#3166 = CARTESIAN_POINT('',(21.75,24.75));
#3167 = CARTESIAN_POINT('',(6.75,24.75));
#3168 = ( GEOMETRIC_REPRESENTATION_CONTEXT(2) 
PARAMETRIC_REPRESENTATION_CONTEXT() REPRESENTATION_CONTEXT('2D SPACE',''
  ) );
#3169 = PCURVE('',#3170,#3175);
#3170 = PLANE('',#3171);
#3171 = AXIS2_PLACEMENT_3D('',#3172,#3173,#3174);
#3172 = CARTESIAN_POINT('',(10.5,21.01,-10.5));
#3173 = DIRECTION('',(1.,0.,0.));
#3174 = DIRECTION('',(0.,0.,1.));
#3175 = DEFINITIONAL_REPRESENTATION('',(#3176),#3179);
#3176 = B_SPLINE_CURVE_WITH_KNOTS('',1,(#3177,#3178),.UNSPECIFIED.,.F.,
  .F.,(2,2),(-19.875,-4.875),.PIECEWISE_BEZIER_KNOTS.);
#3177 = CARTESIAN_POINT('',(18.,-0.4));
#3178 = CARTESIAN_POINT('',(3.,-0.4));
#3179 = ( GEOMETRIC_REPRESENTATION_CONTEXT(2) 
PARAMETRIC_REPRESENTATION_CONTEXT() REPRESENTATION_CONTEXT('2D SPACE',''
  ) );
#3180 = ORIENTED_EDGE('',*,*,#3181,.F.);
#3181 = EDGE_CURVE('',#3182,#3156,#3184,.T.);
#3182 = VERTEX_POINT('',#3183);
#3183 = CARTESIAN_POINT('',(7.5,21.41,10.5));
#3184 = SURFACE_CURVE('',#3185,(#3190,#3197),.PCURVE_S1.);
#3185 = CIRCLE('',#3186,3.);
#3186 = AXIS2_PLACEMENT_3D('',#3187,#3188,#3189);
#3187 = CARTESIAN_POINT('',(7.5,21.41,7.5));
#3188 = DIRECTION('',(0.,1.,0.));
#3189 = DIRECTION('',(1.,0.,-0.));
#3190 = PCURVE('',#966,#3191);
#3191 = DEFINITIONAL_REPRESENTATION('',(#3192),#3196);
#3192 = CIRCLE('',#3193,3.);
#3193 = AXIS2_PLACEMENT_2D('',#3194,#3195);
#3194 = CARTESIAN_POINT('',(21.75,21.75));
#3195 = DIRECTION('',(0.,1.));
#3196 = ( GEOMETRIC_REPRESENTATION_CONTEXT(2) 
PARAMETRIC_REPRESENTATION_CONTEXT() REPRESENTATION_CONTEXT('2D SPACE',''
  ) );
#3197 = PCURVE('',#3198,#3203);
#3198 = CYLINDRICAL_SURFACE('',#3199,3.);
#3199 = AXIS2_PLACEMENT_3D('',#3200,#3201,#3202);
#3200 = CARTESIAN_POINT('',(7.5,21.01,7.5));
#3201 = DIRECTION('',(0.,1.,0.));
#3202 = DIRECTION('',(1.,0.,-0.));
#3203 = DEFINITIONAL_REPRESENTATION('',(#3204),#3208);
#3204 = LINE('',#3205,#3206);
#3205 = CARTESIAN_POINT('',(-6.28318530718,0.4));
#3206 = VECTOR('',#3207,1.);
#3207 = DIRECTION('',(1.,-0.));
#3208 = ( GEOMETRIC_REPRESENTATION_CONTEXT(2) 
PARAMETRIC_REPRESENTATION_CONTEXT() REPRESENTATION_CONTEXT('2D SPACE',''
  ) );
#3209 = ORIENTED_EDGE('',*,*,#3210,.F.);
#3210 = EDGE_CURVE('',#3017,#3182,#3211,.T.);
#3211 = SURFACE_CURVE('',#3212,(#3216,#3222),.PCURVE_S1.);
#3212 = LINE('',#3213,#3214);
#3213 = CARTESIAN_POINT('',(-12.375,21.41,10.5));
#3214 = VECTOR('',#3215,1.);
#3215 = DIRECTION('',(1.,0.,0.));
#3216 = PCURVE('',#966,#3217);
#3217 = DEFINITIONAL_REPRESENTATION('',(#3218),#3221);
#3218 = B_SPLINE_CURVE_WITH_KNOTS('',1,(#3219,#3220),.UNSPECIFIED.,.F.,
  .F.,(2,2),(4.875,19.875),.PIECEWISE_BEZIER_KNOTS.);
#3219 = CARTESIAN_POINT('',(24.75,6.75));
#3220 = CARTESIAN_POINT('',(24.75,21.75));
#3221 = ( GEOMETRIC_REPRESENTATION_CONTEXT(2) 
PARAMETRIC_REPRESENTATION_CONTEXT() REPRESENTATION_CONTEXT('2D SPACE',''
  ) );
#3222 = PCURVE('',#3223,#3228);
#3223 = PLANE('',#3224);
#3224 = AXIS2_PLACEMENT_3D('',#3225,#3226,#3227);
#3225 = CARTESIAN_POINT('',(-10.5,21.01,10.5));
#3226 = DIRECTION('',(0.,0.,1.));
#3227 = DIRECTION('',(1.,0.,0.));
#3228 = DEFINITIONAL_REPRESENTATION('',(#3229),#3232);
#3229 = B_SPLINE_CURVE_WITH_KNOTS('',1,(#3230,#3231),.UNSPECIFIED.,.F.,
  .F.,(2,2),(4.875,19.875),.PIECEWISE_BEZIER_KNOTS.);
#3230 = CARTESIAN_POINT('',(3.,0.4));
#3231 = CARTESIAN_POINT('',(18.,0.4));
#3232 = ( GEOMETRIC_REPRESENTATION_CONTEXT(2) 
PARAMETRIC_REPRESENTATION_CONTEXT() REPRESENTATION_CONTEXT('2D SPACE',''
  ) );
#3233 = ADVANCED_FACE('',(#3234),#941,.T.);
#3234 = FACE_BOUND('',#3235,.T.);
#3235 = EDGE_LOOP('',(#3236,#3237,#3238,#3301));
#3236 = ORIENTED_EDGE('',*,*,#925,.F.);
#3237 = ORIENTED_EDGE('',*,*,#2785,.T.);
#3238 = ORIENTED_EDGE('',*,*,#3239,.F.);
#3239 = EDGE_CURVE('',#1169,#2763,#3240,.T.);
#3240 = SURFACE_CURVE('',#3241,(#3259,#3280),.PCURVE_S1.);
#3241 = B_SPLINE_CURVE_WITH_KNOTS('',6,(#3242,#3243,#3244,#3245,#3246,
    #3247,#3248,#3249,#3250,#3251,#3252,#3253,#3254,#3255,#3256,#3257,
    #3258),.UNSPECIFIED.,.F.,.F.,(7,5,5,7),(0.,0.336833868094,
    0.52805748107,1.),.UNSPECIFIED.);
#3242 = CARTESIAN_POINT('',(-12.16421356237,20.41,-13.1893021533));
#3243 = CARTESIAN_POINT('',(-12.13067772013,20.50485368585,
    -13.21463204429));
#3244 = CARTESIAN_POINT('',(-12.08859295132,20.599595734152,
    -13.23238262781));
#3245 = CARTESIAN_POINT('',(-12.03777632618,20.692252588384,
    -13.24265119586));
#3246 = CARTESIAN_POINT('',(-11.97861573316,20.781064780577,
    -13.24583758381));
#3247 = CARTESIAN_POINT('',(-11.91190767619,20.864615551498,
    -13.24245767305));
#3248 = CARTESIAN_POINT('',(-11.79716753748,20.985680532118,
    -13.22785683328));
#3249 = CARTESIAN_POINT('',(-11.753516165,21.027494980391,
    -13.22065546409));
#3250 = CARTESIAN_POINT('',(-11.70794540668,21.067098598316,
    -13.2116522612));
#3251 = CARTESIAN_POINT('',(-11.66065000937,21.1043510531,
    -13.20096512367));
#3252 = CARTESIAN_POINT('',(-11.61182862389,21.139149442618,
    -13.18871352921));
#3253 = CARTESIAN_POINT('',(-11.43789343903,21.251069797034,
    -13.14120475406));
#3254 = CARTESIAN_POINT('',(-11.30602084334,21.315312998056,
    -13.09858520783));
#3255 = CARTESIAN_POINT('',(-11.16891295545,21.363124462233,
    -13.04890931456));
#3256 = CARTESIAN_POINT('',(-11.02921252817,21.3945397994,
    -12.99381291973));
#3257 = CARTESIAN_POINT('',(-10.88902119855,21.409999704419,
    -12.93472690512));
#3258 = CARTESIAN_POINT('',(-10.75,21.41,-12.8729833462));
#3259 = PCURVE('',#941,#3260);
#3260 = DEFINITIONAL_REPRESENTATION('',(#3261),#3279);
#3261 = B_SPLINE_CURVE_WITH_KNOTS('',6,(#3262,#3263,#3264,#3265,#3266,
    #3267,#3268,#3269,#3270,#3271,#3272,#3273,#3274,#3275,#3276,#3277,
    #3278),.UNSPECIFIED.,.F.,.F.,(7,5,5,7),(0.,0.336833868094,
    0.52805748107,1.),.UNSPECIFIED.);
#3262 = CARTESIAN_POINT('',(0.923906724295,6.28318530718));
#3263 = CARTESIAN_POINT('',(0.931911838516,6.18833162133));
#3264 = CARTESIAN_POINT('',(0.940346216091,6.093589961937));
#3265 = CARTESIAN_POINT('',(0.949323819832,5.999394987447));
#3266 = CARTESIAN_POINT('',(0.958919770832,5.905998105419));
#3267 = CARTESIAN_POINT('',(0.969171540158,5.813604215011));
#3268 = CARTESIAN_POINT('',(0.986273195433,5.670644200728));
#3269 = CARTESIAN_POINT('',(0.99267964022,5.619247732528));
#3270 = CARTESIAN_POINT('',(0.999301692741,5.568246698288));
#3271 = CARTESIAN_POINT('',(1.006139561569,5.517651830968));
#3272 = CARTESIAN_POINT('',(1.013191987145,5.46746501909));
#3273 = CARTESIAN_POINT('',(1.038386079643,5.2948168917));
#3274 = CARTESIAN_POINT('',(1.057604672355,5.174437635892));
#3275 = CARTESIAN_POINT('',(1.078086360706,5.056407342712));
#3276 = CARTESIAN_POINT('',(1.09977164859,4.94036370351));
#3277 = CARTESIAN_POINT('',(1.122579568307,4.825899626884));
#3278 = CARTESIAN_POINT('',(1.146406618202,4.712388980385));
#3279 = ( GEOMETRIC_REPRESENTATION_CONTEXT(2) 
PARAMETRIC_REPRESENTATION_CONTEXT() REPRESENTATION_CONTEXT('2D SPACE',''
  ) );
#3280 = PCURVE('',#1192,#3281);
#3281 = DEFINITIONAL_REPRESENTATION('',(#3282),#3300);
#3282 = B_SPLINE_CURVE_WITH_KNOTS('',6,(#3283,#3284,#3285,#3286,#3287,
    #3288,#3289,#3290,#3291,#3292,#3293,#3294,#3295,#3296,#3297,#3298,
    #3299),.UNSPECIFIED.,.F.,.F.,(7,5,5,7),(0.,0.336833868094,
    0.52805748107,1.),.UNSPECIFIED.);
#3283 = CARTESIAN_POINT('',(-0.339836909454,6.560697846694));
#3284 = CARTESIAN_POINT('',(-0.406908593939,6.535367955708));
#3285 = CARTESIAN_POINT('',(-0.475809888592,6.517617372181));
#3286 = CARTESIAN_POINT('',(-0.545883930275,6.507348804138));
#3287 = CARTESIAN_POINT('',(-0.616630841377,6.504162416188));
#3288 = CARTESIAN_POINT('',(-0.687651003419,6.507542326941));
#3289 = CARTESIAN_POINT('',(-0.798850581686,6.522143166715));
#3290 = CARTESIAN_POINT('',(-0.839101775206,6.52934453591));
#3291 = CARTESIAN_POINT('',(-0.879281260397,6.538347738791));
#3292 = CARTESIAN_POINT('',(-0.919348091273,6.549034876329));
#3293 = CARTESIAN_POINT('',(-0.959272312715,6.561286470783));
#3294 = CARTESIAN_POINT('',(-1.097160535182,6.60879524594));
#3295 = CARTESIAN_POINT('',(-1.194267478164,6.651414792167));
#3296 = CARTESIAN_POINT('',(-1.290085373115,6.701090685435));
#3297 = CARTESIAN_POINT('',(-1.384655826799,6.756187080262));
#3298 = CARTESIAN_POINT('',(-1.478115256814,6.815273094875));
#3299 = CARTESIAN_POINT('',(-1.570796326795,6.877016653793));
#3300 = ( GEOMETRIC_REPRESENTATION_CONTEXT(2) 
PARAMETRIC_REPRESENTATION_CONTEXT() REPRESENTATION_CONTEXT('2D SPACE',''
  ) );
#3301 = ORIENTED_EDGE('',*,*,#1208,.F.);
#3302 = ADVANCED_FACE('',(#3303),#1192,.T.);
#3303 = FACE_BOUND('',#3304,.F.);
#3304 = EDGE_LOOP('',(#3305,#3328,#3355,#3356,#3357));
#3305 = ORIENTED_EDGE('',*,*,#3306,.F.);
#3306 = EDGE_CURVE('',#3307,#1143,#3309,.T.);
#3307 = VERTEX_POINT('',#3308);
#3308 = CARTESIAN_POINT('',(-12.25,19.91,-19.35));
#3309 = SURFACE_CURVE('',#3310,(#3314,#3321),.PCURVE_S1.);
#3310 = LINE('',#3311,#3312);
#3311 = CARTESIAN_POINT('',(-12.25,19.91,-19.75));
#3312 = VECTOR('',#3313,1.);
#3313 = DIRECTION('',(0.,0.,1.));
#3314 = PCURVE('',#1192,#3315);
#3315 = DEFINITIONAL_REPRESENTATION('',(#3316),#3320);
#3316 = LINE('',#3317,#3318);
#3317 = CARTESIAN_POINT('',(-0.,0.));
#3318 = VECTOR('',#3319,1.);
#3319 = DIRECTION('',(-0.,1.));
#3320 = ( GEOMETRIC_REPRESENTATION_CONTEXT(2) 
PARAMETRIC_REPRESENTATION_CONTEXT() REPRESENTATION_CONTEXT('2D SPACE',''
  ) );
#3321 = PCURVE('',#1157,#3322);
#3322 = DEFINITIONAL_REPRESENTATION('',(#3323),#3327);
#3323 = LINE('',#3324,#3325);
#3324 = CARTESIAN_POINT('',(0.,-7.));
#3325 = VECTOR('',#3326,1.);
#3326 = DIRECTION('',(1.,0.));
#3327 = ( GEOMETRIC_REPRESENTATION_CONTEXT(2) 
PARAMETRIC_REPRESENTATION_CONTEXT() REPRESENTATION_CONTEXT('2D SPACE',''
  ) );
#3328 = ORIENTED_EDGE('',*,*,#3329,.T.);
#3329 = EDGE_CURVE('',#3307,#2735,#3330,.T.);
#3330 = SURFACE_CURVE('',#3331,(#3336,#3343),.PCURVE_S1.);
#3331 = CIRCLE('',#3332,1.5);
#3332 = AXIS2_PLACEMENT_3D('',#3333,#3334,#3335);
#3333 = CARTESIAN_POINT('',(-10.75,19.91,-19.35));
#3334 = DIRECTION('',(-0.,0.,-1.));
#3335 = DIRECTION('',(-1.,0.,0.));
#3336 = PCURVE('',#1192,#3337);
#3337 = DEFINITIONAL_REPRESENTATION('',(#3338),#3342);
#3338 = LINE('',#3339,#3340);
#3339 = CARTESIAN_POINT('',(-0.,0.4));
#3340 = VECTOR('',#3341,1.);
#3341 = DIRECTION('',(-1.,0.));
#3342 = ( GEOMETRIC_REPRESENTATION_CONTEXT(2) 
PARAMETRIC_REPRESENTATION_CONTEXT() REPRESENTATION_CONTEXT('2D SPACE',''
  ) );
#3343 = PCURVE('',#3344,#3349);
#3344 = CONICAL_SURFACE('',#3345,1.5,0.785398163397);
#3345 = AXIS2_PLACEMENT_3D('',#3346,#3347,#3348);
#3346 = CARTESIAN_POINT('',(-10.75,19.91,-19.35));
#3347 = DIRECTION('',(0.,0.,1.));
#3348 = DIRECTION('',(-1.,0.,0.));
#3349 = DEFINITIONAL_REPRESENTATION('',(#3350),#3354);
#3350 = LINE('',#3351,#3352);
#3351 = CARTESIAN_POINT('',(-0.,-0.));
#3352 = VECTOR('',#3353,1.);
#3353 = DIRECTION('',(-1.,-0.));
#3354 = ( GEOMETRIC_REPRESENTATION_CONTEXT(2) 
PARAMETRIC_REPRESENTATION_CONTEXT() REPRESENTATION_CONTEXT('2D SPACE',''
  ) );
#3355 = ORIENTED_EDGE('',*,*,#2762,.T.);
#3356 = ORIENTED_EDGE('',*,*,#3239,.F.);
#3357 = ORIENTED_EDGE('',*,*,#1168,.F.);
#3358 = ADVANCED_FACE('',(#3359),#1157,.F.);
#3359 = FACE_BOUND('',#3360,.F.);
#3360 = EDGE_LOOP('',(#3361,#3384,#3410,#3411));
#3361 = ORIENTED_EDGE('',*,*,#3362,.F.);
#3362 = EDGE_CURVE('',#3363,#1064,#3365,.T.);
#3363 = VERTEX_POINT('',#3364);
#3364 = CARTESIAN_POINT('',(-12.25,14.41,-19.35));
#3365 = SURFACE_CURVE('',#3366,(#3370,#3377),.PCURVE_S1.);
#3366 = LINE('',#3367,#3368);
#3367 = CARTESIAN_POINT('',(-12.25,14.41,-19.75));
#3368 = VECTOR('',#3369,1.);
#3369 = DIRECTION('',(0.,0.,1.));
#3370 = PCURVE('',#1157,#3371);
#3371 = DEFINITIONAL_REPRESENTATION('',(#3372),#3376);
#3372 = LINE('',#3373,#3374);
#3373 = CARTESIAN_POINT('',(0.,-1.5));
#3374 = VECTOR('',#3375,1.);
#3375 = DIRECTION('',(1.,0.));
#3376 = ( GEOMETRIC_REPRESENTATION_CONTEXT(2) 
PARAMETRIC_REPRESENTATION_CONTEXT() REPRESENTATION_CONTEXT('2D SPACE',''
  ) );
#3377 = PCURVE('',#1113,#3378);
#3378 = DEFINITIONAL_REPRESENTATION('',(#3379),#3383);
#3379 = LINE('',#3380,#3381);
#3380 = CARTESIAN_POINT('',(0.,0.));
#3381 = VECTOR('',#3382,1.);
#3382 = DIRECTION('',(0.,1.));
#3383 = ( GEOMETRIC_REPRESENTATION_CONTEXT(2) 
PARAMETRIC_REPRESENTATION_CONTEXT() REPRESENTATION_CONTEXT('2D SPACE',''
  ) );
#3384 = ORIENTED_EDGE('',*,*,#3385,.T.);
#3385 = EDGE_CURVE('',#3363,#3307,#3386,.T.);
#3386 = SURFACE_CURVE('',#3387,(#3391,#3398),.PCURVE_S1.);
#3387 = LINE('',#3388,#3389);
#3388 = CARTESIAN_POINT('',(-12.25,14.41,-19.35));
#3389 = VECTOR('',#3390,1.);
#3390 = DIRECTION('',(0.,1.,0.));
#3391 = PCURVE('',#1157,#3392);
#3392 = DEFINITIONAL_REPRESENTATION('',(#3393),#3397);
#3393 = LINE('',#3394,#3395);
#3394 = CARTESIAN_POINT('',(0.4,-1.5));
#3395 = VECTOR('',#3396,1.);
#3396 = DIRECTION('',(0.,-1.));
#3397 = ( GEOMETRIC_REPRESENTATION_CONTEXT(2) 
PARAMETRIC_REPRESENTATION_CONTEXT() REPRESENTATION_CONTEXT('2D SPACE',''
  ) );
#3398 = PCURVE('',#3399,#3404);
#3399 = PLANE('',#3400);
#3400 = AXIS2_PLACEMENT_3D('',#3401,#3402,#3403);
#3401 = CARTESIAN_POINT('',(-12.05,14.41,-19.55));
#3402 = DIRECTION('',(-0.707106781187,0.,-0.707106781187));
#3403 = DIRECTION('',(0.,1.,0.));
#3404 = DEFINITIONAL_REPRESENTATION('',(#3405),#3409);
#3405 = LINE('',#3406,#3407);
#3406 = CARTESIAN_POINT('',(0.,-0.282842712475));
#3407 = VECTOR('',#3408,1.);
#3408 = DIRECTION('',(1.,0.));
#3409 = ( GEOMETRIC_REPRESENTATION_CONTEXT(2) 
PARAMETRIC_REPRESENTATION_CONTEXT() REPRESENTATION_CONTEXT('2D SPACE',''
  ) );
#3410 = ORIENTED_EDGE('',*,*,#3306,.T.);
#3411 = ORIENTED_EDGE('',*,*,#1142,.F.);
#3412 = ADVANCED_FACE('',(#3413),#1113,.T.);
#3413 = FACE_BOUND('',#3414,.T.);
#3414 = EDGE_LOOP('',(#3415,#3416,#3445,#3466));
#3415 = ORIENTED_EDGE('',*,*,#3362,.F.);
#3416 = ORIENTED_EDGE('',*,*,#3417,.F.);
#3417 = EDGE_CURVE('',#3418,#3363,#3420,.T.);
#3418 = VERTEX_POINT('',#3419);
#3419 = CARTESIAN_POINT('',(-10.75,12.91,-19.35));
#3420 = SURFACE_CURVE('',#3421,(#3426,#3433),.PCURVE_S1.);
#3421 = CIRCLE('',#3422,1.5);
#3422 = AXIS2_PLACEMENT_3D('',#3423,#3424,#3425);
#3423 = CARTESIAN_POINT('',(-10.75,14.41,-19.35));
#3424 = DIRECTION('',(-0.,-0.,-1.));
#3425 = DIRECTION('',(0.,-1.,0.));
#3426 = PCURVE('',#1113,#3427);
#3427 = DEFINITIONAL_REPRESENTATION('',(#3428),#3432);
#3428 = LINE('',#3429,#3430);
#3429 = CARTESIAN_POINT('',(1.570796326795,0.4));
#3430 = VECTOR('',#3431,1.);
#3431 = DIRECTION('',(-1.,-0.));
#3432 = ( GEOMETRIC_REPRESENTATION_CONTEXT(2) 
PARAMETRIC_REPRESENTATION_CONTEXT() REPRESENTATION_CONTEXT('2D SPACE',''
  ) );
#3433 = PCURVE('',#3434,#3439);
#3434 = CONICAL_SURFACE('',#3435,1.5,0.785398163397);
#3435 = AXIS2_PLACEMENT_3D('',#3436,#3437,#3438);
#3436 = CARTESIAN_POINT('',(-10.75,14.41,-19.35));
#3437 = DIRECTION('',(0.,0.,1.));
#3438 = DIRECTION('',(0.,-1.,0.));
#3439 = DEFINITIONAL_REPRESENTATION('',(#3440),#3444);
#3440 = LINE('',#3441,#3442);
#3441 = CARTESIAN_POINT('',(-0.,-0.));
#3442 = VECTOR('',#3443,1.);
#3443 = DIRECTION('',(-1.,-0.));
#3444 = ( GEOMETRIC_REPRESENTATION_CONTEXT(2) 
PARAMETRIC_REPRESENTATION_CONTEXT() REPRESENTATION_CONTEXT('2D SPACE',''
  ) );
#3445 = ORIENTED_EDGE('',*,*,#3446,.T.);
#3446 = EDGE_CURVE('',#3418,#1035,#3447,.T.);
#3447 = SURFACE_CURVE('',#3448,(#3452,#3459),.PCURVE_S1.);
#3448 = LINE('',#3449,#3450);
#3449 = CARTESIAN_POINT('',(-10.75,12.91,-19.75));
#3450 = VECTOR('',#3451,1.);
#3451 = DIRECTION('',(0.,0.,1.));
#3452 = PCURVE('',#1113,#3453);
#3453 = DEFINITIONAL_REPRESENTATION('',(#3454),#3458);
#3454 = LINE('',#3455,#3456);
#3455 = CARTESIAN_POINT('',(1.570796326795,0.));
#3456 = VECTOR('',#3457,1.);
#3457 = DIRECTION('',(0.,1.));
#3458 = ( GEOMETRIC_REPRESENTATION_CONTEXT(2) 
PARAMETRIC_REPRESENTATION_CONTEXT() REPRESENTATION_CONTEXT('2D SPACE',''
  ) );
#3459 = PCURVE('',#1051,#3460);
#3460 = DEFINITIONAL_REPRESENTATION('',(#3461),#3465);
#3461 = LINE('',#3462,#3463);
#3462 = CARTESIAN_POINT('',(0.,1.5));
#3463 = VECTOR('',#3464,1.);
#3464 = DIRECTION('',(1.,0.));
#3465 = ( GEOMETRIC_REPRESENTATION_CONTEXT(2) 
PARAMETRIC_REPRESENTATION_CONTEXT() REPRESENTATION_CONTEXT('2D SPACE',''
  ) );
#3466 = ORIENTED_EDGE('',*,*,#1063,.F.);
#3467 = ADVANCED_FACE('',(#3468),#1051,.F.);
#3468 = FACE_BOUND('',#3469,.F.);
#3469 = EDGE_LOOP('',(#3470,#3498,#3499,#3500,#3521));
#3470 = ORIENTED_EDGE('',*,*,#3471,.T.);
#3471 = EDGE_CURVE('',#3472,#3418,#3474,.T.);
#3472 = VERTEX_POINT('',#3473);
#3473 = CARTESIAN_POINT('',(-6.75,12.91,-19.35));
#3474 = SURFACE_CURVE('',#3475,(#3479,#3486),.PCURVE_S1.);
#3475 = LINE('',#3476,#3477);
#3476 = CARTESIAN_POINT('',(-6.75,12.91,-19.35));
#3477 = VECTOR('',#3478,1.);
#3478 = DIRECTION('',(-1.,-0.,-0.));
#3479 = PCURVE('',#1051,#3480);
#3480 = DEFINITIONAL_REPRESENTATION('',(#3481),#3485);
#3481 = LINE('',#3482,#3483);
#3482 = CARTESIAN_POINT('',(0.4,5.5));
#3483 = VECTOR('',#3484,1.);
#3484 = DIRECTION('',(-0.,-1.));
#3485 = ( GEOMETRIC_REPRESENTATION_CONTEXT(2) 
PARAMETRIC_REPRESENTATION_CONTEXT() REPRESENTATION_CONTEXT('2D SPACE',''
  ) );
#3486 = PCURVE('',#3487,#3492);
#3487 = PLANE('',#3488);
#3488 = AXIS2_PLACEMENT_3D('',#3489,#3490,#3491);
#3489 = CARTESIAN_POINT('',(-6.75,13.11,-19.55));
#3490 = DIRECTION('',(0.,-0.707106781187,-0.707106781187));
#3491 = DIRECTION('',(-1.,-0.,0.));
#3492 = DEFINITIONAL_REPRESENTATION('',(#3493),#3497);
#3493 = LINE('',#3494,#3495);
#3494 = CARTESIAN_POINT('',(0.,-0.282842712475));
#3495 = VECTOR('',#3496,1.);
#3496 = DIRECTION('',(1.,0.));
#3497 = ( GEOMETRIC_REPRESENTATION_CONTEXT(2) 
PARAMETRIC_REPRESENTATION_CONTEXT() REPRESENTATION_CONTEXT('2D SPACE',''
  ) );
#3498 = ORIENTED_EDGE('',*,*,#3446,.T.);
#3499 = ORIENTED_EDGE('',*,*,#1034,.F.);
#3500 = ORIENTED_EDGE('',*,*,#3501,.F.);
#3501 = EDGE_CURVE('',#3502,#1007,#3504,.T.);
#3502 = VERTEX_POINT('',#3503);
#3503 = CARTESIAN_POINT('',(-6.75,12.91,-14.25));
#3504 = SURFACE_CURVE('',#3505,(#3509,#3515),.PCURVE_S1.);
#3505 = LINE('',#3506,#3507);
#3506 = CARTESIAN_POINT('',(-13.25,12.91,-14.25));
#3507 = VECTOR('',#3508,1.);
#3508 = DIRECTION('',(-1.,0.,0.));
#3509 = PCURVE('',#1051,#3510);
#3510 = DEFINITIONAL_REPRESENTATION('',(#3511),#3514);
#3511 = B_SPLINE_CURVE_WITH_KNOTS('',1,(#3512,#3513),.UNSPECIFIED.,.F.,
  .F.,(2,2),(-6.5,-4.25),.PIECEWISE_BEZIER_KNOTS.);
#3512 = CARTESIAN_POINT('',(5.5,5.5));
#3513 = CARTESIAN_POINT('',(5.5,3.25));
#3514 = ( GEOMETRIC_REPRESENTATION_CONTEXT(2) 
PARAMETRIC_REPRESENTATION_CONTEXT() REPRESENTATION_CONTEXT('2D SPACE',''
  ) );
#3515 = PCURVE('',#1022,#3516);
#3516 = DEFINITIONAL_REPRESENTATION('',(#3517),#3520);
#3517 = B_SPLINE_CURVE_WITH_KNOTS('',1,(#3518,#3519),.UNSPECIFIED.,.F.,
  .F.,(2,2),(-6.5,-4.25),.PIECEWISE_BEZIER_KNOTS.);
#3518 = CARTESIAN_POINT('',(7.5,4.41));
#3519 = CARTESIAN_POINT('',(5.25,4.41));
#3520 = ( GEOMETRIC_REPRESENTATION_CONTEXT(2) 
PARAMETRIC_REPRESENTATION_CONTEXT() REPRESENTATION_CONTEXT('2D SPACE',''
  ) );
#3521 = ORIENTED_EDGE('',*,*,#3522,.F.);
#3522 = EDGE_CURVE('',#3472,#3502,#3523,.T.);
#3523 = SURFACE_CURVE('',#3524,(#3528,#3535),.PCURVE_S1.);
#3524 = LINE('',#3525,#3526);
#3525 = CARTESIAN_POINT('',(-6.75,12.91,-19.75));
#3526 = VECTOR('',#3527,1.);
#3527 = DIRECTION('',(0.,0.,1.));
#3528 = PCURVE('',#1051,#3529);
#3529 = DEFINITIONAL_REPRESENTATION('',(#3530),#3534);
#3530 = LINE('',#3531,#3532);
#3531 = CARTESIAN_POINT('',(0.,5.5));
#3532 = VECTOR('',#3533,1.);
#3533 = DIRECTION('',(1.,0.));
#3534 = ( GEOMETRIC_REPRESENTATION_CONTEXT(2) 
PARAMETRIC_REPRESENTATION_CONTEXT() REPRESENTATION_CONTEXT('2D SPACE',''
  ) );
#3535 = PCURVE('',#3536,#3541);
#3536 = CYLINDRICAL_SURFACE('',#3537,1.5);
#3537 = AXIS2_PLACEMENT_3D('',#3538,#3539,#3540);
#3538 = CARTESIAN_POINT('',(-6.75,14.41,-19.75));
#3539 = DIRECTION('',(0.,0.,1.));
#3540 = DIRECTION('',(1.,0.,-0.));
#3541 = DEFINITIONAL_REPRESENTATION('',(#3542),#3546);
#3542 = LINE('',#3543,#3544);
#3543 = CARTESIAN_POINT('',(-1.570796326795,0.));
#3544 = VECTOR('',#3545,1.);
#3545 = DIRECTION('',(-0.,1.));
#3546 = ( GEOMETRIC_REPRESENTATION_CONTEXT(2) 
PARAMETRIC_REPRESENTATION_CONTEXT() REPRESENTATION_CONTEXT('2D SPACE',''
  ) );
#3547 = ADVANCED_FACE('',(#3548,#3803,#4025,#4247),#1022,.F.);
#3548 = FACE_BOUND('',#3549,.F.);
#3549 = EDGE_LOOP('',(#3550,#3551,#3574,#3602,#3628,#3657,#3683,#3707,
    #3730,#3754,#3780,#3802));
#3550 = ORIENTED_EDGE('',*,*,#1006,.F.);
#3551 = ORIENTED_EDGE('',*,*,#3552,.T.);
#3552 = EDGE_CURVE('',#983,#3553,#3555,.T.);
#3553 = VERTEX_POINT('',#3554);
#3554 = CARTESIAN_POINT('',(9.,8.8,-14.25));
#3555 = SURFACE_CURVE('',#3556,(#3560,#3567),.PCURVE_S1.);
#3556 = LINE('',#3557,#3558);
#3557 = CARTESIAN_POINT('',(-9.,8.8,-14.25));
#3558 = VECTOR('',#3559,1.);
#3559 = DIRECTION('',(1.,0.,0.));
#3560 = PCURVE('',#1022,#3561);
#3561 = DEFINITIONAL_REPRESENTATION('',(#3562),#3566);
#3562 = LINE('',#3563,#3564);
#3563 = CARTESIAN_POINT('',(5.25,0.3));
#3564 = VECTOR('',#3565,1.);
#3565 = DIRECTION('',(1.,0.));
#3566 = ( GEOMETRIC_REPRESENTATION_CONTEXT(2) 
PARAMETRIC_REPRESENTATION_CONTEXT() REPRESENTATION_CONTEXT('2D SPACE',''
  ) );
#3567 = PCURVE('',#1275,#3568);
#3568 = DEFINITIONAL_REPRESENTATION('',(#3569),#3573);
#3569 = LINE('',#3570,#3571);
#3570 = CARTESIAN_POINT('',(-0.,0.212132034356));
#3571 = VECTOR('',#3572,1.);
#3572 = DIRECTION('',(-1.,0.));
#3573 = ( GEOMETRIC_REPRESENTATION_CONTEXT(2) 
PARAMETRIC_REPRESENTATION_CONTEXT() REPRESENTATION_CONTEXT('2D SPACE',''
  ) );
#3574 = ORIENTED_EDGE('',*,*,#3575,.T.);
#3575 = EDGE_CURVE('',#3553,#3576,#3578,.T.);
#3576 = VERTEX_POINT('',#3577);
#3577 = CARTESIAN_POINT('',(9.,12.91,-14.25));
#3578 = SURFACE_CURVE('',#3579,(#3583,#3590),.PCURVE_S1.);
#3579 = LINE('',#3580,#3581);
#3580 = CARTESIAN_POINT('',(9.,8.5,-14.25));
#3581 = VECTOR('',#3582,1.);
#3582 = DIRECTION('',(0.,1.,0.));
#3583 = PCURVE('',#1022,#3584);
#3584 = DEFINITIONAL_REPRESENTATION('',(#3585),#3589);
#3585 = LINE('',#3586,#3587);
#3586 = CARTESIAN_POINT('',(23.25,0.));
#3587 = VECTOR('',#3588,1.);
#3588 = DIRECTION('',(0.,1.));
#3589 = ( GEOMETRIC_REPRESENTATION_CONTEXT(2) 
PARAMETRIC_REPRESENTATION_CONTEXT() REPRESENTATION_CONTEXT('2D SPACE',''
  ) );
#3590 = PCURVE('',#3591,#3596);
#3591 = CYLINDRICAL_SURFACE('',#3592,5.25);
#3592 = AXIS2_PLACEMENT_3D('',#3593,#3594,#3595);
#3593 = CARTESIAN_POINT('',(9.,8.5,-9.));
#3594 = DIRECTION('',(0.,1.,0.));
#3595 = DIRECTION('',(1.,0.,-0.));
#3596 = DEFINITIONAL_REPRESENTATION('',(#3597),#3601);
#3597 = LINE('',#3598,#3599);
#3598 = CARTESIAN_POINT('',(1.570796326795,0.));
#3599 = VECTOR('',#3600,1.);
#3600 = DIRECTION('',(0.,1.));
#3601 = ( GEOMETRIC_REPRESENTATION_CONTEXT(2) 
PARAMETRIC_REPRESENTATION_CONTEXT() REPRESENTATION_CONTEXT('2D SPACE',''
  ) );
#3602 = ORIENTED_EDGE('',*,*,#3603,.T.);
#3603 = EDGE_CURVE('',#3576,#3604,#3606,.T.);
#3604 = VERTEX_POINT('',#3605);
#3605 = CARTESIAN_POINT('',(6.75,12.91,-14.25));
#3606 = SURFACE_CURVE('',#3607,(#3611,#3617),.PCURVE_S1.);
#3607 = LINE('',#3608,#3609);
#3608 = CARTESIAN_POINT('',(-4.5,12.91,-14.25));
#3609 = VECTOR('',#3610,1.);
#3610 = DIRECTION('',(-1.,0.,0.));
#3611 = PCURVE('',#1022,#3612);
#3612 = DEFINITIONAL_REPRESENTATION('',(#3613),#3616);
#3613 = B_SPLINE_CURVE_WITH_KNOTS('',1,(#3614,#3615),.UNSPECIFIED.,.F.,
  .F.,(2,2),(-13.5,-11.25),.PIECEWISE_BEZIER_KNOTS.);
#3614 = CARTESIAN_POINT('',(23.25,4.41));
#3615 = CARTESIAN_POINT('',(21.,4.41));
#3616 = ( GEOMETRIC_REPRESENTATION_CONTEXT(2) 
PARAMETRIC_REPRESENTATION_CONTEXT() REPRESENTATION_CONTEXT('2D SPACE',''
  ) );
#3617 = PCURVE('',#3618,#3623);
#3618 = PLANE('',#3619);
#3619 = AXIS2_PLACEMENT_3D('',#3620,#3621,#3622);
#3620 = CARTESIAN_POINT('',(5.25,12.91,-19.75));
#3621 = DIRECTION('',(0.,1.,0.));
#3622 = DIRECTION('',(0.,0.,1.));
#3623 = DEFINITIONAL_REPRESENTATION('',(#3624),#3627);
#3624 = B_SPLINE_CURVE_WITH_KNOTS('',1,(#3625,#3626),.UNSPECIFIED.,.F.,
  .F.,(2,2),(-13.5,-11.25),.PIECEWISE_BEZIER_KNOTS.);
#3625 = CARTESIAN_POINT('',(5.5,3.75));
#3626 = CARTESIAN_POINT('',(5.5,1.5));
#3627 = ( GEOMETRIC_REPRESENTATION_CONTEXT(2) 
PARAMETRIC_REPRESENTATION_CONTEXT() REPRESENTATION_CONTEXT('2D SPACE',''
  ) );
#3628 = ORIENTED_EDGE('',*,*,#3629,.F.);
#3629 = EDGE_CURVE('',#3630,#3604,#3632,.T.);
#3630 = VERTEX_POINT('',#3631);
#3631 = CARTESIAN_POINT('',(5.25,14.41,-14.25));
#3632 = SURFACE_CURVE('',#3633,(#3638,#3645),.PCURVE_S1.);
#3633 = CIRCLE('',#3634,1.5);
#3634 = AXIS2_PLACEMENT_3D('',#3635,#3636,#3637);
#3635 = CARTESIAN_POINT('',(6.75,14.41,-14.25));
#3636 = DIRECTION('',(0.,0.,1.));
#3637 = DIRECTION('',(-1.,-0.,0.));
#3638 = PCURVE('',#1022,#3639);
#3639 = DEFINITIONAL_REPRESENTATION('',(#3640),#3644);
#3640 = CIRCLE('',#3641,1.5);
#3641 = AXIS2_PLACEMENT_2D('',#3642,#3643);
#3642 = CARTESIAN_POINT('',(21.,5.91));
#3643 = DIRECTION('',(-1.,0.));
#3644 = ( GEOMETRIC_REPRESENTATION_CONTEXT(2) 
PARAMETRIC_REPRESENTATION_CONTEXT() REPRESENTATION_CONTEXT('2D SPACE',''
  ) );
#3645 = PCURVE('',#3646,#3651);
#3646 = CYLINDRICAL_SURFACE('',#3647,1.5);
#3647 = AXIS2_PLACEMENT_3D('',#3648,#3649,#3650);
#3648 = CARTESIAN_POINT('',(6.75,14.41,-19.75));
#3649 = DIRECTION('',(0.,0.,1.));
#3650 = DIRECTION('',(-1.,-0.,0.));
#3651 = DEFINITIONAL_REPRESENTATION('',(#3652),#3656);
#3652 = LINE('',#3653,#3654);
#3653 = CARTESIAN_POINT('',(0.,5.5));
#3654 = VECTOR('',#3655,1.);
#3655 = DIRECTION('',(1.,0.));
#3656 = ( GEOMETRIC_REPRESENTATION_CONTEXT(2) 
PARAMETRIC_REPRESENTATION_CONTEXT() REPRESENTATION_CONTEXT('2D SPACE',''
  ) );
#3657 = ORIENTED_EDGE('',*,*,#3658,.T.);
#3658 = EDGE_CURVE('',#3630,#3659,#3661,.T.);
#3659 = VERTEX_POINT('',#3660);
#3660 = CARTESIAN_POINT('',(5.25,19.91,-14.25));
#3661 = SURFACE_CURVE('',#3662,(#3666,#3672),.PCURVE_S1.);
#3662 = LINE('',#3663,#3664);
#3663 = CARTESIAN_POINT('',(5.25,10.705,-14.25));
#3664 = VECTOR('',#3665,1.);
#3665 = DIRECTION('',(0.,1.,0.));
#3666 = PCURVE('',#1022,#3667);
#3667 = DEFINITIONAL_REPRESENTATION('',(#3668),#3671);
#3668 = B_SPLINE_CURVE_WITH_KNOTS('',1,(#3669,#3670),.UNSPECIFIED.,.F.,
  .F.,(2,2),(3.705,9.205),.PIECEWISE_BEZIER_KNOTS.);
#3669 = CARTESIAN_POINT('',(19.5,5.91));
#3670 = CARTESIAN_POINT('',(19.5,11.41));
#3671 = ( GEOMETRIC_REPRESENTATION_CONTEXT(2) 
PARAMETRIC_REPRESENTATION_CONTEXT() REPRESENTATION_CONTEXT('2D SPACE',''
  ) );
#3672 = PCURVE('',#3673,#3678);
#3673 = PLANE('',#3674);
#3674 = AXIS2_PLACEMENT_3D('',#3675,#3676,#3677);
#3675 = CARTESIAN_POINT('',(5.25,12.91,-19.75));
#3676 = DIRECTION('',(1.,0.,0.));
#3677 = DIRECTION('',(0.,0.,1.));
#3678 = DEFINITIONAL_REPRESENTATION('',(#3679),#3682);
#3679 = B_SPLINE_CURVE_WITH_KNOTS('',1,(#3680,#3681),.UNSPECIFIED.,.F.,
  .F.,(2,2),(3.705,9.205),.PIECEWISE_BEZIER_KNOTS.);
#3680 = CARTESIAN_POINT('',(5.5,-1.5));
#3681 = CARTESIAN_POINT('',(5.5,-7.));
#3682 = ( GEOMETRIC_REPRESENTATION_CONTEXT(2) 
PARAMETRIC_REPRESENTATION_CONTEXT() REPRESENTATION_CONTEXT('2D SPACE',''
  ) );
#3683 = ORIENTED_EDGE('',*,*,#3684,.F.);
#3684 = EDGE_CURVE('',#3685,#3659,#3687,.T.);
#3685 = VERTEX_POINT('',#3686);
#3686 = CARTESIAN_POINT('',(5.335786437627,20.41,-14.25));
#3687 = SURFACE_CURVE('',#3688,(#3693,#3700),.PCURVE_S1.);
#3688 = CIRCLE('',#3689,1.5);
#3689 = AXIS2_PLACEMENT_3D('',#3690,#3691,#3692);
#3690 = CARTESIAN_POINT('',(6.75,19.91,-14.25));
#3691 = DIRECTION('',(0.,0.,1.));
#3692 = DIRECTION('',(-1.,-0.,0.));
#3693 = PCURVE('',#1022,#3694);
#3694 = DEFINITIONAL_REPRESENTATION('',(#3695),#3699);
#3695 = CIRCLE('',#3696,1.5);
#3696 = AXIS2_PLACEMENT_2D('',#3697,#3698);
#3697 = CARTESIAN_POINT('',(21.,11.41));
#3698 = DIRECTION('',(-1.,0.));
#3699 = ( GEOMETRIC_REPRESENTATION_CONTEXT(2) 
PARAMETRIC_REPRESENTATION_CONTEXT() REPRESENTATION_CONTEXT('2D SPACE',''
  ) );
#3700 = PCURVE('',#3000,#3701);
#3701 = DEFINITIONAL_REPRESENTATION('',(#3702),#3706);
#3702 = LINE('',#3703,#3704);
#3703 = CARTESIAN_POINT('',(-6.28318530718,5.5));
#3704 = VECTOR('',#3705,1.);
#3705 = DIRECTION('',(1.,-0.));
#3706 = ( GEOMETRIC_REPRESENTATION_CONTEXT(2) 
PARAMETRIC_REPRESENTATION_CONTEXT() REPRESENTATION_CONTEXT('2D SPACE',''
  ) );
#3707 = ORIENTED_EDGE('',*,*,#3708,.F.);
#3708 = EDGE_CURVE('',#3709,#3685,#3711,.T.);
#3709 = VERTEX_POINT('',#3710);
#3710 = CARTESIAN_POINT('',(-5.335786437627,20.41,-14.25));
#3711 = SURFACE_CURVE('',#3712,(#3716,#3723),.PCURVE_S1.);
#3712 = LINE('',#3713,#3714);
#3713 = CARTESIAN_POINT('',(-9.,20.41,-14.25));
#3714 = VECTOR('',#3715,1.);
#3715 = DIRECTION('',(1.,0.,0.));
#3716 = PCURVE('',#1022,#3717);
#3717 = DEFINITIONAL_REPRESENTATION('',(#3718),#3722);
#3718 = LINE('',#3719,#3720);
#3719 = CARTESIAN_POINT('',(5.25,11.91));
#3720 = VECTOR('',#3721,1.);
#3721 = DIRECTION('',(1.,0.));
#3722 = ( GEOMETRIC_REPRESENTATION_CONTEXT(2) 
PARAMETRIC_REPRESENTATION_CONTEXT() REPRESENTATION_CONTEXT('2D SPACE',''
  ) );
#3723 = PCURVE('',#2694,#3724);
#3724 = DEFINITIONAL_REPRESENTATION('',(#3725),#3729);
#3725 = LINE('',#3726,#3727);
#3726 = CARTESIAN_POINT('',(-1.570796326795,0.));
#3727 = VECTOR('',#3728,1.);
#3728 = DIRECTION('',(-0.,1.));
#3729 = ( GEOMETRIC_REPRESENTATION_CONTEXT(2) 
PARAMETRIC_REPRESENTATION_CONTEXT() REPRESENTATION_CONTEXT('2D SPACE',''
  ) );
#3730 = ORIENTED_EDGE('',*,*,#3731,.F.);
#3731 = EDGE_CURVE('',#3732,#3709,#3734,.T.);
#3732 = VERTEX_POINT('',#3733);
#3733 = CARTESIAN_POINT('',(-5.25,19.91,-14.25));
#3734 = SURFACE_CURVE('',#3735,(#3740,#3747),.PCURVE_S1.);
#3735 = CIRCLE('',#3736,1.5);
#3736 = AXIS2_PLACEMENT_3D('',#3737,#3738,#3739);
#3737 = CARTESIAN_POINT('',(-6.75,19.91,-14.25));
#3738 = DIRECTION('',(0.,0.,1.));
#3739 = DIRECTION('',(1.,0.,-0.));
#3740 = PCURVE('',#1022,#3741);
#3741 = DEFINITIONAL_REPRESENTATION('',(#3742),#3746);
#3742 = CIRCLE('',#3743,1.5);
#3743 = AXIS2_PLACEMENT_2D('',#3744,#3745);
#3744 = CARTESIAN_POINT('',(7.5,11.41));
#3745 = DIRECTION('',(1.,0.));
#3746 = ( GEOMETRIC_REPRESENTATION_CONTEXT(2) 
PARAMETRIC_REPRESENTATION_CONTEXT() REPRESENTATION_CONTEXT('2D SPACE',''
  ) );
#3747 = PCURVE('',#2722,#3748);
#3748 = DEFINITIONAL_REPRESENTATION('',(#3749),#3753);
#3749 = LINE('',#3750,#3751);
#3750 = CARTESIAN_POINT('',(0.,5.5));
#3751 = VECTOR('',#3752,1.);
#3752 = DIRECTION('',(1.,0.));
#3753 = ( GEOMETRIC_REPRESENTATION_CONTEXT(2) 
PARAMETRIC_REPRESENTATION_CONTEXT() REPRESENTATION_CONTEXT('2D SPACE',''
  ) );
#3754 = ORIENTED_EDGE('',*,*,#3755,.F.);
#3755 = EDGE_CURVE('',#3756,#3732,#3758,.T.);
#3756 = VERTEX_POINT('',#3757);
#3757 = CARTESIAN_POINT('',(-5.25,14.41,-14.25));
#3758 = SURFACE_CURVE('',#3759,(#3763,#3769),.PCURVE_S1.);
#3759 = LINE('',#3760,#3761);
#3760 = CARTESIAN_POINT('',(-5.25,10.705,-14.25));
#3761 = VECTOR('',#3762,1.);
#3762 = DIRECTION('',(0.,1.,0.));
#3763 = PCURVE('',#1022,#3764);
#3764 = DEFINITIONAL_REPRESENTATION('',(#3765),#3768);
#3765 = B_SPLINE_CURVE_WITH_KNOTS('',1,(#3766,#3767),.UNSPECIFIED.,.F.,
  .F.,(2,2),(3.705,9.205),.PIECEWISE_BEZIER_KNOTS.);
#3766 = CARTESIAN_POINT('',(9.,5.91));
#3767 = CARTESIAN_POINT('',(9.,11.41));
#3768 = ( GEOMETRIC_REPRESENTATION_CONTEXT(2) 
PARAMETRIC_REPRESENTATION_CONTEXT() REPRESENTATION_CONTEXT('2D SPACE',''
  ) );
#3769 = PCURVE('',#3770,#3775);
#3770 = PLANE('',#3771);
#3771 = AXIS2_PLACEMENT_3D('',#3772,#3773,#3774);
#3772 = CARTESIAN_POINT('',(-5.25,12.91,-19.75));
#3773 = DIRECTION('',(1.,0.,0.));
#3774 = DIRECTION('',(0.,0.,1.));
#3775 = DEFINITIONAL_REPRESENTATION('',(#3776),#3779);
#3776 = B_SPLINE_CURVE_WITH_KNOTS('',1,(#3777,#3778),.UNSPECIFIED.,.F.,
  .F.,(2,2),(3.705,9.205),.PIECEWISE_BEZIER_KNOTS.);
#3777 = CARTESIAN_POINT('',(5.5,-1.5));
#3778 = CARTESIAN_POINT('',(5.5,-7.));
#3779 = ( GEOMETRIC_REPRESENTATION_CONTEXT(2) 
PARAMETRIC_REPRESENTATION_CONTEXT() REPRESENTATION_CONTEXT('2D SPACE',''
  ) );
#3780 = ORIENTED_EDGE('',*,*,#3781,.F.);
#3781 = EDGE_CURVE('',#3502,#3756,#3782,.T.);
#3782 = SURFACE_CURVE('',#3783,(#3788,#3795),.PCURVE_S1.);
#3783 = CIRCLE('',#3784,1.5);
#3784 = AXIS2_PLACEMENT_3D('',#3785,#3786,#3787);
#3785 = CARTESIAN_POINT('',(-6.75,14.41,-14.25));
#3786 = DIRECTION('',(0.,0.,1.));
#3787 = DIRECTION('',(1.,0.,-0.));
#3788 = PCURVE('',#1022,#3789);
#3789 = DEFINITIONAL_REPRESENTATION('',(#3790),#3794);
#3790 = CIRCLE('',#3791,1.5);
#3791 = AXIS2_PLACEMENT_2D('',#3792,#3793);
#3792 = CARTESIAN_POINT('',(7.5,5.91));
#3793 = DIRECTION('',(1.,0.));
#3794 = ( GEOMETRIC_REPRESENTATION_CONTEXT(2) 
PARAMETRIC_REPRESENTATION_CONTEXT() REPRESENTATION_CONTEXT('2D SPACE',''
  ) );
#3795 = PCURVE('',#3536,#3796);
#3796 = DEFINITIONAL_REPRESENTATION('',(#3797),#3801);
#3797 = LINE('',#3798,#3799);
#3798 = CARTESIAN_POINT('',(-6.28318530718,5.5));
#3799 = VECTOR('',#3800,1.);
#3800 = DIRECTION('',(1.,-0.));
#3801 = ( GEOMETRIC_REPRESENTATION_CONTEXT(2) 
PARAMETRIC_REPRESENTATION_CONTEXT() REPRESENTATION_CONTEXT('2D SPACE',''
  ) );
#3802 = ORIENTED_EDGE('',*,*,#3501,.T.);
#3803 = FACE_BOUND('',#3804,.F.);
#3804 = EDGE_LOOP('',(#3805,#3836,#3862,#3891,#3917,#3946,#3972,#4001));
#3805 = ORIENTED_EDGE('',*,*,#3806,.F.);
#3806 = EDGE_CURVE('',#3807,#3809,#3811,.T.);
#3807 = VERTEX_POINT('',#3808);
#3808 = CARTESIAN_POINT('',(-4.1,15.3,-14.25));
#3809 = VERTEX_POINT('',#3810);
#3810 = CARTESIAN_POINT('',(-3.01,14.21,-14.25));
#3811 = SURFACE_CURVE('',#3812,(#3817,#3824),.PCURVE_S1.);
#3812 = CIRCLE('',#3813,1.09);
#3813 = AXIS2_PLACEMENT_3D('',#3814,#3815,#3816);
#3814 = CARTESIAN_POINT('',(-3.01,15.3,-14.25));
#3815 = DIRECTION('',(0.,0.,1.));
#3816 = DIRECTION('',(-1.,-0.,0.));
#3817 = PCURVE('',#1022,#3818);
#3818 = DEFINITIONAL_REPRESENTATION('',(#3819),#3823);
#3819 = CIRCLE('',#3820,1.09);
#3820 = AXIS2_PLACEMENT_2D('',#3821,#3822);
#3821 = CARTESIAN_POINT('',(11.24,6.8));
#3822 = DIRECTION('',(-1.,0.));
#3823 = ( GEOMETRIC_REPRESENTATION_CONTEXT(2) 
PARAMETRIC_REPRESENTATION_CONTEXT() REPRESENTATION_CONTEXT('2D SPACE',''
  ) );
#3824 = PCURVE('',#3825,#3830);
#3825 = CYLINDRICAL_SURFACE('',#3826,1.09);
#3826 = AXIS2_PLACEMENT_3D('',#3827,#3828,#3829);
#3827 = CARTESIAN_POINT('',(-3.01,15.3,-15.25));
#3828 = DIRECTION('',(0.,0.,1.));
#3829 = DIRECTION('',(-1.,-0.,0.));
#3830 = DEFINITIONAL_REPRESENTATION('',(#3831),#3835);
#3831 = LINE('',#3832,#3833);
#3832 = CARTESIAN_POINT('',(0.,1.));
#3833 = VECTOR('',#3834,1.);
#3834 = DIRECTION('',(1.,0.));
#3835 = ( GEOMETRIC_REPRESENTATION_CONTEXT(2) 
PARAMETRIC_REPRESENTATION_CONTEXT() REPRESENTATION_CONTEXT('2D SPACE',''
  ) );
#3836 = ORIENTED_EDGE('',*,*,#3837,.T.);
#3837 = EDGE_CURVE('',#3807,#3838,#3840,.T.);
#3838 = VERTEX_POINT('',#3839);
#3839 = CARTESIAN_POINT('',(-4.1,18.62,-14.25));
#3840 = SURFACE_CURVE('',#3841,(#3845,#3851),.PCURVE_S1.);
#3841 = LINE('',#3842,#3843);
#3842 = CARTESIAN_POINT('',(-4.1,11.355,-14.25));
#3843 = VECTOR('',#3844,1.);
#3844 = DIRECTION('',(0.,1.,0.));
#3845 = PCURVE('',#1022,#3846);
#3846 = DEFINITIONAL_REPRESENTATION('',(#3847),#3850);
#3847 = B_SPLINE_CURVE_WITH_KNOTS('',1,(#3848,#3849),.UNSPECIFIED.,.F.,
  .F.,(2,2),(3.945,7.265),.PIECEWISE_BEZIER_KNOTS.);
#3848 = CARTESIAN_POINT('',(10.15,6.8));
#3849 = CARTESIAN_POINT('',(10.15,10.12));
#3850 = ( GEOMETRIC_REPRESENTATION_CONTEXT(2) 
PARAMETRIC_REPRESENTATION_CONTEXT() REPRESENTATION_CONTEXT('2D SPACE',''
  ) );
#3851 = PCURVE('',#3852,#3857);
#3852 = PLANE('',#3853);
#3853 = AXIS2_PLACEMENT_3D('',#3854,#3855,#3856);
#3854 = CARTESIAN_POINT('',(-4.1,14.21,-15.25));
#3855 = DIRECTION('',(1.,0.,0.));
#3856 = DIRECTION('',(0.,0.,1.));
#3857 = DEFINITIONAL_REPRESENTATION('',(#3858),#3861);
#3858 = B_SPLINE_CURVE_WITH_KNOTS('',1,(#3859,#3860),.UNSPECIFIED.,.F.,
  .F.,(2,2),(3.945,7.265),.PIECEWISE_BEZIER_KNOTS.);
#3859 = CARTESIAN_POINT('',(1.,-1.09));
#3860 = CARTESIAN_POINT('',(1.,-4.41));
#3861 = ( GEOMETRIC_REPRESENTATION_CONTEXT(2) 
PARAMETRIC_REPRESENTATION_CONTEXT() REPRESENTATION_CONTEXT('2D SPACE',''
  ) );
#3862 = ORIENTED_EDGE('',*,*,#3863,.F.);
#3863 = EDGE_CURVE('',#3864,#3838,#3866,.T.);
#3864 = VERTEX_POINT('',#3865);
#3865 = CARTESIAN_POINT('',(-3.01,19.71,-14.25));
#3866 = SURFACE_CURVE('',#3867,(#3872,#3879),.PCURVE_S1.);
#3867 = CIRCLE('',#3868,1.09);
#3868 = AXIS2_PLACEMENT_3D('',#3869,#3870,#3871);
#3869 = CARTESIAN_POINT('',(-3.01,18.62,-14.25));
#3870 = DIRECTION('',(0.,0.,1.));
#3871 = DIRECTION('',(-1.,-0.,0.));
#3872 = PCURVE('',#1022,#3873);
#3873 = DEFINITIONAL_REPRESENTATION('',(#3874),#3878);
#3874 = CIRCLE('',#3875,1.09);
#3875 = AXIS2_PLACEMENT_2D('',#3876,#3877);
#3876 = CARTESIAN_POINT('',(11.24,10.12));
#3877 = DIRECTION('',(-1.,0.));
#3878 = ( GEOMETRIC_REPRESENTATION_CONTEXT(2) 
PARAMETRIC_REPRESENTATION_CONTEXT() REPRESENTATION_CONTEXT('2D SPACE',''
  ) );
#3879 = PCURVE('',#3880,#3885);
#3880 = CYLINDRICAL_SURFACE('',#3881,1.09);
#3881 = AXIS2_PLACEMENT_3D('',#3882,#3883,#3884);
#3882 = CARTESIAN_POINT('',(-3.01,18.62,-15.25));
#3883 = DIRECTION('',(0.,0.,1.));
#3884 = DIRECTION('',(-1.,-0.,0.));
#3885 = DEFINITIONAL_REPRESENTATION('',(#3886),#3890);
#3886 = LINE('',#3887,#3888);
#3887 = CARTESIAN_POINT('',(-6.28318530718,1.));
#3888 = VECTOR('',#3889,1.);
#3889 = DIRECTION('',(1.,-0.));
#3890 = ( GEOMETRIC_REPRESENTATION_CONTEXT(2) 
PARAMETRIC_REPRESENTATION_CONTEXT() REPRESENTATION_CONTEXT('2D SPACE',''
  ) );
#3891 = ORIENTED_EDGE('',*,*,#3892,.F.);
#3892 = EDGE_CURVE('',#3893,#3864,#3895,.T.);
#3893 = VERTEX_POINT('',#3894);
#3894 = CARTESIAN_POINT('',(-2.99,19.71,-14.25));
#3895 = SURFACE_CURVE('',#3896,(#3900,#3906),.PCURVE_S1.);
#3896 = LINE('',#3897,#3898);
#3897 = CARTESIAN_POINT('',(-9.175,19.71,-14.25));
#3898 = VECTOR('',#3899,1.);
#3899 = DIRECTION('',(-1.,0.,0.));
#3900 = PCURVE('',#1022,#3901);
#3901 = DEFINITIONAL_REPRESENTATION('',(#3902),#3905);
#3902 = B_SPLINE_CURVE_WITH_KNOTS('',1,(#3903,#3904),.UNSPECIFIED.,.F.,
  .F.,(2,2),(-6.185,-6.165),.PIECEWISE_BEZIER_KNOTS.);
#3903 = CARTESIAN_POINT('',(11.26,11.21));
#3904 = CARTESIAN_POINT('',(11.24,11.21));
#3905 = ( GEOMETRIC_REPRESENTATION_CONTEXT(2) 
PARAMETRIC_REPRESENTATION_CONTEXT() REPRESENTATION_CONTEXT('2D SPACE',''
  ) );
#3906 = PCURVE('',#3907,#3912);
#3907 = PLANE('',#3908);
#3908 = AXIS2_PLACEMENT_3D('',#3909,#3910,#3911);
#3909 = CARTESIAN_POINT('',(-4.1,19.71,-15.25));
#3910 = DIRECTION('',(0.,1.,0.));
#3911 = DIRECTION('',(0.,0.,1.));
#3912 = DEFINITIONAL_REPRESENTATION('',(#3913),#3916);
#3913 = B_SPLINE_CURVE_WITH_KNOTS('',1,(#3914,#3915),.UNSPECIFIED.,.F.,
  .F.,(2,2),(-6.185,-6.165),.PIECEWISE_BEZIER_KNOTS.);
#3914 = CARTESIAN_POINT('',(1.,1.11));
#3915 = CARTESIAN_POINT('',(1.,1.09));
#3916 = ( GEOMETRIC_REPRESENTATION_CONTEXT(2) 
PARAMETRIC_REPRESENTATION_CONTEXT() REPRESENTATION_CONTEXT('2D SPACE',''
  ) );
#3917 = ORIENTED_EDGE('',*,*,#3918,.F.);
#3918 = EDGE_CURVE('',#3919,#3893,#3921,.T.);
#3919 = VERTEX_POINT('',#3920);
#3920 = CARTESIAN_POINT('',(-1.9,18.62,-14.25));
#3921 = SURFACE_CURVE('',#3922,(#3927,#3934),.PCURVE_S1.);
#3922 = CIRCLE('',#3923,1.09);
#3923 = AXIS2_PLACEMENT_3D('',#3924,#3925,#3926);
#3924 = CARTESIAN_POINT('',(-2.99,18.62,-14.25));
#3925 = DIRECTION('',(0.,0.,1.));
#3926 = DIRECTION('',(1.,0.,-0.));
#3927 = PCURVE('',#1022,#3928);
#3928 = DEFINITIONAL_REPRESENTATION('',(#3929),#3933);
#3929 = CIRCLE('',#3930,1.09);
#3930 = AXIS2_PLACEMENT_2D('',#3931,#3932);
#3931 = CARTESIAN_POINT('',(11.26,10.12));
#3932 = DIRECTION('',(1.,0.));
#3933 = ( GEOMETRIC_REPRESENTATION_CONTEXT(2) 
PARAMETRIC_REPRESENTATION_CONTEXT() REPRESENTATION_CONTEXT('2D SPACE',''
  ) );
#3934 = PCURVE('',#3935,#3940);
#3935 = CYLINDRICAL_SURFACE('',#3936,1.09);
#3936 = AXIS2_PLACEMENT_3D('',#3937,#3938,#3939);
#3937 = CARTESIAN_POINT('',(-2.99,18.62,-15.25));
#3938 = DIRECTION('',(0.,0.,1.));
#3939 = DIRECTION('',(1.,0.,-0.));
#3940 = DEFINITIONAL_REPRESENTATION('',(#3941),#3945);
#3941 = LINE('',#3942,#3943);
#3942 = CARTESIAN_POINT('',(0.,1.));
#3943 = VECTOR('',#3944,1.);
#3944 = DIRECTION('',(1.,0.));
#3945 = ( GEOMETRIC_REPRESENTATION_CONTEXT(2) 
PARAMETRIC_REPRESENTATION_CONTEXT() REPRESENTATION_CONTEXT('2D SPACE',''
  ) );
#3946 = ORIENTED_EDGE('',*,*,#3947,.F.);
#3947 = EDGE_CURVE('',#3948,#3919,#3950,.T.);
#3948 = VERTEX_POINT('',#3949);
#3949 = CARTESIAN_POINT('',(-1.9,15.3,-14.25));
#3950 = SURFACE_CURVE('',#3951,(#3955,#3961),.PCURVE_S1.);
#3951 = LINE('',#3952,#3953);
#3952 = CARTESIAN_POINT('',(-1.9,11.355,-14.25));
#3953 = VECTOR('',#3954,1.);
#3954 = DIRECTION('',(0.,1.,0.));
#3955 = PCURVE('',#1022,#3956);
#3956 = DEFINITIONAL_REPRESENTATION('',(#3957),#3960);
#3957 = B_SPLINE_CURVE_WITH_KNOTS('',1,(#3958,#3959),.UNSPECIFIED.,.F.,
  .F.,(2,2),(3.945,7.265),.PIECEWISE_BEZIER_KNOTS.);
#3958 = CARTESIAN_POINT('',(12.35,6.8));
#3959 = CARTESIAN_POINT('',(12.35,10.12));
#3960 = ( GEOMETRIC_REPRESENTATION_CONTEXT(2) 
PARAMETRIC_REPRESENTATION_CONTEXT() REPRESENTATION_CONTEXT('2D SPACE',''
  ) );
#3961 = PCURVE('',#3962,#3967);
#3962 = PLANE('',#3963);
#3963 = AXIS2_PLACEMENT_3D('',#3964,#3965,#3966);
#3964 = CARTESIAN_POINT('',(-1.9,14.21,-15.25));
#3965 = DIRECTION('',(1.,0.,0.));
#3966 = DIRECTION('',(0.,0.,1.));
#3967 = DEFINITIONAL_REPRESENTATION('',(#3968),#3971);
#3968 = B_SPLINE_CURVE_WITH_KNOTS('',1,(#3969,#3970),.UNSPECIFIED.,.F.,
  .F.,(2,2),(3.945,7.265),.PIECEWISE_BEZIER_KNOTS.);
#3969 = CARTESIAN_POINT('',(1.,-1.09));
#3970 = CARTESIAN_POINT('',(1.,-4.41));
#3971 = ( GEOMETRIC_REPRESENTATION_CONTEXT(2) 
PARAMETRIC_REPRESENTATION_CONTEXT() REPRESENTATION_CONTEXT('2D SPACE',''
  ) );
#3972 = ORIENTED_EDGE('',*,*,#3973,.F.);
#3973 = EDGE_CURVE('',#3974,#3948,#3976,.T.);
#3974 = VERTEX_POINT('',#3975);
#3975 = CARTESIAN_POINT('',(-2.99,14.21,-14.25));
#3976 = SURFACE_CURVE('',#3977,(#3982,#3989),.PCURVE_S1.);
#3977 = CIRCLE('',#3978,1.09);
#3978 = AXIS2_PLACEMENT_3D('',#3979,#3980,#3981);
#3979 = CARTESIAN_POINT('',(-2.99,15.3,-14.25));
#3980 = DIRECTION('',(0.,0.,1.));
#3981 = DIRECTION('',(1.,0.,-0.));
#3982 = PCURVE('',#1022,#3983);
#3983 = DEFINITIONAL_REPRESENTATION('',(#3984),#3988);
#3984 = CIRCLE('',#3985,1.09);
#3985 = AXIS2_PLACEMENT_2D('',#3986,#3987);
#3986 = CARTESIAN_POINT('',(11.26,6.8));
#3987 = DIRECTION('',(1.,0.));
#3988 = ( GEOMETRIC_REPRESENTATION_CONTEXT(2) 
PARAMETRIC_REPRESENTATION_CONTEXT() REPRESENTATION_CONTEXT('2D SPACE',''
  ) );
#3989 = PCURVE('',#3990,#3995);
#3990 = CYLINDRICAL_SURFACE('',#3991,1.09);
#3991 = AXIS2_PLACEMENT_3D('',#3992,#3993,#3994);
#3992 = CARTESIAN_POINT('',(-2.99,15.3,-15.25));
#3993 = DIRECTION('',(0.,0.,1.));
#3994 = DIRECTION('',(1.,0.,-0.));
#3995 = DEFINITIONAL_REPRESENTATION('',(#3996),#4000);
#3996 = LINE('',#3997,#3998);
#3997 = CARTESIAN_POINT('',(-6.28318530718,1.));
#3998 = VECTOR('',#3999,1.);
#3999 = DIRECTION('',(1.,-0.));
#4000 = ( GEOMETRIC_REPRESENTATION_CONTEXT(2) 
PARAMETRIC_REPRESENTATION_CONTEXT() REPRESENTATION_CONTEXT('2D SPACE',''
  ) );
#4001 = ORIENTED_EDGE('',*,*,#4002,.T.);
#4002 = EDGE_CURVE('',#3974,#3809,#4003,.T.);
#4003 = SURFACE_CURVE('',#4004,(#4008,#4014),.PCURVE_S1.);
#4004 = LINE('',#4005,#4006);
#4005 = CARTESIAN_POINT('',(-9.175,14.21,-14.25));
#4006 = VECTOR('',#4007,1.);
#4007 = DIRECTION('',(-1.,0.,0.));
#4008 = PCURVE('',#1022,#4009);
#4009 = DEFINITIONAL_REPRESENTATION('',(#4010),#4013);
#4010 = B_SPLINE_CURVE_WITH_KNOTS('',1,(#4011,#4012),.UNSPECIFIED.,.F.,
  .F.,(2,2),(-6.185,-6.165),.PIECEWISE_BEZIER_KNOTS.);
#4011 = CARTESIAN_POINT('',(11.26,5.71));
#4012 = CARTESIAN_POINT('',(11.24,5.71));
#4013 = ( GEOMETRIC_REPRESENTATION_CONTEXT(2) 
PARAMETRIC_REPRESENTATION_CONTEXT() REPRESENTATION_CONTEXT('2D SPACE',''
  ) );
#4014 = PCURVE('',#4015,#4020);
#4015 = PLANE('',#4016);
#4016 = AXIS2_PLACEMENT_3D('',#4017,#4018,#4019);
#4017 = CARTESIAN_POINT('',(-4.1,14.21,-15.25));
#4018 = DIRECTION('',(0.,1.,0.));
#4019 = DIRECTION('',(0.,0.,1.));
#4020 = DEFINITIONAL_REPRESENTATION('',(#4021),#4024);
#4021 = B_SPLINE_CURVE_WITH_KNOTS('',1,(#4022,#4023),.UNSPECIFIED.,.F.,
  .F.,(2,2),(-6.185,-6.165),.PIECEWISE_BEZIER_KNOTS.);
#4022 = CARTESIAN_POINT('',(1.,1.11));
#4023 = CARTESIAN_POINT('',(1.,1.09));
#4024 = ( GEOMETRIC_REPRESENTATION_CONTEXT(2) 
PARAMETRIC_REPRESENTATION_CONTEXT() REPRESENTATION_CONTEXT('2D SPACE',''
  ) );
#4025 = FACE_BOUND('',#4026,.F.);
#4026 = EDGE_LOOP('',(#4027,#4058,#4084,#4113,#4139,#4168,#4194,#4223));
#4027 = ORIENTED_EDGE('',*,*,#4028,.F.);
#4028 = EDGE_CURVE('',#4029,#4031,#4033,.T.);
#4029 = VERTEX_POINT('',#4030);
#4030 = CARTESIAN_POINT('',(-1.1,15.3,-14.25));
#4031 = VERTEX_POINT('',#4032);
#4032 = CARTESIAN_POINT('',(-1.E-02,14.21,-14.25));
#4033 = SURFACE_CURVE('',#4034,(#4039,#4046),.PCURVE_S1.);
#4034 = CIRCLE('',#4035,1.09);
#4035 = AXIS2_PLACEMENT_3D('',#4036,#4037,#4038);
#4036 = CARTESIAN_POINT('',(-1.E-02,15.3,-14.25));
#4037 = DIRECTION('',(0.,0.,1.));
#4038 = DIRECTION('',(-1.,-0.,0.));
#4039 = PCURVE('',#1022,#4040);
#4040 = DEFINITIONAL_REPRESENTATION('',(#4041),#4045);
#4041 = CIRCLE('',#4042,1.09);
#4042 = AXIS2_PLACEMENT_2D('',#4043,#4044);
#4043 = CARTESIAN_POINT('',(14.24,6.8));
#4044 = DIRECTION('',(-1.,0.));
#4045 = ( GEOMETRIC_REPRESENTATION_CONTEXT(2) 
PARAMETRIC_REPRESENTATION_CONTEXT() REPRESENTATION_CONTEXT('2D SPACE',''
  ) );
#4046 = PCURVE('',#4047,#4052);
#4047 = CYLINDRICAL_SURFACE('',#4048,1.09);
#4048 = AXIS2_PLACEMENT_3D('',#4049,#4050,#4051);
#4049 = CARTESIAN_POINT('',(-1.E-02,15.3,-15.25));
#4050 = DIRECTION('',(0.,0.,1.));
#4051 = DIRECTION('',(-1.,-0.,0.));
#4052 = DEFINITIONAL_REPRESENTATION('',(#4053),#4057);
#4053 = LINE('',#4054,#4055);
#4054 = CARTESIAN_POINT('',(0.,1.));
#4055 = VECTOR('',#4056,1.);
#4056 = DIRECTION('',(1.,0.));
#4057 = ( GEOMETRIC_REPRESENTATION_CONTEXT(2) 
PARAMETRIC_REPRESENTATION_CONTEXT() REPRESENTATION_CONTEXT('2D SPACE',''
  ) );
#4058 = ORIENTED_EDGE('',*,*,#4059,.T.);
#4059 = EDGE_CURVE('',#4029,#4060,#4062,.T.);
#4060 = VERTEX_POINT('',#4061);
#4061 = CARTESIAN_POINT('',(-1.1,18.62,-14.25));
#4062 = SURFACE_CURVE('',#4063,(#4067,#4073),.PCURVE_S1.);
#4063 = LINE('',#4064,#4065);
#4064 = CARTESIAN_POINT('',(-1.1,11.355,-14.25));
#4065 = VECTOR('',#4066,1.);
#4066 = DIRECTION('',(0.,1.,0.));
#4067 = PCURVE('',#1022,#4068);
#4068 = DEFINITIONAL_REPRESENTATION('',(#4069),#4072);
#4069 = B_SPLINE_CURVE_WITH_KNOTS('',1,(#4070,#4071),.UNSPECIFIED.,.F.,
  .F.,(2,2),(3.945,7.265),.PIECEWISE_BEZIER_KNOTS.);
#4070 = CARTESIAN_POINT('',(13.15,6.8));
#4071 = CARTESIAN_POINT('',(13.15,10.12));
#4072 = ( GEOMETRIC_REPRESENTATION_CONTEXT(2) 
PARAMETRIC_REPRESENTATION_CONTEXT() REPRESENTATION_CONTEXT('2D SPACE',''
  ) );
#4073 = PCURVE('',#4074,#4079);
#4074 = PLANE('',#4075);
#4075 = AXIS2_PLACEMENT_3D('',#4076,#4077,#4078);
#4076 = CARTESIAN_POINT('',(-1.1,14.21,-15.25));
#4077 = DIRECTION('',(1.,0.,0.));
#4078 = DIRECTION('',(0.,0.,1.));
#4079 = DEFINITIONAL_REPRESENTATION('',(#4080),#4083);
#4080 = B_SPLINE_CURVE_WITH_KNOTS('',1,(#4081,#4082),.UNSPECIFIED.,.F.,
  .F.,(2,2),(3.945,7.265),.PIECEWISE_BEZIER_KNOTS.);
#4081 = CARTESIAN_POINT('',(1.,-1.09));
#4082 = CARTESIAN_POINT('',(1.,-4.41));
#4083 = ( GEOMETRIC_REPRESENTATION_CONTEXT(2) 
PARAMETRIC_REPRESENTATION_CONTEXT() REPRESENTATION_CONTEXT('2D SPACE',''
  ) );
#4084 = ORIENTED_EDGE('',*,*,#4085,.F.);
#4085 = EDGE_CURVE('',#4086,#4060,#4088,.T.);
#4086 = VERTEX_POINT('',#4087);
#4087 = CARTESIAN_POINT('',(-1.E-02,19.71,-14.25));
#4088 = SURFACE_CURVE('',#4089,(#4094,#4101),.PCURVE_S1.);
#4089 = CIRCLE('',#4090,1.09);
#4090 = AXIS2_PLACEMENT_3D('',#4091,#4092,#4093);
#4091 = CARTESIAN_POINT('',(-1.E-02,18.62,-14.25));
#4092 = DIRECTION('',(0.,0.,1.));
#4093 = DIRECTION('',(-1.,-0.,0.));
#4094 = PCURVE('',#1022,#4095);
#4095 = DEFINITIONAL_REPRESENTATION('',(#4096),#4100);
#4096 = CIRCLE('',#4097,1.09);
#4097 = AXIS2_PLACEMENT_2D('',#4098,#4099);
#4098 = CARTESIAN_POINT('',(14.24,10.12));
#4099 = DIRECTION('',(-1.,0.));
#4100 = ( GEOMETRIC_REPRESENTATION_CONTEXT(2) 
PARAMETRIC_REPRESENTATION_CONTEXT() REPRESENTATION_CONTEXT('2D SPACE',''
  ) );
#4101 = PCURVE('',#4102,#4107);
#4102 = CYLINDRICAL_SURFACE('',#4103,1.09);
#4103 = AXIS2_PLACEMENT_3D('',#4104,#4105,#4106);
#4104 = CARTESIAN_POINT('',(-1.E-02,18.62,-15.25));
#4105 = DIRECTION('',(0.,0.,1.));
#4106 = DIRECTION('',(-1.,-0.,0.));
#4107 = DEFINITIONAL_REPRESENTATION('',(#4108),#4112);
#4108 = LINE('',#4109,#4110);
#4109 = CARTESIAN_POINT('',(-6.28318530718,1.));
#4110 = VECTOR('',#4111,1.);
#4111 = DIRECTION('',(1.,-0.));
#4112 = ( GEOMETRIC_REPRESENTATION_CONTEXT(2) 
PARAMETRIC_REPRESENTATION_CONTEXT() REPRESENTATION_CONTEXT('2D SPACE',''
  ) );
#4113 = ORIENTED_EDGE('',*,*,#4114,.F.);
#4114 = EDGE_CURVE('',#4115,#4086,#4117,.T.);
#4115 = VERTEX_POINT('',#4116);
#4116 = CARTESIAN_POINT('',(1.E-02,19.71,-14.25));
#4117 = SURFACE_CURVE('',#4118,(#4122,#4128),.PCURVE_S1.);
#4118 = LINE('',#4119,#4120);
#4119 = CARTESIAN_POINT('',(-7.675,19.71,-14.25));
#4120 = VECTOR('',#4121,1.);
#4121 = DIRECTION('',(-1.,0.,0.));
#4122 = PCURVE('',#1022,#4123);
#4123 = DEFINITIONAL_REPRESENTATION('',(#4124),#4127);
#4124 = B_SPLINE_CURVE_WITH_KNOTS('',1,(#4125,#4126),.UNSPECIFIED.,.F.,
  .F.,(2,2),(-7.685,-7.665),.PIECEWISE_BEZIER_KNOTS.);
#4125 = CARTESIAN_POINT('',(14.26,11.21));
#4126 = CARTESIAN_POINT('',(14.24,11.21));
#4127 = ( GEOMETRIC_REPRESENTATION_CONTEXT(2) 
PARAMETRIC_REPRESENTATION_CONTEXT() REPRESENTATION_CONTEXT('2D SPACE',''
  ) );
#4128 = PCURVE('',#4129,#4134);
#4129 = PLANE('',#4130);
#4130 = AXIS2_PLACEMENT_3D('',#4131,#4132,#4133);
#4131 = CARTESIAN_POINT('',(-1.1,19.71,-15.25));
#4132 = DIRECTION('',(0.,1.,0.));
#4133 = DIRECTION('',(0.,0.,1.));
#4134 = DEFINITIONAL_REPRESENTATION('',(#4135),#4138);
#4135 = B_SPLINE_CURVE_WITH_KNOTS('',1,(#4136,#4137),.UNSPECIFIED.,.F.,
  .F.,(2,2),(-7.685,-7.665),.PIECEWISE_BEZIER_KNOTS.);
#4136 = CARTESIAN_POINT('',(1.,1.11));
#4137 = CARTESIAN_POINT('',(1.,1.09));
#4138 = ( GEOMETRIC_REPRESENTATION_CONTEXT(2) 
PARAMETRIC_REPRESENTATION_CONTEXT() REPRESENTATION_CONTEXT('2D SPACE',''
  ) );
#4139 = ORIENTED_EDGE('',*,*,#4140,.F.);
#4140 = EDGE_CURVE('',#4141,#4115,#4143,.T.);
#4141 = VERTEX_POINT('',#4142);
#4142 = CARTESIAN_POINT('',(1.1,18.62,-14.25));
#4143 = SURFACE_CURVE('',#4144,(#4149,#4156),.PCURVE_S1.);
#4144 = CIRCLE('',#4145,1.09);
#4145 = AXIS2_PLACEMENT_3D('',#4146,#4147,#4148);
#4146 = CARTESIAN_POINT('',(1.E-02,18.62,-14.25));
#4147 = DIRECTION('',(0.,0.,1.));
#4148 = DIRECTION('',(1.,0.,-0.));
#4149 = PCURVE('',#1022,#4150);
#4150 = DEFINITIONAL_REPRESENTATION('',(#4151),#4155);
#4151 = CIRCLE('',#4152,1.09);
#4152 = AXIS2_PLACEMENT_2D('',#4153,#4154);
#4153 = CARTESIAN_POINT('',(14.26,10.12));
#4154 = DIRECTION('',(1.,0.));
#4155 = ( GEOMETRIC_REPRESENTATION_CONTEXT(2) 
PARAMETRIC_REPRESENTATION_CONTEXT() REPRESENTATION_CONTEXT('2D SPACE',''
  ) );
#4156 = PCURVE('',#4157,#4162);
#4157 = CYLINDRICAL_SURFACE('',#4158,1.09);
#4158 = AXIS2_PLACEMENT_3D('',#4159,#4160,#4161);
#4159 = CARTESIAN_POINT('',(1.E-02,18.62,-15.25));
#4160 = DIRECTION('',(0.,0.,1.));
#4161 = DIRECTION('',(1.,0.,-0.));
#4162 = DEFINITIONAL_REPRESENTATION('',(#4163),#4167);
#4163 = LINE('',#4164,#4165);
#4164 = CARTESIAN_POINT('',(0.,1.));
#4165 = VECTOR('',#4166,1.);
#4166 = DIRECTION('',(1.,0.));
#4167 = ( GEOMETRIC_REPRESENTATION_CONTEXT(2) 
PARAMETRIC_REPRESENTATION_CONTEXT() REPRESENTATION_CONTEXT('2D SPACE',''
  ) );
#4168 = ORIENTED_EDGE('',*,*,#4169,.F.);
#4169 = EDGE_CURVE('',#4170,#4141,#4172,.T.);
#4170 = VERTEX_POINT('',#4171);
#4171 = CARTESIAN_POINT('',(1.1,15.3,-14.25));
#4172 = SURFACE_CURVE('',#4173,(#4177,#4183),.PCURVE_S1.);
#4173 = LINE('',#4174,#4175);
#4174 = CARTESIAN_POINT('',(1.1,11.355,-14.25));
#4175 = VECTOR('',#4176,1.);
#4176 = DIRECTION('',(0.,1.,0.));
#4177 = PCURVE('',#1022,#4178);
#4178 = DEFINITIONAL_REPRESENTATION('',(#4179),#4182);
#4179 = B_SPLINE_CURVE_WITH_KNOTS('',1,(#4180,#4181),.UNSPECIFIED.,.F.,
  .F.,(2,2),(3.945,7.265),.PIECEWISE_BEZIER_KNOTS.);
#4180 = CARTESIAN_POINT('',(15.35,6.8));
#4181 = CARTESIAN_POINT('',(15.35,10.12));
#4182 = ( GEOMETRIC_REPRESENTATION_CONTEXT(2) 
PARAMETRIC_REPRESENTATION_CONTEXT() REPRESENTATION_CONTEXT('2D SPACE',''
  ) );
#4183 = PCURVE('',#4184,#4189);
#4184 = PLANE('',#4185);
#4185 = AXIS2_PLACEMENT_3D('',#4186,#4187,#4188);
#4186 = CARTESIAN_POINT('',(1.1,14.21,-15.25));
#4187 = DIRECTION('',(1.,0.,0.));
#4188 = DIRECTION('',(0.,0.,1.));
#4189 = DEFINITIONAL_REPRESENTATION('',(#4190),#4193);
#4190 = B_SPLINE_CURVE_WITH_KNOTS('',1,(#4191,#4192),.UNSPECIFIED.,.F.,
  .F.,(2,2),(3.945,7.265),.PIECEWISE_BEZIER_KNOTS.);
#4191 = CARTESIAN_POINT('',(1.,-1.09));
#4192 = CARTESIAN_POINT('',(1.,-4.41));
#4193 = ( GEOMETRIC_REPRESENTATION_CONTEXT(2) 
PARAMETRIC_REPRESENTATION_CONTEXT() REPRESENTATION_CONTEXT('2D SPACE',''
  ) );
#4194 = ORIENTED_EDGE('',*,*,#4195,.F.);
#4195 = EDGE_CURVE('',#4196,#4170,#4198,.T.);
#4196 = VERTEX_POINT('',#4197);
#4197 = CARTESIAN_POINT('',(1.E-02,14.21,-14.25));
#4198 = SURFACE_CURVE('',#4199,(#4204,#4211),.PCURVE_S1.);
#4199 = CIRCLE('',#4200,1.09);
#4200 = AXIS2_PLACEMENT_3D('',#4201,#4202,#4203);
#4201 = CARTESIAN_POINT('',(1.E-02,15.3,-14.25));
#4202 = DIRECTION('',(0.,0.,1.));
#4203 = DIRECTION('',(1.,0.,-0.));
#4204 = PCURVE('',#1022,#4205);
#4205 = DEFINITIONAL_REPRESENTATION('',(#4206),#4210);
#4206 = CIRCLE('',#4207,1.09);
#4207 = AXIS2_PLACEMENT_2D('',#4208,#4209);
#4208 = CARTESIAN_POINT('',(14.26,6.8));
#4209 = DIRECTION('',(1.,0.));
#4210 = ( GEOMETRIC_REPRESENTATION_CONTEXT(2) 
PARAMETRIC_REPRESENTATION_CONTEXT() REPRESENTATION_CONTEXT('2D SPACE',''
  ) );
#4211 = PCURVE('',#4212,#4217);
#4212 = CYLINDRICAL_SURFACE('',#4213,1.09);
#4213 = AXIS2_PLACEMENT_3D('',#4214,#4215,#4216);
#4214 = CARTESIAN_POINT('',(1.E-02,15.3,-15.25));
#4215 = DIRECTION('',(0.,0.,1.));
#4216 = DIRECTION('',(1.,0.,-0.));
#4217 = DEFINITIONAL_REPRESENTATION('',(#4218),#4222);
#4218 = LINE('',#4219,#4220);
#4219 = CARTESIAN_POINT('',(-6.28318530718,1.));
#4220 = VECTOR('',#4221,1.);
#4221 = DIRECTION('',(1.,-0.));
#4222 = ( GEOMETRIC_REPRESENTATION_CONTEXT(2) 
PARAMETRIC_REPRESENTATION_CONTEXT() REPRESENTATION_CONTEXT('2D SPACE',''
  ) );
#4223 = ORIENTED_EDGE('',*,*,#4224,.T.);
#4224 = EDGE_CURVE('',#4196,#4031,#4225,.T.);
#4225 = SURFACE_CURVE('',#4226,(#4230,#4236),.PCURVE_S1.);
#4226 = LINE('',#4227,#4228);
#4227 = CARTESIAN_POINT('',(-7.675,14.21,-14.25));
#4228 = VECTOR('',#4229,1.);
#4229 = DIRECTION('',(-1.,0.,0.));
#4230 = PCURVE('',#1022,#4231);
#4231 = DEFINITIONAL_REPRESENTATION('',(#4232),#4235);
#4232 = B_SPLINE_CURVE_WITH_KNOTS('',1,(#4233,#4234),.UNSPECIFIED.,.F.,
  .F.,(2,2),(-7.685,-7.665),.PIECEWISE_BEZIER_KNOTS.);
#4233 = CARTESIAN_POINT('',(14.26,5.71));
#4234 = CARTESIAN_POINT('',(14.24,5.71));
#4235 = ( GEOMETRIC_REPRESENTATION_CONTEXT(2) 
PARAMETRIC_REPRESENTATION_CONTEXT() REPRESENTATION_CONTEXT('2D SPACE',''
  ) );
#4236 = PCURVE('',#4237,#4242);
#4237 = PLANE('',#4238);
#4238 = AXIS2_PLACEMENT_3D('',#4239,#4240,#4241);
#4239 = CARTESIAN_POINT('',(-1.1,14.21,-15.25));
#4240 = DIRECTION('',(0.,1.,0.));
#4241 = DIRECTION('',(0.,0.,1.));
#4242 = DEFINITIONAL_REPRESENTATION('',(#4243),#4246);
#4243 = B_SPLINE_CURVE_WITH_KNOTS('',1,(#4244,#4245),.UNSPECIFIED.,.F.,
  .F.,(2,2),(-7.685,-7.665),.PIECEWISE_BEZIER_KNOTS.);
#4244 = CARTESIAN_POINT('',(1.,1.11));
#4245 = CARTESIAN_POINT('',(1.,1.09));
#4246 = ( GEOMETRIC_REPRESENTATION_CONTEXT(2) 
PARAMETRIC_REPRESENTATION_CONTEXT() REPRESENTATION_CONTEXT('2D SPACE',''
  ) );
#4247 = FACE_BOUND('',#4248,.F.);
#4248 = EDGE_LOOP('',(#4249,#4280,#4306,#4335,#4361,#4390,#4416,#4445));
#4249 = ORIENTED_EDGE('',*,*,#4250,.F.);
#4250 = EDGE_CURVE('',#4251,#4253,#4255,.T.);
#4251 = VERTEX_POINT('',#4252);
#4252 = CARTESIAN_POINT('',(1.9,15.3,-14.25));
#4253 = VERTEX_POINT('',#4254);
#4254 = CARTESIAN_POINT('',(2.99,14.21,-14.25));
#4255 = SURFACE_CURVE('',#4256,(#4261,#4268),.PCURVE_S1.);
#4256 = CIRCLE('',#4257,1.09);
#4257 = AXIS2_PLACEMENT_3D('',#4258,#4259,#4260);
#4258 = CARTESIAN_POINT('',(2.99,15.3,-14.25));
#4259 = DIRECTION('',(0.,0.,1.));
#4260 = DIRECTION('',(-1.,-0.,0.));
#4261 = PCURVE('',#1022,#4262);
#4262 = DEFINITIONAL_REPRESENTATION('',(#4263),#4267);
#4263 = CIRCLE('',#4264,1.09);
#4264 = AXIS2_PLACEMENT_2D('',#4265,#4266);
#4265 = CARTESIAN_POINT('',(17.24,6.8));
#4266 = DIRECTION('',(-1.,0.));
#4267 = ( GEOMETRIC_REPRESENTATION_CONTEXT(2) 
PARAMETRIC_REPRESENTATION_CONTEXT() REPRESENTATION_CONTEXT('2D SPACE',''
  ) );
#4268 = PCURVE('',#4269,#4274);
#4269 = CYLINDRICAL_SURFACE('',#4270,1.09);
#4270 = AXIS2_PLACEMENT_3D('',#4271,#4272,#4273);
#4271 = CARTESIAN_POINT('',(2.99,15.3,-15.25));
#4272 = DIRECTION('',(0.,0.,1.));
#4273 = DIRECTION('',(-1.,-0.,0.));
#4274 = DEFINITIONAL_REPRESENTATION('',(#4275),#4279);
#4275 = LINE('',#4276,#4277);
#4276 = CARTESIAN_POINT('',(0.,1.));
#4277 = VECTOR('',#4278,1.);
#4278 = DIRECTION('',(1.,0.));
#4279 = ( GEOMETRIC_REPRESENTATION_CONTEXT(2) 
PARAMETRIC_REPRESENTATION_CONTEXT() REPRESENTATION_CONTEXT('2D SPACE',''
  ) );
#4280 = ORIENTED_EDGE('',*,*,#4281,.T.);
#4281 = EDGE_CURVE('',#4251,#4282,#4284,.T.);
#4282 = VERTEX_POINT('',#4283);
#4283 = CARTESIAN_POINT('',(1.9,18.62,-14.25));
#4284 = SURFACE_CURVE('',#4285,(#4289,#4295),.PCURVE_S1.);
#4285 = LINE('',#4286,#4287);
#4286 = CARTESIAN_POINT('',(1.9,11.355,-14.25));
#4287 = VECTOR('',#4288,1.);
#4288 = DIRECTION('',(0.,1.,0.));
#4289 = PCURVE('',#1022,#4290);
#4290 = DEFINITIONAL_REPRESENTATION('',(#4291),#4294);
#4291 = B_SPLINE_CURVE_WITH_KNOTS('',1,(#4292,#4293),.UNSPECIFIED.,.F.,
  .F.,(2,2),(3.945,7.265),.PIECEWISE_BEZIER_KNOTS.);
#4292 = CARTESIAN_POINT('',(16.15,6.8));
#4293 = CARTESIAN_POINT('',(16.15,10.12));
#4294 = ( GEOMETRIC_REPRESENTATION_CONTEXT(2) 
PARAMETRIC_REPRESENTATION_CONTEXT() REPRESENTATION_CONTEXT('2D SPACE',''
  ) );
#4295 = PCURVE('',#4296,#4301);
#4296 = PLANE('',#4297);
#4297 = AXIS2_PLACEMENT_3D('',#4298,#4299,#4300);
#4298 = CARTESIAN_POINT('',(1.9,14.21,-15.25));
#4299 = DIRECTION('',(1.,0.,0.));
#4300 = DIRECTION('',(0.,0.,1.));
#4301 = DEFINITIONAL_REPRESENTATION('',(#4302),#4305);
#4302 = B_SPLINE_CURVE_WITH_KNOTS('',1,(#4303,#4304),.UNSPECIFIED.,.F.,
  .F.,(2,2),(3.945,7.265),.PIECEWISE_BEZIER_KNOTS.);
#4303 = CARTESIAN_POINT('',(1.,-1.09));
#4304 = CARTESIAN_POINT('',(1.,-4.41));
#4305 = ( GEOMETRIC_REPRESENTATION_CONTEXT(2) 
PARAMETRIC_REPRESENTATION_CONTEXT() REPRESENTATION_CONTEXT('2D SPACE',''
  ) );
#4306 = ORIENTED_EDGE('',*,*,#4307,.F.);
#4307 = EDGE_CURVE('',#4308,#4282,#4310,.T.);
#4308 = VERTEX_POINT('',#4309);
#4309 = CARTESIAN_POINT('',(2.99,19.71,-14.25));
#4310 = SURFACE_CURVE('',#4311,(#4316,#4323),.PCURVE_S1.);
#4311 = CIRCLE('',#4312,1.09);
#4312 = AXIS2_PLACEMENT_3D('',#4313,#4314,#4315);
#4313 = CARTESIAN_POINT('',(2.99,18.62,-14.25));
#4314 = DIRECTION('',(0.,0.,1.));
#4315 = DIRECTION('',(-1.,-0.,0.));
#4316 = PCURVE('',#1022,#4317);
#4317 = DEFINITIONAL_REPRESENTATION('',(#4318),#4322);
#4318 = CIRCLE('',#4319,1.09);
#4319 = AXIS2_PLACEMENT_2D('',#4320,#4321);
#4320 = CARTESIAN_POINT('',(17.24,10.12));
#4321 = DIRECTION('',(-1.,0.));
#4322 = ( GEOMETRIC_REPRESENTATION_CONTEXT(2) 
PARAMETRIC_REPRESENTATION_CONTEXT() REPRESENTATION_CONTEXT('2D SPACE',''
  ) );
#4323 = PCURVE('',#4324,#4329);
#4324 = CYLINDRICAL_SURFACE('',#4325,1.09);
#4325 = AXIS2_PLACEMENT_3D('',#4326,#4327,#4328);
#4326 = CARTESIAN_POINT('',(2.99,18.62,-15.25));
#4327 = DIRECTION('',(0.,0.,1.));
#4328 = DIRECTION('',(-1.,-0.,0.));
#4329 = DEFINITIONAL_REPRESENTATION('',(#4330),#4334);
#4330 = LINE('',#4331,#4332);
#4331 = CARTESIAN_POINT('',(-6.28318530718,1.));
#4332 = VECTOR('',#4333,1.);
#4333 = DIRECTION('',(1.,-0.));
#4334 = ( GEOMETRIC_REPRESENTATION_CONTEXT(2) 
PARAMETRIC_REPRESENTATION_CONTEXT() REPRESENTATION_CONTEXT('2D SPACE',''
  ) );
#4335 = ORIENTED_EDGE('',*,*,#4336,.F.);
#4336 = EDGE_CURVE('',#4337,#4308,#4339,.T.);
#4337 = VERTEX_POINT('',#4338);
#4338 = CARTESIAN_POINT('',(3.01,19.71,-14.25));
#4339 = SURFACE_CURVE('',#4340,(#4344,#4350),.PCURVE_S1.);
#4340 = LINE('',#4341,#4342);
#4341 = CARTESIAN_POINT('',(-6.175,19.71,-14.25));
#4342 = VECTOR('',#4343,1.);
#4343 = DIRECTION('',(-1.,0.,0.));
#4344 = PCURVE('',#1022,#4345);
#4345 = DEFINITIONAL_REPRESENTATION('',(#4346),#4349);
#4346 = B_SPLINE_CURVE_WITH_KNOTS('',1,(#4347,#4348),.UNSPECIFIED.,.F.,
  .F.,(2,2),(-9.185,-9.165),.PIECEWISE_BEZIER_KNOTS.);
#4347 = CARTESIAN_POINT('',(17.26,11.21));
#4348 = CARTESIAN_POINT('',(17.24,11.21));
#4349 = ( GEOMETRIC_REPRESENTATION_CONTEXT(2) 
PARAMETRIC_REPRESENTATION_CONTEXT() REPRESENTATION_CONTEXT('2D SPACE',''
  ) );
#4350 = PCURVE('',#4351,#4356);
#4351 = PLANE('',#4352);
#4352 = AXIS2_PLACEMENT_3D('',#4353,#4354,#4355);
#4353 = CARTESIAN_POINT('',(1.9,19.71,-15.25));
#4354 = DIRECTION('',(0.,1.,0.));
#4355 = DIRECTION('',(0.,0.,1.));
#4356 = DEFINITIONAL_REPRESENTATION('',(#4357),#4360);
#4357 = B_SPLINE_CURVE_WITH_KNOTS('',1,(#4358,#4359),.UNSPECIFIED.,.F.,
  .F.,(2,2),(-9.185,-9.165),.PIECEWISE_BEZIER_KNOTS.);
#4358 = CARTESIAN_POINT('',(1.,1.11));
#4359 = CARTESIAN_POINT('',(1.,1.09));
#4360 = ( GEOMETRIC_REPRESENTATION_CONTEXT(2) 
PARAMETRIC_REPRESENTATION_CONTEXT() REPRESENTATION_CONTEXT('2D SPACE',''
  ) );
#4361 = ORIENTED_EDGE('',*,*,#4362,.F.);
#4362 = EDGE_CURVE('',#4363,#4337,#4365,.T.);
#4363 = VERTEX_POINT('',#4364);
#4364 = CARTESIAN_POINT('',(4.1,18.62,-14.25));
#4365 = SURFACE_CURVE('',#4366,(#4371,#4378),.PCURVE_S1.);
#4366 = CIRCLE('',#4367,1.09);
#4367 = AXIS2_PLACEMENT_3D('',#4368,#4369,#4370);
#4368 = CARTESIAN_POINT('',(3.01,18.62,-14.25));
#4369 = DIRECTION('',(0.,0.,1.));
#4370 = DIRECTION('',(1.,0.,-0.));
#4371 = PCURVE('',#1022,#4372);
#4372 = DEFINITIONAL_REPRESENTATION('',(#4373),#4377);
#4373 = CIRCLE('',#4374,1.09);
#4374 = AXIS2_PLACEMENT_2D('',#4375,#4376);
#4375 = CARTESIAN_POINT('',(17.26,10.12));
#4376 = DIRECTION('',(1.,0.));
#4377 = ( GEOMETRIC_REPRESENTATION_CONTEXT(2) 
PARAMETRIC_REPRESENTATION_CONTEXT() REPRESENTATION_CONTEXT('2D SPACE',''
  ) );
#4378 = PCURVE('',#4379,#4384);
#4379 = CYLINDRICAL_SURFACE('',#4380,1.09);
#4380 = AXIS2_PLACEMENT_3D('',#4381,#4382,#4383);
#4381 = CARTESIAN_POINT('',(3.01,18.62,-15.25));
#4382 = DIRECTION('',(0.,0.,1.));
#4383 = DIRECTION('',(1.,0.,-0.));
#4384 = DEFINITIONAL_REPRESENTATION('',(#4385),#4389);
#4385 = LINE('',#4386,#4387);
#4386 = CARTESIAN_POINT('',(0.,1.));
#4387 = VECTOR('',#4388,1.);
#4388 = DIRECTION('',(1.,0.));
#4389 = ( GEOMETRIC_REPRESENTATION_CONTEXT(2) 
PARAMETRIC_REPRESENTATION_CONTEXT() REPRESENTATION_CONTEXT('2D SPACE',''
  ) );
#4390 = ORIENTED_EDGE('',*,*,#4391,.F.);
#4391 = EDGE_CURVE('',#4392,#4363,#4394,.T.);
#4392 = VERTEX_POINT('',#4393);
#4393 = CARTESIAN_POINT('',(4.1,15.3,-14.25));
#4394 = SURFACE_CURVE('',#4395,(#4399,#4405),.PCURVE_S1.);
#4395 = LINE('',#4396,#4397);
#4396 = CARTESIAN_POINT('',(4.1,11.355,-14.25));
#4397 = VECTOR('',#4398,1.);
#4398 = DIRECTION('',(0.,1.,0.));
#4399 = PCURVE('',#1022,#4400);
#4400 = DEFINITIONAL_REPRESENTATION('',(#4401),#4404);
#4401 = B_SPLINE_CURVE_WITH_KNOTS('',1,(#4402,#4403),.UNSPECIFIED.,.F.,
  .F.,(2,2),(3.945,7.265),.PIECEWISE_BEZIER_KNOTS.);
#4402 = CARTESIAN_POINT('',(18.35,6.8));
#4403 = CARTESIAN_POINT('',(18.35,10.12));
#4404 = ( GEOMETRIC_REPRESENTATION_CONTEXT(2) 
PARAMETRIC_REPRESENTATION_CONTEXT() REPRESENTATION_CONTEXT('2D SPACE',''
  ) );
#4405 = PCURVE('',#4406,#4411);
#4406 = PLANE('',#4407);
#4407 = AXIS2_PLACEMENT_3D('',#4408,#4409,#4410);
#4408 = CARTESIAN_POINT('',(4.1,14.21,-15.25));
#4409 = DIRECTION('',(1.,0.,0.));
#4410 = DIRECTION('',(0.,0.,1.));
#4411 = DEFINITIONAL_REPRESENTATION('',(#4412),#4415);
#4412 = B_SPLINE_CURVE_WITH_KNOTS('',1,(#4413,#4414),.UNSPECIFIED.,.F.,
  .F.,(2,2),(3.945,7.265),.PIECEWISE_BEZIER_KNOTS.);
#4413 = CARTESIAN_POINT('',(1.,-1.09));
#4414 = CARTESIAN_POINT('',(1.,-4.41));
#4415 = ( GEOMETRIC_REPRESENTATION_CONTEXT(2) 
PARAMETRIC_REPRESENTATION_CONTEXT() REPRESENTATION_CONTEXT('2D SPACE',''
  ) );
#4416 = ORIENTED_EDGE('',*,*,#4417,.F.);
#4417 = EDGE_CURVE('',#4418,#4392,#4420,.T.);
#4418 = VERTEX_POINT('',#4419);
#4419 = CARTESIAN_POINT('',(3.01,14.21,-14.25));
#4420 = SURFACE_CURVE('',#4421,(#4426,#4433),.PCURVE_S1.);
#4421 = CIRCLE('',#4422,1.09);
#4422 = AXIS2_PLACEMENT_3D('',#4423,#4424,#4425);
#4423 = CARTESIAN_POINT('',(3.01,15.3,-14.25));
#4424 = DIRECTION('',(0.,0.,1.));
#4425 = DIRECTION('',(1.,0.,-0.));
#4426 = PCURVE('',#1022,#4427);
#4427 = DEFINITIONAL_REPRESENTATION('',(#4428),#4432);
#4428 = CIRCLE('',#4429,1.09);
#4429 = AXIS2_PLACEMENT_2D('',#4430,#4431);
#4430 = CARTESIAN_POINT('',(17.26,6.8));
#4431 = DIRECTION('',(1.,0.));
#4432 = ( GEOMETRIC_REPRESENTATION_CONTEXT(2) 
PARAMETRIC_REPRESENTATION_CONTEXT() REPRESENTATION_CONTEXT('2D SPACE',''
  ) );
#4433 = PCURVE('',#4434,#4439);
#4434 = CYLINDRICAL_SURFACE('',#4435,1.09);
#4435 = AXIS2_PLACEMENT_3D('',#4436,#4437,#4438);
#4436 = CARTESIAN_POINT('',(3.01,15.3,-15.25));
#4437 = DIRECTION('',(0.,0.,1.));
#4438 = DIRECTION('',(1.,0.,-0.));
#4439 = DEFINITIONAL_REPRESENTATION('',(#4440),#4444);
#4440 = LINE('',#4441,#4442);
#4441 = CARTESIAN_POINT('',(-6.28318530718,1.));
#4442 = VECTOR('',#4443,1.);
#4443 = DIRECTION('',(1.,-0.));
#4444 = ( GEOMETRIC_REPRESENTATION_CONTEXT(2) 
PARAMETRIC_REPRESENTATION_CONTEXT() REPRESENTATION_CONTEXT('2D SPACE',''
  ) );
#4445 = ORIENTED_EDGE('',*,*,#4446,.T.);
#4446 = EDGE_CURVE('',#4418,#4253,#4447,.T.);
#4447 = SURFACE_CURVE('',#4448,(#4452,#4458),.PCURVE_S1.);
#4448 = LINE('',#4449,#4450);
#4449 = CARTESIAN_POINT('',(-6.175,14.21,-14.25));
#4450 = VECTOR('',#4451,1.);
#4451 = DIRECTION('',(-1.,0.,0.));
#4452 = PCURVE('',#1022,#4453);
#4453 = DEFINITIONAL_REPRESENTATION('',(#4454),#4457);
#4454 = B_SPLINE_CURVE_WITH_KNOTS('',1,(#4455,#4456),.UNSPECIFIED.,.F.,
  .F.,(2,2),(-9.185,-9.165),.PIECEWISE_BEZIER_KNOTS.);
#4455 = CARTESIAN_POINT('',(17.26,5.71));
#4456 = CARTESIAN_POINT('',(17.24,5.71));
#4457 = ( GEOMETRIC_REPRESENTATION_CONTEXT(2) 
PARAMETRIC_REPRESENTATION_CONTEXT() REPRESENTATION_CONTEXT('2D SPACE',''
  ) );
#4458 = PCURVE('',#4459,#4464);
#4459 = PLANE('',#4460);
#4460 = AXIS2_PLACEMENT_3D('',#4461,#4462,#4463);
#4461 = CARTESIAN_POINT('',(1.9,14.21,-15.25));
#4462 = DIRECTION('',(0.,1.,0.));
#4463 = DIRECTION('',(0.,0.,1.));
#4464 = DEFINITIONAL_REPRESENTATION('',(#4465),#4468);
#4465 = B_SPLINE_CURVE_WITH_KNOTS('',1,(#4466,#4467),.UNSPECIFIED.,.F.,
  .F.,(2,2),(-9.185,-9.165),.PIECEWISE_BEZIER_KNOTS.);
#4466 = CARTESIAN_POINT('',(1.,1.11));
#4467 = CARTESIAN_POINT('',(1.,1.09));
#4468 = ( GEOMETRIC_REPRESENTATION_CONTEXT(2) 
PARAMETRIC_REPRESENTATION_CONTEXT() REPRESENTATION_CONTEXT('2D SPACE',''
  ) );
#4469 = ADVANCED_FACE('',(#4470),#1275,.T.);
#4470 = FACE_BOUND('',#4471,.F.);
#4471 = EDGE_LOOP('',(#4472,#4473,#4474,#4493));
#4472 = ORIENTED_EDGE('',*,*,#1262,.F.);
#4473 = ORIENTED_EDGE('',*,*,#1290,.T.);
#4474 = ORIENTED_EDGE('',*,*,#4475,.T.);
#4475 = EDGE_CURVE('',#1291,#3553,#4476,.T.);
#4476 = SURFACE_CURVE('',#4477,(#4481,#4487),.PCURVE_S1.);
#4477 = LINE('',#4478,#4479);
#4478 = CARTESIAN_POINT('',(9.,8.65,-14.1));
#4479 = VECTOR('',#4480,1.);
#4480 = DIRECTION('',(-0.,0.707106781187,-0.707106781187));
#4481 = PCURVE('',#1275,#4482);
#4482 = DEFINITIONAL_REPRESENTATION('',(#4483),#4486);
#4483 = B_SPLINE_CURVE_WITH_KNOTS('',1,(#4484,#4485),.UNSPECIFIED.,.F.,
  .F.,(2,2),(-0.212132034356,0.212132034356),.PIECEWISE_BEZIER_KNOTS.);
#4484 = CARTESIAN_POINT('',(-18.,-0.212132034356));
#4485 = CARTESIAN_POINT('',(-18.,0.212132034356));
#4486 = ( GEOMETRIC_REPRESENTATION_CONTEXT(2) 
PARAMETRIC_REPRESENTATION_CONTEXT() REPRESENTATION_CONTEXT('2D SPACE',''
  ) );
#4487 = PCURVE('',#1688,#4488);
#4488 = DEFINITIONAL_REPRESENTATION('',(#4489),#4492);
#4489 = B_SPLINE_CURVE_WITH_KNOTS('',1,(#4490,#4491),.UNSPECIFIED.,.F.,
  .F.,(2,2),(-0.212132034356,0.212132034356),.PIECEWISE_BEZIER_KNOTS.);
#4490 = CARTESIAN_POINT('',(0.,-0.3));
#4491 = CARTESIAN_POINT('',(0.,6.672892949406E-16));
#4492 = ( GEOMETRIC_REPRESENTATION_CONTEXT(2) 
PARAMETRIC_REPRESENTATION_CONTEXT() REPRESENTATION_CONTEXT('2D SPACE',''
  ) );
#4493 = ORIENTED_EDGE('',*,*,#3552,.F.);
#4494 = ADVANCED_FACE('',(#4495),#1688,.T.);
#4495 = FACE_BOUND('',#4496,.F.);
#4496 = EDGE_LOOP('',(#4497,#4498,#4499,#4520));
#4497 = ORIENTED_EDGE('',*,*,#4475,.F.);
#4498 = ORIENTED_EDGE('',*,*,#1669,.T.);
#4499 = ORIENTED_EDGE('',*,*,#4500,.T.);
#4500 = EDGE_CURVE('',#1642,#4501,#4503,.T.);
#4501 = VERTEX_POINT('',#4502);
#4502 = CARTESIAN_POINT('',(14.25,8.8,-9.));
#4503 = SURFACE_CURVE('',#4504,(#4508,#4514),.PCURVE_S1.);
#4504 = LINE('',#4505,#4506);
#4505 = CARTESIAN_POINT('',(14.25,8.8,-9.));
#4506 = VECTOR('',#4507,1.);
#4507 = DIRECTION('',(0.707106781187,0.707106781187,-4.329780281177E-17)
  );
#4508 = PCURVE('',#1688,#4509);
#4509 = DEFINITIONAL_REPRESENTATION('',(#4510),#4513);
#4510 = B_SPLINE_CURVE_WITH_KNOTS('',1,(#4511,#4512),.UNSPECIFIED.,.F.,
  .F.,(2,2),(-0.424264068712,0.),.PIECEWISE_BEZIER_KNOTS.);
#4511 = CARTESIAN_POINT('',(-1.570796326795,-0.3));
#4512 = CARTESIAN_POINT('',(-1.570796326795,0.));
#4513 = ( GEOMETRIC_REPRESENTATION_CONTEXT(2) 
PARAMETRIC_REPRESENTATION_CONTEXT() REPRESENTATION_CONTEXT('2D SPACE',''
  ) );
#4514 = PCURVE('',#1657,#4515);
#4515 = DEFINITIONAL_REPRESENTATION('',(#4516),#4519);
#4516 = B_SPLINE_CURVE_WITH_KNOTS('',1,(#4517,#4518),.UNSPECIFIED.,.F.,
  .F.,(2,2),(-0.424264068712,0.),.PIECEWISE_BEZIER_KNOTS.);
#4517 = CARTESIAN_POINT('',(0.,-0.212132034356));
#4518 = CARTESIAN_POINT('',(0.,0.212132034356));
#4519 = ( GEOMETRIC_REPRESENTATION_CONTEXT(2) 
PARAMETRIC_REPRESENTATION_CONTEXT() REPRESENTATION_CONTEXT('2D SPACE',''
  ) );
#4520 = ORIENTED_EDGE('',*,*,#4521,.F.);
#4521 = EDGE_CURVE('',#3553,#4501,#4522,.T.);
#4522 = SURFACE_CURVE('',#4523,(#4528,#4535),.PCURVE_S1.);
#4523 = CIRCLE('',#4524,5.25);
#4524 = AXIS2_PLACEMENT_3D('',#4525,#4526,#4527);
#4525 = CARTESIAN_POINT('',(9.,8.8,-9.));
#4526 = DIRECTION('',(0.,-1.,-0.));
#4527 = DIRECTION('',(0.,0.,-1.));
#4528 = PCURVE('',#1688,#4529);
#4529 = DEFINITIONAL_REPRESENTATION('',(#4530),#4534);
#4530 = LINE('',#4531,#4532);
#4531 = CARTESIAN_POINT('',(-0.,0.));
#4532 = VECTOR('',#4533,1.);
#4533 = DIRECTION('',(-1.,0.));
#4534 = ( GEOMETRIC_REPRESENTATION_CONTEXT(2) 
PARAMETRIC_REPRESENTATION_CONTEXT() REPRESENTATION_CONTEXT('2D SPACE',''
  ) );
#4535 = PCURVE('',#3591,#4536);
#4536 = DEFINITIONAL_REPRESENTATION('',(#4537),#4541);
#4537 = LINE('',#4538,#4539);
#4538 = CARTESIAN_POINT('',(1.570796326795,0.3));
#4539 = VECTOR('',#4540,1.);
#4540 = DIRECTION('',(-1.,-0.));
#4541 = ( GEOMETRIC_REPRESENTATION_CONTEXT(2) 
PARAMETRIC_REPRESENTATION_CONTEXT() REPRESENTATION_CONTEXT('2D SPACE',''
  ) );
#4542 = ADVANCED_FACE('',(#4543),#1657,.F.);
#4543 = FACE_BOUND('',#4544,.F.);
#4544 = EDGE_LOOP('',(#4545,#4546,#4547,#4568));
#4545 = ORIENTED_EDGE('',*,*,#4500,.F.);
#4546 = ORIENTED_EDGE('',*,*,#1641,.T.);
#4547 = ORIENTED_EDGE('',*,*,#4548,.T.);
#4548 = EDGE_CURVE('',#1609,#4549,#4551,.T.);
#4549 = VERTEX_POINT('',#4550);
#4550 = CARTESIAN_POINT('',(14.25,8.8,9.));
#4551 = SURFACE_CURVE('',#4552,(#4556,#4562),.PCURVE_S1.);
#4552 = LINE('',#4553,#4554);
#4553 = CARTESIAN_POINT('',(14.1,8.65,9.));
#4554 = VECTOR('',#4555,1.);
#4555 = DIRECTION('',(0.707106781187,0.707106781187,-0.));
#4556 = PCURVE('',#1657,#4557);
#4557 = DEFINITIONAL_REPRESENTATION('',(#4558),#4561);
#4558 = B_SPLINE_CURVE_WITH_KNOTS('',1,(#4559,#4560),.UNSPECIFIED.,.F.,
  .F.,(2,2),(-0.212132034356,0.212132034356),.PIECEWISE_BEZIER_KNOTS.);
#4559 = CARTESIAN_POINT('',(18.,-0.212132034356));
#4560 = CARTESIAN_POINT('',(18.,0.212132034356));
#4561 = ( GEOMETRIC_REPRESENTATION_CONTEXT(2) 
PARAMETRIC_REPRESENTATION_CONTEXT() REPRESENTATION_CONTEXT('2D SPACE',''
  ) );
#4562 = PCURVE('',#1629,#4563);
#4563 = DEFINITIONAL_REPRESENTATION('',(#4564),#4567);
#4564 = B_SPLINE_CURVE_WITH_KNOTS('',1,(#4565,#4566),.UNSPECIFIED.,.F.,
  .F.,(2,2),(-0.212132034356,0.212132034356),.PIECEWISE_BEZIER_KNOTS.);
#4565 = CARTESIAN_POINT('',(0.,-0.3));
#4566 = CARTESIAN_POINT('',(0.,6.672892949406E-16));
#4567 = ( GEOMETRIC_REPRESENTATION_CONTEXT(2) 
PARAMETRIC_REPRESENTATION_CONTEXT() REPRESENTATION_CONTEXT('2D SPACE',''
  ) );
#4568 = ORIENTED_EDGE('',*,*,#4569,.F.);
#4569 = EDGE_CURVE('',#4501,#4549,#4570,.T.);
#4570 = SURFACE_CURVE('',#4571,(#4575,#4582),.PCURVE_S1.);
#4571 = LINE('',#4572,#4573);
#4572 = CARTESIAN_POINT('',(14.25,8.8,-9.));
#4573 = VECTOR('',#4574,1.);
#4574 = DIRECTION('',(0.,0.,1.));
#4575 = PCURVE('',#1657,#4576);
#4576 = DEFINITIONAL_REPRESENTATION('',(#4577),#4581);
#4577 = LINE('',#4578,#4579);
#4578 = CARTESIAN_POINT('',(0.,0.212132034356));
#4579 = VECTOR('',#4580,1.);
#4580 = DIRECTION('',(1.,0.));
#4581 = ( GEOMETRIC_REPRESENTATION_CONTEXT(2) 
PARAMETRIC_REPRESENTATION_CONTEXT() REPRESENTATION_CONTEXT('2D SPACE',''
  ) );
#4582 = PCURVE('',#4583,#4588);
#4583 = PLANE('',#4584);
#4584 = AXIS2_PLACEMENT_3D('',#4585,#4586,#4587);
#4585 = CARTESIAN_POINT('',(14.25,8.5,-14.25));
#4586 = DIRECTION('',(1.,0.,0.));
#4587 = DIRECTION('',(0.,0.,1.));
#4588 = DEFINITIONAL_REPRESENTATION('',(#4589),#4593);
#4589 = LINE('',#4590,#4591);
#4590 = CARTESIAN_POINT('',(5.25,-0.3));
#4591 = VECTOR('',#4592,1.);
#4592 = DIRECTION('',(1.,0.));
#4593 = ( GEOMETRIC_REPRESENTATION_CONTEXT(2) 
PARAMETRIC_REPRESENTATION_CONTEXT() REPRESENTATION_CONTEXT('2D SPACE',''
  ) );
#4594 = ADVANCED_FACE('',(#4595),#1629,.T.);
#4595 = FACE_BOUND('',#4596,.F.);
#4596 = EDGE_LOOP('',(#4597,#4598,#4599,#4618));
#4597 = ORIENTED_EDGE('',*,*,#4548,.F.);
#4598 = ORIENTED_EDGE('',*,*,#1608,.T.);
#4599 = ORIENTED_EDGE('',*,*,#4600,.T.);
#4600 = EDGE_CURVE('',#1581,#2380,#4601,.T.);
#4601 = SURFACE_CURVE('',#4602,(#4606,#4612),.PCURVE_S1.);
#4602 = LINE('',#4603,#4604);
#4603 = CARTESIAN_POINT('',(9.,8.8,14.25));
#4604 = VECTOR('',#4605,1.);
#4605 = DIRECTION('',(2.825499869922E-16,0.707106781187,0.707106781187)
  );
#4606 = PCURVE('',#1629,#4607);
#4607 = DEFINITIONAL_REPRESENTATION('',(#4608),#4611);
#4608 = B_SPLINE_CURVE_WITH_KNOTS('',1,(#4609,#4610),.UNSPECIFIED.,.F.,
  .F.,(2,2),(-0.424264068712,0.),.PIECEWISE_BEZIER_KNOTS.);
#4609 = CARTESIAN_POINT('',(-1.570796326795,-0.3));
#4610 = CARTESIAN_POINT('',(-1.570796326795,0.));
#4611 = ( GEOMETRIC_REPRESENTATION_CONTEXT(2) 
PARAMETRIC_REPRESENTATION_CONTEXT() REPRESENTATION_CONTEXT('2D SPACE',''
  ) );
#4612 = PCURVE('',#1596,#4613);
#4613 = DEFINITIONAL_REPRESENTATION('',(#4614),#4617);
#4614 = B_SPLINE_CURVE_WITH_KNOTS('',1,(#4615,#4616),.UNSPECIFIED.,.F.,
  .F.,(2,2),(-0.424264068712,0.),.PIECEWISE_BEZIER_KNOTS.);
#4615 = CARTESIAN_POINT('',(0.,-0.212132034356));
#4616 = CARTESIAN_POINT('',(0.,0.212132034356));
#4617 = ( GEOMETRIC_REPRESENTATION_CONTEXT(2) 
PARAMETRIC_REPRESENTATION_CONTEXT() REPRESENTATION_CONTEXT('2D SPACE',''
  ) );
#4618 = ORIENTED_EDGE('',*,*,#4619,.F.);
#4619 = EDGE_CURVE('',#4549,#2380,#4620,.T.);
#4620 = SURFACE_CURVE('',#4621,(#4626,#4633),.PCURVE_S1.);
#4621 = CIRCLE('',#4622,5.25);
#4622 = AXIS2_PLACEMENT_3D('',#4623,#4624,#4625);
#4623 = CARTESIAN_POINT('',(9.,8.8,9.));
#4624 = DIRECTION('',(0.,-1.,-0.));
#4625 = DIRECTION('',(1.,0.,-3.383536836953E-16));
#4626 = PCURVE('',#1629,#4627);
#4627 = DEFINITIONAL_REPRESENTATION('',(#4628),#4632);
#4628 = LINE('',#4629,#4630);
#4629 = CARTESIAN_POINT('',(-0.,0.));
#4630 = VECTOR('',#4631,1.);
#4631 = DIRECTION('',(-1.,0.));
#4632 = ( GEOMETRIC_REPRESENTATION_CONTEXT(2) 
PARAMETRIC_REPRESENTATION_CONTEXT() REPRESENTATION_CONTEXT('2D SPACE',''
  ) );
#4633 = PCURVE('',#2418,#4634);
#4634 = DEFINITIONAL_REPRESENTATION('',(#4635),#4639);
#4635 = LINE('',#4636,#4637);
#4636 = CARTESIAN_POINT('',(-0.,0.3));
#4637 = VECTOR('',#4638,1.);
#4638 = DIRECTION('',(-1.,0.));
#4639 = ( GEOMETRIC_REPRESENTATION_CONTEXT(2) 
PARAMETRIC_REPRESENTATION_CONTEXT() REPRESENTATION_CONTEXT('2D SPACE',''
  ) );
#4640 = ADVANCED_FACE('',(#4641),#1596,.F.);
#4641 = FACE_BOUND('',#4642,.F.);
#4642 = EDGE_LOOP('',(#4643,#4644,#4645,#4646));
#4643 = ORIENTED_EDGE('',*,*,#4600,.F.);
#4644 = ORIENTED_EDGE('',*,*,#1580,.T.);
#4645 = ORIENTED_EDGE('',*,*,#2295,.T.);
#4646 = ORIENTED_EDGE('',*,*,#2379,.F.);
#4647 = ADVANCED_FACE('',(#4648),#1519,.F.);
#4648 = FACE_BOUND('',#4649,.F.);
#4649 = EDGE_LOOP('',(#4650,#4651,#4652,#4673));
#4650 = ORIENTED_EDGE('',*,*,#2268,.F.);
#4651 = ORIENTED_EDGE('',*,*,#1502,.T.);
#4652 = ORIENTED_EDGE('',*,*,#4653,.T.);
#4653 = EDGE_CURVE('',#1477,#2119,#4654,.T.);
#4654 = SURFACE_CURVE('',#4655,(#4659,#4666),.PCURVE_S1.);
#4655 = LINE('',#4656,#4657);
#4656 = CARTESIAN_POINT('',(-9.,7.5,13.25));
#4657 = VECTOR('',#4658,1.);
#4658 = DIRECTION('',(0.,1.,0.));
#4659 = PCURVE('',#1519,#4660);
#4660 = DEFINITIONAL_REPRESENTATION('',(#4661),#4665);
#4661 = LINE('',#4662,#4663);
#4662 = CARTESIAN_POINT('',(1.570796326795,0.));
#4663 = VECTOR('',#4664,1.);
#4664 = DIRECTION('',(0.,1.));
#4665 = ( GEOMETRIC_REPRESENTATION_CONTEXT(2) 
PARAMETRIC_REPRESENTATION_CONTEXT() REPRESENTATION_CONTEXT('2D SPACE',''
  ) );
#4666 = PCURVE('',#1491,#4667);
#4667 = DEFINITIONAL_REPRESENTATION('',(#4668),#4672);
#4668 = LINE('',#4669,#4670);
#4669 = CARTESIAN_POINT('',(4.25,0.));
#4670 = VECTOR('',#4671,1.);
#4671 = DIRECTION('',(0.,1.));
#4672 = ( GEOMETRIC_REPRESENTATION_CONTEXT(2) 
PARAMETRIC_REPRESENTATION_CONTEXT() REPRESENTATION_CONTEXT('2D SPACE',''
  ) );
#4673 = ORIENTED_EDGE('',*,*,#2118,.F.);
#4674 = ADVANCED_FACE('',(#4675,#4701,#4801),#1491,.F.);
#4675 = FACE_BOUND('',#4676,.F.);
#4676 = EDGE_LOOP('',(#4677,#4678,#4679,#4680));
#4677 = ORIENTED_EDGE('',*,*,#2142,.F.);
#4678 = ORIENTED_EDGE('',*,*,#4653,.F.);
#4679 = ORIENTED_EDGE('',*,*,#1476,.T.);
#4680 = ORIENTED_EDGE('',*,*,#4681,.T.);
#4681 = EDGE_CURVE('',#1448,#2143,#4682,.T.);
#4682 = SURFACE_CURVE('',#4683,(#4687,#4694),.PCURVE_S1.);
#4683 = LINE('',#4684,#4685);
#4684 = CARTESIAN_POINT('',(9.,7.5,13.25));
#4685 = VECTOR('',#4686,1.);
#4686 = DIRECTION('',(0.,1.,0.));
#4687 = PCURVE('',#1491,#4688);
#4688 = DEFINITIONAL_REPRESENTATION('',(#4689),#4693);
#4689 = LINE('',#4690,#4691);
#4690 = CARTESIAN_POINT('',(22.25,0.));
#4691 = VECTOR('',#4692,1.);
#4692 = DIRECTION('',(0.,1.));
#4693 = ( GEOMETRIC_REPRESENTATION_CONTEXT(2) 
PARAMETRIC_REPRESENTATION_CONTEXT() REPRESENTATION_CONTEXT('2D SPACE',''
  ) );
#4694 = PCURVE('',#1464,#4695);
#4695 = DEFINITIONAL_REPRESENTATION('',(#4696),#4700);
#4696 = LINE('',#4697,#4698);
#4697 = CARTESIAN_POINT('',(-1.570796326795,0.));
#4698 = VECTOR('',#4699,1.);
#4699 = DIRECTION('',(-0.,1.));
#4700 = ( GEOMETRIC_REPRESENTATION_CONTEXT(2) 
PARAMETRIC_REPRESENTATION_CONTEXT() REPRESENTATION_CONTEXT('2D SPACE',''
  ) );
#4701 = FACE_BOUND('',#4702,.F.);
#4702 = EDGE_LOOP('',(#4703));
#4703 = ORIENTED_EDGE('',*,*,#4704,.F.);
#4704 = EDGE_CURVE('',#4705,#4705,#4707,.T.);
#4705 = VERTEX_POINT('',#4706);
#4706 = CARTESIAN_POINT('',(-6.,8.577505020101,13.25));
#4707 = SURFACE_CURVE('',#4708,(#4713,#4720),.PCURVE_S1.);
#4708 = CIRCLE('',#4709,0.622494979899);
#4709 = AXIS2_PLACEMENT_3D('',#4710,#4711,#4712);
#4710 = CARTESIAN_POINT('',(-6.,9.2,13.25));
#4711 = DIRECTION('',(0.,0.,1.));
#4712 = DIRECTION('',(0.,-1.,0.));
#4713 = PCURVE('',#1491,#4714);
#4714 = DEFINITIONAL_REPRESENTATION('',(#4715),#4719);
#4715 = CIRCLE('',#4716,0.622494979899);
#4716 = AXIS2_PLACEMENT_2D('',#4717,#4718);
#4717 = CARTESIAN_POINT('',(7.25,1.7));
#4718 = DIRECTION('',(0.,-1.));
#4719 = ( GEOMETRIC_REPRESENTATION_CONTEXT(2) 
PARAMETRIC_REPRESENTATION_CONTEXT() REPRESENTATION_CONTEXT('2D SPACE',''
  ) );
#4720 = PCURVE('',#4721,#4726);
#4721 = SPHERICAL_SURFACE('',#4722,0.9);
#4722 = AXIS2_PLACEMENT_3D('',#4723,#4724,#4725);
#4723 = CARTESIAN_POINT('',(-6.,9.2,12.6));
#4724 = DIRECTION('',(0.,-1.,0.));
#4725 = DIRECTION('',(1.,0.,0.));
#4726 = DEFINITIONAL_REPRESENTATION('',(#4727),#4800);
#4727 = B_SPLINE_CURVE_WITH_KNOTS('',8,(#4728,#4729,#4730,#4731,#4732,
    #4733,#4734,#4735,#4736,#4737,#4738,#4739,#4740,#4741,#4742,#4743,
    #4744,#4745,#4746,#4747,#4748,#4749,#4750,#4751,#4752,#4753,#4754,
    #4755,#4756,#4757,#4758,#4759,#4760,#4761,#4762,#4763,#4764,#4765,
    #4766,#4767,#4768,#4769,#4770,#4771,#4772,#4773,#4774,#4775,#4776,
    #4777,#4778,#4779,#4780,#4781,#4782,#4783,#4784,#4785,#4786,#4787,
    #4788,#4789,#4790,#4791,#4792,#4793,#4794,#4795,#4796,#4797,#4798,
    #4799),.UNSPECIFIED.,.T.,.F.,(9,7,7,7,7,7,7,7,7,7,9),(0.,
    0.392699081699,1.129009859884,1.773281790796,2.337019730344,
    2.830290427448,3.261902287415,4.017223042356,5.150204174768,
    5.716694740974,6.28318530718),.UNSPECIFIED.);
#4728 = CARTESIAN_POINT('',(1.570796326795,0.763786496398));
#4729 = CARTESIAN_POINT('',(1.523786094686,0.763786496398));
#4730 = CARTESIAN_POINT('',(1.476776109621,0.761149485745));
#4731 = CARTESIAN_POINT('',(1.430254141409,0.755874229563));
#4732 = CARTESIAN_POINT('',(1.384713032617,0.74801366749));
#4733 = CARTESIAN_POINT('',(1.340584693016,0.737668758846));
#4734 = CARTESIAN_POINT('',(1.298203093021,0.724978181808));
#4735 = CARTESIAN_POINT('',(1.25779625612,0.710103886616));
#4736 = CARTESIAN_POINT('',(1.147715364347,0.661541158134));
#4737 = CARTESIAN_POINT('',(1.083368400999,0.622779518907));
#4738 = CARTESIAN_POINT('',(1.027413189107,0.578033049866));
#4739 = CARTESIAN_POINT('',(0.979700838269,0.528513890093));
#4740 = CARTESIAN_POINT('',(0.939459735596,0.475227606081));
#4741 = CARTESIAN_POINT('',(0.906029097839,0.418983533925));
#4742 = CARTESIAN_POINT('',(0.878778292489,0.360454598213));
#4743 = CARTESIAN_POINT('',(0.838388361847,0.247500688486));
#4744 = CARTESIAN_POINT('',(0.82391105453,0.193477343989));
#4745 = CARTESIAN_POINT('',(0.813485091201,0.138525606377));
#4746 = CARTESIAN_POINT('',(0.806877486671,8.297138766464E-02));
#4747 = CARTESIAN_POINT('',(0.803949528359,2.710551553074E-02));
#4748 = CARTESIAN_POINT('',(0.804660212099,-2.879533139951E-02));
#4749 = CARTESIAN_POINT('',(0.809065838935,-8.444888346242E-02));
#4750 = CARTESIAN_POINT('',(0.824534465151,-0.187761105215));
#4751 = CARTESIAN_POINT('',(0.834695985439,-0.235549620293));
#4752 = CARTESIAN_POINT('',(0.847903992849,-0.282708165459));
#4753 = CARTESIAN_POINT('',(0.864309975897,-0.329017297438));
#4754 = CARTESIAN_POINT('',(0.884126479768,-0.374231217099));
#4755 = CARTESIAN_POINT('',(0.907619789892,-0.418066045489));
#4756 = CARTESIAN_POINT('',(0.93508207187,-0.460189403295));
#4757 = CARTESIAN_POINT('',(0.994521251652,-0.535230447888));
#4758 = CARTESIAN_POINT('',(1.025503919074,-0.568640851761));
#4759 = CARTESIAN_POINT('',(1.05991078345,-0.600181635589));
#4760 = CARTESIAN_POINT('',(1.097896054093,-0.629560862182));
#4761 = CARTESIAN_POINT('',(1.139570247969,-0.656452148885));
#4762 = CARTESIAN_POINT('',(1.18491679244,-0.680502443725));
#4763 = CARTESIAN_POINT('',(1.233705260397,-0.70135770855));
#4764 = CARTESIAN_POINT('',(1.330751358138,-0.733899371214));
#4765 = CARTESIAN_POINT('',(1.378313454704,-0.746405918288));
#4766 = CARTESIAN_POINT('',(1.427832410465,-0.75602880778));
#4767 = CARTESIAN_POINT('',(1.478859807654,-0.762590673428));
#4768 = CARTESIAN_POINT('',(1.530790446872,-0.765966356498));
#4769 = CARTESIAN_POINT('',(1.582932157242,-0.766106781318));
#4770 = CARTESIAN_POINT('',(1.634608878349,-0.763047307167));
#4771 = CARTESIAN_POINT('',(1.773830859338,-0.74610546067));
#4772 = CARTESIAN_POINT('',(1.859207360147,-0.725827411502));
#4773 = CARTESIAN_POINT('',(1.938234142433,-0.696580947953));
#4774 = CARTESIAN_POINT('',(2.00850575601,-0.659519692994));
#4775 = CARTESIAN_POINT('',(2.06978476454,-0.616123818188));
#4776 = CARTESIAN_POINT('',(2.122513471157,-0.567571260497));
#4777 = CARTESIAN_POINT('',(2.167335619903,-0.514900444038));
#4778 = CARTESIAN_POINT('',(2.261299406854,-0.375054530546));
#4779 = CARTESIAN_POINT('',(2.30139322237,-0.283795399482));
#4780 = CARTESIAN_POINT('',(2.327455257057,-0.188073005557));
#4781 = CARTESIAN_POINT('',(2.341744053363,-8.989515278139E-02));
#4782 = CARTESIAN_POINT('',(2.34499652052,9.267351020668E-03));
#4783 = CARTESIAN_POINT('',(2.33742993447,0.108008937552));
#4784 = CARTESIAN_POINT('',(2.318095429282,0.204816716814));
#4785 = CARTESIAN_POINT('',(2.268872991603,0.344009356747));
#4786 = CARTESIAN_POINT('',(2.249096098999,0.389404345214));
#4787 = CARTESIAN_POINT('',(2.225731293638,0.433534967));
#4788 = CARTESIAN_POINT('',(2.198522758194,0.476111444776));
#4789 = CARTESIAN_POINT('',(2.167165878667,0.516792976889));
#4790 = CARTESIAN_POINT('',(2.131344588082,0.555177710918));
#4791 = CARTESIAN_POINT('',(2.090817532623,0.590805746268));
#4792 = CARTESIAN_POINT('',(2.000288587755,0.655544585359));
#4793 = CARTESIAN_POINT('',(1.950286197593,0.684656310928));
#4794 = CARTESIAN_POINT('',(1.895523582389,0.710009368671));
#4795 = CARTESIAN_POINT('',(1.836170024979,0.731078401399));
#4796 = CARTESIAN_POINT('',(1.772779139263,0.747321690853));
#4797 = CARTESIAN_POINT('',(1.706424512259,0.758298625762));
#4798 = CARTESIAN_POINT('',(1.638611237107,0.763786496398));
#4799 = CARTESIAN_POINT('',(1.570796326795,0.763786496398));
#4800 = ( GEOMETRIC_REPRESENTATION_CONTEXT(2) 
PARAMETRIC_REPRESENTATION_CONTEXT() REPRESENTATION_CONTEXT('2D SPACE',''
  ) );
#4801 = FACE_BOUND('',#4802,.F.);
#4802 = EDGE_LOOP('',(#4803));
#4803 = ORIENTED_EDGE('',*,*,#4804,.F.);
#4804 = EDGE_CURVE('',#4805,#4805,#4807,.T.);
#4805 = VERTEX_POINT('',#4806);
#4806 = CARTESIAN_POINT('',(6.,8.577505020101,13.25));
#4807 = SURFACE_CURVE('',#4808,(#4813,#4820),.PCURVE_S1.);
#4808 = CIRCLE('',#4809,0.622494979899);
#4809 = AXIS2_PLACEMENT_3D('',#4810,#4811,#4812);
#4810 = CARTESIAN_POINT('',(6.,9.2,13.25));
#4811 = DIRECTION('',(0.,0.,1.));
#4812 = DIRECTION('',(0.,-1.,0.));
#4813 = PCURVE('',#1491,#4814);
#4814 = DEFINITIONAL_REPRESENTATION('',(#4815),#4819);
#4815 = CIRCLE('',#4816,0.622494979899);
#4816 = AXIS2_PLACEMENT_2D('',#4817,#4818);
#4817 = CARTESIAN_POINT('',(19.25,1.7));
#4818 = DIRECTION('',(0.,-1.));
#4819 = ( GEOMETRIC_REPRESENTATION_CONTEXT(2) 
PARAMETRIC_REPRESENTATION_CONTEXT() REPRESENTATION_CONTEXT('2D SPACE',''
  ) );
#4820 = PCURVE('',#4821,#4826);
#4821 = SPHERICAL_SURFACE('',#4822,0.9);
#4822 = AXIS2_PLACEMENT_3D('',#4823,#4824,#4825);
#4823 = CARTESIAN_POINT('',(6.,9.2,12.6));
#4824 = DIRECTION('',(0.,-1.,0.));
#4825 = DIRECTION('',(1.,0.,0.));
#4826 = DEFINITIONAL_REPRESENTATION('',(#4827),#4900);
#4827 = B_SPLINE_CURVE_WITH_KNOTS('',8,(#4828,#4829,#4830,#4831,#4832,
    #4833,#4834,#4835,#4836,#4837,#4838,#4839,#4840,#4841,#4842,#4843,
    #4844,#4845,#4846,#4847,#4848,#4849,#4850,#4851,#4852,#4853,#4854,
    #4855,#4856,#4857,#4858,#4859,#4860,#4861,#4862,#4863,#4864,#4865,
    #4866,#4867,#4868,#4869,#4870,#4871,#4872,#4873,#4874,#4875,#4876,
    #4877,#4878,#4879,#4880,#4881,#4882,#4883,#4884,#4885,#4886,#4887,
    #4888,#4889,#4890,#4891,#4892,#4893,#4894,#4895,#4896,#4897,#4898,
    #4899),.UNSPECIFIED.,.T.,.F.,(9,7,7,7,7,7,7,7,7,7,9),(0.,
    0.392699081699,1.129009859884,1.773281790796,2.337019730344,
    2.830290427448,3.261902287415,4.017223042356,5.150204174768,
    5.716694740974,6.28318530718),.UNSPECIFIED.);
#4828 = CARTESIAN_POINT('',(1.570796326795,0.763786496398));
#4829 = CARTESIAN_POINT('',(1.523786094686,0.763786496398));
#4830 = CARTESIAN_POINT('',(1.476776109621,0.761149485745));
#4831 = CARTESIAN_POINT('',(1.430254141409,0.755874229563));
#4832 = CARTESIAN_POINT('',(1.384713032617,0.74801366749));
#4833 = CARTESIAN_POINT('',(1.340584693016,0.737668758846));
#4834 = CARTESIAN_POINT('',(1.298203093021,0.724978181808));
#4835 = CARTESIAN_POINT('',(1.25779625612,0.710103886616));
#4836 = CARTESIAN_POINT('',(1.147715364347,0.661541158134));
#4837 = CARTESIAN_POINT('',(1.083368400999,0.622779518907));
#4838 = CARTESIAN_POINT('',(1.027413189107,0.578033049866));
#4839 = CARTESIAN_POINT('',(0.979700838269,0.528513890093));
#4840 = CARTESIAN_POINT('',(0.939459735596,0.475227606081));
#4841 = CARTESIAN_POINT('',(0.906029097839,0.418983533925));
#4842 = CARTESIAN_POINT('',(0.878778292489,0.360454598213));
#4843 = CARTESIAN_POINT('',(0.838388361847,0.247500688486));
#4844 = CARTESIAN_POINT('',(0.82391105453,0.193477343989));
#4845 = CARTESIAN_POINT('',(0.813485091201,0.138525606377));
#4846 = CARTESIAN_POINT('',(0.806877486671,8.297138766464E-02));
#4847 = CARTESIAN_POINT('',(0.803949528359,2.710551553074E-02));
#4848 = CARTESIAN_POINT('',(0.804660212099,-2.879533139951E-02));
#4849 = CARTESIAN_POINT('',(0.809065838935,-8.444888346242E-02));
#4850 = CARTESIAN_POINT('',(0.824534465151,-0.187761105215));
#4851 = CARTESIAN_POINT('',(0.834695985439,-0.235549620293));
#4852 = CARTESIAN_POINT('',(0.847903992849,-0.282708165459));
#4853 = CARTESIAN_POINT('',(0.864309975897,-0.329017297438));
#4854 = CARTESIAN_POINT('',(0.884126479768,-0.374231217099));
#4855 = CARTESIAN_POINT('',(0.907619789892,-0.418066045489));
#4856 = CARTESIAN_POINT('',(0.93508207187,-0.460189403295));
#4857 = CARTESIAN_POINT('',(0.994521251652,-0.535230447888));
#4858 = CARTESIAN_POINT('',(1.025503919074,-0.568640851761));
#4859 = CARTESIAN_POINT('',(1.05991078345,-0.600181635589));
#4860 = CARTESIAN_POINT('',(1.097896054093,-0.629560862182));
#4861 = CARTESIAN_POINT('',(1.139570247969,-0.656452148885));
#4862 = CARTESIAN_POINT('',(1.18491679244,-0.680502443725));
#4863 = CARTESIAN_POINT('',(1.233705260397,-0.70135770855));
#4864 = CARTESIAN_POINT('',(1.330751358138,-0.733899371214));
#4865 = CARTESIAN_POINT('',(1.378313454704,-0.746405918288));
#4866 = CARTESIAN_POINT('',(1.427832410465,-0.75602880778));
#4867 = CARTESIAN_POINT('',(1.478859807654,-0.762590673428));
#4868 = CARTESIAN_POINT('',(1.530790446872,-0.765966356498));
#4869 = CARTESIAN_POINT('',(1.582932157242,-0.766106781318));
#4870 = CARTESIAN_POINT('',(1.634608878349,-0.763047307167));
#4871 = CARTESIAN_POINT('',(1.773830859338,-0.74610546067));
#4872 = CARTESIAN_POINT('',(1.859207360147,-0.725827411502));
#4873 = CARTESIAN_POINT('',(1.938234142433,-0.696580947953));
#4874 = CARTESIAN_POINT('',(2.00850575601,-0.659519692994));
#4875 = CARTESIAN_POINT('',(2.06978476454,-0.616123818188));
#4876 = CARTESIAN_POINT('',(2.122513471157,-0.567571260497));
#4877 = CARTESIAN_POINT('',(2.167335619903,-0.514900444038));
#4878 = CARTESIAN_POINT('',(2.261299406854,-0.375054530546));
#4879 = CARTESIAN_POINT('',(2.30139322237,-0.283795399482));
#4880 = CARTESIAN_POINT('',(2.327455257057,-0.188073005557));
#4881 = CARTESIAN_POINT('',(2.341744053363,-8.989515278139E-02));
#4882 = CARTESIAN_POINT('',(2.34499652052,9.267351020668E-03));
#4883 = CARTESIAN_POINT('',(2.33742993447,0.108008937552));
#4884 = CARTESIAN_POINT('',(2.318095429282,0.204816716814));
#4885 = CARTESIAN_POINT('',(2.268872991603,0.344009356747));
#4886 = CARTESIAN_POINT('',(2.249096098999,0.389404345214));
#4887 = CARTESIAN_POINT('',(2.225731293638,0.433534967));
#4888 = CARTESIAN_POINT('',(2.198522758194,0.476111444776));
#4889 = CARTESIAN_POINT('',(2.167165878667,0.516792976889));
#4890 = CARTESIAN_POINT('',(2.131344588082,0.555177710918));
#4891 = CARTESIAN_POINT('',(2.090817532623,0.590805746268));
#4892 = CARTESIAN_POINT('',(2.000288587755,0.655544585359));
#4893 = CARTESIAN_POINT('',(1.950286197593,0.684656310928));
#4894 = CARTESIAN_POINT('',(1.895523582389,0.710009368671));
#4895 = CARTESIAN_POINT('',(1.836170024979,0.731078401399));
#4896 = CARTESIAN_POINT('',(1.772779139263,0.747321690853));
#4897 = CARTESIAN_POINT('',(1.706424512259,0.758298625762));
#4898 = CARTESIAN_POINT('',(1.638611237107,0.763786496398));
#4899 = CARTESIAN_POINT('',(1.570796326795,0.763786496398));
#4900 = ( GEOMETRIC_REPRESENTATION_CONTEXT(2) 
PARAMETRIC_REPRESENTATION_CONTEXT() REPRESENTATION_CONTEXT('2D SPACE',''
  ) );
#4901 = ADVANCED_FACE('',(#4902),#1464,.F.);
#4902 = FACE_BOUND('',#4903,.T.);
#4903 = EDGE_LOOP('',(#4904,#4925,#4926,#4927));
#4904 = ORIENTED_EDGE('',*,*,#4905,.F.);
#4905 = EDGE_CURVE('',#1422,#2166,#4906,.T.);
#4906 = SURFACE_CURVE('',#4907,(#4911,#4918),.PCURVE_S1.);
#4907 = LINE('',#4908,#4909);
#4908 = CARTESIAN_POINT('',(13.25,7.5,9.));
#4909 = VECTOR('',#4910,1.);
#4910 = DIRECTION('',(0.,1.,0.));
#4911 = PCURVE('',#1464,#4912);
#4912 = DEFINITIONAL_REPRESENTATION('',(#4913),#4917);
#4913 = LINE('',#4914,#4915);
#4914 = CARTESIAN_POINT('',(-0.,0.));
#4915 = VECTOR('',#4916,1.);
#4916 = DIRECTION('',(-0.,1.));
#4917 = ( GEOMETRIC_REPRESENTATION_CONTEXT(2) 
PARAMETRIC_REPRESENTATION_CONTEXT() REPRESENTATION_CONTEXT('2D SPACE',''
  ) );
#4918 = PCURVE('',#1436,#4919);
#4919 = DEFINITIONAL_REPRESENTATION('',(#4920),#4924);
#4920 = LINE('',#4921,#4922);
#4921 = CARTESIAN_POINT('',(22.25,0.));
#4922 = VECTOR('',#4923,1.);
#4923 = DIRECTION('',(0.,-1.));
#4924 = ( GEOMETRIC_REPRESENTATION_CONTEXT(2) 
PARAMETRIC_REPRESENTATION_CONTEXT() REPRESENTATION_CONTEXT('2D SPACE',''
  ) );
#4925 = ORIENTED_EDGE('',*,*,#1447,.F.);
#4926 = ORIENTED_EDGE('',*,*,#4681,.T.);
#4927 = ORIENTED_EDGE('',*,*,#2165,.F.);
#4928 = ADVANCED_FACE('',(#4929),#1436,.F.);
#4929 = FACE_BOUND('',#4930,.F.);
#4930 = EDGE_LOOP('',(#4931,#4932,#4953,#4954));
#4931 = ORIENTED_EDGE('',*,*,#1421,.T.);
#4932 = ORIENTED_EDGE('',*,*,#4933,.T.);
#4933 = EDGE_CURVE('',#1393,#2194,#4934,.T.);
#4934 = SURFACE_CURVE('',#4935,(#4939,#4946),.PCURVE_S1.);
#4935 = LINE('',#4936,#4937);
#4936 = CARTESIAN_POINT('',(13.25,7.5,-9.));
#4937 = VECTOR('',#4938,1.);
#4938 = DIRECTION('',(0.,1.,0.));
#4939 = PCURVE('',#1436,#4940);
#4940 = DEFINITIONAL_REPRESENTATION('',(#4941),#4945);
#4941 = LINE('',#4942,#4943);
#4942 = CARTESIAN_POINT('',(4.25,0.));
#4943 = VECTOR('',#4944,1.);
#4944 = DIRECTION('',(0.,-1.));
#4945 = ( GEOMETRIC_REPRESENTATION_CONTEXT(2) 
PARAMETRIC_REPRESENTATION_CONTEXT() REPRESENTATION_CONTEXT('2D SPACE',''
  ) );
#4946 = PCURVE('',#1409,#4947);
#4947 = DEFINITIONAL_REPRESENTATION('',(#4948),#4952);
#4948 = LINE('',#4949,#4950);
#4949 = CARTESIAN_POINT('',(0.,0.));
#4950 = VECTOR('',#4951,1.);
#4951 = DIRECTION('',(0.,1.));
#4952 = ( GEOMETRIC_REPRESENTATION_CONTEXT(2) 
PARAMETRIC_REPRESENTATION_CONTEXT() REPRESENTATION_CONTEXT('2D SPACE',''
  ) );
#4953 = ORIENTED_EDGE('',*,*,#2193,.T.);
#4954 = ORIENTED_EDGE('',*,*,#4905,.F.);
#4955 = ADVANCED_FACE('',(#4956),#1409,.F.);
#4956 = FACE_BOUND('',#4957,.F.);
#4957 = EDGE_LOOP('',(#4958,#4959,#4960,#4981));
#4958 = ORIENTED_EDGE('',*,*,#4933,.F.);
#4959 = ORIENTED_EDGE('',*,*,#1392,.T.);
#4960 = ORIENTED_EDGE('',*,*,#4961,.T.);
#4961 = EDGE_CURVE('',#1367,#1838,#4962,.T.);
#4962 = SURFACE_CURVE('',#4963,(#4967,#4974),.PCURVE_S1.);
#4963 = LINE('',#4964,#4965);
#4964 = CARTESIAN_POINT('',(9.,7.5,-13.25));
#4965 = VECTOR('',#4966,1.);
#4966 = DIRECTION('',(0.,1.,0.));
#4967 = PCURVE('',#1409,#4968);
#4968 = DEFINITIONAL_REPRESENTATION('',(#4969),#4973);
#4969 = LINE('',#4970,#4971);
#4970 = CARTESIAN_POINT('',(1.570796326795,0.));
#4971 = VECTOR('',#4972,1.);
#4972 = DIRECTION('',(0.,1.));
#4973 = ( GEOMETRIC_REPRESENTATION_CONTEXT(2) 
PARAMETRIC_REPRESENTATION_CONTEXT() REPRESENTATION_CONTEXT('2D SPACE',''
  ) );
#4974 = PCURVE('',#1381,#4975);
#4975 = DEFINITIONAL_REPRESENTATION('',(#4976),#4980);
#4976 = LINE('',#4977,#4978);
#4977 = CARTESIAN_POINT('',(22.25,0.));
#4978 = VECTOR('',#4979,1.);
#4979 = DIRECTION('',(0.,1.));
#4980 = ( GEOMETRIC_REPRESENTATION_CONTEXT(2) 
PARAMETRIC_REPRESENTATION_CONTEXT() REPRESENTATION_CONTEXT('2D SPACE',''
  ) );
#4981 = ORIENTED_EDGE('',*,*,#2216,.F.);
#4982 = ADVANCED_FACE('',(#4983,#5009,#5109),#1381,.T.);
#4983 = FACE_BOUND('',#4984,.T.);
#4984 = EDGE_LOOP('',(#4985,#4986,#5007,#5008));
#4985 = ORIENTED_EDGE('',*,*,#1835,.F.);
#4986 = ORIENTED_EDGE('',*,*,#4987,.F.);
#4987 = EDGE_CURVE('',#1338,#1836,#4988,.T.);
#4988 = SURFACE_CURVE('',#4989,(#4993,#5000),.PCURVE_S1.);
#4989 = LINE('',#4990,#4991);
#4990 = CARTESIAN_POINT('',(-9.,7.5,-13.25));
#4991 = VECTOR('',#4992,1.);
#4992 = DIRECTION('',(0.,1.,0.));
#4993 = PCURVE('',#1381,#4994);
#4994 = DEFINITIONAL_REPRESENTATION('',(#4995),#4999);
#4995 = LINE('',#4996,#4997);
#4996 = CARTESIAN_POINT('',(4.25,0.));
#4997 = VECTOR('',#4998,1.);
#4998 = DIRECTION('',(0.,1.));
#4999 = ( GEOMETRIC_REPRESENTATION_CONTEXT(2) 
PARAMETRIC_REPRESENTATION_CONTEXT() REPRESENTATION_CONTEXT('2D SPACE',''
  ) );
#5000 = PCURVE('',#1354,#5001);
#5001 = DEFINITIONAL_REPRESENTATION('',(#5002),#5006);
#5002 = LINE('',#5003,#5004);
#5003 = CARTESIAN_POINT('',(-1.570796326795,0.));
#5004 = VECTOR('',#5005,1.);
#5005 = DIRECTION('',(-0.,1.));
#5006 = ( GEOMETRIC_REPRESENTATION_CONTEXT(2) 
PARAMETRIC_REPRESENTATION_CONTEXT() REPRESENTATION_CONTEXT('2D SPACE',''
  ) );
#5007 = ORIENTED_EDGE('',*,*,#1366,.T.);
#5008 = ORIENTED_EDGE('',*,*,#4961,.T.);
#5009 = FACE_BOUND('',#5010,.T.);
#5010 = EDGE_LOOP('',(#5011));
#5011 = ORIENTED_EDGE('',*,*,#5012,.F.);
#5012 = EDGE_CURVE('',#5013,#5013,#5015,.T.);
#5013 = VERTEX_POINT('',#5014);
#5014 = CARTESIAN_POINT('',(-6.,8.577505020101,-13.25));
#5015 = SURFACE_CURVE('',#5016,(#5021,#5028),.PCURVE_S1.);
#5016 = CIRCLE('',#5017,0.622494979899);
#5017 = AXIS2_PLACEMENT_3D('',#5018,#5019,#5020);
#5018 = CARTESIAN_POINT('',(-6.,9.2,-13.25));
#5019 = DIRECTION('',(0.,0.,1.));
#5020 = DIRECTION('',(0.,-1.,0.));
#5021 = PCURVE('',#1381,#5022);
#5022 = DEFINITIONAL_REPRESENTATION('',(#5023),#5027);
#5023 = CIRCLE('',#5024,0.622494979899);
#5024 = AXIS2_PLACEMENT_2D('',#5025,#5026);
#5025 = CARTESIAN_POINT('',(7.25,1.7));
#5026 = DIRECTION('',(0.,-1.));
#5027 = ( GEOMETRIC_REPRESENTATION_CONTEXT(2) 
PARAMETRIC_REPRESENTATION_CONTEXT() REPRESENTATION_CONTEXT('2D SPACE',''
  ) );
#5028 = PCURVE('',#5029,#5034);
#5029 = SPHERICAL_SURFACE('',#5030,0.9);
#5030 = AXIS2_PLACEMENT_3D('',#5031,#5032,#5033);
#5031 = CARTESIAN_POINT('',(-6.,9.2,-12.6));
#5032 = DIRECTION('',(0.,-1.,0.));
#5033 = DIRECTION('',(1.,0.,0.));
#5034 = DEFINITIONAL_REPRESENTATION('',(#5035),#5108);
#5035 = B_SPLINE_CURVE_WITH_KNOTS('',8,(#5036,#5037,#5038,#5039,#5040,
    #5041,#5042,#5043,#5044,#5045,#5046,#5047,#5048,#5049,#5050,#5051,
    #5052,#5053,#5054,#5055,#5056,#5057,#5058,#5059,#5060,#5061,#5062,
    #5063,#5064,#5065,#5066,#5067,#5068,#5069,#5070,#5071,#5072,#5073,
    #5074,#5075,#5076,#5077,#5078,#5079,#5080,#5081,#5082,#5083,#5084,
    #5085,#5086,#5087,#5088,#5089,#5090,#5091,#5092,#5093,#5094,#5095,
    #5096,#5097,#5098,#5099,#5100,#5101,#5102,#5103,#5104,#5105,#5106,
    #5107),.UNSPECIFIED.,.T.,.F.,(9,7,7,7,7,7,7,7,7,7,9),(0.,
    0.392699081699,1.129009859884,1.773281790796,2.337019730344,
    2.830290427448,3.261902287415,4.017223042356,5.150204174768,
    5.716694740974,6.28318530718),.UNSPECIFIED.);
#5036 = CARTESIAN_POINT('',(4.712388980385,0.763786496398));
#5037 = CARTESIAN_POINT('',(4.759399212494,0.763786496398));
#5038 = CARTESIAN_POINT('',(4.806409197559,0.761149485745));
#5039 = CARTESIAN_POINT('',(4.85293116577,0.755874229563));
#5040 = CARTESIAN_POINT('',(4.898472274563,0.74801366749));
#5041 = CARTESIAN_POINT('',(4.942600614164,0.737668758846));
#5042 = CARTESIAN_POINT('',(4.984982214158,0.724978181808));
#5043 = CARTESIAN_POINT('',(5.02538905106,0.710103886616));
#5044 = CARTESIAN_POINT('',(5.135469942833,0.661541158134));
#5045 = CARTESIAN_POINT('',(5.199816906174,0.622779518907));
#5046 = CARTESIAN_POINT('',(5.255772118097,0.578033049866));
#5047 = CARTESIAN_POINT('',(5.303484468855,0.528513890093));
#5048 = CARTESIAN_POINT('',(5.343725571616,0.475227606081));
#5049 = CARTESIAN_POINT('',(5.377156209335,0.418983533925));
#5050 = CARTESIAN_POINT('',(5.404407014691,0.360454598213));
#5051 = CARTESIAN_POINT('',(5.444796945332,0.247500688486));
#5052 = CARTESIAN_POINT('',(5.45927425265,0.193477343989));
#5053 = CARTESIAN_POINT('',(5.469700215978,0.138525606377));
#5054 = CARTESIAN_POINT('',(5.476307820509,8.297138766464E-02));
#5055 = CARTESIAN_POINT('',(5.47923577882,2.710551553073E-02));
#5056 = CARTESIAN_POINT('',(5.47852509508,-2.879533139951E-02));
#5057 = CARTESIAN_POINT('',(5.474119468245,-8.444888346242E-02));
#5058 = CARTESIAN_POINT('',(5.458650842028,-0.187761105215));
#5059 = CARTESIAN_POINT('',(5.448489321741,-0.235549620293));
#5060 = CARTESIAN_POINT('',(5.43528131433,-0.282708165459));
#5061 = CARTESIAN_POINT('',(5.418875331282,-0.329017297438));
#5062 = CARTESIAN_POINT('',(5.399058827411,-0.374231217099));
#5063 = CARTESIAN_POINT('',(5.375565517288,-0.418066045489));
#5064 = CARTESIAN_POINT('',(5.348103235309,-0.460189403295));
#5065 = CARTESIAN_POINT('',(5.288664055527,-0.535230447888));
#5066 = CARTESIAN_POINT('',(5.257681388106,-0.568640851761));
#5067 = CARTESIAN_POINT('',(5.223274523731,-0.600181635589));
#5068 = CARTESIAN_POINT('',(5.185289253087,-0.629560862182));
#5069 = CARTESIAN_POINT('',(5.14361505921,-0.656452148885));
#5070 = CARTESIAN_POINT('',(5.09826851474,-0.680502443725));
#5071 = CARTESIAN_POINT('',(5.049480046783,-0.70135770855));
#5072 = CARTESIAN_POINT('',(4.952433949042,-0.733899371214));
#5073 = CARTESIAN_POINT('',(4.904871852475,-0.746405918288));
#5074 = CARTESIAN_POINT('',(4.855352896715,-0.75602880778));
#5075 = CARTESIAN_POINT('',(4.804325499525,-0.762590673428));
#5076 = CARTESIAN_POINT('',(4.752394860307,-0.765966356498));
#5077 = CARTESIAN_POINT('',(4.700253149937,-0.766106781318));
#5078 = CARTESIAN_POINT('',(4.64857642883,-0.763047307167));
#5079 = CARTESIAN_POINT('',(4.509354447841,-0.74610546067));
#5080 = CARTESIAN_POINT('',(4.423977947034,-0.725827411502));
#5081 = CARTESIAN_POINT('',(4.344951164727,-0.696580947953));
#5082 = CARTESIAN_POINT('',(4.274679551185,-0.659519692994));
#5083 = CARTESIAN_POINT('',(4.213400542625,-0.616123818188));
#5084 = CARTESIAN_POINT('',(4.160671836021,-0.567571260497));
#5085 = CARTESIAN_POINT('',(4.115849687277,-0.514900444038));
#5086 = CARTESIAN_POINT('',(4.021885900326,-0.375054530546));
#5087 = CARTESIAN_POINT('',(3.981792084806,-0.283795399482));
#5088 = CARTESIAN_POINT('',(3.95573005012,-0.188073005557));
#5089 = CARTESIAN_POINT('',(3.941441253792,-8.989515278139E-02));
#5090 = CARTESIAN_POINT('',(3.938188786655,9.267351020668E-03));
#5091 = CARTESIAN_POINT('',(3.945755372703,0.108008937552));
#5092 = CARTESIAN_POINT('',(3.965089877897,0.204816716814));
#5093 = CARTESIAN_POINT('',(4.014312315576,0.344009356747));
#5094 = CARTESIAN_POINT('',(4.034089208181,0.389404345214));
#5095 = CARTESIAN_POINT('',(4.057454013542,0.433534967));
#5096 = CARTESIAN_POINT('',(4.084662548985,0.476111444776));
#5097 = CARTESIAN_POINT('',(4.116019428512,0.516792976889));
#5098 = CARTESIAN_POINT('',(4.151840719097,0.555177710918));
#5099 = CARTESIAN_POINT('',(4.192367774557,0.590805746268));
#5100 = CARTESIAN_POINT('',(4.282896719425,0.655544585359));
#5101 = CARTESIAN_POINT('',(4.332899109586,0.684656310928));
#5102 = CARTESIAN_POINT('',(4.387661724792,0.710009368671));
#5103 = CARTESIAN_POINT('',(4.447015282201,0.731078401399));
#5104 = CARTESIAN_POINT('',(4.510406167916,0.747321690853));
#5105 = CARTESIAN_POINT('',(4.576760794922,0.758298625762));
#5106 = CARTESIAN_POINT('',(4.644574070072,0.763786496398));
#5107 = CARTESIAN_POINT('',(4.712388980385,0.763786496398));
#5108 = ( GEOMETRIC_REPRESENTATION_CONTEXT(2) 
PARAMETRIC_REPRESENTATION_CONTEXT() REPRESENTATION_CONTEXT('2D SPACE',''
  ) );
#5109 = FACE_BOUND('',#5110,.T.);
#5110 = EDGE_LOOP('',(#5111));
#5111 = ORIENTED_EDGE('',*,*,#5112,.F.);
#5112 = EDGE_CURVE('',#5113,#5113,#5115,.T.);
#5113 = VERTEX_POINT('',#5114);
#5114 = CARTESIAN_POINT('',(6.,8.577505020101,-13.25));
#5115 = SURFACE_CURVE('',#5116,(#5121,#5128),.PCURVE_S1.);
#5116 = CIRCLE('',#5117,0.622494979899);
#5117 = AXIS2_PLACEMENT_3D('',#5118,#5119,#5120);
#5118 = CARTESIAN_POINT('',(6.,9.2,-13.25));
#5119 = DIRECTION('',(0.,0.,1.));
#5120 = DIRECTION('',(0.,-1.,0.));
#5121 = PCURVE('',#1381,#5122);
#5122 = DEFINITIONAL_REPRESENTATION('',(#5123),#5127);
#5123 = CIRCLE('',#5124,0.622494979899);
#5124 = AXIS2_PLACEMENT_2D('',#5125,#5126);
#5125 = CARTESIAN_POINT('',(19.25,1.7));
#5126 = DIRECTION('',(0.,-1.));
#5127 = ( GEOMETRIC_REPRESENTATION_CONTEXT(2) 
PARAMETRIC_REPRESENTATION_CONTEXT() REPRESENTATION_CONTEXT('2D SPACE',''
  ) );
#5128 = PCURVE('',#5129,#5134);
#5129 = SPHERICAL_SURFACE('',#5130,0.9);
#5130 = AXIS2_PLACEMENT_3D('',#5131,#5132,#5133);
#5131 = CARTESIAN_POINT('',(6.,9.2,-12.6));
#5132 = DIRECTION('',(0.,-1.,0.));
#5133 = DIRECTION('',(1.,0.,0.));
#5134 = DEFINITIONAL_REPRESENTATION('',(#5135),#5208);
#5135 = B_SPLINE_CURVE_WITH_KNOTS('',8,(#5136,#5137,#5138,#5139,#5140,
    #5141,#5142,#5143,#5144,#5145,#5146,#5147,#5148,#5149,#5150,#5151,
    #5152,#5153,#5154,#5155,#5156,#5157,#5158,#5159,#5160,#5161,#5162,
    #5163,#5164,#5165,#5166,#5167,#5168,#5169,#5170,#5171,#5172,#5173,
    #5174,#5175,#5176,#5177,#5178,#5179,#5180,#5181,#5182,#5183,#5184,
    #5185,#5186,#5187,#5188,#5189,#5190,#5191,#5192,#5193,#5194,#5195,
    #5196,#5197,#5198,#5199,#5200,#5201,#5202,#5203,#5204,#5205,#5206,
    #5207),.UNSPECIFIED.,.T.,.F.,(9,7,7,7,7,7,7,7,7,7,9),(0.,
    0.392699081699,1.129009859884,1.773281790796,2.337019730344,
    2.830290427448,3.261902287415,4.017223042356,5.150204174768,
    5.716694740974,6.28318530718),.UNSPECIFIED.);
#5136 = CARTESIAN_POINT('',(4.712388980385,0.763786496398));
#5137 = CARTESIAN_POINT('',(4.759399212494,0.763786496398));
#5138 = CARTESIAN_POINT('',(4.806409197559,0.761149485745));
#5139 = CARTESIAN_POINT('',(4.85293116577,0.755874229563));
#5140 = CARTESIAN_POINT('',(4.898472274563,0.74801366749));
#5141 = CARTESIAN_POINT('',(4.942600614164,0.737668758846));
#5142 = CARTESIAN_POINT('',(4.984982214158,0.724978181808));
#5143 = CARTESIAN_POINT('',(5.02538905106,0.710103886616));
#5144 = CARTESIAN_POINT('',(5.135469942833,0.661541158134));
#5145 = CARTESIAN_POINT('',(5.199816906174,0.622779518907));
#5146 = CARTESIAN_POINT('',(5.255772118097,0.578033049866));
#5147 = CARTESIAN_POINT('',(5.303484468855,0.528513890093));
#5148 = CARTESIAN_POINT('',(5.343725571616,0.475227606081));
#5149 = CARTESIAN_POINT('',(5.377156209335,0.418983533925));
#5150 = CARTESIAN_POINT('',(5.404407014691,0.360454598213));
#5151 = CARTESIAN_POINT('',(5.444796945332,0.247500688486));
#5152 = CARTESIAN_POINT('',(5.45927425265,0.193477343989));
#5153 = CARTESIAN_POINT('',(5.469700215978,0.138525606377));
#5154 = CARTESIAN_POINT('',(5.476307820509,8.297138766464E-02));
#5155 = CARTESIAN_POINT('',(5.47923577882,2.710551553073E-02));
#5156 = CARTESIAN_POINT('',(5.47852509508,-2.879533139951E-02));
#5157 = CARTESIAN_POINT('',(5.474119468245,-8.444888346242E-02));
#5158 = CARTESIAN_POINT('',(5.458650842028,-0.187761105215));
#5159 = CARTESIAN_POINT('',(5.448489321741,-0.235549620293));
#5160 = CARTESIAN_POINT('',(5.43528131433,-0.282708165459));
#5161 = CARTESIAN_POINT('',(5.418875331282,-0.329017297438));
#5162 = CARTESIAN_POINT('',(5.399058827411,-0.374231217099));
#5163 = CARTESIAN_POINT('',(5.375565517288,-0.418066045489));
#5164 = CARTESIAN_POINT('',(5.348103235309,-0.460189403295));
#5165 = CARTESIAN_POINT('',(5.288664055527,-0.535230447888));
#5166 = CARTESIAN_POINT('',(5.257681388106,-0.568640851761));
#5167 = CARTESIAN_POINT('',(5.223274523731,-0.600181635589));
#5168 = CARTESIAN_POINT('',(5.185289253087,-0.629560862182));
#5169 = CARTESIAN_POINT('',(5.14361505921,-0.656452148885));
#5170 = CARTESIAN_POINT('',(5.09826851474,-0.680502443725));
#5171 = CARTESIAN_POINT('',(5.049480046783,-0.70135770855));
#5172 = CARTESIAN_POINT('',(4.952433949042,-0.733899371214));
#5173 = CARTESIAN_POINT('',(4.904871852475,-0.746405918288));
#5174 = CARTESIAN_POINT('',(4.855352896715,-0.75602880778));
#5175 = CARTESIAN_POINT('',(4.804325499525,-0.762590673428));
#5176 = CARTESIAN_POINT('',(4.752394860307,-0.765966356498));
#5177 = CARTESIAN_POINT('',(4.700253149937,-0.766106781318));
#5178 = CARTESIAN_POINT('',(4.64857642883,-0.763047307167));
#5179 = CARTESIAN_POINT('',(4.509354447841,-0.74610546067));
#5180 = CARTESIAN_POINT('',(4.423977947034,-0.725827411502));
#5181 = CARTESIAN_POINT('',(4.344951164727,-0.696580947953));
#5182 = CARTESIAN_POINT('',(4.274679551185,-0.659519692994));
#5183 = CARTESIAN_POINT('',(4.213400542625,-0.616123818188));
#5184 = CARTESIAN_POINT('',(4.160671836021,-0.567571260497));
#5185 = CARTESIAN_POINT('',(4.115849687277,-0.514900444038));
#5186 = CARTESIAN_POINT('',(4.021885900326,-0.375054530546));
#5187 = CARTESIAN_POINT('',(3.981792084806,-0.283795399482));
#5188 = CARTESIAN_POINT('',(3.95573005012,-0.188073005557));
#5189 = CARTESIAN_POINT('',(3.941441253792,-8.989515278139E-02));
#5190 = CARTESIAN_POINT('',(3.938188786655,9.267351020668E-03));
#5191 = CARTESIAN_POINT('',(3.945755372703,0.108008937552));
#5192 = CARTESIAN_POINT('',(3.965089877897,0.204816716814));
#5193 = CARTESIAN_POINT('',(4.014312315576,0.344009356747));
#5194 = CARTESIAN_POINT('',(4.034089208181,0.389404345214));
#5195 = CARTESIAN_POINT('',(4.057454013542,0.433534967));
#5196 = CARTESIAN_POINT('',(4.084662548985,0.476111444776));
#5197 = CARTESIAN_POINT('',(4.116019428512,0.516792976889));
#5198 = CARTESIAN_POINT('',(4.151840719097,0.555177710918));
#5199 = CARTESIAN_POINT('',(4.192367774557,0.590805746268));
#5200 = CARTESIAN_POINT('',(4.282896719425,0.655544585359));
#5201 = CARTESIAN_POINT('',(4.332899109586,0.684656310928));
#5202 = CARTESIAN_POINT('',(4.387661724792,0.710009368671));
#5203 = CARTESIAN_POINT('',(4.447015282201,0.731078401399));
#5204 = CARTESIAN_POINT('',(4.510406167916,0.747321690853));
#5205 = CARTESIAN_POINT('',(4.576760794922,0.758298625762));
#5206 = CARTESIAN_POINT('',(4.644574070072,0.763786496398));
#5207 = CARTESIAN_POINT('',(4.712388980385,0.763786496398));
#5208 = ( GEOMETRIC_REPRESENTATION_CONTEXT(2) 
PARAMETRIC_REPRESENTATION_CONTEXT() REPRESENTATION_CONTEXT('2D SPACE',''
  ) );
#5209 = ADVANCED_FACE('',(#5210),#1354,.F.);
#5210 = FACE_BOUND('',#5211,.T.);
#5211 = EDGE_LOOP('',(#5212,#5213,#5214,#5215));
#5212 = ORIENTED_EDGE('',*,*,#2243,.F.);
#5213 = ORIENTED_EDGE('',*,*,#1337,.F.);
#5214 = ORIENTED_EDGE('',*,*,#4987,.T.);
#5215 = ORIENTED_EDGE('',*,*,#1860,.F.);
#5216 = ADVANCED_FACE('',(#5217),#1721,.F.);
#5217 = FACE_BOUND('',#5218,.F.);
#5218 = EDGE_LOOP('',(#5219,#5220,#5221,#5244));
#5219 = ORIENTED_EDGE('',*,*,#1703,.F.);
#5220 = ORIENTED_EDGE('',*,*,#2071,.T.);
#5221 = ORIENTED_EDGE('',*,*,#5222,.T.);
#5222 = EDGE_CURVE('',#2046,#5223,#5225,.T.);
#5223 = VERTEX_POINT('',#5224);
#5224 = CARTESIAN_POINT('',(-9.,19.81,12.25));
#5225 = SURFACE_CURVE('',#5226,(#5230,#5237),.PCURVE_S1.);
#5226 = LINE('',#5227,#5228);
#5227 = CARTESIAN_POINT('',(-9.,7.5,12.25));
#5228 = VECTOR('',#5229,1.);
#5229 = DIRECTION('',(0.,1.,0.));
#5230 = PCURVE('',#1721,#5231);
#5231 = DEFINITIONAL_REPRESENTATION('',(#5232),#5236);
#5232 = LINE('',#5233,#5234);
#5233 = CARTESIAN_POINT('',(1.570796326795,0.));
#5234 = VECTOR('',#5235,1.);
#5235 = DIRECTION('',(0.,1.));
#5236 = ( GEOMETRIC_REPRESENTATION_CONTEXT(2) 
PARAMETRIC_REPRESENTATION_CONTEXT() REPRESENTATION_CONTEXT('2D SPACE',''
  ) );
#5237 = PCURVE('',#2060,#5238);
#5238 = DEFINITIONAL_REPRESENTATION('',(#5239),#5243);
#5239 = LINE('',#5240,#5241);
#5240 = CARTESIAN_POINT('',(3.25,0.));
#5241 = VECTOR('',#5242,1.);
#5242 = DIRECTION('',(0.,1.));
#5243 = ( GEOMETRIC_REPRESENTATION_CONTEXT(2) 
PARAMETRIC_REPRESENTATION_CONTEXT() REPRESENTATION_CONTEXT('2D SPACE',''
  ) );
#5244 = ORIENTED_EDGE('',*,*,#5245,.F.);
#5245 = EDGE_CURVE('',#1706,#5223,#5246,.T.);
#5246 = SURFACE_CURVE('',#5247,(#5252,#5259),.PCURVE_S1.);
#5247 = CIRCLE('',#5248,3.25);
#5248 = AXIS2_PLACEMENT_3D('',#5249,#5250,#5251);
#5249 = CARTESIAN_POINT('',(-9.,19.81,9.));
#5250 = DIRECTION('',(0.,1.,0.));
#5251 = DIRECTION('',(0.,-0.,1.));
#5252 = PCURVE('',#1721,#5253);
#5253 = DEFINITIONAL_REPRESENTATION('',(#5254),#5258);
#5254 = LINE('',#5255,#5256);
#5255 = CARTESIAN_POINT('',(-4.712388980385,12.31));
#5256 = VECTOR('',#5257,1.);
#5257 = DIRECTION('',(1.,0.));
#5258 = ( GEOMETRIC_REPRESENTATION_CONTEXT(2) 
PARAMETRIC_REPRESENTATION_CONTEXT() REPRESENTATION_CONTEXT('2D SPACE',''
  ) );
#5259 = PCURVE('',#1820,#5260);
#5260 = DEFINITIONAL_REPRESENTATION('',(#5261),#5265);
#5261 = CIRCLE('',#5262,3.25);
#5262 = AXIS2_PLACEMENT_2D('',#5263,#5264);
#5263 = CARTESIAN_POINT('',(21.25,3.25));
#5264 = DIRECTION('',(1.,0.));
#5265 = ( GEOMETRIC_REPRESENTATION_CONTEXT(2) 
PARAMETRIC_REPRESENTATION_CONTEXT() REPRESENTATION_CONTEXT('2D SPACE',''
  ) );
#5266 = ADVANCED_FACE('',(#5267,#5418),#1820,.F.);
#5267 = FACE_BOUND('',#5268,.F.);
#5268 = EDGE_LOOP('',(#5269,#5294,#5320,#5321,#5322,#5345,#5373,#5396));
#5269 = ORIENTED_EDGE('',*,*,#5270,.F.);
#5270 = EDGE_CURVE('',#5271,#5273,#5275,.T.);
#5271 = VERTEX_POINT('',#5272);
#5272 = CARTESIAN_POINT('',(-9.,19.81,-12.25));
#5273 = VERTEX_POINT('',#5274);
#5274 = CARTESIAN_POINT('',(9.,19.81,-12.25));
#5275 = SURFACE_CURVE('',#5276,(#5280,#5287),.PCURVE_S1.);
#5276 = LINE('',#5277,#5278);
#5277 = CARTESIAN_POINT('',(-12.25,19.81,-12.25));
#5278 = VECTOR('',#5279,1.);
#5279 = DIRECTION('',(1.,0.,0.));
#5280 = PCURVE('',#1820,#5281);
#5281 = DEFINITIONAL_REPRESENTATION('',(#5282),#5286);
#5282 = LINE('',#5283,#5284);
#5283 = CARTESIAN_POINT('',(0.,0.));
#5284 = VECTOR('',#5285,1.);
#5285 = DIRECTION('',(0.,1.));
#5286 = ( GEOMETRIC_REPRESENTATION_CONTEXT(2) 
PARAMETRIC_REPRESENTATION_CONTEXT() REPRESENTATION_CONTEXT('2D SPACE',''
  ) );
#5287 = PCURVE('',#1950,#5288);
#5288 = DEFINITIONAL_REPRESENTATION('',(#5289),#5293);
#5289 = LINE('',#5290,#5291);
#5290 = CARTESIAN_POINT('',(0.,12.31));
#5291 = VECTOR('',#5292,1.);
#5292 = DIRECTION('',(1.,0.));
#5293 = ( GEOMETRIC_REPRESENTATION_CONTEXT(2) 
PARAMETRIC_REPRESENTATION_CONTEXT() REPRESENTATION_CONTEXT('2D SPACE',''
  ) );
#5294 = ORIENTED_EDGE('',*,*,#5295,.F.);
#5295 = EDGE_CURVE('',#1779,#5271,#5296,.T.);
#5296 = SURFACE_CURVE('',#5297,(#5302,#5313),.PCURVE_S1.);
#5297 = CIRCLE('',#5298,3.25);
#5298 = AXIS2_PLACEMENT_3D('',#5299,#5300,#5301);
#5299 = CARTESIAN_POINT('',(-9.,19.81,-9.));
#5300 = DIRECTION('',(-0.,-1.,0.));
#5301 = DIRECTION('',(0.,-0.,1.));
#5302 = PCURVE('',#1820,#5303);
#5303 = DEFINITIONAL_REPRESENTATION('',(#5304),#5312);
#5304 = ( BOUNDED_CURVE() B_SPLINE_CURVE(2,(#5305,#5306,#5307,#5308,
#5309,#5310,#5311),.UNSPECIFIED.,.T.,.F.) B_SPLINE_CURVE_WITH_KNOTS((1,2
    ,2,2,2,1),(-2.094395102393,0.,2.094395102393,4.188790204786,
6.28318530718,8.377580409573),.UNSPECIFIED.) CURVE() 
GEOMETRIC_REPRESENTATION_ITEM() RATIONAL_B_SPLINE_CURVE((1.,0.5,1.,0.5,
1.,0.5,1.)) REPRESENTATION_ITEM('') );
#5305 = CARTESIAN_POINT('',(6.5,3.25));
#5306 = CARTESIAN_POINT('',(6.5,-2.379165124599));
#5307 = CARTESIAN_POINT('',(1.625,0.435417437701));
#5308 = CARTESIAN_POINT('',(-3.25,3.25));
#5309 = CARTESIAN_POINT('',(1.625,6.064582562299));
#5310 = CARTESIAN_POINT('',(6.5,8.879165124599));
#5311 = CARTESIAN_POINT('',(6.5,3.25));
#5312 = ( GEOMETRIC_REPRESENTATION_CONTEXT(2) 
PARAMETRIC_REPRESENTATION_CONTEXT() REPRESENTATION_CONTEXT('2D SPACE',''
  ) );
#5313 = PCURVE('',#1794,#5314);
#5314 = DEFINITIONAL_REPRESENTATION('',(#5315),#5319);
#5315 = LINE('',#5316,#5317);
#5316 = CARTESIAN_POINT('',(1.570796326795,12.31));
#5317 = VECTOR('',#5318,1.);
#5318 = DIRECTION('',(-1.,0.));
#5319 = ( GEOMETRIC_REPRESENTATION_CONTEXT(2) 
PARAMETRIC_REPRESENTATION_CONTEXT() REPRESENTATION_CONTEXT('2D SPACE',''
  ) );
#5320 = ORIENTED_EDGE('',*,*,#1806,.T.);
#5321 = ORIENTED_EDGE('',*,*,#5245,.T.);
#5322 = ORIENTED_EDGE('',*,*,#5323,.T.);
#5323 = EDGE_CURVE('',#5223,#5324,#5326,.T.);
#5324 = VERTEX_POINT('',#5325);
#5325 = CARTESIAN_POINT('',(9.,19.81,12.25));
#5326 = SURFACE_CURVE('',#5327,(#5331,#5338),.PCURVE_S1.);
#5327 = LINE('',#5328,#5329);
#5328 = CARTESIAN_POINT('',(-12.25,19.81,12.25));
#5329 = VECTOR('',#5330,1.);
#5330 = DIRECTION('',(1.,0.,0.));
#5331 = PCURVE('',#1820,#5332);
#5332 = DEFINITIONAL_REPRESENTATION('',(#5333),#5337);
#5333 = LINE('',#5334,#5335);
#5334 = CARTESIAN_POINT('',(24.5,0.));
#5335 = VECTOR('',#5336,1.);
#5336 = DIRECTION('',(0.,1.));
#5337 = ( GEOMETRIC_REPRESENTATION_CONTEXT(2) 
PARAMETRIC_REPRESENTATION_CONTEXT() REPRESENTATION_CONTEXT('2D SPACE',''
  ) );
#5338 = PCURVE('',#2060,#5339);
#5339 = DEFINITIONAL_REPRESENTATION('',(#5340),#5344);
#5340 = LINE('',#5341,#5342);
#5341 = CARTESIAN_POINT('',(0.,12.31));
#5342 = VECTOR('',#5343,1.);
#5343 = DIRECTION('',(1.,0.));
#5344 = ( GEOMETRIC_REPRESENTATION_CONTEXT(2) 
PARAMETRIC_REPRESENTATION_CONTEXT() REPRESENTATION_CONTEXT('2D SPACE',''
  ) );
#5345 = ORIENTED_EDGE('',*,*,#5346,.F.);
#5346 = EDGE_CURVE('',#5347,#5324,#5349,.T.);
#5347 = VERTEX_POINT('',#5348);
#5348 = CARTESIAN_POINT('',(12.25,19.81,9.));
#5349 = SURFACE_CURVE('',#5350,(#5355,#5366),.PCURVE_S1.);
#5350 = CIRCLE('',#5351,3.25);
#5351 = AXIS2_PLACEMENT_3D('',#5352,#5353,#5354);
#5352 = CARTESIAN_POINT('',(9.,19.81,9.));
#5353 = DIRECTION('',(-0.,-1.,0.));
#5354 = DIRECTION('',(0.,-0.,1.));
#5355 = PCURVE('',#1820,#5356);
#5356 = DEFINITIONAL_REPRESENTATION('',(#5357),#5365);
#5357 = ( BOUNDED_CURVE() B_SPLINE_CURVE(2,(#5358,#5359,#5360,#5361,
#5362,#5363,#5364),.UNSPECIFIED.,.T.,.F.) B_SPLINE_CURVE_WITH_KNOTS((1,2
    ,2,2,2,1),(-2.094395102393,0.,2.094395102393,4.188790204786,
6.28318530718,8.377580409573),.UNSPECIFIED.) CURVE() 
GEOMETRIC_REPRESENTATION_ITEM() RATIONAL_B_SPLINE_CURVE((1.,0.5,1.,0.5,
1.,0.5,1.)) REPRESENTATION_ITEM('') );
#5358 = CARTESIAN_POINT('',(24.5,21.25));
#5359 = CARTESIAN_POINT('',(24.5,15.620834875401));
#5360 = CARTESIAN_POINT('',(19.625,18.435417437701));
#5361 = CARTESIAN_POINT('',(14.75,21.25));
#5362 = CARTESIAN_POINT('',(19.625,24.064582562299));
#5363 = CARTESIAN_POINT('',(24.5,26.879165124599));
#5364 = CARTESIAN_POINT('',(24.5,21.25));
#5365 = ( GEOMETRIC_REPRESENTATION_CONTEXT(2) 
PARAMETRIC_REPRESENTATION_CONTEXT() REPRESENTATION_CONTEXT('2D SPACE',''
  ) );
#5366 = PCURVE('',#2033,#5367);
#5367 = DEFINITIONAL_REPRESENTATION('',(#5368),#5372);
#5368 = LINE('',#5369,#5370);
#5369 = CARTESIAN_POINT('',(4.712388980385,12.31));
#5370 = VECTOR('',#5371,1.);
#5371 = DIRECTION('',(-1.,0.));
#5372 = ( GEOMETRIC_REPRESENTATION_CONTEXT(2) 
PARAMETRIC_REPRESENTATION_CONTEXT() REPRESENTATION_CONTEXT('2D SPACE',''
  ) );
#5373 = ORIENTED_EDGE('',*,*,#5374,.F.);
#5374 = EDGE_CURVE('',#5375,#5347,#5377,.T.);
#5375 = VERTEX_POINT('',#5376);
#5376 = CARTESIAN_POINT('',(12.25,19.81,-9.));
#5377 = SURFACE_CURVE('',#5378,(#5382,#5389),.PCURVE_S1.);
#5378 = LINE('',#5379,#5380);
#5379 = CARTESIAN_POINT('',(12.25,19.81,-12.25));
#5380 = VECTOR('',#5381,1.);
#5381 = DIRECTION('',(0.,0.,1.));
#5382 = PCURVE('',#1820,#5383);
#5383 = DEFINITIONAL_REPRESENTATION('',(#5384),#5388);
#5384 = LINE('',#5385,#5386);
#5385 = CARTESIAN_POINT('',(0.,24.5));
#5386 = VECTOR('',#5387,1.);
#5387 = DIRECTION('',(1.,0.));
#5388 = ( GEOMETRIC_REPRESENTATION_CONTEXT(2) 
PARAMETRIC_REPRESENTATION_CONTEXT() REPRESENTATION_CONTEXT('2D SPACE',''
  ) );
#5389 = PCURVE('',#2005,#5390);
#5390 = DEFINITIONAL_REPRESENTATION('',(#5391),#5395);
#5391 = LINE('',#5392,#5393);
#5392 = CARTESIAN_POINT('',(0.,-12.31));
#5393 = VECTOR('',#5394,1.);
#5394 = DIRECTION('',(1.,0.));
#5395 = ( GEOMETRIC_REPRESENTATION_CONTEXT(2) 
PARAMETRIC_REPRESENTATION_CONTEXT() REPRESENTATION_CONTEXT('2D SPACE',''
  ) );
#5396 = ORIENTED_EDGE('',*,*,#5397,.T.);
#5397 = EDGE_CURVE('',#5375,#5273,#5398,.T.);
#5398 = SURFACE_CURVE('',#5399,(#5404,#5411),.PCURVE_S1.);
#5399 = CIRCLE('',#5400,3.25);
#5400 = AXIS2_PLACEMENT_3D('',#5401,#5402,#5403);
#5401 = CARTESIAN_POINT('',(9.,19.81,-9.));
#5402 = DIRECTION('',(0.,1.,0.));
#5403 = DIRECTION('',(0.,-0.,1.));
#5404 = PCURVE('',#1820,#5405);
#5405 = DEFINITIONAL_REPRESENTATION('',(#5406),#5410);
#5406 = CIRCLE('',#5407,3.25);
#5407 = AXIS2_PLACEMENT_2D('',#5408,#5409);
#5408 = CARTESIAN_POINT('',(3.25,21.25));
#5409 = DIRECTION('',(1.,0.));
#5410 = ( GEOMETRIC_REPRESENTATION_CONTEXT(2) 
PARAMETRIC_REPRESENTATION_CONTEXT() REPRESENTATION_CONTEXT('2D SPACE',''
  ) );
#5411 = PCURVE('',#1978,#5412);
#5412 = DEFINITIONAL_REPRESENTATION('',(#5413),#5417);
#5413 = LINE('',#5414,#5415);
#5414 = CARTESIAN_POINT('',(-1.570796326795,12.31));
#5415 = VECTOR('',#5416,1.);
#5416 = DIRECTION('',(1.,0.));
#5417 = ( GEOMETRIC_REPRESENTATION_CONTEXT(2) 
PARAMETRIC_REPRESENTATION_CONTEXT() REPRESENTATION_CONTEXT('2D SPACE',''
  ) );
#5418 = FACE_BOUND('',#5419,.F.);
#5419 = EDGE_LOOP('',(#5420,#5451,#5477,#5506,#5532,#5561,#5587,#5616));
#5420 = ORIENTED_EDGE('',*,*,#5421,.F.);
#5421 = EDGE_CURVE('',#5422,#5424,#5426,.T.);
#5422 = VERTEX_POINT('',#5423);
#5423 = CARTESIAN_POINT('',(-9.5,19.81,7.51));
#5424 = VERTEX_POINT('',#5425);
#5425 = CARTESIAN_POINT('',(-7.61,19.81,9.4));
#5426 = SURFACE_CURVE('',#5427,(#5432,#5439),.PCURVE_S1.);
#5427 = CIRCLE('',#5428,1.89);
#5428 = AXIS2_PLACEMENT_3D('',#5429,#5430,#5431);
#5429 = CARTESIAN_POINT('',(-7.61,19.81,7.51));
#5430 = DIRECTION('',(0.,1.,0.));
#5431 = DIRECTION('',(-1.,0.,0.));
#5432 = PCURVE('',#1820,#5433);
#5433 = DEFINITIONAL_REPRESENTATION('',(#5434),#5438);
#5434 = CIRCLE('',#5435,1.89);
#5435 = AXIS2_PLACEMENT_2D('',#5436,#5437);
#5436 = CARTESIAN_POINT('',(19.76,4.64));
#5437 = DIRECTION('',(0.,-1.));
#5438 = ( GEOMETRIC_REPRESENTATION_CONTEXT(2) 
PARAMETRIC_REPRESENTATION_CONTEXT() REPRESENTATION_CONTEXT('2D SPACE',''
  ) );
#5439 = PCURVE('',#5440,#5445);
#5440 = CYLINDRICAL_SURFACE('',#5441,1.89);
#5441 = AXIS2_PLACEMENT_3D('',#5442,#5443,#5444);
#5442 = CARTESIAN_POINT('',(-7.61,18.81,7.51));
#5443 = DIRECTION('',(0.,1.,0.));
#5444 = DIRECTION('',(-1.,0.,0.));
#5445 = DEFINITIONAL_REPRESENTATION('',(#5446),#5450);
#5446 = LINE('',#5447,#5448);
#5447 = CARTESIAN_POINT('',(0.,1.));
#5448 = VECTOR('',#5449,1.);
#5449 = DIRECTION('',(1.,0.));
#5450 = ( GEOMETRIC_REPRESENTATION_CONTEXT(2) 
PARAMETRIC_REPRESENTATION_CONTEXT() REPRESENTATION_CONTEXT('2D SPACE',''
  ) );
#5451 = ORIENTED_EDGE('',*,*,#5452,.T.);
#5452 = EDGE_CURVE('',#5422,#5453,#5455,.T.);
#5453 = VERTEX_POINT('',#5454);
#5454 = CARTESIAN_POINT('',(-9.5,19.81,7.49));
#5455 = SURFACE_CURVE('',#5456,(#5460,#5466),.PCURVE_S1.);
#5456 = LINE('',#5457,#5458);
#5457 = CARTESIAN_POINT('',(-9.5,19.81,-3.325));
#5458 = VECTOR('',#5459,1.);
#5459 = DIRECTION('',(0.,0.,-1.));
#5460 = PCURVE('',#1820,#5461);
#5461 = DEFINITIONAL_REPRESENTATION('',(#5462),#5465);
#5462 = B_SPLINE_CURVE_WITH_KNOTS('',1,(#5463,#5464),.UNSPECIFIED.,.F.,
  .F.,(2,2),(-10.835,-10.815),.PIECEWISE_BEZIER_KNOTS.);
#5463 = CARTESIAN_POINT('',(19.76,2.75));
#5464 = CARTESIAN_POINT('',(19.74,2.75));
#5465 = ( GEOMETRIC_REPRESENTATION_CONTEXT(2) 
PARAMETRIC_REPRESENTATION_CONTEXT() REPRESENTATION_CONTEXT('2D SPACE',''
  ) );
#5466 = PCURVE('',#5467,#5472);
#5467 = PLANE('',#5468);
#5468 = AXIS2_PLACEMENT_3D('',#5469,#5470,#5471);
#5469 = CARTESIAN_POINT('',(-9.5,18.81,5.6));
#5470 = DIRECTION('',(1.,0.,0.));
#5471 = DIRECTION('',(0.,0.,1.));
#5472 = DEFINITIONAL_REPRESENTATION('',(#5473),#5476);
#5473 = B_SPLINE_CURVE_WITH_KNOTS('',1,(#5474,#5475),.UNSPECIFIED.,.F.,
  .F.,(2,2),(-10.835,-10.815),.PIECEWISE_BEZIER_KNOTS.);
#5474 = CARTESIAN_POINT('',(1.91,-1.));
#5475 = CARTESIAN_POINT('',(1.89,-1.));
#5476 = ( GEOMETRIC_REPRESENTATION_CONTEXT(2) 
PARAMETRIC_REPRESENTATION_CONTEXT() REPRESENTATION_CONTEXT('2D SPACE',''
  ) );
#5477 = ORIENTED_EDGE('',*,*,#5478,.F.);
#5478 = EDGE_CURVE('',#5479,#5453,#5481,.T.);
#5479 = VERTEX_POINT('',#5480);
#5480 = CARTESIAN_POINT('',(-7.61,19.81,5.6));
#5481 = SURFACE_CURVE('',#5482,(#5487,#5494),.PCURVE_S1.);
#5482 = CIRCLE('',#5483,1.89);
#5483 = AXIS2_PLACEMENT_3D('',#5484,#5485,#5486);
#5484 = CARTESIAN_POINT('',(-7.61,19.81,7.49));
#5485 = DIRECTION('',(0.,1.,0.));
#5486 = DIRECTION('',(-1.,0.,0.));
#5487 = PCURVE('',#1820,#5488);
#5488 = DEFINITIONAL_REPRESENTATION('',(#5489),#5493);
#5489 = CIRCLE('',#5490,1.89);
#5490 = AXIS2_PLACEMENT_2D('',#5491,#5492);
#5491 = CARTESIAN_POINT('',(19.74,4.64));
#5492 = DIRECTION('',(0.,-1.));
#5493 = ( GEOMETRIC_REPRESENTATION_CONTEXT(2) 
PARAMETRIC_REPRESENTATION_CONTEXT() REPRESENTATION_CONTEXT('2D SPACE',''
  ) );
#5494 = PCURVE('',#5495,#5500);
#5495 = CYLINDRICAL_SURFACE('',#5496,1.89);
#5496 = AXIS2_PLACEMENT_3D('',#5497,#5498,#5499);
#5497 = CARTESIAN_POINT('',(-7.61,18.81,7.49));
#5498 = DIRECTION('',(0.,1.,0.));
#5499 = DIRECTION('',(-1.,0.,0.));
#5500 = DEFINITIONAL_REPRESENTATION('',(#5501),#5505);
#5501 = LINE('',#5502,#5503);
#5502 = CARTESIAN_POINT('',(-6.28318530718,1.));
#5503 = VECTOR('',#5504,1.);
#5504 = DIRECTION('',(1.,-0.));
#5505 = ( GEOMETRIC_REPRESENTATION_CONTEXT(2) 
PARAMETRIC_REPRESENTATION_CONTEXT() REPRESENTATION_CONTEXT('2D SPACE',''
  ) );
#5506 = ORIENTED_EDGE('',*,*,#5507,.T.);
#5507 = EDGE_CURVE('',#5479,#5508,#5510,.T.);
#5508 = VERTEX_POINT('',#5509);
#5509 = CARTESIAN_POINT('',(7.61,19.81,5.6));
#5510 = SURFACE_CURVE('',#5511,(#5515,#5521),.PCURVE_S1.);
#5511 = LINE('',#5512,#5513);
#5512 = CARTESIAN_POINT('',(-10.875,19.81,5.6));
#5513 = VECTOR('',#5514,1.);
#5514 = DIRECTION('',(1.,0.,0.));
#5515 = PCURVE('',#1820,#5516);
#5516 = DEFINITIONAL_REPRESENTATION('',(#5517),#5520);
#5517 = B_SPLINE_CURVE_WITH_KNOTS('',1,(#5518,#5519),.UNSPECIFIED.,.F.,
  .F.,(2,2),(3.265,18.485),.PIECEWISE_BEZIER_KNOTS.);
#5518 = CARTESIAN_POINT('',(17.85,4.64));
#5519 = CARTESIAN_POINT('',(17.85,19.86));
#5520 = ( GEOMETRIC_REPRESENTATION_CONTEXT(2) 
PARAMETRIC_REPRESENTATION_CONTEXT() REPRESENTATION_CONTEXT('2D SPACE',''
  ) );
#5521 = PCURVE('',#5522,#5527);
#5522 = PLANE('',#5523);
#5523 = AXIS2_PLACEMENT_3D('',#5524,#5525,#5526);
#5524 = CARTESIAN_POINT('',(-9.5,18.81,5.6));
#5525 = DIRECTION('',(0.,0.,1.));
#5526 = DIRECTION('',(1.,0.,0.));
#5527 = DEFINITIONAL_REPRESENTATION('',(#5528),#5531);
#5528 = B_SPLINE_CURVE_WITH_KNOTS('',1,(#5529,#5530),.UNSPECIFIED.,.F.,
  .F.,(2,2),(3.265,18.485),.PIECEWISE_BEZIER_KNOTS.);
#5529 = CARTESIAN_POINT('',(1.89,1.));
#5530 = CARTESIAN_POINT('',(17.11,1.));
#5531 = ( GEOMETRIC_REPRESENTATION_CONTEXT(2) 
PARAMETRIC_REPRESENTATION_CONTEXT() REPRESENTATION_CONTEXT('2D SPACE',''
  ) );
#5532 = ORIENTED_EDGE('',*,*,#5533,.F.);
#5533 = EDGE_CURVE('',#5534,#5508,#5536,.T.);
#5534 = VERTEX_POINT('',#5535);
#5535 = CARTESIAN_POINT('',(9.5,19.81,7.49));
#5536 = SURFACE_CURVE('',#5537,(#5542,#5549),.PCURVE_S1.);
#5537 = CIRCLE('',#5538,1.89);
#5538 = AXIS2_PLACEMENT_3D('',#5539,#5540,#5541);
#5539 = CARTESIAN_POINT('',(7.61,19.81,7.49));
#5540 = DIRECTION('',(0.,1.,0.));
#5541 = DIRECTION('',(1.,0.,-0.));
#5542 = PCURVE('',#1820,#5543);
#5543 = DEFINITIONAL_REPRESENTATION('',(#5544),#5548);
#5544 = CIRCLE('',#5545,1.89);
#5545 = AXIS2_PLACEMENT_2D('',#5546,#5547);
#5546 = CARTESIAN_POINT('',(19.74,19.86));
#5547 = DIRECTION('',(0.,1.));
#5548 = ( GEOMETRIC_REPRESENTATION_CONTEXT(2) 
PARAMETRIC_REPRESENTATION_CONTEXT() REPRESENTATION_CONTEXT('2D SPACE',''
  ) );
#5549 = PCURVE('',#5550,#5555);
#5550 = CYLINDRICAL_SURFACE('',#5551,1.89);
#5551 = AXIS2_PLACEMENT_3D('',#5552,#5553,#5554);
#5552 = CARTESIAN_POINT('',(7.61,18.81,7.49));
#5553 = DIRECTION('',(0.,1.,0.));
#5554 = DIRECTION('',(1.,0.,-0.));
#5555 = DEFINITIONAL_REPRESENTATION('',(#5556),#5560);
#5556 = LINE('',#5557,#5558);
#5557 = CARTESIAN_POINT('',(0.,1.));
#5558 = VECTOR('',#5559,1.);
#5559 = DIRECTION('',(1.,0.));
#5560 = ( GEOMETRIC_REPRESENTATION_CONTEXT(2) 
PARAMETRIC_REPRESENTATION_CONTEXT() REPRESENTATION_CONTEXT('2D SPACE',''
  ) );
#5561 = ORIENTED_EDGE('',*,*,#5562,.F.);
#5562 = EDGE_CURVE('',#5563,#5534,#5565,.T.);
#5563 = VERTEX_POINT('',#5564);
#5564 = CARTESIAN_POINT('',(9.5,19.81,7.51));
#5565 = SURFACE_CURVE('',#5566,(#5570,#5576),.PCURVE_S1.);
#5566 = LINE('',#5567,#5568);
#5567 = CARTESIAN_POINT('',(9.5,19.81,-3.325));
#5568 = VECTOR('',#5569,1.);
#5569 = DIRECTION('',(0.,0.,-1.));
#5570 = PCURVE('',#1820,#5571);
#5571 = DEFINITIONAL_REPRESENTATION('',(#5572),#5575);
#5572 = B_SPLINE_CURVE_WITH_KNOTS('',1,(#5573,#5574),.UNSPECIFIED.,.F.,
  .F.,(2,2),(-10.835,-10.815),.PIECEWISE_BEZIER_KNOTS.);
#5573 = CARTESIAN_POINT('',(19.76,21.75));
#5574 = CARTESIAN_POINT('',(19.74,21.75));
#5575 = ( GEOMETRIC_REPRESENTATION_CONTEXT(2) 
PARAMETRIC_REPRESENTATION_CONTEXT() REPRESENTATION_CONTEXT('2D SPACE',''
  ) );
#5576 = PCURVE('',#5577,#5582);
#5577 = PLANE('',#5578);
#5578 = AXIS2_PLACEMENT_3D('',#5579,#5580,#5581);
#5579 = CARTESIAN_POINT('',(9.5,18.81,5.6));
#5580 = DIRECTION('',(1.,0.,0.));
#5581 = DIRECTION('',(0.,0.,1.));
#5582 = DEFINITIONAL_REPRESENTATION('',(#5583),#5586);
#5583 = B_SPLINE_CURVE_WITH_KNOTS('',1,(#5584,#5585),.UNSPECIFIED.,.F.,
  .F.,(2,2),(-10.835,-10.815),.PIECEWISE_BEZIER_KNOTS.);
#5584 = CARTESIAN_POINT('',(1.91,-1.));
#5585 = CARTESIAN_POINT('',(1.89,-1.));
#5586 = ( GEOMETRIC_REPRESENTATION_CONTEXT(2) 
PARAMETRIC_REPRESENTATION_CONTEXT() REPRESENTATION_CONTEXT('2D SPACE',''
  ) );
#5587 = ORIENTED_EDGE('',*,*,#5588,.F.);
#5588 = EDGE_CURVE('',#5589,#5563,#5591,.T.);
#5589 = VERTEX_POINT('',#5590);
#5590 = CARTESIAN_POINT('',(7.61,19.81,9.4));
#5591 = SURFACE_CURVE('',#5592,(#5597,#5604),.PCURVE_S1.);
#5592 = CIRCLE('',#5593,1.89);
#5593 = AXIS2_PLACEMENT_3D('',#5594,#5595,#5596);
#5594 = CARTESIAN_POINT('',(7.61,19.81,7.51));
#5595 = DIRECTION('',(0.,1.,0.));
#5596 = DIRECTION('',(1.,0.,-0.));
#5597 = PCURVE('',#1820,#5598);
#5598 = DEFINITIONAL_REPRESENTATION('',(#5599),#5603);
#5599 = CIRCLE('',#5600,1.89);
#5600 = AXIS2_PLACEMENT_2D('',#5601,#5602);
#5601 = CARTESIAN_POINT('',(19.76,19.86));
#5602 = DIRECTION('',(0.,1.));
#5603 = ( GEOMETRIC_REPRESENTATION_CONTEXT(2) 
PARAMETRIC_REPRESENTATION_CONTEXT() REPRESENTATION_CONTEXT('2D SPACE',''
  ) );
#5604 = PCURVE('',#5605,#5610);
#5605 = CYLINDRICAL_SURFACE('',#5606,1.89);
#5606 = AXIS2_PLACEMENT_3D('',#5607,#5608,#5609);
#5607 = CARTESIAN_POINT('',(7.61,18.81,7.51));
#5608 = DIRECTION('',(0.,1.,0.));
#5609 = DIRECTION('',(1.,0.,-0.));
#5610 = DEFINITIONAL_REPRESENTATION('',(#5611),#5615);
#5611 = LINE('',#5612,#5613);
#5612 = CARTESIAN_POINT('',(-6.28318530718,1.));
#5613 = VECTOR('',#5614,1.);
#5614 = DIRECTION('',(1.,-0.));
#5615 = ( GEOMETRIC_REPRESENTATION_CONTEXT(2) 
PARAMETRIC_REPRESENTATION_CONTEXT() REPRESENTATION_CONTEXT('2D SPACE',''
  ) );
#5616 = ORIENTED_EDGE('',*,*,#5617,.F.);
#5617 = EDGE_CURVE('',#5424,#5589,#5618,.T.);
#5618 = SURFACE_CURVE('',#5619,(#5623,#5629),.PCURVE_S1.);
#5619 = LINE('',#5620,#5621);
#5620 = CARTESIAN_POINT('',(-10.875,19.81,9.4));
#5621 = VECTOR('',#5622,1.);
#5622 = DIRECTION('',(1.,0.,0.));
#5623 = PCURVE('',#1820,#5624);
#5624 = DEFINITIONAL_REPRESENTATION('',(#5625),#5628);
#5625 = B_SPLINE_CURVE_WITH_KNOTS('',1,(#5626,#5627),.UNSPECIFIED.,.F.,
  .F.,(2,2),(3.265,18.485),.PIECEWISE_BEZIER_KNOTS.);
#5626 = CARTESIAN_POINT('',(21.65,4.64));
#5627 = CARTESIAN_POINT('',(21.65,19.86));
#5628 = ( GEOMETRIC_REPRESENTATION_CONTEXT(2) 
PARAMETRIC_REPRESENTATION_CONTEXT() REPRESENTATION_CONTEXT('2D SPACE',''
  ) );
#5629 = PCURVE('',#5630,#5635);
#5630 = PLANE('',#5631);
#5631 = AXIS2_PLACEMENT_3D('',#5632,#5633,#5634);
#5632 = CARTESIAN_POINT('',(-9.5,18.81,9.4));
#5633 = DIRECTION('',(0.,0.,1.));
#5634 = DIRECTION('',(1.,0.,0.));
#5635 = DEFINITIONAL_REPRESENTATION('',(#5636),#5639);
#5636 = B_SPLINE_CURVE_WITH_KNOTS('',1,(#5637,#5638),.UNSPECIFIED.,.F.,
  .F.,(2,2),(3.265,18.485),.PIECEWISE_BEZIER_KNOTS.);
#5637 = CARTESIAN_POINT('',(1.89,1.));
#5638 = CARTESIAN_POINT('',(17.11,1.));
#5639 = ( GEOMETRIC_REPRESENTATION_CONTEXT(2) 
PARAMETRIC_REPRESENTATION_CONTEXT() REPRESENTATION_CONTEXT('2D SPACE',''
  ) );
#5640 = ADVANCED_FACE('',(#5641),#1794,.F.);
#5641 = FACE_BOUND('',#5642,.T.);
#5642 = EDGE_LOOP('',(#5643,#5644,#5645,#5666));
#5643 = ORIENTED_EDGE('',*,*,#1778,.F.);
#5644 = ORIENTED_EDGE('',*,*,#1911,.F.);
#5645 = ORIENTED_EDGE('',*,*,#5646,.T.);
#5646 = EDGE_CURVE('',#1912,#5271,#5647,.T.);
#5647 = SURFACE_CURVE('',#5648,(#5652,#5659),.PCURVE_S1.);
#5648 = LINE('',#5649,#5650);
#5649 = CARTESIAN_POINT('',(-9.,7.5,-12.25));
#5650 = VECTOR('',#5651,1.);
#5651 = DIRECTION('',(0.,1.,0.));
#5652 = PCURVE('',#1794,#5653);
#5653 = DEFINITIONAL_REPRESENTATION('',(#5654),#5658);
#5654 = LINE('',#5655,#5656);
#5655 = CARTESIAN_POINT('',(-1.570796326795,0.));
#5656 = VECTOR('',#5657,1.);
#5657 = DIRECTION('',(-0.,1.));
#5658 = ( GEOMETRIC_REPRESENTATION_CONTEXT(2) 
PARAMETRIC_REPRESENTATION_CONTEXT() REPRESENTATION_CONTEXT('2D SPACE',''
  ) );
#5659 = PCURVE('',#1950,#5660);
#5660 = DEFINITIONAL_REPRESENTATION('',(#5661),#5665);
#5661 = LINE('',#5662,#5663);
#5662 = CARTESIAN_POINT('',(3.25,0.));
#5663 = VECTOR('',#5664,1.);
#5664 = DIRECTION('',(0.,1.));
#5665 = ( GEOMETRIC_REPRESENTATION_CONTEXT(2) 
PARAMETRIC_REPRESENTATION_CONTEXT() REPRESENTATION_CONTEXT('2D SPACE',''
  ) );
#5666 = ORIENTED_EDGE('',*,*,#5295,.F.);
#5667 = ADVANCED_FACE('',(#5668,#5694),#2060,.F.);
#5668 = FACE_BOUND('',#5669,.F.);
#5669 = EDGE_LOOP('',(#5670,#5671,#5672,#5673));
#5670 = ORIENTED_EDGE('',*,*,#5323,.F.);
#5671 = ORIENTED_EDGE('',*,*,#5222,.F.);
#5672 = ORIENTED_EDGE('',*,*,#2045,.F.);
#5673 = ORIENTED_EDGE('',*,*,#5674,.T.);
#5674 = EDGE_CURVE('',#2017,#5324,#5675,.T.);
#5675 = SURFACE_CURVE('',#5676,(#5680,#5687),.PCURVE_S1.);
#5676 = LINE('',#5677,#5678);
#5677 = CARTESIAN_POINT('',(9.,7.5,12.25));
#5678 = VECTOR('',#5679,1.);
#5679 = DIRECTION('',(0.,1.,0.));
#5680 = PCURVE('',#2060,#5681);
#5681 = DEFINITIONAL_REPRESENTATION('',(#5682),#5686);
#5682 = LINE('',#5683,#5684);
#5683 = CARTESIAN_POINT('',(21.25,0.));
#5684 = VECTOR('',#5685,1.);
#5685 = DIRECTION('',(0.,1.));
#5686 = ( GEOMETRIC_REPRESENTATION_CONTEXT(2) 
PARAMETRIC_REPRESENTATION_CONTEXT() REPRESENTATION_CONTEXT('2D SPACE',''
  ) );
#5687 = PCURVE('',#2033,#5688);
#5688 = DEFINITIONAL_REPRESENTATION('',(#5689),#5693);
#5689 = LINE('',#5690,#5691);
#5690 = CARTESIAN_POINT('',(-1.570796326795,0.));
#5691 = VECTOR('',#5692,1.);
#5692 = DIRECTION('',(-0.,1.));
#5693 = ( GEOMETRIC_REPRESENTATION_CONTEXT(2) 
PARAMETRIC_REPRESENTATION_CONTEXT() REPRESENTATION_CONTEXT('2D SPACE',''
  ) );
#5694 = FACE_BOUND('',#5695,.F.);
#5695 = EDGE_LOOP('',(#5696,#5722,#5743,#5767,#5788,#5812,#5833,#5857));
#5696 = ORIENTED_EDGE('',*,*,#5697,.F.);
#5697 = EDGE_CURVE('',#5698,#5700,#5702,.T.);
#5698 = VERTEX_POINT('',#5699);
#5699 = CARTESIAN_POINT('',(-5.,14.99,12.25));
#5700 = VERTEX_POINT('',#5701);
#5701 = CARTESIAN_POINT('',(-4.41,14.4,12.25));
#5702 = SURFACE_CURVE('',#5703,(#5708,#5715),.PCURVE_S1.);
#5703 = CIRCLE('',#5704,0.59);
#5704 = AXIS2_PLACEMENT_3D('',#5705,#5706,#5707);
#5705 = CARTESIAN_POINT('',(-4.41,14.99,12.25));
#5706 = DIRECTION('',(0.,0.,1.));
#5707 = DIRECTION('',(-1.,-0.,0.));
#5708 = PCURVE('',#2060,#5709);
#5709 = DEFINITIONAL_REPRESENTATION('',(#5710),#5714);
#5710 = CIRCLE('',#5711,0.59);
#5711 = AXIS2_PLACEMENT_2D('',#5712,#5713);
#5712 = CARTESIAN_POINT('',(7.84,7.49));
#5713 = DIRECTION('',(-1.,0.));
#5714 = ( GEOMETRIC_REPRESENTATION_CONTEXT(2) 
PARAMETRIC_REPRESENTATION_CONTEXT() REPRESENTATION_CONTEXT('2D SPACE',''
  ) );
#5715 = PCURVE('',#2472,#5716);
#5716 = DEFINITIONAL_REPRESENTATION('',(#5717),#5721);
#5717 = LINE('',#5718,#5719);
#5718 = CARTESIAN_POINT('',(0.,1.));
#5719 = VECTOR('',#5720,1.);
#5720 = DIRECTION('',(1.,0.));
#5721 = ( GEOMETRIC_REPRESENTATION_CONTEXT(2) 
PARAMETRIC_REPRESENTATION_CONTEXT() REPRESENTATION_CONTEXT('2D SPACE',''
  ) );
#5722 = ORIENTED_EDGE('',*,*,#5723,.T.);
#5723 = EDGE_CURVE('',#5698,#5724,#5726,.T.);
#5724 = VERTEX_POINT('',#5725);
#5725 = CARTESIAN_POINT('',(-5.,15.01,12.25));
#5726 = SURFACE_CURVE('',#5727,(#5731,#5737),.PCURVE_S1.);
#5727 = LINE('',#5728,#5729);
#5728 = CARTESIAN_POINT('',(-5.,10.95,12.25));
#5729 = VECTOR('',#5730,1.);
#5730 = DIRECTION('',(0.,1.,0.));
#5731 = PCURVE('',#2060,#5732);
#5732 = DEFINITIONAL_REPRESENTATION('',(#5733),#5736);
#5733 = B_SPLINE_CURVE_WITH_KNOTS('',1,(#5734,#5735),.UNSPECIFIED.,.F.,
  .F.,(2,2),(4.04,4.06),.PIECEWISE_BEZIER_KNOTS.);
#5734 = CARTESIAN_POINT('',(7.25,7.49));
#5735 = CARTESIAN_POINT('',(7.25,7.51));
#5736 = ( GEOMETRIC_REPRESENTATION_CONTEXT(2) 
PARAMETRIC_REPRESENTATION_CONTEXT() REPRESENTATION_CONTEXT('2D SPACE',''
  ) );
#5737 = PCURVE('',#2499,#5738);
#5738 = DEFINITIONAL_REPRESENTATION('',(#5739),#5742);
#5739 = B_SPLINE_CURVE_WITH_KNOTS('',1,(#5740,#5741),.UNSPECIFIED.,.F.,
  .F.,(2,2),(4.04,4.06),.PIECEWISE_BEZIER_KNOTS.);
#5740 = CARTESIAN_POINT('',(1.,-0.59));
#5741 = CARTESIAN_POINT('',(1.,-0.61));
#5742 = ( GEOMETRIC_REPRESENTATION_CONTEXT(2) 
PARAMETRIC_REPRESENTATION_CONTEXT() REPRESENTATION_CONTEXT('2D SPACE',''
  ) );
#5743 = ORIENTED_EDGE('',*,*,#5744,.F.);
#5744 = EDGE_CURVE('',#5745,#5724,#5747,.T.);
#5745 = VERTEX_POINT('',#5746);
#5746 = CARTESIAN_POINT('',(-4.41,15.6,12.25));
#5747 = SURFACE_CURVE('',#5748,(#5753,#5760),.PCURVE_S1.);
#5748 = CIRCLE('',#5749,0.59);
#5749 = AXIS2_PLACEMENT_3D('',#5750,#5751,#5752);
#5750 = CARTESIAN_POINT('',(-4.41,15.01,12.25));
#5751 = DIRECTION('',(0.,0.,1.));
#5752 = DIRECTION('',(-1.,-0.,0.));
#5753 = PCURVE('',#2060,#5754);
#5754 = DEFINITIONAL_REPRESENTATION('',(#5755),#5759);
#5755 = CIRCLE('',#5756,0.59);
#5756 = AXIS2_PLACEMENT_2D('',#5757,#5758);
#5757 = CARTESIAN_POINT('',(7.84,7.51));
#5758 = DIRECTION('',(-1.,0.));
#5759 = ( GEOMETRIC_REPRESENTATION_CONTEXT(2) 
PARAMETRIC_REPRESENTATION_CONTEXT() REPRESENTATION_CONTEXT('2D SPACE',''
  ) );
#5760 = PCURVE('',#2527,#5761);
#5761 = DEFINITIONAL_REPRESENTATION('',(#5762),#5766);
#5762 = LINE('',#5763,#5764);
#5763 = CARTESIAN_POINT('',(-6.28318530718,1.));
#5764 = VECTOR('',#5765,1.);
#5765 = DIRECTION('',(1.,-0.));
#5766 = ( GEOMETRIC_REPRESENTATION_CONTEXT(2) 
PARAMETRIC_REPRESENTATION_CONTEXT() REPRESENTATION_CONTEXT('2D SPACE',''
  ) );
#5767 = ORIENTED_EDGE('',*,*,#5768,.F.);
#5768 = EDGE_CURVE('',#5769,#5745,#5771,.T.);
#5769 = VERTEX_POINT('',#5770);
#5770 = CARTESIAN_POINT('',(4.41,15.6,12.25));
#5771 = SURFACE_CURVE('',#5772,(#5776,#5782),.PCURVE_S1.);
#5772 = LINE('',#5773,#5774);
#5773 = CARTESIAN_POINT('',(-8.625,15.6,12.25));
#5774 = VECTOR('',#5775,1.);
#5775 = DIRECTION('',(-1.,0.,0.));
#5776 = PCURVE('',#2060,#5777);
#5777 = DEFINITIONAL_REPRESENTATION('',(#5778),#5781);
#5778 = B_SPLINE_CURVE_WITH_KNOTS('',1,(#5779,#5780),.UNSPECIFIED.,.F.,
  .F.,(2,2),(-13.035,-4.215),.PIECEWISE_BEZIER_KNOTS.);
#5779 = CARTESIAN_POINT('',(16.66,8.1));
#5780 = CARTESIAN_POINT('',(7.84,8.1));
#5781 = ( GEOMETRIC_REPRESENTATION_CONTEXT(2) 
PARAMETRIC_REPRESENTATION_CONTEXT() REPRESENTATION_CONTEXT('2D SPACE',''
  ) );
#5782 = PCURVE('',#2554,#5783);
#5783 = DEFINITIONAL_REPRESENTATION('',(#5784),#5787);
#5784 = B_SPLINE_CURVE_WITH_KNOTS('',1,(#5785,#5786),.UNSPECIFIED.,.F.,
  .F.,(2,2),(-13.035,-4.215),.PIECEWISE_BEZIER_KNOTS.);
#5785 = CARTESIAN_POINT('',(1.,9.41));
#5786 = CARTESIAN_POINT('',(1.,0.59));
#5787 = ( GEOMETRIC_REPRESENTATION_CONTEXT(2) 
PARAMETRIC_REPRESENTATION_CONTEXT() REPRESENTATION_CONTEXT('2D SPACE',''
  ) );
#5788 = ORIENTED_EDGE('',*,*,#5789,.F.);
#5789 = EDGE_CURVE('',#5790,#5769,#5792,.T.);
#5790 = VERTEX_POINT('',#5791);
#5791 = CARTESIAN_POINT('',(5.,15.01,12.25));
#5792 = SURFACE_CURVE('',#5793,(#5798,#5805),.PCURVE_S1.);
#5793 = CIRCLE('',#5794,0.59);
#5794 = AXIS2_PLACEMENT_3D('',#5795,#5796,#5797);
#5795 = CARTESIAN_POINT('',(4.41,15.01,12.25));
#5796 = DIRECTION('',(0.,0.,1.));
#5797 = DIRECTION('',(1.,0.,-0.));
#5798 = PCURVE('',#2060,#5799);
#5799 = DEFINITIONAL_REPRESENTATION('',(#5800),#5804);
#5800 = CIRCLE('',#5801,0.59);
#5801 = AXIS2_PLACEMENT_2D('',#5802,#5803);
#5802 = CARTESIAN_POINT('',(16.66,7.51));
#5803 = DIRECTION('',(1.,0.));
#5804 = ( GEOMETRIC_REPRESENTATION_CONTEXT(2) 
PARAMETRIC_REPRESENTATION_CONTEXT() REPRESENTATION_CONTEXT('2D SPACE',''
  ) );
#5805 = PCURVE('',#2582,#5806);
#5806 = DEFINITIONAL_REPRESENTATION('',(#5807),#5811);
#5807 = LINE('',#5808,#5809);
#5808 = CARTESIAN_POINT('',(0.,1.));
#5809 = VECTOR('',#5810,1.);
#5810 = DIRECTION('',(1.,0.));
#5811 = ( GEOMETRIC_REPRESENTATION_CONTEXT(2) 
PARAMETRIC_REPRESENTATION_CONTEXT() REPRESENTATION_CONTEXT('2D SPACE',''
  ) );
#5812 = ORIENTED_EDGE('',*,*,#5813,.F.);
#5813 = EDGE_CURVE('',#5814,#5790,#5816,.T.);
#5814 = VERTEX_POINT('',#5815);
#5815 = CARTESIAN_POINT('',(5.,14.99,12.25));
#5816 = SURFACE_CURVE('',#5817,(#5821,#5827),.PCURVE_S1.);
#5817 = LINE('',#5818,#5819);
#5818 = CARTESIAN_POINT('',(5.,10.95,12.25));
#5819 = VECTOR('',#5820,1.);
#5820 = DIRECTION('',(0.,1.,0.));
#5821 = PCURVE('',#2060,#5822);
#5822 = DEFINITIONAL_REPRESENTATION('',(#5823),#5826);
#5823 = B_SPLINE_CURVE_WITH_KNOTS('',1,(#5824,#5825),.UNSPECIFIED.,.F.,
  .F.,(2,2),(4.04,4.06),.PIECEWISE_BEZIER_KNOTS.);
#5824 = CARTESIAN_POINT('',(17.25,7.49));
#5825 = CARTESIAN_POINT('',(17.25,7.51));
#5826 = ( GEOMETRIC_REPRESENTATION_CONTEXT(2) 
PARAMETRIC_REPRESENTATION_CONTEXT() REPRESENTATION_CONTEXT('2D SPACE',''
  ) );
#5827 = PCURVE('',#2609,#5828);
#5828 = DEFINITIONAL_REPRESENTATION('',(#5829),#5832);
#5829 = B_SPLINE_CURVE_WITH_KNOTS('',1,(#5830,#5831),.UNSPECIFIED.,.F.,
  .F.,(2,2),(4.04,4.06),.PIECEWISE_BEZIER_KNOTS.);
#5830 = CARTESIAN_POINT('',(1.,-0.59));
#5831 = CARTESIAN_POINT('',(1.,-0.61));
#5832 = ( GEOMETRIC_REPRESENTATION_CONTEXT(2) 
PARAMETRIC_REPRESENTATION_CONTEXT() REPRESENTATION_CONTEXT('2D SPACE',''
  ) );
#5833 = ORIENTED_EDGE('',*,*,#5834,.F.);
#5834 = EDGE_CURVE('',#5835,#5814,#5837,.T.);
#5835 = VERTEX_POINT('',#5836);
#5836 = CARTESIAN_POINT('',(4.41,14.4,12.25));
#5837 = SURFACE_CURVE('',#5838,(#5843,#5850),.PCURVE_S1.);
#5838 = CIRCLE('',#5839,0.59);
#5839 = AXIS2_PLACEMENT_3D('',#5840,#5841,#5842);
#5840 = CARTESIAN_POINT('',(4.41,14.99,12.25));
#5841 = DIRECTION('',(0.,0.,1.));
#5842 = DIRECTION('',(1.,0.,-0.));
#5843 = PCURVE('',#2060,#5844);
#5844 = DEFINITIONAL_REPRESENTATION('',(#5845),#5849);
#5845 = CIRCLE('',#5846,0.59);
#5846 = AXIS2_PLACEMENT_2D('',#5847,#5848);
#5847 = CARTESIAN_POINT('',(16.66,7.49));
#5848 = DIRECTION('',(1.,0.));
#5849 = ( GEOMETRIC_REPRESENTATION_CONTEXT(2) 
PARAMETRIC_REPRESENTATION_CONTEXT() REPRESENTATION_CONTEXT('2D SPACE',''
  ) );
#5850 = PCURVE('',#2637,#5851);
#5851 = DEFINITIONAL_REPRESENTATION('',(#5852),#5856);
#5852 = LINE('',#5853,#5854);
#5853 = CARTESIAN_POINT('',(-6.28318530718,1.));
#5854 = VECTOR('',#5855,1.);
#5855 = DIRECTION('',(1.,-0.));
#5856 = ( GEOMETRIC_REPRESENTATION_CONTEXT(2) 
PARAMETRIC_REPRESENTATION_CONTEXT() REPRESENTATION_CONTEXT('2D SPACE',''
  ) );
#5857 = ORIENTED_EDGE('',*,*,#5858,.T.);
#5858 = EDGE_CURVE('',#5835,#5700,#5859,.T.);
#5859 = SURFACE_CURVE('',#5860,(#5864,#5870),.PCURVE_S1.);
#5860 = LINE('',#5861,#5862);
#5861 = CARTESIAN_POINT('',(-8.625,14.4,12.25));
#5862 = VECTOR('',#5863,1.);
#5863 = DIRECTION('',(-1.,0.,0.));
#5864 = PCURVE('',#2060,#5865);
#5865 = DEFINITIONAL_REPRESENTATION('',(#5866),#5869);
#5866 = B_SPLINE_CURVE_WITH_KNOTS('',1,(#5867,#5868),.UNSPECIFIED.,.F.,
  .F.,(2,2),(-13.035,-4.215),.PIECEWISE_BEZIER_KNOTS.);
#5867 = CARTESIAN_POINT('',(16.66,6.9));
#5868 = CARTESIAN_POINT('',(7.84,6.9));
#5869 = ( GEOMETRIC_REPRESENTATION_CONTEXT(2) 
PARAMETRIC_REPRESENTATION_CONTEXT() REPRESENTATION_CONTEXT('2D SPACE',''
  ) );
#5870 = PCURVE('',#2662,#5871);
#5871 = DEFINITIONAL_REPRESENTATION('',(#5872),#5875);
#5872 = B_SPLINE_CURVE_WITH_KNOTS('',1,(#5873,#5874),.UNSPECIFIED.,.F.,
  .F.,(2,2),(-13.035,-4.215),.PIECEWISE_BEZIER_KNOTS.);
#5873 = CARTESIAN_POINT('',(1.,9.41));
#5874 = CARTESIAN_POINT('',(1.,0.59));
#5875 = ( GEOMETRIC_REPRESENTATION_CONTEXT(2) 
PARAMETRIC_REPRESENTATION_CONTEXT() REPRESENTATION_CONTEXT('2D SPACE',''
  ) );
#5876 = ADVANCED_FACE('',(#5877),#2033,.F.);
#5877 = FACE_BOUND('',#5878,.T.);
#5878 = EDGE_LOOP('',(#5879,#5900,#5901,#5902));
#5879 = ORIENTED_EDGE('',*,*,#5880,.F.);
#5880 = EDGE_CURVE('',#1991,#5347,#5881,.T.);
#5881 = SURFACE_CURVE('',#5882,(#5886,#5893),.PCURVE_S1.);
#5882 = LINE('',#5883,#5884);
#5883 = CARTESIAN_POINT('',(12.25,7.5,9.));
#5884 = VECTOR('',#5885,1.);
#5885 = DIRECTION('',(0.,1.,0.));
#5886 = PCURVE('',#2033,#5887);
#5887 = DEFINITIONAL_REPRESENTATION('',(#5888),#5892);
#5888 = LINE('',#5889,#5890);
#5889 = CARTESIAN_POINT('',(-0.,0.));
#5890 = VECTOR('',#5891,1.);
#5891 = DIRECTION('',(-0.,1.));
#5892 = ( GEOMETRIC_REPRESENTATION_CONTEXT(2) 
PARAMETRIC_REPRESENTATION_CONTEXT() REPRESENTATION_CONTEXT('2D SPACE',''
  ) );
#5893 = PCURVE('',#2005,#5894);
#5894 = DEFINITIONAL_REPRESENTATION('',(#5895),#5899);
#5895 = LINE('',#5896,#5897);
#5896 = CARTESIAN_POINT('',(21.25,0.));
#5897 = VECTOR('',#5898,1.);
#5898 = DIRECTION('',(0.,-1.));
#5899 = ( GEOMETRIC_REPRESENTATION_CONTEXT(2) 
PARAMETRIC_REPRESENTATION_CONTEXT() REPRESENTATION_CONTEXT('2D SPACE',''
  ) );
#5900 = ORIENTED_EDGE('',*,*,#2016,.F.);
#5901 = ORIENTED_EDGE('',*,*,#5674,.T.);
#5902 = ORIENTED_EDGE('',*,*,#5346,.F.);
#5903 = ADVANCED_FACE('',(#5904),#2005,.F.);
#5904 = FACE_BOUND('',#5905,.F.);
#5905 = EDGE_LOOP('',(#5906,#5907,#5908,#5929));
#5906 = ORIENTED_EDGE('',*,*,#5880,.F.);
#5907 = ORIENTED_EDGE('',*,*,#1990,.F.);
#5908 = ORIENTED_EDGE('',*,*,#5909,.T.);
#5909 = EDGE_CURVE('',#1962,#5375,#5910,.T.);
#5910 = SURFACE_CURVE('',#5911,(#5915,#5922),.PCURVE_S1.);
#5911 = LINE('',#5912,#5913);
#5912 = CARTESIAN_POINT('',(12.25,7.5,-9.));
#5913 = VECTOR('',#5914,1.);
#5914 = DIRECTION('',(0.,1.,0.));
#5915 = PCURVE('',#2005,#5916);
#5916 = DEFINITIONAL_REPRESENTATION('',(#5917),#5921);
#5917 = LINE('',#5918,#5919);
#5918 = CARTESIAN_POINT('',(3.25,0.));
#5919 = VECTOR('',#5920,1.);
#5920 = DIRECTION('',(0.,-1.));
#5921 = ( GEOMETRIC_REPRESENTATION_CONTEXT(2) 
PARAMETRIC_REPRESENTATION_CONTEXT() REPRESENTATION_CONTEXT('2D SPACE',''
  ) );
#5922 = PCURVE('',#1978,#5923);
#5923 = DEFINITIONAL_REPRESENTATION('',(#5924),#5928);
#5924 = LINE('',#5925,#5926);
#5925 = CARTESIAN_POINT('',(0.,0.));
#5926 = VECTOR('',#5927,1.);
#5927 = DIRECTION('',(0.,1.));
#5928 = ( GEOMETRIC_REPRESENTATION_CONTEXT(2) 
PARAMETRIC_REPRESENTATION_CONTEXT() REPRESENTATION_CONTEXT('2D SPACE',''
  ) );
#5929 = ORIENTED_EDGE('',*,*,#5374,.T.);
#5930 = ADVANCED_FACE('',(#5931),#1978,.F.);
#5931 = FACE_BOUND('',#5932,.F.);
#5932 = EDGE_LOOP('',(#5933,#5934,#5935,#5956));
#5933 = ORIENTED_EDGE('',*,*,#5909,.F.);
#5934 = ORIENTED_EDGE('',*,*,#1961,.T.);
#5935 = ORIENTED_EDGE('',*,*,#5936,.T.);
#5936 = EDGE_CURVE('',#1936,#5273,#5937,.T.);
#5937 = SURFACE_CURVE('',#5938,(#5942,#5949),.PCURVE_S1.);
#5938 = LINE('',#5939,#5940);
#5939 = CARTESIAN_POINT('',(9.,7.5,-12.25));
#5940 = VECTOR('',#5941,1.);
#5941 = DIRECTION('',(0.,1.,0.));
#5942 = PCURVE('',#1978,#5943);
#5943 = DEFINITIONAL_REPRESENTATION('',(#5944),#5948);
#5944 = LINE('',#5945,#5946);
#5945 = CARTESIAN_POINT('',(1.570796326795,0.));
#5946 = VECTOR('',#5947,1.);
#5947 = DIRECTION('',(0.,1.));
#5948 = ( GEOMETRIC_REPRESENTATION_CONTEXT(2) 
PARAMETRIC_REPRESENTATION_CONTEXT() REPRESENTATION_CONTEXT('2D SPACE',''
  ) );
#5949 = PCURVE('',#1950,#5950);
#5950 = DEFINITIONAL_REPRESENTATION('',(#5951),#5955);
#5951 = LINE('',#5952,#5953);
#5952 = CARTESIAN_POINT('',(21.25,0.));
#5953 = VECTOR('',#5954,1.);
#5954 = DIRECTION('',(0.,1.));
#5955 = ( GEOMETRIC_REPRESENTATION_CONTEXT(2) 
PARAMETRIC_REPRESENTATION_CONTEXT() REPRESENTATION_CONTEXT('2D SPACE',''
  ) );
#5956 = ORIENTED_EDGE('',*,*,#5397,.F.);
#5957 = ADVANCED_FACE('',(#5958,#5964,#6146,#6328),#1950,.T.);
#5958 = FACE_BOUND('',#5959,.T.);
#5959 = EDGE_LOOP('',(#5960,#5961,#5962,#5963));
#5960 = ORIENTED_EDGE('',*,*,#5270,.F.);
#5961 = ORIENTED_EDGE('',*,*,#5646,.F.);
#5962 = ORIENTED_EDGE('',*,*,#1935,.F.);
#5963 = ORIENTED_EDGE('',*,*,#5936,.T.);
#5964 = FACE_BOUND('',#5965,.T.);
#5965 = EDGE_LOOP('',(#5966,#5992,#6013,#6037,#6058,#6082,#6103,#6127));
#5966 = ORIENTED_EDGE('',*,*,#5967,.F.);
#5967 = EDGE_CURVE('',#5968,#5970,#5972,.T.);
#5968 = VERTEX_POINT('',#5969);
#5969 = CARTESIAN_POINT('',(-4.1,15.3,-12.25));
#5970 = VERTEX_POINT('',#5971);
#5971 = CARTESIAN_POINT('',(-3.01,14.21,-12.25));
#5972 = SURFACE_CURVE('',#5973,(#5978,#5985),.PCURVE_S1.);
#5973 = CIRCLE('',#5974,1.09);
#5974 = AXIS2_PLACEMENT_3D('',#5975,#5976,#5977);
#5975 = CARTESIAN_POINT('',(-3.01,15.3,-12.25));
#5976 = DIRECTION('',(0.,0.,1.));
#5977 = DIRECTION('',(-1.,-0.,0.));
#5978 = PCURVE('',#1950,#5979);
#5979 = DEFINITIONAL_REPRESENTATION('',(#5980),#5984);
#5980 = CIRCLE('',#5981,1.09);
#5981 = AXIS2_PLACEMENT_2D('',#5982,#5983);
#5982 = CARTESIAN_POINT('',(9.24,7.8));
#5983 = DIRECTION('',(-1.,0.));
#5984 = ( GEOMETRIC_REPRESENTATION_CONTEXT(2) 
PARAMETRIC_REPRESENTATION_CONTEXT() REPRESENTATION_CONTEXT('2D SPACE',''
  ) );
#5985 = PCURVE('',#3825,#5986);
#5986 = DEFINITIONAL_REPRESENTATION('',(#5987),#5991);
#5987 = LINE('',#5988,#5989);
#5988 = CARTESIAN_POINT('',(0.,3.));
#5989 = VECTOR('',#5990,1.);
#5990 = DIRECTION('',(1.,0.));
#5991 = ( GEOMETRIC_REPRESENTATION_CONTEXT(2) 
PARAMETRIC_REPRESENTATION_CONTEXT() REPRESENTATION_CONTEXT('2D SPACE',''
  ) );
#5992 = ORIENTED_EDGE('',*,*,#5993,.T.);
#5993 = EDGE_CURVE('',#5968,#5994,#5996,.T.);
#5994 = VERTEX_POINT('',#5995);
#5995 = CARTESIAN_POINT('',(-4.1,18.62,-12.25));
#5996 = SURFACE_CURVE('',#5997,(#6001,#6007),.PCURVE_S1.);
#5997 = LINE('',#5998,#5999);
#5998 = CARTESIAN_POINT('',(-4.1,10.855,-12.25));
#5999 = VECTOR('',#6000,1.);
#6000 = DIRECTION('',(0.,1.,0.));
#6001 = PCURVE('',#1950,#6002);
#6002 = DEFINITIONAL_REPRESENTATION('',(#6003),#6006);
#6003 = B_SPLINE_CURVE_WITH_KNOTS('',1,(#6004,#6005),.UNSPECIFIED.,.F.,
  .F.,(2,2),(4.445,7.765),.PIECEWISE_BEZIER_KNOTS.);
#6004 = CARTESIAN_POINT('',(8.15,7.8));
#6005 = CARTESIAN_POINT('',(8.15,11.12));
#6006 = ( GEOMETRIC_REPRESENTATION_CONTEXT(2) 
PARAMETRIC_REPRESENTATION_CONTEXT() REPRESENTATION_CONTEXT('2D SPACE',''
  ) );
#6007 = PCURVE('',#3852,#6008);
#6008 = DEFINITIONAL_REPRESENTATION('',(#6009),#6012);
#6009 = B_SPLINE_CURVE_WITH_KNOTS('',1,(#6010,#6011),.UNSPECIFIED.,.F.,
  .F.,(2,2),(4.445,7.765),.PIECEWISE_BEZIER_KNOTS.);
#6010 = CARTESIAN_POINT('',(3.,-1.09));
#6011 = CARTESIAN_POINT('',(3.,-4.41));
#6012 = ( GEOMETRIC_REPRESENTATION_CONTEXT(2) 
PARAMETRIC_REPRESENTATION_CONTEXT() REPRESENTATION_CONTEXT('2D SPACE',''
  ) );
#6013 = ORIENTED_EDGE('',*,*,#6014,.F.);
#6014 = EDGE_CURVE('',#6015,#5994,#6017,.T.);
#6015 = VERTEX_POINT('',#6016);
#6016 = CARTESIAN_POINT('',(-3.01,19.71,-12.25));
#6017 = SURFACE_CURVE('',#6018,(#6023,#6030),.PCURVE_S1.);
#6018 = CIRCLE('',#6019,1.09);
#6019 = AXIS2_PLACEMENT_3D('',#6020,#6021,#6022);
#6020 = CARTESIAN_POINT('',(-3.01,18.62,-12.25));
#6021 = DIRECTION('',(0.,0.,1.));
#6022 = DIRECTION('',(-1.,-0.,0.));
#6023 = PCURVE('',#1950,#6024);
#6024 = DEFINITIONAL_REPRESENTATION('',(#6025),#6029);
#6025 = CIRCLE('',#6026,1.09);
#6026 = AXIS2_PLACEMENT_2D('',#6027,#6028);
#6027 = CARTESIAN_POINT('',(9.24,11.12));
#6028 = DIRECTION('',(-1.,0.));
#6029 = ( GEOMETRIC_REPRESENTATION_CONTEXT(2) 
PARAMETRIC_REPRESENTATION_CONTEXT() REPRESENTATION_CONTEXT('2D SPACE',''
  ) );
#6030 = PCURVE('',#3880,#6031);
#6031 = DEFINITIONAL_REPRESENTATION('',(#6032),#6036);
#6032 = LINE('',#6033,#6034);
#6033 = CARTESIAN_POINT('',(-6.28318530718,3.));
#6034 = VECTOR('',#6035,1.);
#6035 = DIRECTION('',(1.,-0.));
#6036 = ( GEOMETRIC_REPRESENTATION_CONTEXT(2) 
PARAMETRIC_REPRESENTATION_CONTEXT() REPRESENTATION_CONTEXT('2D SPACE',''
  ) );
#6037 = ORIENTED_EDGE('',*,*,#6038,.F.);
#6038 = EDGE_CURVE('',#6039,#6015,#6041,.T.);
#6039 = VERTEX_POINT('',#6040);
#6040 = CARTESIAN_POINT('',(-2.99,19.71,-12.25));
#6041 = SURFACE_CURVE('',#6042,(#6046,#6052),.PCURVE_S1.);
#6042 = LINE('',#6043,#6044);
#6043 = CARTESIAN_POINT('',(-8.175,19.71,-12.25));
#6044 = VECTOR('',#6045,1.);
#6045 = DIRECTION('',(-1.,0.,0.));
#6046 = PCURVE('',#1950,#6047);
#6047 = DEFINITIONAL_REPRESENTATION('',(#6048),#6051);
#6048 = B_SPLINE_CURVE_WITH_KNOTS('',1,(#6049,#6050),.UNSPECIFIED.,.F.,
  .F.,(2,2),(-5.185,-5.165),.PIECEWISE_BEZIER_KNOTS.);
#6049 = CARTESIAN_POINT('',(9.26,12.21));
#6050 = CARTESIAN_POINT('',(9.24,12.21));
#6051 = ( GEOMETRIC_REPRESENTATION_CONTEXT(2) 
PARAMETRIC_REPRESENTATION_CONTEXT() REPRESENTATION_CONTEXT('2D SPACE',''
  ) );
#6052 = PCURVE('',#3907,#6053);
#6053 = DEFINITIONAL_REPRESENTATION('',(#6054),#6057);
#6054 = B_SPLINE_CURVE_WITH_KNOTS('',1,(#6055,#6056),.UNSPECIFIED.,.F.,
  .F.,(2,2),(-5.185,-5.165),.PIECEWISE_BEZIER_KNOTS.);
#6055 = CARTESIAN_POINT('',(3.,1.11));
#6056 = CARTESIAN_POINT('',(3.,1.09));
#6057 = ( GEOMETRIC_REPRESENTATION_CONTEXT(2) 
PARAMETRIC_REPRESENTATION_CONTEXT() REPRESENTATION_CONTEXT('2D SPACE',''
  ) );
#6058 = ORIENTED_EDGE('',*,*,#6059,.F.);
#6059 = EDGE_CURVE('',#6060,#6039,#6062,.T.);
#6060 = VERTEX_POINT('',#6061);
#6061 = CARTESIAN_POINT('',(-1.9,18.62,-12.25));
#6062 = SURFACE_CURVE('',#6063,(#6068,#6075),.PCURVE_S1.);
#6063 = CIRCLE('',#6064,1.09);
#6064 = AXIS2_PLACEMENT_3D('',#6065,#6066,#6067);
#6065 = CARTESIAN_POINT('',(-2.99,18.62,-12.25));
#6066 = DIRECTION('',(0.,0.,1.));
#6067 = DIRECTION('',(1.,0.,-0.));
#6068 = PCURVE('',#1950,#6069);
#6069 = DEFINITIONAL_REPRESENTATION('',(#6070),#6074);
#6070 = CIRCLE('',#6071,1.09);
#6071 = AXIS2_PLACEMENT_2D('',#6072,#6073);
#6072 = CARTESIAN_POINT('',(9.26,11.12));
#6073 = DIRECTION('',(1.,0.));
#6074 = ( GEOMETRIC_REPRESENTATION_CONTEXT(2) 
PARAMETRIC_REPRESENTATION_CONTEXT() REPRESENTATION_CONTEXT('2D SPACE',''
  ) );
#6075 = PCURVE('',#3935,#6076);
#6076 = DEFINITIONAL_REPRESENTATION('',(#6077),#6081);
#6077 = LINE('',#6078,#6079);
#6078 = CARTESIAN_POINT('',(0.,3.));
#6079 = VECTOR('',#6080,1.);
#6080 = DIRECTION('',(1.,0.));
#6081 = ( GEOMETRIC_REPRESENTATION_CONTEXT(2) 
PARAMETRIC_REPRESENTATION_CONTEXT() REPRESENTATION_CONTEXT('2D SPACE',''
  ) );
#6082 = ORIENTED_EDGE('',*,*,#6083,.F.);
#6083 = EDGE_CURVE('',#6084,#6060,#6086,.T.);
#6084 = VERTEX_POINT('',#6085);
#6085 = CARTESIAN_POINT('',(-1.9,15.3,-12.25));
#6086 = SURFACE_CURVE('',#6087,(#6091,#6097),.PCURVE_S1.);
#6087 = LINE('',#6088,#6089);
#6088 = CARTESIAN_POINT('',(-1.9,10.855,-12.25));
#6089 = VECTOR('',#6090,1.);
#6090 = DIRECTION('',(0.,1.,0.));
#6091 = PCURVE('',#1950,#6092);
#6092 = DEFINITIONAL_REPRESENTATION('',(#6093),#6096);
#6093 = B_SPLINE_CURVE_WITH_KNOTS('',1,(#6094,#6095),.UNSPECIFIED.,.F.,
  .F.,(2,2),(4.445,7.765),.PIECEWISE_BEZIER_KNOTS.);
#6094 = CARTESIAN_POINT('',(10.35,7.8));
#6095 = CARTESIAN_POINT('',(10.35,11.12));
#6096 = ( GEOMETRIC_REPRESENTATION_CONTEXT(2) 
PARAMETRIC_REPRESENTATION_CONTEXT() REPRESENTATION_CONTEXT('2D SPACE',''
  ) );
#6097 = PCURVE('',#3962,#6098);
#6098 = DEFINITIONAL_REPRESENTATION('',(#6099),#6102);
#6099 = B_SPLINE_CURVE_WITH_KNOTS('',1,(#6100,#6101),.UNSPECIFIED.,.F.,
  .F.,(2,2),(4.445,7.765),.PIECEWISE_BEZIER_KNOTS.);
#6100 = CARTESIAN_POINT('',(3.,-1.09));
#6101 = CARTESIAN_POINT('',(3.,-4.41));
#6102 = ( GEOMETRIC_REPRESENTATION_CONTEXT(2) 
PARAMETRIC_REPRESENTATION_CONTEXT() REPRESENTATION_CONTEXT('2D SPACE',''
  ) );
#6103 = ORIENTED_EDGE('',*,*,#6104,.F.);
#6104 = EDGE_CURVE('',#6105,#6084,#6107,.T.);
#6105 = VERTEX_POINT('',#6106);
#6106 = CARTESIAN_POINT('',(-2.99,14.21,-12.25));
#6107 = SURFACE_CURVE('',#6108,(#6113,#6120),.PCURVE_S1.);
#6108 = CIRCLE('',#6109,1.09);
#6109 = AXIS2_PLACEMENT_3D('',#6110,#6111,#6112);
#6110 = CARTESIAN_POINT('',(-2.99,15.3,-12.25));
#6111 = DIRECTION('',(0.,0.,1.));
#6112 = DIRECTION('',(1.,0.,-0.));
#6113 = PCURVE('',#1950,#6114);
#6114 = DEFINITIONAL_REPRESENTATION('',(#6115),#6119);
#6115 = CIRCLE('',#6116,1.09);
#6116 = AXIS2_PLACEMENT_2D('',#6117,#6118);
#6117 = CARTESIAN_POINT('',(9.26,7.8));
#6118 = DIRECTION('',(1.,0.));
#6119 = ( GEOMETRIC_REPRESENTATION_CONTEXT(2) 
PARAMETRIC_REPRESENTATION_CONTEXT() REPRESENTATION_CONTEXT('2D SPACE',''
  ) );
#6120 = PCURVE('',#3990,#6121);
#6121 = DEFINITIONAL_REPRESENTATION('',(#6122),#6126);
#6122 = LINE('',#6123,#6124);
#6123 = CARTESIAN_POINT('',(-6.28318530718,3.));
#6124 = VECTOR('',#6125,1.);
#6125 = DIRECTION('',(1.,-0.));
#6126 = ( GEOMETRIC_REPRESENTATION_CONTEXT(2) 
PARAMETRIC_REPRESENTATION_CONTEXT() REPRESENTATION_CONTEXT('2D SPACE',''
  ) );
#6127 = ORIENTED_EDGE('',*,*,#6128,.T.);
#6128 = EDGE_CURVE('',#6105,#5970,#6129,.T.);
#6129 = SURFACE_CURVE('',#6130,(#6134,#6140),.PCURVE_S1.);
#6130 = LINE('',#6131,#6132);
#6131 = CARTESIAN_POINT('',(-8.175,14.21,-12.25));
#6132 = VECTOR('',#6133,1.);
#6133 = DIRECTION('',(-1.,0.,0.));
#6134 = PCURVE('',#1950,#6135);
#6135 = DEFINITIONAL_REPRESENTATION('',(#6136),#6139);
#6136 = B_SPLINE_CURVE_WITH_KNOTS('',1,(#6137,#6138),.UNSPECIFIED.,.F.,
  .F.,(2,2),(-5.185,-5.165),.PIECEWISE_BEZIER_KNOTS.);
#6137 = CARTESIAN_POINT('',(9.26,6.71));
#6138 = CARTESIAN_POINT('',(9.24,6.71));
#6139 = ( GEOMETRIC_REPRESENTATION_CONTEXT(2) 
PARAMETRIC_REPRESENTATION_CONTEXT() REPRESENTATION_CONTEXT('2D SPACE',''
  ) );
#6140 = PCURVE('',#4015,#6141);
#6141 = DEFINITIONAL_REPRESENTATION('',(#6142),#6145);
#6142 = B_SPLINE_CURVE_WITH_KNOTS('',1,(#6143,#6144),.UNSPECIFIED.,.F.,
  .F.,(2,2),(-5.185,-5.165),.PIECEWISE_BEZIER_KNOTS.);
#6143 = CARTESIAN_POINT('',(3.,1.11));
#6144 = CARTESIAN_POINT('',(3.,1.09));
#6145 = ( GEOMETRIC_REPRESENTATION_CONTEXT(2) 
PARAMETRIC_REPRESENTATION_CONTEXT() REPRESENTATION_CONTEXT('2D SPACE',''
  ) );
#6146 = FACE_BOUND('',#6147,.T.);
#6147 = EDGE_LOOP('',(#6148,#6174,#6195,#6219,#6240,#6264,#6285,#6309));
#6148 = ORIENTED_EDGE('',*,*,#6149,.F.);
#6149 = EDGE_CURVE('',#6150,#6152,#6154,.T.);
#6150 = VERTEX_POINT('',#6151);
#6151 = CARTESIAN_POINT('',(-1.1,15.3,-12.25));
#6152 = VERTEX_POINT('',#6153);
#6153 = CARTESIAN_POINT('',(-1.E-02,14.21,-12.25));
#6154 = SURFACE_CURVE('',#6155,(#6160,#6167),.PCURVE_S1.);
#6155 = CIRCLE('',#6156,1.09);
#6156 = AXIS2_PLACEMENT_3D('',#6157,#6158,#6159);
#6157 = CARTESIAN_POINT('',(-1.E-02,15.3,-12.25));
#6158 = DIRECTION('',(0.,0.,1.));
#6159 = DIRECTION('',(-1.,-0.,0.));
#6160 = PCURVE('',#1950,#6161);
#6161 = DEFINITIONAL_REPRESENTATION('',(#6162),#6166);
#6162 = CIRCLE('',#6163,1.09);
#6163 = AXIS2_PLACEMENT_2D('',#6164,#6165);
#6164 = CARTESIAN_POINT('',(12.24,7.8));
#6165 = DIRECTION('',(-1.,0.));
#6166 = ( GEOMETRIC_REPRESENTATION_CONTEXT(2) 
PARAMETRIC_REPRESENTATION_CONTEXT() REPRESENTATION_CONTEXT('2D SPACE',''
  ) );
#6167 = PCURVE('',#4047,#6168);
#6168 = DEFINITIONAL_REPRESENTATION('',(#6169),#6173);
#6169 = LINE('',#6170,#6171);
#6170 = CARTESIAN_POINT('',(0.,3.));
#6171 = VECTOR('',#6172,1.);
#6172 = DIRECTION('',(1.,0.));
#6173 = ( GEOMETRIC_REPRESENTATION_CONTEXT(2) 
PARAMETRIC_REPRESENTATION_CONTEXT() REPRESENTATION_CONTEXT('2D SPACE',''
  ) );
#6174 = ORIENTED_EDGE('',*,*,#6175,.T.);
#6175 = EDGE_CURVE('',#6150,#6176,#6178,.T.);
#6176 = VERTEX_POINT('',#6177);
#6177 = CARTESIAN_POINT('',(-1.1,18.62,-12.25));
#6178 = SURFACE_CURVE('',#6179,(#6183,#6189),.PCURVE_S1.);
#6179 = LINE('',#6180,#6181);
#6180 = CARTESIAN_POINT('',(-1.1,10.855,-12.25));
#6181 = VECTOR('',#6182,1.);
#6182 = DIRECTION('',(0.,1.,0.));
#6183 = PCURVE('',#1950,#6184);
#6184 = DEFINITIONAL_REPRESENTATION('',(#6185),#6188);
#6185 = B_SPLINE_CURVE_WITH_KNOTS('',1,(#6186,#6187),.UNSPECIFIED.,.F.,
  .F.,(2,2),(4.445,7.765),.PIECEWISE_BEZIER_KNOTS.);
#6186 = CARTESIAN_POINT('',(11.15,7.8));
#6187 = CARTESIAN_POINT('',(11.15,11.12));
#6188 = ( GEOMETRIC_REPRESENTATION_CONTEXT(2) 
PARAMETRIC_REPRESENTATION_CONTEXT() REPRESENTATION_CONTEXT('2D SPACE',''
  ) );
#6189 = PCURVE('',#4074,#6190);
#6190 = DEFINITIONAL_REPRESENTATION('',(#6191),#6194);
#6191 = B_SPLINE_CURVE_WITH_KNOTS('',1,(#6192,#6193),.UNSPECIFIED.,.F.,
  .F.,(2,2),(4.445,7.765),.PIECEWISE_BEZIER_KNOTS.);
#6192 = CARTESIAN_POINT('',(3.,-1.09));
#6193 = CARTESIAN_POINT('',(3.,-4.41));
#6194 = ( GEOMETRIC_REPRESENTATION_CONTEXT(2) 
PARAMETRIC_REPRESENTATION_CONTEXT() REPRESENTATION_CONTEXT('2D SPACE',''
  ) );
#6195 = ORIENTED_EDGE('',*,*,#6196,.F.);
#6196 = EDGE_CURVE('',#6197,#6176,#6199,.T.);
#6197 = VERTEX_POINT('',#6198);
#6198 = CARTESIAN_POINT('',(-1.E-02,19.71,-12.25));
#6199 = SURFACE_CURVE('',#6200,(#6205,#6212),.PCURVE_S1.);
#6200 = CIRCLE('',#6201,1.09);
#6201 = AXIS2_PLACEMENT_3D('',#6202,#6203,#6204);
#6202 = CARTESIAN_POINT('',(-1.E-02,18.62,-12.25));
#6203 = DIRECTION('',(0.,0.,1.));
#6204 = DIRECTION('',(-1.,-0.,0.));
#6205 = PCURVE('',#1950,#6206);
#6206 = DEFINITIONAL_REPRESENTATION('',(#6207),#6211);
#6207 = CIRCLE('',#6208,1.09);
#6208 = AXIS2_PLACEMENT_2D('',#6209,#6210);
#6209 = CARTESIAN_POINT('',(12.24,11.12));
#6210 = DIRECTION('',(-1.,0.));
#6211 = ( GEOMETRIC_REPRESENTATION_CONTEXT(2) 
PARAMETRIC_REPRESENTATION_CONTEXT() REPRESENTATION_CONTEXT('2D SPACE',''
  ) );
#6212 = PCURVE('',#4102,#6213);
#6213 = DEFINITIONAL_REPRESENTATION('',(#6214),#6218);
#6214 = LINE('',#6215,#6216);
#6215 = CARTESIAN_POINT('',(-6.28318530718,3.));
#6216 = VECTOR('',#6217,1.);
#6217 = DIRECTION('',(1.,-0.));
#6218 = ( GEOMETRIC_REPRESENTATION_CONTEXT(2) 
PARAMETRIC_REPRESENTATION_CONTEXT() REPRESENTATION_CONTEXT('2D SPACE',''
  ) );
#6219 = ORIENTED_EDGE('',*,*,#6220,.F.);
#6220 = EDGE_CURVE('',#6221,#6197,#6223,.T.);
#6221 = VERTEX_POINT('',#6222);
#6222 = CARTESIAN_POINT('',(1.E-02,19.71,-12.25));
#6223 = SURFACE_CURVE('',#6224,(#6228,#6234),.PCURVE_S1.);
#6224 = LINE('',#6225,#6226);
#6225 = CARTESIAN_POINT('',(-6.675,19.71,-12.25));
#6226 = VECTOR('',#6227,1.);
#6227 = DIRECTION('',(-1.,0.,0.));
#6228 = PCURVE('',#1950,#6229);
#6229 = DEFINITIONAL_REPRESENTATION('',(#6230),#6233);
#6230 = B_SPLINE_CURVE_WITH_KNOTS('',1,(#6231,#6232),.UNSPECIFIED.,.F.,
  .F.,(2,2),(-6.685,-6.665),.PIECEWISE_BEZIER_KNOTS.);
#6231 = CARTESIAN_POINT('',(12.26,12.21));
#6232 = CARTESIAN_POINT('',(12.24,12.21));
#6233 = ( GEOMETRIC_REPRESENTATION_CONTEXT(2) 
PARAMETRIC_REPRESENTATION_CONTEXT() REPRESENTATION_CONTEXT('2D SPACE',''
  ) );
#6234 = PCURVE('',#4129,#6235);
#6235 = DEFINITIONAL_REPRESENTATION('',(#6236),#6239);
#6236 = B_SPLINE_CURVE_WITH_KNOTS('',1,(#6237,#6238),.UNSPECIFIED.,.F.,
  .F.,(2,2),(-6.685,-6.665),.PIECEWISE_BEZIER_KNOTS.);
#6237 = CARTESIAN_POINT('',(3.,1.11));
#6238 = CARTESIAN_POINT('',(3.,1.09));
#6239 = ( GEOMETRIC_REPRESENTATION_CONTEXT(2) 
PARAMETRIC_REPRESENTATION_CONTEXT() REPRESENTATION_CONTEXT('2D SPACE',''
  ) );
#6240 = ORIENTED_EDGE('',*,*,#6241,.F.);
#6241 = EDGE_CURVE('',#6242,#6221,#6244,.T.);
#6242 = VERTEX_POINT('',#6243);
#6243 = CARTESIAN_POINT('',(1.1,18.62,-12.25));
#6244 = SURFACE_CURVE('',#6245,(#6250,#6257),.PCURVE_S1.);
#6245 = CIRCLE('',#6246,1.09);
#6246 = AXIS2_PLACEMENT_3D('',#6247,#6248,#6249);
#6247 = CARTESIAN_POINT('',(1.E-02,18.62,-12.25));
#6248 = DIRECTION('',(0.,0.,1.));
#6249 = DIRECTION('',(1.,0.,-0.));
#6250 = PCURVE('',#1950,#6251);
#6251 = DEFINITIONAL_REPRESENTATION('',(#6252),#6256);
#6252 = CIRCLE('',#6253,1.09);
#6253 = AXIS2_PLACEMENT_2D('',#6254,#6255);
#6254 = CARTESIAN_POINT('',(12.26,11.12));
#6255 = DIRECTION('',(1.,0.));
#6256 = ( GEOMETRIC_REPRESENTATION_CONTEXT(2) 
PARAMETRIC_REPRESENTATION_CONTEXT() REPRESENTATION_CONTEXT('2D SPACE',''
  ) );
#6257 = PCURVE('',#4157,#6258);
#6258 = DEFINITIONAL_REPRESENTATION('',(#6259),#6263);
#6259 = LINE('',#6260,#6261);
#6260 = CARTESIAN_POINT('',(0.,3.));
#6261 = VECTOR('',#6262,1.);
#6262 = DIRECTION('',(1.,0.));
#6263 = ( GEOMETRIC_REPRESENTATION_CONTEXT(2) 
PARAMETRIC_REPRESENTATION_CONTEXT() REPRESENTATION_CONTEXT('2D SPACE',''
  ) );
#6264 = ORIENTED_EDGE('',*,*,#6265,.F.);
#6265 = EDGE_CURVE('',#6266,#6242,#6268,.T.);
#6266 = VERTEX_POINT('',#6267);
#6267 = CARTESIAN_POINT('',(1.1,15.3,-12.25));
#6268 = SURFACE_CURVE('',#6269,(#6273,#6279),.PCURVE_S1.);
#6269 = LINE('',#6270,#6271);
#6270 = CARTESIAN_POINT('',(1.1,10.855,-12.25));
#6271 = VECTOR('',#6272,1.);
#6272 = DIRECTION('',(0.,1.,0.));
#6273 = PCURVE('',#1950,#6274);
#6274 = DEFINITIONAL_REPRESENTATION('',(#6275),#6278);
#6275 = B_SPLINE_CURVE_WITH_KNOTS('',1,(#6276,#6277),.UNSPECIFIED.,.F.,
  .F.,(2,2),(4.445,7.765),.PIECEWISE_BEZIER_KNOTS.);
#6276 = CARTESIAN_POINT('',(13.35,7.8));
#6277 = CARTESIAN_POINT('',(13.35,11.12));
#6278 = ( GEOMETRIC_REPRESENTATION_CONTEXT(2) 
PARAMETRIC_REPRESENTATION_CONTEXT() REPRESENTATION_CONTEXT('2D SPACE',''
  ) );
#6279 = PCURVE('',#4184,#6280);
#6280 = DEFINITIONAL_REPRESENTATION('',(#6281),#6284);
#6281 = B_SPLINE_CURVE_WITH_KNOTS('',1,(#6282,#6283),.UNSPECIFIED.,.F.,
  .F.,(2,2),(4.445,7.765),.PIECEWISE_BEZIER_KNOTS.);
#6282 = CARTESIAN_POINT('',(3.,-1.09));
#6283 = CARTESIAN_POINT('',(3.,-4.41));
#6284 = ( GEOMETRIC_REPRESENTATION_CONTEXT(2) 
PARAMETRIC_REPRESENTATION_CONTEXT() REPRESENTATION_CONTEXT('2D SPACE',''
  ) );
#6285 = ORIENTED_EDGE('',*,*,#6286,.F.);
#6286 = EDGE_CURVE('',#6287,#6266,#6289,.T.);
#6287 = VERTEX_POINT('',#6288);
#6288 = CARTESIAN_POINT('',(1.E-02,14.21,-12.25));
#6289 = SURFACE_CURVE('',#6290,(#6295,#6302),.PCURVE_S1.);
#6290 = CIRCLE('',#6291,1.09);
#6291 = AXIS2_PLACEMENT_3D('',#6292,#6293,#6294);
#6292 = CARTESIAN_POINT('',(1.E-02,15.3,-12.25));
#6293 = DIRECTION('',(0.,0.,1.));
#6294 = DIRECTION('',(1.,0.,-0.));
#6295 = PCURVE('',#1950,#6296);
#6296 = DEFINITIONAL_REPRESENTATION('',(#6297),#6301);
#6297 = CIRCLE('',#6298,1.09);
#6298 = AXIS2_PLACEMENT_2D('',#6299,#6300);
#6299 = CARTESIAN_POINT('',(12.26,7.8));
#6300 = DIRECTION('',(1.,0.));
#6301 = ( GEOMETRIC_REPRESENTATION_CONTEXT(2) 
PARAMETRIC_REPRESENTATION_CONTEXT() REPRESENTATION_CONTEXT('2D SPACE',''
  ) );
#6302 = PCURVE('',#4212,#6303);
#6303 = DEFINITIONAL_REPRESENTATION('',(#6304),#6308);
#6304 = LINE('',#6305,#6306);
#6305 = CARTESIAN_POINT('',(-6.28318530718,3.));
#6306 = VECTOR('',#6307,1.);
#6307 = DIRECTION('',(1.,-0.));
#6308 = ( GEOMETRIC_REPRESENTATION_CONTEXT(2) 
PARAMETRIC_REPRESENTATION_CONTEXT() REPRESENTATION_CONTEXT('2D SPACE',''
  ) );
#6309 = ORIENTED_EDGE('',*,*,#6310,.T.);
#6310 = EDGE_CURVE('',#6287,#6152,#6311,.T.);
#6311 = SURFACE_CURVE('',#6312,(#6316,#6322),.PCURVE_S1.);
#6312 = LINE('',#6313,#6314);
#6313 = CARTESIAN_POINT('',(-6.675,14.21,-12.25));
#6314 = VECTOR('',#6315,1.);
#6315 = DIRECTION('',(-1.,0.,0.));
#6316 = PCURVE('',#1950,#6317);
#6317 = DEFINITIONAL_REPRESENTATION('',(#6318),#6321);
#6318 = B_SPLINE_CURVE_WITH_KNOTS('',1,(#6319,#6320),.UNSPECIFIED.,.F.,
  .F.,(2,2),(-6.685,-6.665),.PIECEWISE_BEZIER_KNOTS.);
#6319 = CARTESIAN_POINT('',(12.26,6.71));
#6320 = CARTESIAN_POINT('',(12.24,6.71));
#6321 = ( GEOMETRIC_REPRESENTATION_CONTEXT(2) 
PARAMETRIC_REPRESENTATION_CONTEXT() REPRESENTATION_CONTEXT('2D SPACE',''
  ) );
#6322 = PCURVE('',#4237,#6323);
#6323 = DEFINITIONAL_REPRESENTATION('',(#6324),#6327);
#6324 = B_SPLINE_CURVE_WITH_KNOTS('',1,(#6325,#6326),.UNSPECIFIED.,.F.,
  .F.,(2,2),(-6.685,-6.665),.PIECEWISE_BEZIER_KNOTS.);
#6325 = CARTESIAN_POINT('',(3.,1.11));
#6326 = CARTESIAN_POINT('',(3.,1.09));
#6327 = ( GEOMETRIC_REPRESENTATION_CONTEXT(2) 
PARAMETRIC_REPRESENTATION_CONTEXT() REPRESENTATION_CONTEXT('2D SPACE',''
  ) );
#6328 = FACE_BOUND('',#6329,.T.);
#6329 = EDGE_LOOP('',(#6330,#6356,#6377,#6401,#6422,#6446,#6467,#6491));
#6330 = ORIENTED_EDGE('',*,*,#6331,.F.);
#6331 = EDGE_CURVE('',#6332,#6334,#6336,.T.);
#6332 = VERTEX_POINT('',#6333);
#6333 = CARTESIAN_POINT('',(1.9,15.3,-12.25));
#6334 = VERTEX_POINT('',#6335);
#6335 = CARTESIAN_POINT('',(2.99,14.21,-12.25));
#6336 = SURFACE_CURVE('',#6337,(#6342,#6349),.PCURVE_S1.);
#6337 = CIRCLE('',#6338,1.09);
#6338 = AXIS2_PLACEMENT_3D('',#6339,#6340,#6341);
#6339 = CARTESIAN_POINT('',(2.99,15.3,-12.25));
#6340 = DIRECTION('',(0.,0.,1.));
#6341 = DIRECTION('',(-1.,-0.,0.));
#6342 = PCURVE('',#1950,#6343);
#6343 = DEFINITIONAL_REPRESENTATION('',(#6344),#6348);
#6344 = CIRCLE('',#6345,1.09);
#6345 = AXIS2_PLACEMENT_2D('',#6346,#6347);
#6346 = CARTESIAN_POINT('',(15.24,7.8));
#6347 = DIRECTION('',(-1.,0.));
#6348 = ( GEOMETRIC_REPRESENTATION_CONTEXT(2) 
PARAMETRIC_REPRESENTATION_CONTEXT() REPRESENTATION_CONTEXT('2D SPACE',''
  ) );
#6349 = PCURVE('',#4269,#6350);
#6350 = DEFINITIONAL_REPRESENTATION('',(#6351),#6355);
#6351 = LINE('',#6352,#6353);
#6352 = CARTESIAN_POINT('',(0.,3.));
#6353 = VECTOR('',#6354,1.);
#6354 = DIRECTION('',(1.,0.));
#6355 = ( GEOMETRIC_REPRESENTATION_CONTEXT(2) 
PARAMETRIC_REPRESENTATION_CONTEXT() REPRESENTATION_CONTEXT('2D SPACE',''
  ) );
#6356 = ORIENTED_EDGE('',*,*,#6357,.T.);
#6357 = EDGE_CURVE('',#6332,#6358,#6360,.T.);
#6358 = VERTEX_POINT('',#6359);
#6359 = CARTESIAN_POINT('',(1.9,18.62,-12.25));
#6360 = SURFACE_CURVE('',#6361,(#6365,#6371),.PCURVE_S1.);
#6361 = LINE('',#6362,#6363);
#6362 = CARTESIAN_POINT('',(1.9,10.855,-12.25));
#6363 = VECTOR('',#6364,1.);
#6364 = DIRECTION('',(0.,1.,0.));
#6365 = PCURVE('',#1950,#6366);
#6366 = DEFINITIONAL_REPRESENTATION('',(#6367),#6370);
#6367 = B_SPLINE_CURVE_WITH_KNOTS('',1,(#6368,#6369),.UNSPECIFIED.,.F.,
  .F.,(2,2),(4.445,7.765),.PIECEWISE_BEZIER_KNOTS.);
#6368 = CARTESIAN_POINT('',(14.15,7.8));
#6369 = CARTESIAN_POINT('',(14.15,11.12));
#6370 = ( GEOMETRIC_REPRESENTATION_CONTEXT(2) 
PARAMETRIC_REPRESENTATION_CONTEXT() REPRESENTATION_CONTEXT('2D SPACE',''
  ) );
#6371 = PCURVE('',#4296,#6372);
#6372 = DEFINITIONAL_REPRESENTATION('',(#6373),#6376);
#6373 = B_SPLINE_CURVE_WITH_KNOTS('',1,(#6374,#6375),.UNSPECIFIED.,.F.,
  .F.,(2,2),(4.445,7.765),.PIECEWISE_BEZIER_KNOTS.);
#6374 = CARTESIAN_POINT('',(3.,-1.09));
#6375 = CARTESIAN_POINT('',(3.,-4.41));
#6376 = ( GEOMETRIC_REPRESENTATION_CONTEXT(2) 
PARAMETRIC_REPRESENTATION_CONTEXT() REPRESENTATION_CONTEXT('2D SPACE',''
  ) );
#6377 = ORIENTED_EDGE('',*,*,#6378,.F.);
#6378 = EDGE_CURVE('',#6379,#6358,#6381,.T.);
#6379 = VERTEX_POINT('',#6380);
#6380 = CARTESIAN_POINT('',(2.99,19.71,-12.25));
#6381 = SURFACE_CURVE('',#6382,(#6387,#6394),.PCURVE_S1.);
#6382 = CIRCLE('',#6383,1.09);
#6383 = AXIS2_PLACEMENT_3D('',#6384,#6385,#6386);
#6384 = CARTESIAN_POINT('',(2.99,18.62,-12.25));
#6385 = DIRECTION('',(0.,0.,1.));
#6386 = DIRECTION('',(-1.,-0.,0.));
#6387 = PCURVE('',#1950,#6388);
#6388 = DEFINITIONAL_REPRESENTATION('',(#6389),#6393);
#6389 = CIRCLE('',#6390,1.09);
#6390 = AXIS2_PLACEMENT_2D('',#6391,#6392);
#6391 = CARTESIAN_POINT('',(15.24,11.12));
#6392 = DIRECTION('',(-1.,0.));
#6393 = ( GEOMETRIC_REPRESENTATION_CONTEXT(2) 
PARAMETRIC_REPRESENTATION_CONTEXT() REPRESENTATION_CONTEXT('2D SPACE',''
  ) );
#6394 = PCURVE('',#4324,#6395);
#6395 = DEFINITIONAL_REPRESENTATION('',(#6396),#6400);
#6396 = LINE('',#6397,#6398);
#6397 = CARTESIAN_POINT('',(-6.28318530718,3.));
#6398 = VECTOR('',#6399,1.);
#6399 = DIRECTION('',(1.,-0.));
#6400 = ( GEOMETRIC_REPRESENTATION_CONTEXT(2) 
PARAMETRIC_REPRESENTATION_CONTEXT() REPRESENTATION_CONTEXT('2D SPACE',''
  ) );
#6401 = ORIENTED_EDGE('',*,*,#6402,.F.);
#6402 = EDGE_CURVE('',#6403,#6379,#6405,.T.);
#6403 = VERTEX_POINT('',#6404);
#6404 = CARTESIAN_POINT('',(3.01,19.71,-12.25));
#6405 = SURFACE_CURVE('',#6406,(#6410,#6416),.PCURVE_S1.);
#6406 = LINE('',#6407,#6408);
#6407 = CARTESIAN_POINT('',(-5.175,19.71,-12.25));
#6408 = VECTOR('',#6409,1.);
#6409 = DIRECTION('',(-1.,0.,0.));
#6410 = PCURVE('',#1950,#6411);
#6411 = DEFINITIONAL_REPRESENTATION('',(#6412),#6415);
#6412 = B_SPLINE_CURVE_WITH_KNOTS('',1,(#6413,#6414),.UNSPECIFIED.,.F.,
  .F.,(2,2),(-8.185,-8.165),.PIECEWISE_BEZIER_KNOTS.);
#6413 = CARTESIAN_POINT('',(15.26,12.21));
#6414 = CARTESIAN_POINT('',(15.24,12.21));
#6415 = ( GEOMETRIC_REPRESENTATION_CONTEXT(2) 
PARAMETRIC_REPRESENTATION_CONTEXT() REPRESENTATION_CONTEXT('2D SPACE',''
  ) );
#6416 = PCURVE('',#4351,#6417);
#6417 = DEFINITIONAL_REPRESENTATION('',(#6418),#6421);
#6418 = B_SPLINE_CURVE_WITH_KNOTS('',1,(#6419,#6420),.UNSPECIFIED.,.F.,
  .F.,(2,2),(-8.185,-8.165),.PIECEWISE_BEZIER_KNOTS.);
#6419 = CARTESIAN_POINT('',(3.,1.11));
#6420 = CARTESIAN_POINT('',(3.,1.09));
#6421 = ( GEOMETRIC_REPRESENTATION_CONTEXT(2) 
PARAMETRIC_REPRESENTATION_CONTEXT() REPRESENTATION_CONTEXT('2D SPACE',''
  ) );
#6422 = ORIENTED_EDGE('',*,*,#6423,.F.);
#6423 = EDGE_CURVE('',#6424,#6403,#6426,.T.);
#6424 = VERTEX_POINT('',#6425);
#6425 = CARTESIAN_POINT('',(4.1,18.62,-12.25));
#6426 = SURFACE_CURVE('',#6427,(#6432,#6439),.PCURVE_S1.);
#6427 = CIRCLE('',#6428,1.09);
#6428 = AXIS2_PLACEMENT_3D('',#6429,#6430,#6431);
#6429 = CARTESIAN_POINT('',(3.01,18.62,-12.25));
#6430 = DIRECTION('',(0.,0.,1.));
#6431 = DIRECTION('',(1.,0.,-0.));
#6432 = PCURVE('',#1950,#6433);
#6433 = DEFINITIONAL_REPRESENTATION('',(#6434),#6438);
#6434 = CIRCLE('',#6435,1.09);
#6435 = AXIS2_PLACEMENT_2D('',#6436,#6437);
#6436 = CARTESIAN_POINT('',(15.26,11.12));
#6437 = DIRECTION('',(1.,0.));
#6438 = ( GEOMETRIC_REPRESENTATION_CONTEXT(2) 
PARAMETRIC_REPRESENTATION_CONTEXT() REPRESENTATION_CONTEXT('2D SPACE',''
  ) );
#6439 = PCURVE('',#4379,#6440);
#6440 = DEFINITIONAL_REPRESENTATION('',(#6441),#6445);
#6441 = LINE('',#6442,#6443);
#6442 = CARTESIAN_POINT('',(0.,3.));
#6443 = VECTOR('',#6444,1.);
#6444 = DIRECTION('',(1.,0.));
#6445 = ( GEOMETRIC_REPRESENTATION_CONTEXT(2) 
PARAMETRIC_REPRESENTATION_CONTEXT() REPRESENTATION_CONTEXT('2D SPACE',''
  ) );
#6446 = ORIENTED_EDGE('',*,*,#6447,.F.);
#6447 = EDGE_CURVE('',#6448,#6424,#6450,.T.);
#6448 = VERTEX_POINT('',#6449);
#6449 = CARTESIAN_POINT('',(4.1,15.3,-12.25));
#6450 = SURFACE_CURVE('',#6451,(#6455,#6461),.PCURVE_S1.);
#6451 = LINE('',#6452,#6453);
#6452 = CARTESIAN_POINT('',(4.1,10.855,-12.25));
#6453 = VECTOR('',#6454,1.);
#6454 = DIRECTION('',(0.,1.,0.));
#6455 = PCURVE('',#1950,#6456);
#6456 = DEFINITIONAL_REPRESENTATION('',(#6457),#6460);
#6457 = B_SPLINE_CURVE_WITH_KNOTS('',1,(#6458,#6459),.UNSPECIFIED.,.F.,
  .F.,(2,2),(4.445,7.765),.PIECEWISE_BEZIER_KNOTS.);
#6458 = CARTESIAN_POINT('',(16.35,7.8));
#6459 = CARTESIAN_POINT('',(16.35,11.12));
#6460 = ( GEOMETRIC_REPRESENTATION_CONTEXT(2) 
PARAMETRIC_REPRESENTATION_CONTEXT() REPRESENTATION_CONTEXT('2D SPACE',''
  ) );
#6461 = PCURVE('',#4406,#6462);
#6462 = DEFINITIONAL_REPRESENTATION('',(#6463),#6466);
#6463 = B_SPLINE_CURVE_WITH_KNOTS('',1,(#6464,#6465),.UNSPECIFIED.,.F.,
  .F.,(2,2),(4.445,7.765),.PIECEWISE_BEZIER_KNOTS.);
#6464 = CARTESIAN_POINT('',(3.,-1.09));
#6465 = CARTESIAN_POINT('',(3.,-4.41));
#6466 = ( GEOMETRIC_REPRESENTATION_CONTEXT(2) 
PARAMETRIC_REPRESENTATION_CONTEXT() REPRESENTATION_CONTEXT('2D SPACE',''
  ) );
#6467 = ORIENTED_EDGE('',*,*,#6468,.F.);
#6468 = EDGE_CURVE('',#6469,#6448,#6471,.T.);
#6469 = VERTEX_POINT('',#6470);
#6470 = CARTESIAN_POINT('',(3.01,14.21,-12.25));
#6471 = SURFACE_CURVE('',#6472,(#6477,#6484),.PCURVE_S1.);
#6472 = CIRCLE('',#6473,1.09);
#6473 = AXIS2_PLACEMENT_3D('',#6474,#6475,#6476);
#6474 = CARTESIAN_POINT('',(3.01,15.3,-12.25));
#6475 = DIRECTION('',(0.,0.,1.));
#6476 = DIRECTION('',(1.,0.,-0.));
#6477 = PCURVE('',#1950,#6478);
#6478 = DEFINITIONAL_REPRESENTATION('',(#6479),#6483);
#6479 = CIRCLE('',#6480,1.09);
#6480 = AXIS2_PLACEMENT_2D('',#6481,#6482);
#6481 = CARTESIAN_POINT('',(15.26,7.8));
#6482 = DIRECTION('',(1.,0.));
#6483 = ( GEOMETRIC_REPRESENTATION_CONTEXT(2) 
PARAMETRIC_REPRESENTATION_CONTEXT() REPRESENTATION_CONTEXT('2D SPACE',''
  ) );
#6484 = PCURVE('',#4434,#6485);
#6485 = DEFINITIONAL_REPRESENTATION('',(#6486),#6490);
#6486 = LINE('',#6487,#6488);
#6487 = CARTESIAN_POINT('',(-6.28318530718,3.));
#6488 = VECTOR('',#6489,1.);
#6489 = DIRECTION('',(1.,-0.));
#6490 = ( GEOMETRIC_REPRESENTATION_CONTEXT(2) 
PARAMETRIC_REPRESENTATION_CONTEXT() REPRESENTATION_CONTEXT('2D SPACE',''
  ) );
#6491 = ORIENTED_EDGE('',*,*,#6492,.T.);
#6492 = EDGE_CURVE('',#6469,#6334,#6493,.T.);
#6493 = SURFACE_CURVE('',#6494,(#6498,#6504),.PCURVE_S1.);
#6494 = LINE('',#6495,#6496);
#6495 = CARTESIAN_POINT('',(-5.175,14.21,-12.25));
#6496 = VECTOR('',#6497,1.);
#6497 = DIRECTION('',(-1.,0.,0.));
#6498 = PCURVE('',#1950,#6499);
#6499 = DEFINITIONAL_REPRESENTATION('',(#6500),#6503);
#6500 = B_SPLINE_CURVE_WITH_KNOTS('',1,(#6501,#6502),.UNSPECIFIED.,.F.,
  .F.,(2,2),(-8.185,-8.165),.PIECEWISE_BEZIER_KNOTS.);
#6501 = CARTESIAN_POINT('',(15.26,6.71));
#6502 = CARTESIAN_POINT('',(15.24,6.71));
#6503 = ( GEOMETRIC_REPRESENTATION_CONTEXT(2) 
PARAMETRIC_REPRESENTATION_CONTEXT() REPRESENTATION_CONTEXT('2D SPACE',''
  ) );
#6504 = PCURVE('',#4459,#6505);
#6505 = DEFINITIONAL_REPRESENTATION('',(#6506),#6509);
#6506 = B_SPLINE_CURVE_WITH_KNOTS('',1,(#6507,#6508),.UNSPECIFIED.,.F.,
  .F.,(2,2),(-8.185,-8.165),.PIECEWISE_BEZIER_KNOTS.);
#6507 = CARTESIAN_POINT('',(3.,1.11));
#6508 = CARTESIAN_POINT('',(3.,1.09));
#6509 = ( GEOMETRIC_REPRESENTATION_CONTEXT(2) 
PARAMETRIC_REPRESENTATION_CONTEXT() REPRESENTATION_CONTEXT('2D SPACE',''
  ) );
#6510 = ADVANCED_FACE('',(#6511),#2336,.T.);
#6511 = FACE_BOUND('',#6512,.F.);
#6512 = EDGE_LOOP('',(#6513,#6533,#6534,#6535));
#6513 = ORIENTED_EDGE('',*,*,#6514,.T.);
#6514 = EDGE_CURVE('',#2814,#2403,#6515,.T.);
#6515 = SURFACE_CURVE('',#6516,(#6521,#6527),.PCURVE_S1.);
#6516 = CIRCLE('',#6517,1.);
#6517 = AXIS2_PLACEMENT_3D('',#6518,#6519,#6520);
#6518 = CARTESIAN_POINT('',(9.,20.41,13.25));
#6519 = DIRECTION('',(1.,0.,-6.123233995737E-17));
#6520 = DIRECTION('',(6.123233995737E-17,0.,1.));
#6521 = PCURVE('',#2336,#6522);
#6522 = DEFINITIONAL_REPRESENTATION('',(#6523),#6526);
#6523 = B_SPLINE_CURVE_WITH_KNOTS('',1,(#6524,#6525),.UNSPECIFIED.,.F.,
  .F.,(2,2),(4.712388980385,6.28318530718),.PIECEWISE_BEZIER_KNOTS.);
#6524 = CARTESIAN_POINT('',(0.,0.));
#6525 = CARTESIAN_POINT('',(-1.570796326795,0.));
#6526 = ( GEOMETRIC_REPRESENTATION_CONTEXT(2) 
PARAMETRIC_REPRESENTATION_CONTEXT() REPRESENTATION_CONTEXT('2D SPACE',''
  ) );
#6527 = PCURVE('',#2857,#6528);
#6528 = DEFINITIONAL_REPRESENTATION('',(#6529),#6532);
#6529 = B_SPLINE_CURVE_WITH_KNOTS('',1,(#6530,#6531),.UNSPECIFIED.,.F.,
  .F.,(2,2),(4.712388980385,6.28318530718),.PIECEWISE_BEZIER_KNOTS.);
#6530 = CARTESIAN_POINT('',(1.570796326795,4.712388980385));
#6531 = CARTESIAN_POINT('',(1.570796326795,6.28318530718));
#6532 = ( GEOMETRIC_REPRESENTATION_CONTEXT(2) 
PARAMETRIC_REPRESENTATION_CONTEXT() REPRESENTATION_CONTEXT('2D SPACE',''
  ) );
#6533 = ORIENTED_EDGE('',*,*,#2430,.T.);
#6534 = ORIENTED_EDGE('',*,*,#2320,.F.);
#6535 = ORIENTED_EDGE('',*,*,#2813,.F.);
#6536 = ADVANCED_FACE('',(#6537),#2418,.T.);
#6537 = FACE_BOUND('',#6538,.F.);
#6538 = EDGE_LOOP('',(#6539,#6562,#6563,#6564));
#6539 = ORIENTED_EDGE('',*,*,#6540,.F.);
#6540 = EDGE_CURVE('',#4549,#6541,#6543,.T.);
#6541 = VERTEX_POINT('',#6542);
#6542 = CARTESIAN_POINT('',(14.25,20.41,9.));
#6543 = SURFACE_CURVE('',#6544,(#6548,#6555),.PCURVE_S1.);
#6544 = LINE('',#6545,#6546);
#6545 = CARTESIAN_POINT('',(14.25,8.5,9.));
#6546 = VECTOR('',#6547,1.);
#6547 = DIRECTION('',(0.,1.,0.));
#6548 = PCURVE('',#2418,#6549);
#6549 = DEFINITIONAL_REPRESENTATION('',(#6550),#6554);
#6550 = LINE('',#6551,#6552);
#6551 = CARTESIAN_POINT('',(-0.,0.));
#6552 = VECTOR('',#6553,1.);
#6553 = DIRECTION('',(-0.,1.));
#6554 = ( GEOMETRIC_REPRESENTATION_CONTEXT(2) 
PARAMETRIC_REPRESENTATION_CONTEXT() REPRESENTATION_CONTEXT('2D SPACE',''
  ) );
#6555 = PCURVE('',#4583,#6556);
#6556 = DEFINITIONAL_REPRESENTATION('',(#6557),#6561);
#6557 = LINE('',#6558,#6559);
#6558 = CARTESIAN_POINT('',(23.25,0.));
#6559 = VECTOR('',#6560,1.);
#6560 = DIRECTION('',(0.,-1.));
#6561 = ( GEOMETRIC_REPRESENTATION_CONTEXT(2) 
PARAMETRIC_REPRESENTATION_CONTEXT() REPRESENTATION_CONTEXT('2D SPACE',''
  ) );
#6562 = ORIENTED_EDGE('',*,*,#4619,.T.);
#6563 = ORIENTED_EDGE('',*,*,#2402,.T.);
#6564 = ORIENTED_EDGE('',*,*,#6565,.F.);
#6565 = EDGE_CURVE('',#6541,#2403,#6566,.T.);
#6566 = SURFACE_CURVE('',#6567,(#6572,#6579),.PCURVE_S1.);
#6567 = CIRCLE('',#6568,5.25);
#6568 = AXIS2_PLACEMENT_3D('',#6569,#6570,#6571);
#6569 = CARTESIAN_POINT('',(9.,20.41,9.));
#6570 = DIRECTION('',(-0.,-1.,0.));
#6571 = DIRECTION('',(1.,-0.,0.));
#6572 = PCURVE('',#2418,#6573);
#6573 = DEFINITIONAL_REPRESENTATION('',(#6574),#6578);
#6574 = LINE('',#6575,#6576);
#6575 = CARTESIAN_POINT('',(-0.,11.91));
#6576 = VECTOR('',#6577,1.);
#6577 = DIRECTION('',(-1.,0.));
#6578 = ( GEOMETRIC_REPRESENTATION_CONTEXT(2) 
PARAMETRIC_REPRESENTATION_CONTEXT() REPRESENTATION_CONTEXT('2D SPACE',''
  ) );
#6579 = PCURVE('',#2857,#6580);
#6580 = DEFINITIONAL_REPRESENTATION('',(#6581),#6585);
#6581 = LINE('',#6582,#6583);
#6582 = CARTESIAN_POINT('',(0.,6.28318530718));
#6583 = VECTOR('',#6584,1.);
#6584 = DIRECTION('',(1.,0.));
#6585 = ( GEOMETRIC_REPRESENTATION_CONTEXT(2) 
PARAMETRIC_REPRESENTATION_CONTEXT() REPRESENTATION_CONTEXT('2D SPACE',''
  ) );
#6586 = ADVANCED_FACE('',(#6587),#2472,.F.);
#6587 = FACE_BOUND('',#6588,.F.);
#6588 = EDGE_LOOP('',(#6589,#6610,#6611,#6632));
#6589 = ORIENTED_EDGE('',*,*,#6590,.F.);
#6590 = EDGE_CURVE('',#5698,#2454,#6591,.T.);
#6591 = SURFACE_CURVE('',#6592,(#6596,#6603),.PCURVE_S1.);
#6592 = LINE('',#6593,#6594);
#6593 = CARTESIAN_POINT('',(-5.,14.99,11.25));
#6594 = VECTOR('',#6595,1.);
#6595 = DIRECTION('',(0.,0.,1.));
#6596 = PCURVE('',#2472,#6597);
#6597 = DEFINITIONAL_REPRESENTATION('',(#6598),#6602);
#6598 = LINE('',#6599,#6600);
#6599 = CARTESIAN_POINT('',(0.,0.));
#6600 = VECTOR('',#6601,1.);
#6601 = DIRECTION('',(0.,1.));
#6602 = ( GEOMETRIC_REPRESENTATION_CONTEXT(2) 
PARAMETRIC_REPRESENTATION_CONTEXT() REPRESENTATION_CONTEXT('2D SPACE',''
  ) );
#6603 = PCURVE('',#2499,#6604);
#6604 = DEFINITIONAL_REPRESENTATION('',(#6605),#6609);
#6605 = LINE('',#6606,#6607);
#6606 = CARTESIAN_POINT('',(0.,-0.59));
#6607 = VECTOR('',#6608,1.);
#6608 = DIRECTION('',(1.,0.));
#6609 = ( GEOMETRIC_REPRESENTATION_CONTEXT(2) 
PARAMETRIC_REPRESENTATION_CONTEXT() REPRESENTATION_CONTEXT('2D SPACE',''
  ) );
#6610 = ORIENTED_EDGE('',*,*,#5697,.T.);
#6611 = ORIENTED_EDGE('',*,*,#6612,.T.);
#6612 = EDGE_CURVE('',#5700,#2456,#6613,.T.);
#6613 = SURFACE_CURVE('',#6614,(#6618,#6625),.PCURVE_S1.);
#6614 = LINE('',#6615,#6616);
#6615 = CARTESIAN_POINT('',(-4.41,14.4,11.25));
#6616 = VECTOR('',#6617,1.);
#6617 = DIRECTION('',(0.,0.,1.));
#6618 = PCURVE('',#2472,#6619);
#6619 = DEFINITIONAL_REPRESENTATION('',(#6620),#6624);
#6620 = LINE('',#6621,#6622);
#6621 = CARTESIAN_POINT('',(1.570796326795,0.));
#6622 = VECTOR('',#6623,1.);
#6623 = DIRECTION('',(0.,1.));
#6624 = ( GEOMETRIC_REPRESENTATION_CONTEXT(2) 
PARAMETRIC_REPRESENTATION_CONTEXT() REPRESENTATION_CONTEXT('2D SPACE',''
  ) );
#6625 = PCURVE('',#2662,#6626);
#6626 = DEFINITIONAL_REPRESENTATION('',(#6627),#6631);
#6627 = LINE('',#6628,#6629);
#6628 = CARTESIAN_POINT('',(0.,0.59));
#6629 = VECTOR('',#6630,1.);
#6630 = DIRECTION('',(1.,0.));
#6631 = ( GEOMETRIC_REPRESENTATION_CONTEXT(2) 
PARAMETRIC_REPRESENTATION_CONTEXT() REPRESENTATION_CONTEXT('2D SPACE',''
  ) );
#6632 = ORIENTED_EDGE('',*,*,#2453,.F.);
#6633 = ADVANCED_FACE('',(#6634),#2662,.T.);
#6634 = FACE_BOUND('',#6635,.T.);
#6635 = EDGE_LOOP('',(#6636,#6637,#6638,#6639));
#6636 = ORIENTED_EDGE('',*,*,#5858,.T.);
#6637 = ORIENTED_EDGE('',*,*,#6612,.T.);
#6638 = ORIENTED_EDGE('',*,*,#2649,.F.);
#6639 = ORIENTED_EDGE('',*,*,#6640,.F.);
#6640 = EDGE_CURVE('',#5835,#2621,#6641,.T.);
#6641 = SURFACE_CURVE('',#6642,(#6646,#6653),.PCURVE_S1.);
#6642 = LINE('',#6643,#6644);
#6643 = CARTESIAN_POINT('',(4.41,14.4,11.25));
#6644 = VECTOR('',#6645,1.);
#6645 = DIRECTION('',(0.,0.,1.));
#6646 = PCURVE('',#2662,#6647);
#6647 = DEFINITIONAL_REPRESENTATION('',(#6648),#6652);
#6648 = LINE('',#6649,#6650);
#6649 = CARTESIAN_POINT('',(0.,9.41));
#6650 = VECTOR('',#6651,1.);
#6651 = DIRECTION('',(1.,0.));
#6652 = ( GEOMETRIC_REPRESENTATION_CONTEXT(2) 
PARAMETRIC_REPRESENTATION_CONTEXT() REPRESENTATION_CONTEXT('2D SPACE',''
  ) );
#6653 = PCURVE('',#2637,#6654);
#6654 = DEFINITIONAL_REPRESENTATION('',(#6655),#6659);
#6655 = LINE('',#6656,#6657);
#6656 = CARTESIAN_POINT('',(-1.570796326795,0.));
#6657 = VECTOR('',#6658,1.);
#6658 = DIRECTION('',(-0.,1.));
#6659 = ( GEOMETRIC_REPRESENTATION_CONTEXT(2) 
PARAMETRIC_REPRESENTATION_CONTEXT() REPRESENTATION_CONTEXT('2D SPACE',''
  ) );
#6660 = ADVANCED_FACE('',(#6661),#2637,.F.);
#6661 = FACE_BOUND('',#6662,.T.);
#6662 = EDGE_LOOP('',(#6663,#6684,#6685,#6686));
#6663 = ORIENTED_EDGE('',*,*,#6664,.F.);
#6664 = EDGE_CURVE('',#5814,#2595,#6665,.T.);
#6665 = SURFACE_CURVE('',#6666,(#6670,#6677),.PCURVE_S1.);
#6666 = LINE('',#6667,#6668);
#6667 = CARTESIAN_POINT('',(5.,14.99,11.25));
#6668 = VECTOR('',#6669,1.);
#6669 = DIRECTION('',(0.,0.,1.));
#6670 = PCURVE('',#2637,#6671);
#6671 = DEFINITIONAL_REPRESENTATION('',(#6672),#6676);
#6672 = LINE('',#6673,#6674);
#6673 = CARTESIAN_POINT('',(-0.,0.));
#6674 = VECTOR('',#6675,1.);
#6675 = DIRECTION('',(-0.,1.));
#6676 = ( GEOMETRIC_REPRESENTATION_CONTEXT(2) 
PARAMETRIC_REPRESENTATION_CONTEXT() REPRESENTATION_CONTEXT('2D SPACE',''
  ) );
#6677 = PCURVE('',#2609,#6678);
#6678 = DEFINITIONAL_REPRESENTATION('',(#6679),#6683);
#6679 = LINE('',#6680,#6681);
#6680 = CARTESIAN_POINT('',(0.,-0.59));
#6681 = VECTOR('',#6682,1.);
#6682 = DIRECTION('',(1.,0.));
#6683 = ( GEOMETRIC_REPRESENTATION_CONTEXT(2) 
PARAMETRIC_REPRESENTATION_CONTEXT() REPRESENTATION_CONTEXT('2D SPACE',''
  ) );
#6684 = ORIENTED_EDGE('',*,*,#5834,.F.);
#6685 = ORIENTED_EDGE('',*,*,#6640,.T.);
#6686 = ORIENTED_EDGE('',*,*,#2620,.T.);
#6687 = ADVANCED_FACE('',(#6688),#2609,.F.);
#6688 = FACE_BOUND('',#6689,.F.);
#6689 = EDGE_LOOP('',(#6690,#6691,#6692,#6693));
#6690 = ORIENTED_EDGE('',*,*,#2594,.F.);
#6691 = ORIENTED_EDGE('',*,*,#6664,.F.);
#6692 = ORIENTED_EDGE('',*,*,#5813,.T.);
#6693 = ORIENTED_EDGE('',*,*,#6694,.T.);
#6694 = EDGE_CURVE('',#5790,#2566,#6695,.T.);
#6695 = SURFACE_CURVE('',#6696,(#6700,#6707),.PCURVE_S1.);
#6696 = LINE('',#6697,#6698);
#6697 = CARTESIAN_POINT('',(5.,15.01,11.25));
#6698 = VECTOR('',#6699,1.);
#6699 = DIRECTION('',(0.,0.,1.));
#6700 = PCURVE('',#2609,#6701);
#6701 = DEFINITIONAL_REPRESENTATION('',(#6702),#6706);
#6702 = LINE('',#6703,#6704);
#6703 = CARTESIAN_POINT('',(0.,-0.61));
#6704 = VECTOR('',#6705,1.);
#6705 = DIRECTION('',(1.,0.));
#6706 = ( GEOMETRIC_REPRESENTATION_CONTEXT(2) 
PARAMETRIC_REPRESENTATION_CONTEXT() REPRESENTATION_CONTEXT('2D SPACE',''
  ) );
#6707 = PCURVE('',#2582,#6708);
#6708 = DEFINITIONAL_REPRESENTATION('',(#6709),#6713);
#6709 = LINE('',#6710,#6711);
#6710 = CARTESIAN_POINT('',(0.,0.));
#6711 = VECTOR('',#6712,1.);
#6712 = DIRECTION('',(0.,1.));
#6713 = ( GEOMETRIC_REPRESENTATION_CONTEXT(2) 
PARAMETRIC_REPRESENTATION_CONTEXT() REPRESENTATION_CONTEXT('2D SPACE',''
  ) );
#6714 = ADVANCED_FACE('',(#6715),#2582,.F.);
#6715 = FACE_BOUND('',#6716,.F.);
#6716 = EDGE_LOOP('',(#6717,#6718,#6719,#6740));
#6717 = ORIENTED_EDGE('',*,*,#6694,.F.);
#6718 = ORIENTED_EDGE('',*,*,#5789,.T.);
#6719 = ORIENTED_EDGE('',*,*,#6720,.T.);
#6720 = EDGE_CURVE('',#5769,#2540,#6721,.T.);
#6721 = SURFACE_CURVE('',#6722,(#6726,#6733),.PCURVE_S1.);
#6722 = LINE('',#6723,#6724);
#6723 = CARTESIAN_POINT('',(4.41,15.6,11.25));
#6724 = VECTOR('',#6725,1.);
#6725 = DIRECTION('',(0.,0.,1.));
#6726 = PCURVE('',#2582,#6727);
#6727 = DEFINITIONAL_REPRESENTATION('',(#6728),#6732);
#6728 = LINE('',#6729,#6730);
#6729 = CARTESIAN_POINT('',(1.570796326795,0.));
#6730 = VECTOR('',#6731,1.);
#6731 = DIRECTION('',(0.,1.));
#6732 = ( GEOMETRIC_REPRESENTATION_CONTEXT(2) 
PARAMETRIC_REPRESENTATION_CONTEXT() REPRESENTATION_CONTEXT('2D SPACE',''
  ) );
#6733 = PCURVE('',#2554,#6734);
#6734 = DEFINITIONAL_REPRESENTATION('',(#6735),#6739);
#6735 = LINE('',#6736,#6737);
#6736 = CARTESIAN_POINT('',(0.,9.41));
#6737 = VECTOR('',#6738,1.);
#6738 = DIRECTION('',(1.,0.));
#6739 = ( GEOMETRIC_REPRESENTATION_CONTEXT(2) 
PARAMETRIC_REPRESENTATION_CONTEXT() REPRESENTATION_CONTEXT('2D SPACE',''
  ) );
#6740 = ORIENTED_EDGE('',*,*,#2565,.F.);
#6741 = ADVANCED_FACE('',(#6742),#2554,.F.);
#6742 = FACE_BOUND('',#6743,.F.);
#6743 = EDGE_LOOP('',(#6744,#6745,#6766,#6767));
#6744 = ORIENTED_EDGE('',*,*,#5768,.T.);
#6745 = ORIENTED_EDGE('',*,*,#6746,.T.);
#6746 = EDGE_CURVE('',#5745,#2511,#6747,.T.);
#6747 = SURFACE_CURVE('',#6748,(#6752,#6759),.PCURVE_S1.);
#6748 = LINE('',#6749,#6750);
#6749 = CARTESIAN_POINT('',(-4.41,15.6,11.25));
#6750 = VECTOR('',#6751,1.);
#6751 = DIRECTION('',(0.,0.,1.));
#6752 = PCURVE('',#2554,#6753);
#6753 = DEFINITIONAL_REPRESENTATION('',(#6754),#6758);
#6754 = LINE('',#6755,#6756);
#6755 = CARTESIAN_POINT('',(0.,0.59));
#6756 = VECTOR('',#6757,1.);
#6757 = DIRECTION('',(1.,0.));
#6758 = ( GEOMETRIC_REPRESENTATION_CONTEXT(2) 
PARAMETRIC_REPRESENTATION_CONTEXT() REPRESENTATION_CONTEXT('2D SPACE',''
  ) );
#6759 = PCURVE('',#2527,#6760);
#6760 = DEFINITIONAL_REPRESENTATION('',(#6761),#6765);
#6761 = LINE('',#6762,#6763);
#6762 = CARTESIAN_POINT('',(-1.570796326795,0.));
#6763 = VECTOR('',#6764,1.);
#6764 = DIRECTION('',(-0.,1.));
#6765 = ( GEOMETRIC_REPRESENTATION_CONTEXT(2) 
PARAMETRIC_REPRESENTATION_CONTEXT() REPRESENTATION_CONTEXT('2D SPACE',''
  ) );
#6766 = ORIENTED_EDGE('',*,*,#2539,.F.);
#6767 = ORIENTED_EDGE('',*,*,#6720,.F.);
#6768 = ADVANCED_FACE('',(#6769),#2527,.F.);
#6769 = FACE_BOUND('',#6770,.T.);
#6770 = EDGE_LOOP('',(#6771,#6792,#6793,#6794));
#6771 = ORIENTED_EDGE('',*,*,#6772,.F.);
#6772 = EDGE_CURVE('',#5724,#2485,#6773,.T.);
#6773 = SURFACE_CURVE('',#6774,(#6778,#6785),.PCURVE_S1.);
#6774 = LINE('',#6775,#6776);
#6775 = CARTESIAN_POINT('',(-5.,15.01,11.25));
#6776 = VECTOR('',#6777,1.);
#6777 = DIRECTION('',(0.,0.,1.));
#6778 = PCURVE('',#2527,#6779);
#6779 = DEFINITIONAL_REPRESENTATION('',(#6780),#6784);
#6780 = LINE('',#6781,#6782);
#6781 = CARTESIAN_POINT('',(-0.,0.));
#6782 = VECTOR('',#6783,1.);
#6783 = DIRECTION('',(-0.,1.));
#6784 = ( GEOMETRIC_REPRESENTATION_CONTEXT(2) 
PARAMETRIC_REPRESENTATION_CONTEXT() REPRESENTATION_CONTEXT('2D SPACE',''
  ) );
#6785 = PCURVE('',#2499,#6786);
#6786 = DEFINITIONAL_REPRESENTATION('',(#6787),#6791);
#6787 = LINE('',#6788,#6789);
#6788 = CARTESIAN_POINT('',(0.,-0.61));
#6789 = VECTOR('',#6790,1.);
#6790 = DIRECTION('',(1.,0.));
#6791 = ( GEOMETRIC_REPRESENTATION_CONTEXT(2) 
PARAMETRIC_REPRESENTATION_CONTEXT() REPRESENTATION_CONTEXT('2D SPACE',''
  ) );
#6792 = ORIENTED_EDGE('',*,*,#5744,.F.);
#6793 = ORIENTED_EDGE('',*,*,#6746,.T.);
#6794 = ORIENTED_EDGE('',*,*,#2510,.T.);
#6795 = ADVANCED_FACE('',(#6796),#2499,.T.);
#6796 = FACE_BOUND('',#6797,.T.);
#6797 = EDGE_LOOP('',(#6798,#6799,#6800,#6801));
#6798 = ORIENTED_EDGE('',*,*,#2484,.F.);
#6799 = ORIENTED_EDGE('',*,*,#6590,.F.);
#6800 = ORIENTED_EDGE('',*,*,#5723,.T.);
#6801 = ORIENTED_EDGE('',*,*,#6772,.T.);
#6802 = ADVANCED_FACE('',(#6803),#2694,.T.);
#6803 = FACE_BOUND('',#6804,.F.);
#6804 = EDGE_LOOP('',(#6805,#6806,#7055,#7056));
#6805 = ORIENTED_EDGE('',*,*,#2676,.F.);
#6806 = ORIENTED_EDGE('',*,*,#6807,.T.);
#6807 = EDGE_CURVE('',#2677,#3709,#6808,.T.);
#6808 = SURFACE_CURVE('',#6809,(#6889,#6972),.PCURVE_S1.);
#6809 = B_SPLINE_CURVE_WITH_KNOTS('',8,(#6810,#6811,#6812,#6813,#6814,
    #6815,#6816,#6817,#6818,#6819,#6820,#6821,#6822,#6823,#6824,#6825,
    #6826,#6827,#6828,#6829,#6830,#6831,#6832,#6833,#6834,#6835,#6836,
    #6837,#6838,#6839,#6840,#6841,#6842,#6843,#6844,#6845,#6846,#6847,
    #6848,#6849,#6850,#6851,#6852,#6853,#6854,#6855,#6856,#6857,#6858,
    #6859,#6860,#6861,#6862,#6863,#6864,#6865,#6866,#6867,#6868,#6869,
    #6870,#6871,#6872,#6873,#6874,#6875,#6876,#6877,#6878,#6879,#6880,
    #6881,#6882,#6883,#6884,#6885,#6886,#6887,#6888),.UNSPECIFIED.,.F.,
  .F.,(9,7,7,7,7,7,7,7,7,7,7,9),(0.,6.635716334096E-04,
    1.304261242059E-03,1.967832116356E-03,2.631402218323E-03,
    3.294971287499E-03,3.958539063423E-03,4.599223720515E-03,
    5.262788195571E-03,5.789062012887E-03,0.755534246532,1.),
  .UNSPECIFIED.);
#6810 = CARTESIAN_POINT('',(-6.75,21.41,-13.25));
#6811 = CARTESIAN_POINT('',(-6.749863791713,21.41,-13.25011121359));
#6812 = CARTESIAN_POINT('',(-6.749727583427,21.409999985865,
    -13.25022242719));
#6813 = CARTESIAN_POINT('',(-6.749591375142,21.409999957594,
    -13.25033364079));
#6814 = CARTESIAN_POINT('',(-6.749455166858,21.409999915188,
    -13.25044485439));
#6815 = CARTESIAN_POINT('',(-6.749318958577,21.409999858646,
    -13.25055606798));
#6816 = CARTESIAN_POINT('',(-6.749182750297,21.409999787969,
    -13.25066728157));
#6817 = CARTESIAN_POINT('',(-6.74904654202,21.409999703157,
    -13.25077849516));
#6818 = CARTESIAN_POINT('',(-6.748778822363,21.409999508673,
    -13.25099708732));
#6819 = CARTESIAN_POINT('',(-6.748647310981,21.40999939996,
    -13.2511044659));
#6820 = CARTESIAN_POINT('',(-6.748515799604,21.40999927807,
    -13.25121184447));
#6821 = CARTESIAN_POINT('',(-6.748384288231,21.409999143002,
    -13.25131922304));
#6822 = CARTESIAN_POINT('',(-6.748252776864,21.409998994757,
    -13.2514266016));
#6823 = CARTESIAN_POINT('',(-6.748121265503,21.409998833335,
    -13.25153398014));
#6824 = CARTESIAN_POINT('',(-6.747989754149,21.409998658735,
    -13.25164135868));
#6825 = CARTESIAN_POINT('',(-6.747722034724,21.409998276475,
    -13.25185995059));
#6826 = CARTESIAN_POINT('',(-6.747585826655,21.409998067856,
    -13.25197116396));
#6827 = CARTESIAN_POINT('',(-6.747449618593,21.409997845102,
    -13.25208237732));
#6828 = CARTESIAN_POINT('',(-6.747313410541,21.409997608213,
    -13.25219359067));
#6829 = CARTESIAN_POINT('',(-6.747177202498,21.409997357188,
    -13.252304804));
#6830 = CARTESIAN_POINT('',(-6.747040994466,21.409997092027,
    -13.25241601732));
#6831 = CARTESIAN_POINT('',(-6.746904786445,21.409996812732,
    -13.25252723061));
#6832 = CARTESIAN_POINT('',(-6.746632370584,21.40999622587,
    -13.25274965704));
#6833 = CARTESIAN_POINT('',(-6.746496162744,21.409995918304,
    -13.25286087017));
#6834 = CARTESIAN_POINT('',(-6.746359954917,21.409995596603,
    -13.25297208328));
#6835 = CARTESIAN_POINT('',(-6.746223747103,21.409995260766,
    -13.25308329636));
#6836 = CARTESIAN_POINT('',(-6.746087539302,21.409994910794,
    -13.25319450943));
#6837 = CARTESIAN_POINT('',(-6.745951331515,21.409994546686,
    -13.25330572247));
#6838 = CARTESIAN_POINT('',(-6.745815123743,21.409994168443,
    -13.25341693549));
#6839 = CARTESIAN_POINT('',(-6.745542708443,21.409993383687,
    -13.25363936131));
#6840 = CARTESIAN_POINT('',(-6.745406500914,21.409992977174,
    -13.25375057411));
#6841 = CARTESIAN_POINT('',(-6.745270293402,21.409992556525,
    -13.25386178687));
#6842 = CARTESIAN_POINT('',(-6.745134085906,21.409992121741,
    -13.25397299962));
#6843 = CARTESIAN_POINT('',(-6.744997878428,21.409991672822,
    -13.25408421233));
#6844 = CARTESIAN_POINT('',(-6.744861670968,21.409991209767,
    -13.25419542502));
#6845 = CARTESIAN_POINT('',(-6.744725463526,21.409990732577,
    -13.25430663767));
#6846 = CARTESIAN_POINT('',(-6.744453048948,21.409989749927,
    -13.2545290627));
#6847 = CARTESIAN_POINT('',(-6.744316841811,21.409989244467,
    -13.25464027507));
#6848 = CARTESIAN_POINT('',(-6.744180634694,21.409988724872,
    -13.25475148742));
#6849 = CARTESIAN_POINT('',(-6.744044427598,21.409988191141,
    -13.25486269973));
#6850 = CARTESIAN_POINT('',(-6.743908220523,21.409987643275,
    -13.254973912));
#6851 = CARTESIAN_POINT('',(-6.743772013471,21.409987081274,
    -13.25508512424));
#6852 = CARTESIAN_POINT('',(-6.743635806441,21.409986505137,
    -13.25519633644));
#6853 = CARTESIAN_POINT('',(-6.743368089523,21.409985344948,
    -13.25541492562));
#6854 = CARTESIAN_POINT('',(-6.743236579633,21.409984761854,
    -13.2555223026));
#6855 = CARTESIAN_POINT('',(-6.743105069766,21.409984165582,
    -13.25562967954));
#6856 = CARTESIAN_POINT('',(-6.742973559922,21.409983556134,
    -13.25573705645));
#6857 = CARTESIAN_POINT('',(-6.742842050102,21.409982933508,
    -13.25584443331));
#6858 = CARTESIAN_POINT('',(-6.742710540305,21.409982297704,
    -13.25595181014));
#6859 = CARTESIAN_POINT('',(-6.742579030533,21.409981648724,
    -13.25605918693));
#6860 = CARTESIAN_POINT('',(-6.742311314628,21.409980300761,
    -13.25627777501));
#6861 = CARTESIAN_POINT('',(-6.742175108497,21.40997960082,
    -13.2563889863));
#6862 = CARTESIAN_POINT('',(-6.742038902393,21.409978886745,
    -13.25650019755));
#6863 = CARTESIAN_POINT('',(-6.741902696318,21.409978158534,
    -13.25661140875));
#6864 = CARTESIAN_POINT('',(-6.741766490272,21.409977416188,
    -13.2567226199));
#6865 = CARTESIAN_POINT('',(-6.741630284256,21.409976659706,
    -13.256833831));
#6866 = CARTESIAN_POINT('',(-6.74149407827,21.409975889089,
    -13.25694504206));
#6867 = CARTESIAN_POINT('',(-6.741249847202,21.409974481948,
    -13.25714445465));
#6868 = CARTESIAN_POINT('',(-6.741141822108,21.409973850669,
    -13.2572326562));
#6869 = CARTESIAN_POINT('',(-6.741033797034,21.409973210498,
    -13.25732085773));
#6870 = CARTESIAN_POINT('',(-6.74092577198,21.409972561436,
    -13.25740905922));
#6871 = CARTESIAN_POINT('',(-6.740817746946,21.409971903482,
    -13.25749726068));
#6872 = CARTESIAN_POINT('',(-6.740709721934,21.409971236637,
    -13.2575854621));
#6873 = CARTESIAN_POINT('',(-6.740601696942,21.409970560901,
    -13.25767366349));
#6874 = CARTESIAN_POINT('',(-6.586598117214,21.408994535602,
    -13.3834161128));
#6875 = CARTESIAN_POINT('',(-6.434616733762,21.389986188721,
    -13.50747157447));
#6876 = CARTESIAN_POINT('',(-6.283718240498,21.353672044582,
    -13.62985925051));
#6877 = CARTESIAN_POINT('',(-6.133862162467,21.299044123716,
    -13.74990189576));
#6878 = CARTESIAN_POINT('',(-5.986169403767,21.224316215591,
    -13.865776853));
#6879 = CARTESIAN_POINT('',(-5.843101509011,21.127354662548,
    -13.97403354696));
#6880 = CARTESIAN_POINT('',(-5.708918320873,21.006183111597,
    -14.06926636132));
#6881 = CARTESIAN_POINT('',(-5.55066912381,20.812981950722,
    -14.16675350337));
#6882 = CARTESIAN_POINT('',(-5.513105918425,20.762588265405,
    -14.18855707129));
#6883 = CARTESIAN_POINT('',(-5.477293375471,20.709440810035,
    -14.20774369008));
#6884 = CARTESIAN_POINT('',(-5.443595241673,20.653716534582,
    -14.22388356661));
#6885 = CARTESIAN_POINT('',(-5.41233619442,20.595632780796,
    -14.23656617921));
#6886 = CARTESIAN_POINT('',(-5.383799237879,20.535446459874,
    -14.2453982351));
#6887 = CARTESIAN_POINT('',(-5.358221215315,20.473455133751,-14.25));
#6888 = CARTESIAN_POINT('',(-5.335786437627,20.41,-14.25));
#6889 = PCURVE('',#2694,#6890);
#6890 = DEFINITIONAL_REPRESENTATION('',(#6891),#6971);
#6891 = B_SPLINE_CURVE_WITH_KNOTS('',8,(#6892,#6893,#6894,#6895,#6896,
    #6897,#6898,#6899,#6900,#6901,#6902,#6903,#6904,#6905,#6906,#6907,
    #6908,#6909,#6910,#6911,#6912,#6913,#6914,#6915,#6916,#6917,#6918,
    #6919,#6920,#6921,#6922,#6923,#6924,#6925,#6926,#6927,#6928,#6929,
    #6930,#6931,#6932,#6933,#6934,#6935,#6936,#6937,#6938,#6939,#6940,
    #6941,#6942,#6943,#6944,#6945,#6946,#6947,#6948,#6949,#6950,#6951,
    #6952,#6953,#6954,#6955,#6956,#6957,#6958,#6959,#6960,#6961,#6962,
    #6963,#6964,#6965,#6966,#6967,#6968,#6969,#6970),.UNSPECIFIED.,.F.,
  .F.,(9,7,7,7,7,7,7,7,7,7,7,9),(0.,6.635716334096E-04,
    1.304261242059E-03,1.967832116356E-03,2.631402218323E-03,
    3.294971287499E-03,3.958539063423E-03,4.599223720515E-03,
    5.262788195571E-03,5.789062012887E-03,0.755534246532,1.),
  .UNSPECIFIED.);
#6892 = CARTESIAN_POINT('',(0.,2.25));
#6893 = CARTESIAN_POINT('',(-1.112135987654E-04,2.250136208287));
#6894 = CARTESIAN_POINT('',(-2.224271986859E-04,2.250272416573));
#6895 = CARTESIAN_POINT('',(-3.336408001073E-04,2.250408624858));
#6896 = CARTESIAN_POINT('',(-4.448544035918E-04,2.250544833142));
#6897 = CARTESIAN_POINT('',(-5.560680099178E-04,2.250681041423));
#6898 = CARTESIAN_POINT('',(-6.6728162008E-04,2.250817249703));
#6899 = CARTESIAN_POINT('',(-7.784952352895E-04,2.25095345798));
#6900 = CARTESIAN_POINT('',(-9.970874852417E-04,2.251221177637));
#6901 = CARTESIAN_POINT('',(-1.104466119329E-03,2.251352689019));
#6902 = CARTESIAN_POINT('',(-1.211844760159E-03,2.251484200396));
#6903 = CARTESIAN_POINT('',(-1.319223408661E-03,2.251615711769));
#6904 = CARTESIAN_POINT('',(-1.426602065772E-03,2.251747223136));
#6905 = CARTESIAN_POINT('',(-1.533980732431E-03,2.251878734497));
#6906 = CARTESIAN_POINT('',(-1.641359409587E-03,2.252010245851));
#6907 = CARTESIAN_POINT('',(-1.859951655138E-03,2.252277965276));
#6908 = CARTESIAN_POINT('',(-1.971165224366E-03,2.252414173345));
#6909 = CARTESIAN_POINT('',(-2.082378806889E-03,2.252550381407));
#6910 = CARTESIAN_POINT('',(-2.193592403735E-03,2.252686589459));
#6911 = CARTESIAN_POINT('',(-2.304806015939E-03,2.252822797502));
#6912 = CARTESIAN_POINT('',(-2.416019644543E-03,2.252959005534));
#6913 = CARTESIAN_POINT('',(-2.527233290598E-03,2.253095213555));
#6914 = CARTESIAN_POINT('',(-2.749660490285E-03,2.253367629416));
#6915 = CARTESIAN_POINT('',(-2.8608740439E-03,2.253503837256));
#6916 = CARTESIAN_POINT('',(-2.972087617048E-03,2.253640045083));
#6917 = CARTESIAN_POINT('',(-3.083301210768E-03,2.253776252897));
#6918 = CARTESIAN_POINT('',(-3.194514826099E-03,2.253912460698));
#6919 = CARTESIAN_POINT('',(-3.305728464078E-03,2.254048668485));
#6920 = CARTESIAN_POINT('',(-3.416942125745E-03,2.254184876257));
#6921 = CARTESIAN_POINT('',(-3.639369325437E-03,2.254457291557));
#6922 = CARTESIAN_POINT('',(-3.75058286346E-03,2.254593499086));
#6923 = CARTESIAN_POINT('',(-3.86179642725E-03,2.254729706598));
#6924 = CARTESIAN_POINT('',(-3.973010017848E-03,2.254865914094));
#6925 = CARTESIAN_POINT('',(-4.084223636295E-03,2.255002121572));
#6926 = CARTESIAN_POINT('',(-4.195437283631E-03,2.255138329032));
#6927 = CARTESIAN_POINT('',(-4.306650960891E-03,2.255274536474));
#6928 = CARTESIAN_POINT('',(-4.529078160583E-03,2.255546951052));
#6929 = CARTESIAN_POINT('',(-4.640291683018E-03,2.255683158189));
#6930 = CARTESIAN_POINT('',(-4.751505237457E-03,2.255819365306));
#6931 = CARTESIAN_POINT('',(-4.862718824939E-03,2.255955572402));
#6932 = CARTESIAN_POINT('',(-4.973932446505E-03,2.256091779477));
#6933 = CARTESIAN_POINT('',(-5.085146103193E-03,2.256227986529));
#6934 = CARTESIAN_POINT('',(-5.196359796041E-03,2.256364193559));
#6935 = CARTESIAN_POINT('',(-5.414952053315E-03,2.256631910477));
#6936 = CARTESIAN_POINT('',(-5.522330615214E-03,2.256763420367));
#6937 = CARTESIAN_POINT('',(-5.629709212726E-03,2.256894930234));
#6938 = CARTESIAN_POINT('',(-5.737087846793E-03,2.257026440078));
#6939 = CARTESIAN_POINT('',(-5.844466518353E-03,2.257157949898));
#6940 = CARTESIAN_POINT('',(-5.951845228338E-03,2.257289459695));
#6941 = CARTESIAN_POINT('',(-6.059223977679E-03,2.257420969467));
#6942 = CARTESIAN_POINT('',(-6.277816215879E-03,2.257688685372));
#6943 = CARTESIAN_POINT('',(-6.389029707677E-03,2.257824891503));
#6944 = CARTESIAN_POINT('',(-6.500243243732E-03,2.257961097607));
#6945 = CARTESIAN_POINT('',(-6.611456825085E-03,2.258097303682));
#6946 = CARTESIAN_POINT('',(-6.722670452776E-03,2.258233509728));
#6947 = CARTESIAN_POINT('',(-6.833884127843E-03,2.258369715744));
#6948 = CARTESIAN_POINT('',(-6.945097851329E-03,2.25850592173));
#6949 = CARTESIAN_POINT('',(-7.144515407068E-03,2.258750152798));
#6950 = CARTESIAN_POINT('',(-7.232719220976E-03,2.258858177892));
#6951 = CARTESIAN_POINT('',(-7.320923066511E-03,2.258966202966));
#6952 = CARTESIAN_POINT('',(-7.409126944189E-03,2.25907422802));
#6953 = CARTESIAN_POINT('',(-7.497330854527E-03,2.259182253054));
#6954 = CARTESIAN_POINT('',(-7.585534798045E-03,2.259290278066));
#6955 = CARTESIAN_POINT('',(-7.673738775262E-03,2.259398303058));
#6956 = CARTESIAN_POINT('',(-0.133419976031,2.413401882786));
#6957 = CARTESIAN_POINT('',(-0.257620718103,2.565383266238));
#6958 = CARTESIAN_POINT('',(-0.383301255971,2.716281759502));
#6959 = CARTESIAN_POINT('',(-0.512567029818,2.866137837533));
#6960 = CARTESIAN_POINT('',(-0.647264986777,3.013830596233));
#6961 = CARTESIAN_POINT('',(-0.78920929043,3.156898490989));
#6962 = CARTESIAN_POINT('',(-0.940292283289,3.291081679127));
#6963 = CARTESIAN_POINT('',(-1.156695683054,3.44933087619));
#6964 = CARTESIAN_POINT('',(-1.211508615824,3.486894081575));
#6965 = CARTESIAN_POINT('',(-1.267830436911,3.522706624529));
#6966 = CARTESIAN_POINT('',(-1.32559783524,3.556404758327));
#6967 = CARTESIAN_POINT('',(-1.384774367693,3.58766380558));
#6968 = CARTESIAN_POINT('',(-1.4453497718,3.616200762121));
#6969 = CARTESIAN_POINT('',(-1.507341193043,3.641778784685));
#6970 = CARTESIAN_POINT('',(-1.570796326795,3.664213562373));
#6971 = ( GEOMETRIC_REPRESENTATION_CONTEXT(2) 
PARAMETRIC_REPRESENTATION_CONTEXT() REPRESENTATION_CONTEXT('2D SPACE',''
  ) );
#6972 = PCURVE('',#2722,#6973);
#6973 = DEFINITIONAL_REPRESENTATION('',(#6974),#7054);
#6974 = B_SPLINE_CURVE_WITH_KNOTS('',8,(#6975,#6976,#6977,#6978,#6979,
    #6980,#6981,#6982,#6983,#6984,#6985,#6986,#6987,#6988,#6989,#6990,
    #6991,#6992,#6993,#6994,#6995,#6996,#6997,#6998,#6999,#7000,#7001,
    #7002,#7003,#7004,#7005,#7006,#7007,#7008,#7009,#7010,#7011,#7012,
    #7013,#7014,#7015,#7016,#7017,#7018,#7019,#7020,#7021,#7022,#7023,
    #7024,#7025,#7026,#7027,#7028,#7029,#7030,#7031,#7032,#7033,#7034,
    #7035,#7036,#7037,#7038,#7039,#7040,#7041,#7042,#7043,#7044,#7045,
    #7046,#7047,#7048,#7049,#7050,#7051,#7052,#7053),.UNSPECIFIED.,.F.,
  .F.,(9,7,7,7,7,7,7,7,7,7,7,9),(0.,6.635716334096E-04,
    1.304261242059E-03,1.967832116356E-03,2.631402218323E-03,
    3.294971287499E-03,3.958539063423E-03,4.599223720515E-03,
    5.262788195571E-03,5.789062012887E-03,0.755534246532,1.),
  .UNSPECIFIED.);
#6975 = CARTESIAN_POINT('',(1.570796326795,6.5));
#6976 = CARTESIAN_POINT('',(1.57070552127,6.499888786401));
#6977 = CARTESIAN_POINT('',(1.570614715746,6.499777572801));
#6978 = CARTESIAN_POINT('',(1.570523910222,6.499666359202));
#6979 = CARTESIAN_POINT('',(1.570433104696,6.499555145605));
#6980 = CARTESIAN_POINT('',(1.570342299168,6.499443932011));
#6981 = CARTESIAN_POINT('',(1.570251493637,6.499332718422));
#6982 = CARTESIAN_POINT('',(1.570160688102,6.499221504838));
#6983 = CARTESIAN_POINT('',(1.569982208283,6.499002912675));
#6984 = CARTESIAN_POINT('',(1.569894533999,6.498895534095));
#6985 = CARTESIAN_POINT('',(1.569806859711,6.498788155522));
#6986 = CARTESIAN_POINT('',(1.569719185417,6.498680776957));
#6987 = CARTESIAN_POINT('',(1.569631511117,6.4985733984));
#6988 = CARTESIAN_POINT('',(1.569543836811,6.498466019854));
#6989 = CARTESIAN_POINT('',(1.569456162498,6.498358641318));
#6990 = CARTESIAN_POINT('',(1.5692776827,6.498140049406));
#6991 = CARTESIAN_POINT('',(1.569186877214,6.498028836032));
#6992 = CARTESIAN_POINT('',(1.569096071719,6.497917622671));
#6993 = CARTESIAN_POINT('',(1.569005266215,6.497806409324));
#6994 = CARTESIAN_POINT('',(1.5689144607,6.497695195994));
#6995 = CARTESIAN_POINT('',(1.568823655174,6.49758398268));
#6996 = CARTESIAN_POINT('',(1.568732849636,6.497472769384));
#6997 = CARTESIAN_POINT('',(1.56855123864,6.497250342958));
#6998 = CARTESIAN_POINT('',(1.568460433183,6.497139129829));
#6999 = CARTESIAN_POINT('',(1.568369627712,6.497027916719));
#7000 = CARTESIAN_POINT('',(1.568278822228,6.496916703631));
#7001 = CARTESIAN_POINT('',(1.568188016728,6.496805490565));
#7002 = CARTESIAN_POINT('',(1.568097211214,6.496694277521));
#7003 = CARTESIAN_POINT('',(1.568006405683,6.496583064502));
#7004 = CARTESIAN_POINT('',(1.567824794729,6.496360638686));
#7005 = CARTESIAN_POINT('',(1.567733989306,6.49624942589));
#7006 = CARTESIAN_POINT('',(1.567643183865,6.496138213121));
#7007 = CARTESIAN_POINT('',(1.567552378407,6.496027000378));
#7008 = CARTESIAN_POINT('',(1.567461572929,6.495915787664));
#7009 = CARTESIAN_POINT('',(1.567370767432,6.495804574979));
#7010 = CARTESIAN_POINT('',(1.567279961914,6.495693362325));
#7011 = CARTESIAN_POINT('',(1.567098351014,6.495470937296));
#7012 = CARTESIAN_POINT('',(1.567007545631,6.495359724921));
#7013 = CARTESIAN_POINT('',(1.566916740226,6.495248512579));
#7014 = CARTESIAN_POINT('',(1.5668259348,6.49513730027));
#7015 = CARTESIAN_POINT('',(1.56673512935,6.495026087996));
#7016 = CARTESIAN_POINT('',(1.566644323876,6.494914875758));
#7017 = CARTESIAN_POINT('',(1.566553518377,6.494803663557));
#7018 = CARTESIAN_POINT('',(1.566375038756,6.494585074378));
#7019 = CARTESIAN_POINT('',(1.566287364635,6.494477697399));
#7020 = CARTESIAN_POINT('',(1.56619969049,6.494370320456));
#7021 = CARTESIAN_POINT('',(1.56611201632,6.494262943549));
#7022 = CARTESIAN_POINT('',(1.566024342124,6.494155566681));
#7023 = CARTESIAN_POINT('',(1.565936667903,6.494048189852));
#7024 = CARTESIAN_POINT('',(1.565848993654,6.493940813063));
#7025 = CARTESIAN_POINT('',(1.565670514122,6.493722224981));
#7026 = CARTESIAN_POINT('',(1.565579708836,6.493611013691));
#7027 = CARTESIAN_POINT('',(1.56548890352,6.493499802446));
#7028 = CARTESIAN_POINT('',(1.565398098173,6.493388591247));
#7029 = CARTESIAN_POINT('',(1.565307292795,6.493277380095));
#7030 = CARTESIAN_POINT('',(1.565216487384,6.493166168992));
#7031 = CARTESIAN_POINT('',(1.565125681941,6.493054957937));
#7032 = CARTESIAN_POINT('',(1.564962858526,6.492855545346));
#7033 = CARTESIAN_POINT('',(1.564890840568,6.492767343791));
#7034 = CARTESIAN_POINT('',(1.564818822587,6.492679142268));
#7035 = CARTESIAN_POINT('',(1.564746804585,6.492590940777));
#7036 = CARTESIAN_POINT('',(1.564674786561,6.49250273932));
#7037 = CARTESIAN_POINT('',(1.564602768514,6.492414537897));
#7038 = CARTESIAN_POINT('',(1.564530750444,6.492326336507));
#7039 = CARTESIAN_POINT('',(1.461859635401,6.366583887197));
#7040 = CARTESIAN_POINT('',(1.360460601753,6.242528425521));
#7041 = CARTESIAN_POINT('',(1.258063778403,6.120140749489));
#7042 = CARTESIAN_POINT('',(1.153155832448,6.000098104234));
#7043 = CARTESIAN_POINT('',(1.044465520999,5.884223146999));
#7044 = CARTESIAN_POINT('',(0.931004781085,5.77596645304));
#7045 = CARTESIAN_POINT('',(0.811827301851,5.680733638679));
#7046 = CARTESIAN_POINT('',(0.645334730199,5.583246496623));
#7047 = CARTESIAN_POINT('',(0.603476465711,5.561442928707));
#7048 = CARTESIAN_POINT('',(0.560832848928,5.542256309911));
#7049 = CARTESIAN_POINT('',(0.517524735258,5.526116433387));
#7050 = CARTESIAN_POINT('',(0.473663177175,5.513433820785));
#7051 = CARTESIAN_POINT('',(0.429354433769,5.504601764891));
#7052 = CARTESIAN_POINT('',(0.384706464831,5.5));
#7053 = CARTESIAN_POINT('',(0.339836909454,5.5));
#7054 = ( GEOMETRIC_REPRESENTATION_CONTEXT(2) 
PARAMETRIC_REPRESENTATION_CONTEXT() REPRESENTATION_CONTEXT('2D SPACE',''
  ) );
#7055 = ORIENTED_EDGE('',*,*,#3708,.T.);
#7056 = ORIENTED_EDGE('',*,*,#7057,.F.);
#7057 = EDGE_CURVE('',#2679,#3685,#7058,.T.);
#7058 = SURFACE_CURVE('',#7059,(#7139,#7222),.PCURVE_S1.);
#7059 = B_SPLINE_CURVE_WITH_KNOTS('',8,(#7060,#7061,#7062,#7063,#7064,
    #7065,#7066,#7067,#7068,#7069,#7070,#7071,#7072,#7073,#7074,#7075,
    #7076,#7077,#7078,#7079,#7080,#7081,#7082,#7083,#7084,#7085,#7086,
    #7087,#7088,#7089,#7090,#7091,#7092,#7093,#7094,#7095,#7096,#7097,
    #7098,#7099,#7100,#7101,#7102,#7103,#7104,#7105,#7106,#7107,#7108,
    #7109,#7110,#7111,#7112,#7113,#7114,#7115,#7116,#7117,#7118,#7119,
    #7120,#7121,#7122,#7123,#7124,#7125,#7126,#7127,#7128,#7129,#7130,
    #7131,#7132,#7133,#7134,#7135,#7136,#7137,#7138),.UNSPECIFIED.,.F.,
  .F.,(9,7,7,7,7,7,7,7,7,7,7,9),(0.,6.635716334849E-04,
    1.304261242208E-03,1.967832116601E-03,2.631402218662E-03,
    3.294971287912E-03,3.958539063901E-03,4.599223721036E-03,
    5.262788196078E-03,5.789062013394E-03,0.755534246508,1.),
  .UNSPECIFIED.);
#7060 = CARTESIAN_POINT('',(6.75,21.41,-13.25));
#7061 = CARTESIAN_POINT('',(6.749863791713,21.41,-13.25011121359));
#7062 = CARTESIAN_POINT('',(6.749727583427,21.409999985865,
    -13.25022242719));
#7063 = CARTESIAN_POINT('',(6.749591375142,21.409999957594,
    -13.25033364079));
#7064 = CARTESIAN_POINT('',(6.749455166858,21.409999915188,
    -13.25044485439));
#7065 = CARTESIAN_POINT('',(6.749318958577,21.409999858646,
    -13.25055606798));
#7066 = CARTESIAN_POINT('',(6.749182750297,21.409999787969,
    -13.25066728157));
#7067 = CARTESIAN_POINT('',(6.74904654202,21.409999703157,
    -13.25077849516));
#7068 = CARTESIAN_POINT('',(6.748778822363,21.409999508673,
    -13.25099708732));
#7069 = CARTESIAN_POINT('',(6.748647310981,21.40999939996,-13.2511044659
    ));
#7070 = CARTESIAN_POINT('',(6.748515799604,21.40999927807,
    -13.25121184447));
#7071 = CARTESIAN_POINT('',(6.748384288231,21.409999143002,
    -13.25131922304));
#7072 = CARTESIAN_POINT('',(6.748252776864,21.409998994757,
    -13.2514266016));
#7073 = CARTESIAN_POINT('',(6.748121265503,21.409998833335,
    -13.25153398014));
#7074 = CARTESIAN_POINT('',(6.747989754149,21.409998658735,
    -13.25164135868));
#7075 = CARTESIAN_POINT('',(6.747722034724,21.409998276475,
    -13.25185995059));
#7076 = CARTESIAN_POINT('',(6.747585826655,21.409998067856,
    -13.25197116396));
#7077 = CARTESIAN_POINT('',(6.747449618593,21.409997845102,
    -13.25208237732));
#7078 = CARTESIAN_POINT('',(6.747313410541,21.409997608213,
    -13.25219359067));
#7079 = CARTESIAN_POINT('',(6.747177202498,21.409997357188,-13.252304804
    ));
#7080 = CARTESIAN_POINT('',(6.747040994466,21.409997092027,
    -13.25241601732));
#7081 = CARTESIAN_POINT('',(6.746904786445,21.409996812732,
    -13.25252723061));
#7082 = CARTESIAN_POINT('',(6.746632370584,21.40999622587,
    -13.25274965704));
#7083 = CARTESIAN_POINT('',(6.746496162744,21.409995918304,
    -13.25286087017));
#7084 = CARTESIAN_POINT('',(6.746359954917,21.409995596603,
    -13.25297208328));
#7085 = CARTESIAN_POINT('',(6.746223747103,21.409995260766,
    -13.25308329636));
#7086 = CARTESIAN_POINT('',(6.746087539302,21.409994910794,
    -13.25319450943));
#7087 = CARTESIAN_POINT('',(6.745951331515,21.409994546686,
    -13.25330572247));
#7088 = CARTESIAN_POINT('',(6.745815123743,21.409994168443,
    -13.25341693549));
#7089 = CARTESIAN_POINT('',(6.745542708443,21.409993383687,
    -13.25363936131));
#7090 = CARTESIAN_POINT('',(6.745406500914,21.409992977174,
    -13.25375057411));
#7091 = CARTESIAN_POINT('',(6.745270293402,21.409992556525,
    -13.25386178687));
#7092 = CARTESIAN_POINT('',(6.745134085906,21.409992121741,
    -13.25397299962));
#7093 = CARTESIAN_POINT('',(6.744997878428,21.409991672822,
    -13.25408421233));
#7094 = CARTESIAN_POINT('',(6.744861670968,21.409991209767,
    -13.25419542502));
#7095 = CARTESIAN_POINT('',(6.744725463526,21.409990732577,
    -13.25430663767));
#7096 = CARTESIAN_POINT('',(6.744453048948,21.409989749927,
    -13.2545290627));
#7097 = CARTESIAN_POINT('',(6.744316841811,21.409989244467,
    -13.25464027507));
#7098 = CARTESIAN_POINT('',(6.744180634694,21.409988724872,
    -13.25475148742));
#7099 = CARTESIAN_POINT('',(6.744044427598,21.409988191141,
    -13.25486269973));
#7100 = CARTESIAN_POINT('',(6.743908220523,21.409987643275,-13.254973912
    ));
#7101 = CARTESIAN_POINT('',(6.743772013471,21.409987081274,
    -13.25508512424));
#7102 = CARTESIAN_POINT('',(6.743635806441,21.409986505137,
    -13.25519633644));
#7103 = CARTESIAN_POINT('',(6.743368089523,21.409985344948,
    -13.25541492562));
#7104 = CARTESIAN_POINT('',(6.743236579633,21.409984761854,
    -13.2555223026));
#7105 = CARTESIAN_POINT('',(6.743105069766,21.409984165582,
    -13.25562967954));
#7106 = CARTESIAN_POINT('',(6.742973559922,21.409983556134,
    -13.25573705645));
#7107 = CARTESIAN_POINT('',(6.742842050102,21.409982933508,
    -13.25584443331));
#7108 = CARTESIAN_POINT('',(6.742710540305,21.409982297704,
    -13.25595181014));
#7109 = CARTESIAN_POINT('',(6.742579030533,21.409981648724,
    -13.25605918693));
#7110 = CARTESIAN_POINT('',(6.742311314628,21.409980300761,
    -13.25627777501));
#7111 = CARTESIAN_POINT('',(6.742175108497,21.40997960082,-13.2563889863
    ));
#7112 = CARTESIAN_POINT('',(6.742038902393,21.409978886745,
    -13.25650019755));
#7113 = CARTESIAN_POINT('',(6.741902696318,21.409978158534,
    -13.25661140875));
#7114 = CARTESIAN_POINT('',(6.741766490272,21.409977416188,
    -13.2567226199));
#7115 = CARTESIAN_POINT('',(6.741630284256,21.409976659706,-13.256833831
    ));
#7116 = CARTESIAN_POINT('',(6.74149407827,21.409975889089,
    -13.25694504206));
#7117 = CARTESIAN_POINT('',(6.741249847202,21.409974481948,
    -13.25714445465));
#7118 = CARTESIAN_POINT('',(6.741141822108,21.409973850669,
    -13.2572326562));
#7119 = CARTESIAN_POINT('',(6.741033797034,21.409973210498,
    -13.25732085773));
#7120 = CARTESIAN_POINT('',(6.74092577198,21.409972561436,
    -13.25740905922));
#7121 = CARTESIAN_POINT('',(6.740817746946,21.409971903482,
    -13.25749726068));
#7122 = CARTESIAN_POINT('',(6.740709721934,21.409971236637,
    -13.2575854621));
#7123 = CARTESIAN_POINT('',(6.740601696942,21.409970560901,
    -13.25767366349));
#7124 = CARTESIAN_POINT('',(6.586598117213,21.408994535602,
    -13.3834161128));
#7125 = CARTESIAN_POINT('',(6.434616733761,21.389986188721,
    -13.50747157447));
#7126 = CARTESIAN_POINT('',(6.283718240501,21.353672044581,
    -13.6298592505));
#7127 = CARTESIAN_POINT('',(6.133862162466,21.299044123718,
    -13.74990189576));
#7128 = CARTESIAN_POINT('',(5.986169403767,21.224316215589,-13.865776853
    ));
#7129 = CARTESIAN_POINT('',(5.843101509011,21.127354662547,
    -13.97403354696));
#7130 = CARTESIAN_POINT('',(5.708918320873,21.006183111598,
    -14.06926636132));
#7131 = CARTESIAN_POINT('',(5.550669123804,20.812981950715,
    -14.16675350338));
#7132 = CARTESIAN_POINT('',(5.513105918424,20.762588265403,
    -14.18855707129));
#7133 = CARTESIAN_POINT('',(5.477293375474,20.709440810039,
    -14.20774369008));
#7134 = CARTESIAN_POINT('',(5.443595241676,20.653716534589,
    -14.22388356661));
#7135 = CARTESIAN_POINT('',(5.412336194421,20.595632780799,
    -14.23656617921));
#7136 = CARTESIAN_POINT('',(5.383799237877,20.535446459871,
    -14.24539823511));
#7137 = CARTESIAN_POINT('',(5.358221215313,20.473455133744,-14.25));
#7138 = CARTESIAN_POINT('',(5.335786437627,20.41,-14.25));
#7139 = PCURVE('',#2694,#7140);
#7140 = DEFINITIONAL_REPRESENTATION('',(#7141),#7221);
#7141 = B_SPLINE_CURVE_WITH_KNOTS('',8,(#7142,#7143,#7144,#7145,#7146,
    #7147,#7148,#7149,#7150,#7151,#7152,#7153,#7154,#7155,#7156,#7157,
    #7158,#7159,#7160,#7161,#7162,#7163,#7164,#7165,#7166,#7167,#7168,
    #7169,#7170,#7171,#7172,#7173,#7174,#7175,#7176,#7177,#7178,#7179,
    #7180,#7181,#7182,#7183,#7184,#7185,#7186,#7187,#7188,#7189,#7190,
    #7191,#7192,#7193,#7194,#7195,#7196,#7197,#7198,#7199,#7200,#7201,
    #7202,#7203,#7204,#7205,#7206,#7207,#7208,#7209,#7210,#7211,#7212,
    #7213,#7214,#7215,#7216,#7217,#7218,#7219,#7220),.UNSPECIFIED.,.F.,
  .F.,(9,7,7,7,7,7,7,7,7,7,7,9),(0.,6.635716334849E-04,
    1.304261242208E-03,1.967832116601E-03,2.631402218662E-03,
    3.294971287912E-03,3.958539063901E-03,4.599223721036E-03,
    5.262788196078E-03,5.789062013394E-03,0.755534246508,1.),
  .UNSPECIFIED.);
#7142 = CARTESIAN_POINT('',(0.,15.75));
#7143 = CARTESIAN_POINT('',(-1.112135987644E-04,15.749863791713));
#7144 = CARTESIAN_POINT('',(-2.224271986861E-04,15.749727583427));
#7145 = CARTESIAN_POINT('',(-3.336408001088E-04,15.749591375142));
#7146 = CARTESIAN_POINT('',(-4.448544035934E-04,15.749455166858));
#7147 = CARTESIAN_POINT('',(-5.560680099181E-04,15.749318958577));
#7148 = CARTESIAN_POINT('',(-6.672816200784E-04,15.749182750297));
#7149 = CARTESIAN_POINT('',(-7.784952352869E-04,15.74904654202));
#7150 = CARTESIAN_POINT('',(-9.970874852438E-04,15.748778822363));
#7151 = CARTESIAN_POINT('',(-1.104466119329E-03,15.748647310981));
#7152 = CARTESIAN_POINT('',(-1.211844760158E-03,15.748515799604));
#7153 = CARTESIAN_POINT('',(-1.31922340866E-03,15.748384288231));
#7154 = CARTESIAN_POINT('',(-1.426602065771E-03,15.748252776864));
#7155 = CARTESIAN_POINT('',(-1.533980732433E-03,15.748121265503));
#7156 = CARTESIAN_POINT('',(-1.641359409589E-03,15.747989754149));
#7157 = CARTESIAN_POINT('',(-1.859951655139E-03,15.747722034724));
#7158 = CARTESIAN_POINT('',(-1.971165224366E-03,15.747585826655));
#7159 = CARTESIAN_POINT('',(-2.082378806889E-03,15.747449618593));
#7160 = CARTESIAN_POINT('',(-2.193592403735E-03,15.747313410541));
#7161 = CARTESIAN_POINT('',(-2.304806015939E-03,15.747177202498));
#7162 = CARTESIAN_POINT('',(-2.416019644543E-03,15.747040994466));
#7163 = CARTESIAN_POINT('',(-2.527233290598E-03,15.746904786445));
#7164 = CARTESIAN_POINT('',(-2.749660490285E-03,15.746632370584));
#7165 = CARTESIAN_POINT('',(-2.8608740439E-03,15.746496162744));
#7166 = CARTESIAN_POINT('',(-2.972087617048E-03,15.746359954917));
#7167 = CARTESIAN_POINT('',(-3.083301210768E-03,15.746223747103));
#7168 = CARTESIAN_POINT('',(-3.194514826099E-03,15.746087539302));
#7169 = CARTESIAN_POINT('',(-3.305728464078E-03,15.745951331515));
#7170 = CARTESIAN_POINT('',(-3.416942125745E-03,15.745815123743));
#7171 = CARTESIAN_POINT('',(-3.639369325435E-03,15.745542708443));
#7172 = CARTESIAN_POINT('',(-3.750582863459E-03,15.745406500914));
#7173 = CARTESIAN_POINT('',(-3.86179642725E-03,15.745270293402));
#7174 = CARTESIAN_POINT('',(-3.973010017849E-03,15.745134085906));
#7175 = CARTESIAN_POINT('',(-4.084223636296E-03,15.744997878428));
#7176 = CARTESIAN_POINT('',(-4.19543728363E-03,15.744861670968));
#7177 = CARTESIAN_POINT('',(-4.30665096089E-03,15.744725463526));
#7178 = CARTESIAN_POINT('',(-4.529078160584E-03,15.744453048948));
#7179 = CARTESIAN_POINT('',(-4.640291683018E-03,15.744316841811));
#7180 = CARTESIAN_POINT('',(-4.751505237456E-03,15.744180634694));
#7181 = CARTESIAN_POINT('',(-4.862718824938E-03,15.744044427598));
#7182 = CARTESIAN_POINT('',(-4.973932446504E-03,15.743908220523));
#7183 = CARTESIAN_POINT('',(-5.085146103194E-03,15.743772013471));
#7184 = CARTESIAN_POINT('',(-5.196359796042E-03,15.743635806441));
#7185 = CARTESIAN_POINT('',(-5.414952053312E-03,15.743368089523));
#7186 = CARTESIAN_POINT('',(-5.522330615212E-03,15.743236579633));
#7187 = CARTESIAN_POINT('',(-5.629709212727E-03,15.743105069766));
#7188 = CARTESIAN_POINT('',(-5.737087846795E-03,15.742973559922));
#7189 = CARTESIAN_POINT('',(-5.844466518354E-03,15.742842050102));
#7190 = CARTESIAN_POINT('',(-5.951845228337E-03,15.742710540305));
#7191 = CARTESIAN_POINT('',(-6.059223977676E-03,15.742579030533));
#7192 = CARTESIAN_POINT('',(-6.277816215876E-03,15.742311314628));
#7193 = CARTESIAN_POINT('',(-6.389029707675E-03,15.742175108497));
#7194 = CARTESIAN_POINT('',(-6.500243243733E-03,15.742038902393));
#7195 = CARTESIAN_POINT('',(-6.611456825087E-03,15.741902696318));
#7196 = CARTESIAN_POINT('',(-6.722670452777E-03,15.741766490272));
#7197 = CARTESIAN_POINT('',(-6.833884127843E-03,15.741630284256));
#7198 = CARTESIAN_POINT('',(-6.945097851327E-03,15.74149407827));
#7199 = CARTESIAN_POINT('',(-7.144515407066E-03,15.741249847202));
#7200 = CARTESIAN_POINT('',(-7.232719220975E-03,15.741141822108));
#7201 = CARTESIAN_POINT('',(-7.320923066512E-03,15.741033797034));
#7202 = CARTESIAN_POINT('',(-7.40912694419E-03,15.74092577198));
#7203 = CARTESIAN_POINT('',(-7.497330854528E-03,15.740817746946));
#7204 = CARTESIAN_POINT('',(-7.585534798044E-03,15.740709721934));
#7205 = CARTESIAN_POINT('',(-7.67373877526E-03,15.740601696942));
#7206 = CARTESIAN_POINT('',(-0.133419976031,15.586598117213));
#7207 = CARTESIAN_POINT('',(-0.257620718104,15.434616733761));
#7208 = CARTESIAN_POINT('',(-0.383301255969,15.283718240501));
#7209 = CARTESIAN_POINT('',(-0.51256702982,15.133862162466));
#7210 = CARTESIAN_POINT('',(-0.647264986777,14.986169403767));
#7211 = CARTESIAN_POINT('',(-0.789209290431,14.843101509011));
#7212 = CARTESIAN_POINT('',(-0.940292283288,14.708918320873));
#7213 = CARTESIAN_POINT('',(-1.156695683061,14.550669123804));
#7214 = CARTESIAN_POINT('',(-1.211508615826,14.513105918424));
#7215 = CARTESIAN_POINT('',(-1.267830436907,14.477293375474));
#7216 = CARTESIAN_POINT('',(-1.325597835233,14.443595241676));
#7217 = CARTESIAN_POINT('',(-1.38477436769,14.412336194421));
#7218 = CARTESIAN_POINT('',(-1.445349771803,14.383799237877));
#7219 = CARTESIAN_POINT('',(-1.507341193051,14.358221215313));
#7220 = CARTESIAN_POINT('',(-1.570796326795,14.335786437627));
#7221 = ( GEOMETRIC_REPRESENTATION_CONTEXT(2) 
PARAMETRIC_REPRESENTATION_CONTEXT() REPRESENTATION_CONTEXT('2D SPACE',''
  ) );
#7222 = PCURVE('',#3000,#7223);
#7223 = DEFINITIONAL_REPRESENTATION('',(#7224),#7304);
#7224 = B_SPLINE_CURVE_WITH_KNOTS('',8,(#7225,#7226,#7227,#7228,#7229,
    #7230,#7231,#7232,#7233,#7234,#7235,#7236,#7237,#7238,#7239,#7240,
    #7241,#7242,#7243,#7244,#7245,#7246,#7247,#7248,#7249,#7250,#7251,
    #7252,#7253,#7254,#7255,#7256,#7257,#7258,#7259,#7260,#7261,#7262,
    #7263,#7264,#7265,#7266,#7267,#7268,#7269,#7270,#7271,#7272,#7273,
    #7274,#7275,#7276,#7277,#7278,#7279,#7280,#7281,#7282,#7283,#7284,
    #7285,#7286,#7287,#7288,#7289,#7290,#7291,#7292,#7293,#7294,#7295,
    #7296,#7297,#7298,#7299,#7300,#7301,#7302,#7303),.UNSPECIFIED.,.F.,
  .F.,(9,7,7,7,7,7,7,7,7,7,7,9),(0.,6.635716334849E-04,
    1.304261242208E-03,1.967832116601E-03,2.631402218662E-03,
    3.294971287912E-03,3.958539063901E-03,4.599223721036E-03,
    5.262788196078E-03,5.789062013394E-03,0.755534246508,1.),
  .UNSPECIFIED.);
#7225 = CARTESIAN_POINT('',(-1.570796326795,6.5));
#7226 = CARTESIAN_POINT('',(-1.57070552127,6.499888786401));
#7227 = CARTESIAN_POINT('',(-1.570614715746,6.499777572801));
#7228 = CARTESIAN_POINT('',(-1.570523910222,6.499666359202));
#7229 = CARTESIAN_POINT('',(-1.570433104696,6.499555145605));
#7230 = CARTESIAN_POINT('',(-1.570342299168,6.499443932011));
#7231 = CARTESIAN_POINT('',(-1.570251493637,6.499332718422));
#7232 = CARTESIAN_POINT('',(-1.570160688102,6.499221504838));
#7233 = CARTESIAN_POINT('',(-1.569982208283,6.499002912675));
#7234 = CARTESIAN_POINT('',(-1.569894533999,6.498895534095));
#7235 = CARTESIAN_POINT('',(-1.569806859711,6.498788155522));
#7236 = CARTESIAN_POINT('',(-1.569719185417,6.498680776957));
#7237 = CARTESIAN_POINT('',(-1.569631511117,6.4985733984));
#7238 = CARTESIAN_POINT('',(-1.569543836811,6.498466019854));
#7239 = CARTESIAN_POINT('',(-1.569456162498,6.498358641318));
#7240 = CARTESIAN_POINT('',(-1.5692776827,6.498140049406));
#7241 = CARTESIAN_POINT('',(-1.569186877214,6.498028836032));
#7242 = CARTESIAN_POINT('',(-1.569096071719,6.497917622671));
#7243 = CARTESIAN_POINT('',(-1.569005266215,6.497806409324));
#7244 = CARTESIAN_POINT('',(-1.5689144607,6.497695195994));
#7245 = CARTESIAN_POINT('',(-1.568823655174,6.49758398268));
#7246 = CARTESIAN_POINT('',(-1.568732849636,6.497472769384));
#7247 = CARTESIAN_POINT('',(-1.56855123864,6.497250342958));
#7248 = CARTESIAN_POINT('',(-1.568460433183,6.497139129829));
#7249 = CARTESIAN_POINT('',(-1.568369627712,6.497027916719));
#7250 = CARTESIAN_POINT('',(-1.568278822228,6.496916703631));
#7251 = CARTESIAN_POINT('',(-1.568188016728,6.496805490565));
#7252 = CARTESIAN_POINT('',(-1.568097211214,6.496694277521));
#7253 = CARTESIAN_POINT('',(-1.568006405683,6.496583064502));
#7254 = CARTESIAN_POINT('',(-1.567824794729,6.496360638686));
#7255 = CARTESIAN_POINT('',(-1.567733989306,6.49624942589));
#7256 = CARTESIAN_POINT('',(-1.567643183865,6.496138213121));
#7257 = CARTESIAN_POINT('',(-1.567552378407,6.496027000378));
#7258 = CARTESIAN_POINT('',(-1.567461572929,6.495915787664));
#7259 = CARTESIAN_POINT('',(-1.567370767432,6.495804574979));
#7260 = CARTESIAN_POINT('',(-1.567279961914,6.495693362325));
#7261 = CARTESIAN_POINT('',(-1.567098351014,6.495470937296));
#7262 = CARTESIAN_POINT('',(-1.567007545631,6.495359724921));
#7263 = CARTESIAN_POINT('',(-1.566916740226,6.495248512579));
#7264 = CARTESIAN_POINT('',(-1.5668259348,6.49513730027));
#7265 = CARTESIAN_POINT('',(-1.56673512935,6.495026087996));
#7266 = CARTESIAN_POINT('',(-1.566644323876,6.494914875758));
#7267 = CARTESIAN_POINT('',(-1.566553518377,6.494803663557));
#7268 = CARTESIAN_POINT('',(-1.566375038756,6.494585074378));
#7269 = CARTESIAN_POINT('',(-1.566287364635,6.494477697399));
#7270 = CARTESIAN_POINT('',(-1.56619969049,6.494370320456));
#7271 = CARTESIAN_POINT('',(-1.56611201632,6.494262943549));
#7272 = CARTESIAN_POINT('',(-1.566024342124,6.494155566681));
#7273 = CARTESIAN_POINT('',(-1.565936667903,6.494048189852));
#7274 = CARTESIAN_POINT('',(-1.565848993654,6.493940813063));
#7275 = CARTESIAN_POINT('',(-1.565670514122,6.493722224981));
#7276 = CARTESIAN_POINT('',(-1.565579708836,6.493611013691));
#7277 = CARTESIAN_POINT('',(-1.56548890352,6.493499802446));
#7278 = CARTESIAN_POINT('',(-1.565398098173,6.493388591247));
#7279 = CARTESIAN_POINT('',(-1.565307292795,6.493277380095));
#7280 = CARTESIAN_POINT('',(-1.565216487384,6.493166168992));
#7281 = CARTESIAN_POINT('',(-1.565125681941,6.493054957937));
#7282 = CARTESIAN_POINT('',(-1.564962858526,6.492855545346));
#7283 = CARTESIAN_POINT('',(-1.564890840568,6.492767343791));
#7284 = CARTESIAN_POINT('',(-1.564818822587,6.492679142268));
#7285 = CARTESIAN_POINT('',(-1.564746804585,6.492590940777));
#7286 = CARTESIAN_POINT('',(-1.564674786561,6.49250273932));
#7287 = CARTESIAN_POINT('',(-1.564602768514,6.492414537897));
#7288 = CARTESIAN_POINT('',(-1.564530750444,6.492326336507));
#7289 = CARTESIAN_POINT('',(-1.4618596354,6.366583887197));
#7290 = CARTESIAN_POINT('',(-1.360460601753,6.24252842552));
#7291 = CARTESIAN_POINT('',(-1.258063778403,6.120140749491));
#7292 = CARTESIAN_POINT('',(-1.153155832449,6.000098104233));
#7293 = CARTESIAN_POINT('',(-1.044465520997,5.884223146999));
#7294 = CARTESIAN_POINT('',(-0.931004781085,5.775966453039));
#7295 = CARTESIAN_POINT('',(-0.811827301852,5.68073363868));
#7296 = CARTESIAN_POINT('',(-0.645334730194,5.58324649662));
#7297 = CARTESIAN_POINT('',(-0.60347646571,5.561442928707));
#7298 = CARTESIAN_POINT('',(-0.560832848931,5.542256309913));
#7299 = CARTESIAN_POINT('',(-0.517524735263,5.526116433389));
#7300 = CARTESIAN_POINT('',(-0.473663177177,5.513433820785));
#7301 = CARTESIAN_POINT('',(-0.429354433766,5.50460176489));
#7302 = CARTESIAN_POINT('',(-0.384706464826,5.5));
#7303 = CARTESIAN_POINT('',(-0.339836909454,5.5));
#7304 = ( GEOMETRIC_REPRESENTATION_CONTEXT(2) 
PARAMETRIC_REPRESENTATION_CONTEXT() REPRESENTATION_CONTEXT('2D SPACE',''
  ) );
#7305 = ADVANCED_FACE('',(#7306),#2722,.T.);
#7306 = FACE_BOUND('',#7307,.T.);
#7307 = EDGE_LOOP('',(#7308,#7331,#7358,#7359,#7360));
#7308 = ORIENTED_EDGE('',*,*,#7309,.F.);
#7309 = EDGE_CURVE('',#7310,#3732,#7312,.T.);
#7310 = VERTEX_POINT('',#7311);
#7311 = CARTESIAN_POINT('',(-5.25,19.91,-19.35));
#7312 = SURFACE_CURVE('',#7313,(#7317,#7324),.PCURVE_S1.);
#7313 = LINE('',#7314,#7315);
#7314 = CARTESIAN_POINT('',(-5.25,19.91,-19.75));
#7315 = VECTOR('',#7316,1.);
#7316 = DIRECTION('',(0.,0.,1.));
#7317 = PCURVE('',#2722,#7318);
#7318 = DEFINITIONAL_REPRESENTATION('',(#7319),#7323);
#7319 = LINE('',#7320,#7321);
#7320 = CARTESIAN_POINT('',(0.,0.));
#7321 = VECTOR('',#7322,1.);
#7322 = DIRECTION('',(0.,1.));
#7323 = ( GEOMETRIC_REPRESENTATION_CONTEXT(2) 
PARAMETRIC_REPRESENTATION_CONTEXT() REPRESENTATION_CONTEXT('2D SPACE',''
  ) );
#7324 = PCURVE('',#3770,#7325);
#7325 = DEFINITIONAL_REPRESENTATION('',(#7326),#7330);
#7326 = LINE('',#7327,#7328);
#7327 = CARTESIAN_POINT('',(0.,-7.));
#7328 = VECTOR('',#7329,1.);
#7329 = DIRECTION('',(1.,0.));
#7330 = ( GEOMETRIC_REPRESENTATION_CONTEXT(2) 
PARAMETRIC_REPRESENTATION_CONTEXT() REPRESENTATION_CONTEXT('2D SPACE',''
  ) );
#7331 = ORIENTED_EDGE('',*,*,#7332,.F.);
#7332 = EDGE_CURVE('',#2707,#7310,#7333,.T.);
#7333 = SURFACE_CURVE('',#7334,(#7339,#7346),.PCURVE_S1.);
#7334 = CIRCLE('',#7335,1.5);
#7335 = AXIS2_PLACEMENT_3D('',#7336,#7337,#7338);
#7336 = CARTESIAN_POINT('',(-6.75,19.91,-19.35));
#7337 = DIRECTION('',(0.,-0.,-1.));
#7338 = DIRECTION('',(0.,1.,-0.));
#7339 = PCURVE('',#2722,#7340);
#7340 = DEFINITIONAL_REPRESENTATION('',(#7341),#7345);
#7341 = LINE('',#7342,#7343);
#7342 = CARTESIAN_POINT('',(1.570796326795,0.4));
#7343 = VECTOR('',#7344,1.);
#7344 = DIRECTION('',(-1.,-0.));
#7345 = ( GEOMETRIC_REPRESENTATION_CONTEXT(2) 
PARAMETRIC_REPRESENTATION_CONTEXT() REPRESENTATION_CONTEXT('2D SPACE',''
  ) );
#7346 = PCURVE('',#7347,#7352);
#7347 = CONICAL_SURFACE('',#7348,1.5,0.785398163397);
#7348 = AXIS2_PLACEMENT_3D('',#7349,#7350,#7351);
#7349 = CARTESIAN_POINT('',(-6.75,19.91,-19.35));
#7350 = DIRECTION('',(0.,0.,1.));
#7351 = DIRECTION('',(0.,1.,0.));
#7352 = DEFINITIONAL_REPRESENTATION('',(#7353),#7357);
#7353 = LINE('',#7354,#7355);
#7354 = CARTESIAN_POINT('',(-0.,-0.));
#7355 = VECTOR('',#7356,1.);
#7356 = DIRECTION('',(-1.,-0.));
#7357 = ( GEOMETRIC_REPRESENTATION_CONTEXT(2) 
PARAMETRIC_REPRESENTATION_CONTEXT() REPRESENTATION_CONTEXT('2D SPACE',''
  ) );
#7358 = ORIENTED_EDGE('',*,*,#2706,.T.);
#7359 = ORIENTED_EDGE('',*,*,#6807,.T.);
#7360 = ORIENTED_EDGE('',*,*,#3731,.F.);
#7361 = ADVANCED_FACE('',(#7362),#3000,.T.);
#7362 = FACE_BOUND('',#7363,.F.);
#7363 = EDGE_LOOP('',(#7364,#7387,#7414,#7415,#7416));
#7364 = ORIENTED_EDGE('',*,*,#7365,.F.);
#7365 = EDGE_CURVE('',#7366,#3659,#7368,.T.);
#7366 = VERTEX_POINT('',#7367);
#7367 = CARTESIAN_POINT('',(5.25,19.91,-19.35));
#7368 = SURFACE_CURVE('',#7369,(#7373,#7380),.PCURVE_S1.);
#7369 = LINE('',#7370,#7371);
#7370 = CARTESIAN_POINT('',(5.25,19.91,-19.75));
#7371 = VECTOR('',#7372,1.);
#7372 = DIRECTION('',(0.,0.,1.));
#7373 = PCURVE('',#3000,#7374);
#7374 = DEFINITIONAL_REPRESENTATION('',(#7375),#7379);
#7375 = LINE('',#7376,#7377);
#7376 = CARTESIAN_POINT('',(-0.,0.));
#7377 = VECTOR('',#7378,1.);
#7378 = DIRECTION('',(-0.,1.));
#7379 = ( GEOMETRIC_REPRESENTATION_CONTEXT(2) 
PARAMETRIC_REPRESENTATION_CONTEXT() REPRESENTATION_CONTEXT('2D SPACE',''
  ) );
#7380 = PCURVE('',#3673,#7381);
#7381 = DEFINITIONAL_REPRESENTATION('',(#7382),#7386);
#7382 = LINE('',#7383,#7384);
#7383 = CARTESIAN_POINT('',(0.,-7.));
#7384 = VECTOR('',#7385,1.);
#7385 = DIRECTION('',(1.,0.));
#7386 = ( GEOMETRIC_REPRESENTATION_CONTEXT(2) 
PARAMETRIC_REPRESENTATION_CONTEXT() REPRESENTATION_CONTEXT('2D SPACE',''
  ) );
#7387 = ORIENTED_EDGE('',*,*,#7388,.T.);
#7388 = EDGE_CURVE('',#7366,#2959,#7389,.T.);
#7389 = SURFACE_CURVE('',#7390,(#7395,#7402),.PCURVE_S1.);
#7390 = CIRCLE('',#7391,1.5);
#7391 = AXIS2_PLACEMENT_3D('',#7392,#7393,#7394);
#7392 = CARTESIAN_POINT('',(6.75,19.91,-19.35));
#7393 = DIRECTION('',(-0.,0.,-1.));
#7394 = DIRECTION('',(-1.,0.,0.));
#7395 = PCURVE('',#3000,#7396);
#7396 = DEFINITIONAL_REPRESENTATION('',(#7397),#7401);
#7397 = LINE('',#7398,#7399);
#7398 = CARTESIAN_POINT('',(-0.,0.4));
#7399 = VECTOR('',#7400,1.);
#7400 = DIRECTION('',(-1.,0.));
#7401 = ( GEOMETRIC_REPRESENTATION_CONTEXT(2) 
PARAMETRIC_REPRESENTATION_CONTEXT() REPRESENTATION_CONTEXT('2D SPACE',''
  ) );
#7402 = PCURVE('',#7403,#7408);
#7403 = CONICAL_SURFACE('',#7404,1.5,0.785398163397);
#7404 = AXIS2_PLACEMENT_3D('',#7405,#7406,#7407);
#7405 = CARTESIAN_POINT('',(6.75,19.91,-19.35));
#7406 = DIRECTION('',(0.,0.,1.));
#7407 = DIRECTION('',(-1.,0.,0.));
#7408 = DEFINITIONAL_REPRESENTATION('',(#7409),#7413);
#7409 = LINE('',#7410,#7411);
#7410 = CARTESIAN_POINT('',(-0.,-0.));
#7411 = VECTOR('',#7412,1.);
#7412 = DIRECTION('',(-1.,-0.));
#7413 = ( GEOMETRIC_REPRESENTATION_CONTEXT(2) 
PARAMETRIC_REPRESENTATION_CONTEXT() REPRESENTATION_CONTEXT('2D SPACE',''
  ) );
#7414 = ORIENTED_EDGE('',*,*,#2986,.T.);
#7415 = ORIENTED_EDGE('',*,*,#7057,.T.);
#7416 = ORIENTED_EDGE('',*,*,#3684,.T.);
#7417 = ADVANCED_FACE('',(#7418),#2750,.F.);
#7418 = FACE_BOUND('',#7419,.T.);
#7419 = EDGE_LOOP('',(#7420,#7441,#7442,#7463));
#7420 = ORIENTED_EDGE('',*,*,#7421,.F.);
#7421 = EDGE_CURVE('',#2735,#7422,#7424,.T.);
#7422 = VERTEX_POINT('',#7423);
#7423 = CARTESIAN_POINT('',(-10.75,21.01,-19.75));
#7424 = SURFACE_CURVE('',#7425,(#7429,#7435),.PCURVE_S1.);
#7425 = LINE('',#7426,#7427);
#7426 = CARTESIAN_POINT('',(-10.75,21.41,-19.35));
#7427 = VECTOR('',#7428,1.);
#7428 = DIRECTION('',(4.329780281177E-17,-0.707106781187,-0.707106781187
    ));
#7429 = PCURVE('',#2750,#7430);
#7430 = DEFINITIONAL_REPRESENTATION('',(#7431),#7434);
#7431 = B_SPLINE_CURVE_WITH_KNOTS('',1,(#7432,#7433),.UNSPECIFIED.,.F.,
  .F.,(2,2),(0.,0.565685424949),.PIECEWISE_BEZIER_KNOTS.);
#7432 = CARTESIAN_POINT('',(0.,-0.282842712475));
#7433 = CARTESIAN_POINT('',(0.,0.282842712475));
#7434 = ( GEOMETRIC_REPRESENTATION_CONTEXT(2) 
PARAMETRIC_REPRESENTATION_CONTEXT() REPRESENTATION_CONTEXT('2D SPACE',''
  ) );
#7435 = PCURVE('',#3344,#7436);
#7436 = DEFINITIONAL_REPRESENTATION('',(#7437),#7440);
#7437 = B_SPLINE_CURVE_WITH_KNOTS('',1,(#7438,#7439),.UNSPECIFIED.,.F.,
  .F.,(2,2),(0.,0.565685424949),.PIECEWISE_BEZIER_KNOTS.);
#7438 = CARTESIAN_POINT('',(-1.570796326795,0.));
#7439 = CARTESIAN_POINT('',(-1.570796326795,-0.4));
#7440 = ( GEOMETRIC_REPRESENTATION_CONTEXT(2) 
PARAMETRIC_REPRESENTATION_CONTEXT() REPRESENTATION_CONTEXT('2D SPACE',''
  ) );
#7441 = ORIENTED_EDGE('',*,*,#2734,.T.);
#7442 = ORIENTED_EDGE('',*,*,#7443,.T.);
#7443 = EDGE_CURVE('',#2707,#7444,#7446,.T.);
#7444 = VERTEX_POINT('',#7445);
#7445 = CARTESIAN_POINT('',(-6.75,21.01,-19.75));
#7446 = SURFACE_CURVE('',#7447,(#7451,#7457),.PCURVE_S1.);
#7447 = LINE('',#7448,#7449);
#7448 = CARTESIAN_POINT('',(-6.75,21.21,-19.55));
#7449 = VECTOR('',#7450,1.);
#7450 = DIRECTION('',(0.,-0.707106781187,-0.707106781187));
#7451 = PCURVE('',#2750,#7452);
#7452 = DEFINITIONAL_REPRESENTATION('',(#7453),#7456);
#7453 = B_SPLINE_CURVE_WITH_KNOTS('',1,(#7454,#7455),.UNSPECIFIED.,.F.,
  .F.,(2,2),(-0.282842712475,0.282842712475),.PIECEWISE_BEZIER_KNOTS.);
#7454 = CARTESIAN_POINT('',(-4.,-0.282842712475));
#7455 = CARTESIAN_POINT('',(-4.,0.282842712475));
#7456 = ( GEOMETRIC_REPRESENTATION_CONTEXT(2) 
PARAMETRIC_REPRESENTATION_CONTEXT() REPRESENTATION_CONTEXT('2D SPACE',''
  ) );
#7457 = PCURVE('',#7347,#7458);
#7458 = DEFINITIONAL_REPRESENTATION('',(#7459),#7462);
#7459 = B_SPLINE_CURVE_WITH_KNOTS('',1,(#7460,#7461),.UNSPECIFIED.,.F.,
  .F.,(2,2),(-0.282842712475,0.282842712475),.PIECEWISE_BEZIER_KNOTS.);
#7460 = CARTESIAN_POINT('',(0.,0.));
#7461 = CARTESIAN_POINT('',(0.,-0.4));
#7462 = ( GEOMETRIC_REPRESENTATION_CONTEXT(2) 
PARAMETRIC_REPRESENTATION_CONTEXT() REPRESENTATION_CONTEXT('2D SPACE',''
  ) );
#7463 = ORIENTED_EDGE('',*,*,#7464,.F.);
#7464 = EDGE_CURVE('',#7422,#7444,#7465,.T.);
#7465 = SURFACE_CURVE('',#7466,(#7470,#7477),.PCURVE_S1.);
#7466 = LINE('',#7467,#7468);
#7467 = CARTESIAN_POINT('',(-10.75,21.01,-19.75));
#7468 = VECTOR('',#7469,1.);
#7469 = DIRECTION('',(1.,0.,0.));
#7470 = PCURVE('',#2750,#7471);
#7471 = DEFINITIONAL_REPRESENTATION('',(#7472),#7476);
#7472 = LINE('',#7473,#7474);
#7473 = CARTESIAN_POINT('',(-0.,0.282842712475));
#7474 = VECTOR('',#7475,1.);
#7475 = DIRECTION('',(-1.,0.));
#7476 = ( GEOMETRIC_REPRESENTATION_CONTEXT(2) 
PARAMETRIC_REPRESENTATION_CONTEXT() REPRESENTATION_CONTEXT('2D SPACE',''
  ) );
#7477 = PCURVE('',#7478,#7483);
#7478 = PLANE('',#7479);
#7479 = AXIS2_PLACEMENT_3D('',#7480,#7481,#7482);
#7480 = CARTESIAN_POINT('',(-12.25,12.91,-19.75));
#7481 = DIRECTION('',(0.,0.,1.));
#7482 = DIRECTION('',(1.,0.,0.));
#7483 = DEFINITIONAL_REPRESENTATION('',(#7484),#7488);
#7484 = LINE('',#7485,#7486);
#7485 = CARTESIAN_POINT('',(1.5,8.1));
#7486 = VECTOR('',#7487,1.);
#7487 = DIRECTION('',(1.,0.));
#7488 = ( GEOMETRIC_REPRESENTATION_CONTEXT(2) 
PARAMETRIC_REPRESENTATION_CONTEXT() REPRESENTATION_CONTEXT('2D SPACE',''
  ) );
#7489 = ADVANCED_FACE('',(#7490),#2974,.F.);
#7490 = FACE_BOUND('',#7491,.T.);
#7491 = EDGE_LOOP('',(#7492,#7513,#7514,#7540));
#7492 = ORIENTED_EDGE('',*,*,#7493,.F.);
#7493 = EDGE_CURVE('',#2959,#7494,#7496,.T.);
#7494 = VERTEX_POINT('',#7495);
#7495 = CARTESIAN_POINT('',(6.75,21.01,-19.75));
#7496 = SURFACE_CURVE('',#7497,(#7501,#7507),.PCURVE_S1.);
#7497 = LINE('',#7498,#7499);
#7498 = CARTESIAN_POINT('',(6.75,21.41,-19.35));
#7499 = VECTOR('',#7500,1.);
#7500 = DIRECTION('',(4.329780281177E-17,-0.707106781187,-0.707106781187
    ));
#7501 = PCURVE('',#2974,#7502);
#7502 = DEFINITIONAL_REPRESENTATION('',(#7503),#7506);
#7503 = B_SPLINE_CURVE_WITH_KNOTS('',1,(#7504,#7505),.UNSPECIFIED.,.F.,
  .F.,(2,2),(0.,0.565685424949),.PIECEWISE_BEZIER_KNOTS.);
#7504 = CARTESIAN_POINT('',(0.,-0.282842712475));
#7505 = CARTESIAN_POINT('',(0.,0.282842712475));
#7506 = ( GEOMETRIC_REPRESENTATION_CONTEXT(2) 
PARAMETRIC_REPRESENTATION_CONTEXT() REPRESENTATION_CONTEXT('2D SPACE',''
  ) );
#7507 = PCURVE('',#7403,#7508);
#7508 = DEFINITIONAL_REPRESENTATION('',(#7509),#7512);
#7509 = B_SPLINE_CURVE_WITH_KNOTS('',1,(#7510,#7511),.UNSPECIFIED.,.F.,
  .F.,(2,2),(0.,0.565685424949),.PIECEWISE_BEZIER_KNOTS.);
#7510 = CARTESIAN_POINT('',(-1.570796326795,0.));
#7511 = CARTESIAN_POINT('',(-1.570796326795,-0.4));
#7512 = ( GEOMETRIC_REPRESENTATION_CONTEXT(2) 
PARAMETRIC_REPRESENTATION_CONTEXT() REPRESENTATION_CONTEXT('2D SPACE',''
  ) );
#7513 = ORIENTED_EDGE('',*,*,#2958,.T.);
#7514 = ORIENTED_EDGE('',*,*,#7515,.T.);
#7515 = EDGE_CURVE('',#2931,#7516,#7518,.T.);
#7516 = VERTEX_POINT('',#7517);
#7517 = CARTESIAN_POINT('',(10.75,21.01,-19.75));
#7518 = SURFACE_CURVE('',#7519,(#7523,#7529),.PCURVE_S1.);
#7519 = LINE('',#7520,#7521);
#7520 = CARTESIAN_POINT('',(10.75,21.21,-19.55));
#7521 = VECTOR('',#7522,1.);
#7522 = DIRECTION('',(0.,-0.707106781187,-0.707106781187));
#7523 = PCURVE('',#2974,#7524);
#7524 = DEFINITIONAL_REPRESENTATION('',(#7525),#7528);
#7525 = B_SPLINE_CURVE_WITH_KNOTS('',1,(#7526,#7527),.UNSPECIFIED.,.F.,
  .F.,(2,2),(-0.282842712475,0.282842712475),.PIECEWISE_BEZIER_KNOTS.);
#7526 = CARTESIAN_POINT('',(-4.,-0.282842712475));
#7527 = CARTESIAN_POINT('',(-4.,0.282842712475));
#7528 = ( GEOMETRIC_REPRESENTATION_CONTEXT(2) 
PARAMETRIC_REPRESENTATION_CONTEXT() REPRESENTATION_CONTEXT('2D SPACE',''
  ) );
#7529 = PCURVE('',#7530,#7535);
#7530 = CONICAL_SURFACE('',#7531,1.5,0.785398163397);
#7531 = AXIS2_PLACEMENT_3D('',#7532,#7533,#7534);
#7532 = CARTESIAN_POINT('',(10.75,19.91,-19.35));
#7533 = DIRECTION('',(0.,0.,1.));
#7534 = DIRECTION('',(0.,1.,0.));
#7535 = DEFINITIONAL_REPRESENTATION('',(#7536),#7539);
#7536 = B_SPLINE_CURVE_WITH_KNOTS('',1,(#7537,#7538),.UNSPECIFIED.,.F.,
  .F.,(2,2),(-0.282842712475,0.282842712475),.PIECEWISE_BEZIER_KNOTS.);
#7537 = CARTESIAN_POINT('',(0.,0.));
#7538 = CARTESIAN_POINT('',(0.,-0.4));
#7539 = ( GEOMETRIC_REPRESENTATION_CONTEXT(2) 
PARAMETRIC_REPRESENTATION_CONTEXT() REPRESENTATION_CONTEXT('2D SPACE',''
  ) );
#7540 = ORIENTED_EDGE('',*,*,#7541,.F.);
#7541 = EDGE_CURVE('',#7494,#7516,#7542,.T.);
#7542 = SURFACE_CURVE('',#7543,(#7547,#7554),.PCURVE_S1.);
#7543 = LINE('',#7544,#7545);
#7544 = CARTESIAN_POINT('',(6.75,21.01,-19.75));
#7545 = VECTOR('',#7546,1.);
#7546 = DIRECTION('',(1.,0.,0.));
#7547 = PCURVE('',#2974,#7548);
#7548 = DEFINITIONAL_REPRESENTATION('',(#7549),#7553);
#7549 = LINE('',#7550,#7551);
#7550 = CARTESIAN_POINT('',(-0.,0.282842712475));
#7551 = VECTOR('',#7552,1.);
#7552 = DIRECTION('',(-1.,0.));
#7553 = ( GEOMETRIC_REPRESENTATION_CONTEXT(2) 
PARAMETRIC_REPRESENTATION_CONTEXT() REPRESENTATION_CONTEXT('2D SPACE',''
  ) );
#7554 = PCURVE('',#7555,#7560);
#7555 = PLANE('',#7556);
#7556 = AXIS2_PLACEMENT_3D('',#7557,#7558,#7559);
#7557 = CARTESIAN_POINT('',(5.25,12.91,-19.75));
#7558 = DIRECTION('',(0.,0.,1.));
#7559 = DIRECTION('',(1.,0.,0.));
#7560 = DEFINITIONAL_REPRESENTATION('',(#7561),#7565);
#7561 = LINE('',#7562,#7563);
#7562 = CARTESIAN_POINT('',(1.5,8.1));
#7563 = VECTOR('',#7564,1.);
#7564 = DIRECTION('',(1.,0.));
#7565 = ( GEOMETRIC_REPRESENTATION_CONTEXT(2) 
PARAMETRIC_REPRESENTATION_CONTEXT() REPRESENTATION_CONTEXT('2D SPACE',''
  ) );
#7566 = ADVANCED_FACE('',(#7567),#2946,.T.);
#7567 = FACE_BOUND('',#7568,.T.);
#7568 = EDGE_LOOP('',(#7569,#7599,#7621,#7622,#7687));
#7569 = ORIENTED_EDGE('',*,*,#7570,.F.);
#7570 = EDGE_CURVE('',#7571,#7573,#7575,.T.);
#7571 = VERTEX_POINT('',#7572);
#7572 = CARTESIAN_POINT('',(12.25,19.91,-19.35));
#7573 = VERTEX_POINT('',#7574);
#7574 = CARTESIAN_POINT('',(12.25,19.91,-13.12310562561));
#7575 = SURFACE_CURVE('',#7576,(#7580,#7587),.PCURVE_S1.);
#7576 = LINE('',#7577,#7578);
#7577 = CARTESIAN_POINT('',(12.25,19.91,-19.75));
#7578 = VECTOR('',#7579,1.);
#7579 = DIRECTION('',(0.,0.,1.));
#7580 = PCURVE('',#2946,#7581);
#7581 = DEFINITIONAL_REPRESENTATION('',(#7582),#7586);
#7582 = LINE('',#7583,#7584);
#7583 = CARTESIAN_POINT('',(0.,0.));
#7584 = VECTOR('',#7585,1.);
#7585 = DIRECTION('',(0.,1.));
#7586 = ( GEOMETRIC_REPRESENTATION_CONTEXT(2) 
PARAMETRIC_REPRESENTATION_CONTEXT() REPRESENTATION_CONTEXT('2D SPACE',''
  ) );
#7587 = PCURVE('',#7588,#7593);
#7588 = PLANE('',#7589);
#7589 = AXIS2_PLACEMENT_3D('',#7590,#7591,#7592);
#7590 = CARTESIAN_POINT('',(12.25,12.91,-19.75));
#7591 = DIRECTION('',(1.,0.,0.));
#7592 = DIRECTION('',(0.,0.,1.));
#7593 = DEFINITIONAL_REPRESENTATION('',(#7594),#7598);
#7594 = LINE('',#7595,#7596);
#7595 = CARTESIAN_POINT('',(0.,-7.));
#7596 = VECTOR('',#7597,1.);
#7597 = DIRECTION('',(1.,0.));
#7598 = ( GEOMETRIC_REPRESENTATION_CONTEXT(2) 
PARAMETRIC_REPRESENTATION_CONTEXT() REPRESENTATION_CONTEXT('2D SPACE',''
  ) );
#7599 = ORIENTED_EDGE('',*,*,#7600,.F.);
#7600 = EDGE_CURVE('',#2931,#7571,#7601,.T.);
#7601 = SURFACE_CURVE('',#7602,(#7607,#7614),.PCURVE_S1.);
#7602 = CIRCLE('',#7603,1.5);
#7603 = AXIS2_PLACEMENT_3D('',#7604,#7605,#7606);
#7604 = CARTESIAN_POINT('',(10.75,19.91,-19.35));
#7605 = DIRECTION('',(0.,-0.,-1.));
#7606 = DIRECTION('',(0.,1.,-0.));
#7607 = PCURVE('',#2946,#7608);
#7608 = DEFINITIONAL_REPRESENTATION('',(#7609),#7613);
#7609 = LINE('',#7610,#7611);
#7610 = CARTESIAN_POINT('',(1.570796326795,0.4));
#7611 = VECTOR('',#7612,1.);
#7612 = DIRECTION('',(-1.,-0.));
#7613 = ( GEOMETRIC_REPRESENTATION_CONTEXT(2) 
PARAMETRIC_REPRESENTATION_CONTEXT() REPRESENTATION_CONTEXT('2D SPACE',''
  ) );
#7614 = PCURVE('',#7530,#7615);
#7615 = DEFINITIONAL_REPRESENTATION('',(#7616),#7620);
#7616 = LINE('',#7617,#7618);
#7617 = CARTESIAN_POINT('',(-0.,-0.));
#7618 = VECTOR('',#7619,1.);
#7619 = DIRECTION('',(-1.,-0.));
#7620 = ( GEOMETRIC_REPRESENTATION_CONTEXT(2) 
PARAMETRIC_REPRESENTATION_CONTEXT() REPRESENTATION_CONTEXT('2D SPACE',''
  ) );
#7621 = ORIENTED_EDGE('',*,*,#2930,.T.);
#7622 = ORIENTED_EDGE('',*,*,#7623,.F.);
#7623 = EDGE_CURVE('',#7624,#2898,#7626,.T.);
#7624 = VERTEX_POINT('',#7625);
#7625 = CARTESIAN_POINT('',(12.164213562373,20.41,-13.1893021533));
#7626 = SURFACE_CURVE('',#7627,(#7645,#7666),.PCURVE_S1.);
#7627 = B_SPLINE_CURVE_WITH_KNOTS('',6,(#7628,#7629,#7630,#7631,#7632,
    #7633,#7634,#7635,#7636,#7637,#7638,#7639,#7640,#7641,#7642,#7643,
    #7644),.UNSPECIFIED.,.F.,.F.,(7,5,5,7),(0.,0.336833868147,
    0.528057481153,1.),.UNSPECIFIED.);
#7628 = CARTESIAN_POINT('',(12.164213562373,20.41,-13.1893021533));
#7629 = CARTESIAN_POINT('',(12.130677720131,20.50485368585,
    -13.21463204429));
#7630 = CARTESIAN_POINT('',(12.088592951324,20.599595734152,
    -13.23238262781));
#7631 = CARTESIAN_POINT('',(12.037776326186,20.692252588385,
    -13.24265119586));
#7632 = CARTESIAN_POINT('',(11.978615733166,20.781064780577,
    -13.24583758381));
#7633 = CARTESIAN_POINT('',(11.911907676196,20.864615551498,
    -13.24245767305));
#7634 = CARTESIAN_POINT('',(11.79716753748,20.985680532118,
    -13.22785683328));
#7635 = CARTESIAN_POINT('',(11.753516165005,21.027494980391,
    -13.22065546409));
#7636 = CARTESIAN_POINT('',(11.707945406688,21.067098598316,
    -13.2116522612));
#7637 = CARTESIAN_POINT('',(11.66065000937,21.1043510531,-13.20096512367
    ));
#7638 = CARTESIAN_POINT('',(11.61182862389,21.139149442618,
    -13.18871352921));
#7639 = CARTESIAN_POINT('',(11.437893439072,21.251069797007,
    -13.14120475407));
#7640 = CARTESIAN_POINT('',(11.306020845965,21.315312997595,
    -13.09858520606));
#7641 = CARTESIAN_POINT('',(11.16891295035,21.363124462223,
    -13.04890932079));
#7642 = CARTESIAN_POINT('',(11.029212536786,21.394539799024,
    -12.99381291208));
#7643 = CARTESIAN_POINT('',(10.889021194406,21.40999970433,
    -12.93472691144));
#7644 = CARTESIAN_POINT('',(10.750000003439,21.41,-12.87298334465));
#7645 = PCURVE('',#2946,#7646);
#7646 = DEFINITIONAL_REPRESENTATION('',(#7647),#7665);
#7647 = B_SPLINE_CURVE_WITH_KNOTS('',6,(#7648,#7649,#7650,#7651,#7652,
    #7653,#7654,#7655,#7656,#7657,#7658,#7659,#7660,#7661,#7662,#7663,
    #7664),.UNSPECIFIED.,.F.,.F.,(7,5,5,7),(0.,0.336833868147,
    0.528057481153,1.),.UNSPECIFIED.);
#7648 = CARTESIAN_POINT('',(0.339836909454,6.560697846694));
#7649 = CARTESIAN_POINT('',(0.406908593939,6.535367955708));
#7650 = CARTESIAN_POINT('',(0.475809888592,6.517617372181));
#7651 = CARTESIAN_POINT('',(0.545883930275,6.507348804138));
#7652 = CARTESIAN_POINT('',(0.616630841377,6.504162416188));
#7653 = CARTESIAN_POINT('',(0.687651003419,6.507542326941));
#7654 = CARTESIAN_POINT('',(0.798850581686,6.522143166715));
#7655 = CARTESIAN_POINT('',(0.839101775206,6.52934453591));
#7656 = CARTESIAN_POINT('',(0.879281260397,6.538347738791));
#7657 = CARTESIAN_POINT('',(0.919348091273,6.549034876329));
#7658 = CARTESIAN_POINT('',(0.959272312715,6.561286470783));
#7659 = CARTESIAN_POINT('',(1.09716053515,6.608795245929));
#7660 = CARTESIAN_POINT('',(1.194267476338,6.651414793936));
#7661 = CARTESIAN_POINT('',(1.290085376546,6.701090679207));
#7662 = CARTESIAN_POINT('',(1.384655821017,6.756187087911));
#7663 = CARTESIAN_POINT('',(1.478115259585,6.815273088556));
#7664 = CARTESIAN_POINT('',(1.570796324502,6.877016655346));
#7665 = ( GEOMETRIC_REPRESENTATION_CONTEXT(2) 
PARAMETRIC_REPRESENTATION_CONTEXT() REPRESENTATION_CONTEXT('2D SPACE',''
  ) );
#7666 = PCURVE('',#2918,#7667);
#7667 = DEFINITIONAL_REPRESENTATION('',(#7668),#7686);
#7668 = B_SPLINE_CURVE_WITH_KNOTS('',6,(#7669,#7670,#7671,#7672,#7673,
    #7674,#7675,#7676,#7677,#7678,#7679,#7680,#7681,#7682,#7683,#7684,
    #7685),.UNSPECIFIED.,.F.,.F.,(7,5,5,7),(0.,0.336833868147,
    0.528057481153,1.),.UNSPECIFIED.);
#7669 = CARTESIAN_POINT('',(0.6468896025,6.28318530718));
#7670 = CARTESIAN_POINT('',(0.638884488279,6.18833162133));
#7671 = CARTESIAN_POINT('',(0.630450110704,6.093589961937));
#7672 = CARTESIAN_POINT('',(0.621472506963,5.999394987447));
#7673 = CARTESIAN_POINT('',(0.611876555963,5.905998105419));
#7674 = CARTESIAN_POINT('',(0.601624786637,5.813604215011));
#7675 = CARTESIAN_POINT('',(0.584523131362,5.670644200728));
#7676 = CARTESIAN_POINT('',(0.578116686575,5.619247732528));
#7677 = CARTESIAN_POINT('',(0.571494634054,5.568246698288));
#7678 = CARTESIAN_POINT('',(0.564656765226,5.517651830968));
#7679 = CARTESIAN_POINT('',(0.55760433965,5.46746501909));
#7680 = CARTESIAN_POINT('',(0.532410247158,5.294816891741));
#7681 = CARTESIAN_POINT('',(0.51319165514,5.174437635579));
#7682 = CARTESIAN_POINT('',(0.492709964385,5.056407346241));
#7683 = CARTESIAN_POINT('',(0.471024680762,4.940363700225));
#7684 = CARTESIAN_POINT('',(0.448216756977,4.825899630939));
#7685 = CARTESIAN_POINT('',(0.424389709481,4.712388980385));
#7686 = ( GEOMETRIC_REPRESENTATION_CONTEXT(2) 
PARAMETRIC_REPRESENTATION_CONTEXT() REPRESENTATION_CONTEXT('2D SPACE',''
  ) );
#7687 = ORIENTED_EDGE('',*,*,#7688,.F.);
#7688 = EDGE_CURVE('',#7573,#7624,#7689,.T.);
#7689 = SURFACE_CURVE('',#7690,(#7698,#7709),.PCURVE_S1.);
#7690 = B_SPLINE_CURVE_WITH_KNOTS('',6,(#7691,#7692,#7693,#7694,#7695,
    #7696,#7697),.UNSPECIFIED.,.F.,.F.,(7,7),(0.,1.),
  .PIECEWISE_BEZIER_KNOTS.);
#7691 = CARTESIAN_POINT('',(12.25,19.91,-13.12310562561));
#7692 = CARTESIAN_POINT('',(12.25,19.995146243262,-13.12310562561));
#7693 = CARTESIAN_POINT('',(12.244200118011,20.080228254451,
    -13.12767732268));
#7694 = CARTESIAN_POINT('',(12.2326166023,20.164754299435,
    -13.13680795213));
#7695 = CARTESIAN_POINT('',(12.215321447547,20.248229382022,
    -13.15034141946));
#7696 = CARTESIAN_POINT('',(12.192445072036,20.330149340095,
    -13.16797866956));
#7697 = CARTESIAN_POINT('',(12.164213350241,20.4100006,-13.18930231353)
  );
#7698 = PCURVE('',#2946,#7699);
#7699 = DEFINITIONAL_REPRESENTATION('',(#7700),#7708);
#7700 = B_SPLINE_CURVE_WITH_KNOTS('',6,(#7701,#7702,#7703,#7704,#7705,
    #7706,#7707),.UNSPECIFIED.,.F.,.F.,(7,7),(0.,1.),
  .PIECEWISE_BEZIER_KNOTS.);
#7701 = CARTESIAN_POINT('',(0.,6.626894374382));
#7702 = CARTESIAN_POINT('',(5.67641621744E-02,6.626894374382));
#7703 = CARTESIAN_POINT('',(0.113485473792,6.62232267732));
#7704 = CARTESIAN_POINT('',(0.170165536723,6.613192047863));
#7705 = CARTESIAN_POINT('',(0.226800428485,6.599658580539));
#7706 = CARTESIAN_POINT('',(0.283373957884,6.582021330436));
#7707 = CARTESIAN_POINT('',(0.339837333718,6.560697686469));
#7708 = ( GEOMETRIC_REPRESENTATION_CONTEXT(2) 
PARAMETRIC_REPRESENTATION_CONTEXT() REPRESENTATION_CONTEXT('2D SPACE',''
  ) );
#7709 = PCURVE('',#3591,#7710);
#7710 = DEFINITIONAL_REPRESENTATION('',(#7711),#7719);
#7711 = B_SPLINE_CURVE_WITH_KNOTS('',6,(#7712,#7713,#7714,#7715,#7716,
    #7717,#7718),.UNSPECIFIED.,.F.,.F.,(7,7),(0.,1.),
  .PIECEWISE_BEZIER_KNOTS.);
#7712 = CARTESIAN_POINT('',(0.903266882159,11.41));
#7713 = CARTESIAN_POINT('',(0.903266882159,11.495146243262));
#7714 = CARTESIAN_POINT('',(0.904673557478,11.580228254451));
#7715 = CARTESIAN_POINT('',(0.907482985227,11.664754299435));
#7716 = CARTESIAN_POINT('',(0.911665948168,11.748229382022));
#7717 = CARTESIAN_POINT('',(0.917167771708,11.830149340095));
#7718 = CARTESIAN_POINT('',(0.923906774932,11.9100006));
#7719 = ( GEOMETRIC_REPRESENTATION_CONTEXT(2) 
PARAMETRIC_REPRESENTATION_CONTEXT() REPRESENTATION_CONTEXT('2D SPACE',''
  ) );
#7720 = ADVANCED_FACE('',(#7721),#2918,.T.);
#7721 = FACE_BOUND('',#7722,.T.);
#7722 = EDGE_LOOP('',(#7723,#7724,#7725,#7747));
#7723 = ORIENTED_EDGE('',*,*,#7623,.T.);
#7724 = ORIENTED_EDGE('',*,*,#2897,.T.);
#7725 = ORIENTED_EDGE('',*,*,#7726,.T.);
#7726 = EDGE_CURVE('',#2870,#7727,#7729,.T.);
#7727 = VERTEX_POINT('',#7728);
#7728 = CARTESIAN_POINT('',(14.25,20.41,-9.));
#7729 = SURFACE_CURVE('',#7730,(#7735,#7741),.PCURVE_S1.);
#7730 = CIRCLE('',#7731,1.);
#7731 = AXIS2_PLACEMENT_3D('',#7732,#7733,#7734);
#7732 = CARTESIAN_POINT('',(13.25,20.41,-9.));
#7733 = DIRECTION('',(-6.123233995737E-17,0.,-1.));
#7734 = DIRECTION('',(1.,0.,-6.123233995737E-17));
#7735 = PCURVE('',#2918,#7736);
#7736 = DEFINITIONAL_REPRESENTATION('',(#7737),#7740);
#7737 = B_SPLINE_CURVE_WITH_KNOTS('',1,(#7738,#7739),.UNSPECIFIED.,.F.,
  .F.,(2,2),(4.712388980385,6.28318530718),.PIECEWISE_BEZIER_KNOTS.);
#7738 = CARTESIAN_POINT('',(1.570796326795,4.712388980385));
#7739 = CARTESIAN_POINT('',(1.570796326795,6.28318530718));
#7740 = ( GEOMETRIC_REPRESENTATION_CONTEXT(2) 
PARAMETRIC_REPRESENTATION_CONTEXT() REPRESENTATION_CONTEXT('2D SPACE',''
  ) );
#7741 = PCURVE('',#2885,#7742);
#7742 = DEFINITIONAL_REPRESENTATION('',(#7743),#7746);
#7743 = B_SPLINE_CURVE_WITH_KNOTS('',1,(#7744,#7745),.UNSPECIFIED.,.F.,
  .F.,(2,2),(4.712388980385,6.28318530718),.PIECEWISE_BEZIER_KNOTS.);
#7744 = CARTESIAN_POINT('',(0.,0.));
#7745 = CARTESIAN_POINT('',(-1.570796326795,0.));
#7746 = ( GEOMETRIC_REPRESENTATION_CONTEXT(2) 
PARAMETRIC_REPRESENTATION_CONTEXT() REPRESENTATION_CONTEXT('2D SPACE',''
  ) );
#7747 = ORIENTED_EDGE('',*,*,#7748,.F.);
#7748 = EDGE_CURVE('',#7624,#7727,#7749,.T.);
#7749 = SURFACE_CURVE('',#7750,(#7755,#7762),.PCURVE_S1.);
#7750 = CIRCLE('',#7751,5.25);
#7751 = AXIS2_PLACEMENT_3D('',#7752,#7753,#7754);
#7752 = CARTESIAN_POINT('',(9.,20.41,-9.));
#7753 = DIRECTION('',(0.,-1.,-0.));
#7754 = DIRECTION('',(0.,0.,-1.));
#7755 = PCURVE('',#2918,#7756);
#7756 = DEFINITIONAL_REPRESENTATION('',(#7757),#7761);
#7757 = LINE('',#7758,#7759);
#7758 = CARTESIAN_POINT('',(0.,6.28318530718));
#7759 = VECTOR('',#7760,1.);
#7760 = DIRECTION('',(1.,0.));
#7761 = ( GEOMETRIC_REPRESENTATION_CONTEXT(2) 
PARAMETRIC_REPRESENTATION_CONTEXT() REPRESENTATION_CONTEXT('2D SPACE',''
  ) );
#7762 = PCURVE('',#3591,#7763);
#7763 = DEFINITIONAL_REPRESENTATION('',(#7764),#7768);
#7764 = LINE('',#7765,#7766);
#7765 = CARTESIAN_POINT('',(1.570796326795,11.91));
#7766 = VECTOR('',#7767,1.);
#7767 = DIRECTION('',(-1.,-0.));
#7768 = ( GEOMETRIC_REPRESENTATION_CONTEXT(2) 
PARAMETRIC_REPRESENTATION_CONTEXT() REPRESENTATION_CONTEXT('2D SPACE',''
  ) );
#7769 = ADVANCED_FACE('',(#7770),#2885,.T.);
#7770 = FACE_BOUND('',#7771,.F.);
#7771 = EDGE_LOOP('',(#7772,#7773,#7794,#7814));
#7772 = ORIENTED_EDGE('',*,*,#7726,.T.);
#7773 = ORIENTED_EDGE('',*,*,#7774,.T.);
#7774 = EDGE_CURVE('',#7727,#6541,#7775,.T.);
#7775 = SURFACE_CURVE('',#7776,(#7780,#7787),.PCURVE_S1.);
#7776 = LINE('',#7777,#7778);
#7777 = CARTESIAN_POINT('',(14.25,20.41,-9.));
#7778 = VECTOR('',#7779,1.);
#7779 = DIRECTION('',(0.,0.,1.));
#7780 = PCURVE('',#2885,#7781);
#7781 = DEFINITIONAL_REPRESENTATION('',(#7782),#7786);
#7782 = LINE('',#7783,#7784);
#7783 = CARTESIAN_POINT('',(-1.570796326795,0.));
#7784 = VECTOR('',#7785,1.);
#7785 = DIRECTION('',(-0.,1.));
#7786 = ( GEOMETRIC_REPRESENTATION_CONTEXT(2) 
PARAMETRIC_REPRESENTATION_CONTEXT() REPRESENTATION_CONTEXT('2D SPACE',''
  ) );
#7787 = PCURVE('',#4583,#7788);
#7788 = DEFINITIONAL_REPRESENTATION('',(#7789),#7793);
#7789 = LINE('',#7790,#7791);
#7790 = CARTESIAN_POINT('',(5.25,-11.91));
#7791 = VECTOR('',#7792,1.);
#7792 = DIRECTION('',(1.,0.));
#7793 = ( GEOMETRIC_REPRESENTATION_CONTEXT(2) 
PARAMETRIC_REPRESENTATION_CONTEXT() REPRESENTATION_CONTEXT('2D SPACE',''
  ) );
#7794 = ORIENTED_EDGE('',*,*,#7795,.F.);
#7795 = EDGE_CURVE('',#2837,#6541,#7796,.T.);
#7796 = SURFACE_CURVE('',#7797,(#7802,#7808),.PCURVE_S1.);
#7797 = CIRCLE('',#7798,1.);
#7798 = AXIS2_PLACEMENT_3D('',#7799,#7800,#7801);
#7799 = CARTESIAN_POINT('',(13.25,20.41,9.));
#7800 = DIRECTION('',(0.,-0.,-1.));
#7801 = DIRECTION('',(0.,1.,-0.));
#7802 = PCURVE('',#2885,#7803);
#7803 = DEFINITIONAL_REPRESENTATION('',(#7804),#7807);
#7804 = B_SPLINE_CURVE_WITH_KNOTS('',1,(#7805,#7806),.UNSPECIFIED.,.F.,
  .F.,(2,2),(0.,1.570796326795),.PIECEWISE_BEZIER_KNOTS.);
#7805 = CARTESIAN_POINT('',(0.,18.));
#7806 = CARTESIAN_POINT('',(-1.570796326795,18.));
#7807 = ( GEOMETRIC_REPRESENTATION_CONTEXT(2) 
PARAMETRIC_REPRESENTATION_CONTEXT() REPRESENTATION_CONTEXT('2D SPACE',''
  ) );
#7808 = PCURVE('',#2857,#7809);
#7809 = DEFINITIONAL_REPRESENTATION('',(#7810),#7813);
#7810 = B_SPLINE_CURVE_WITH_KNOTS('',1,(#7811,#7812),.UNSPECIFIED.,.F.,
  .F.,(2,2),(0.,1.570796326795),.PIECEWISE_BEZIER_KNOTS.);
#7811 = CARTESIAN_POINT('',(0.,4.712388980385));
#7812 = CARTESIAN_POINT('',(0.,6.28318530718));
#7813 = ( GEOMETRIC_REPRESENTATION_CONTEXT(2) 
PARAMETRIC_REPRESENTATION_CONTEXT() REPRESENTATION_CONTEXT('2D SPACE',''
  ) );
#7814 = ORIENTED_EDGE('',*,*,#2869,.F.);
#7815 = ADVANCED_FACE('',(#7816),#2857,.T.);
#7816 = FACE_BOUND('',#7817,.T.);
#7817 = EDGE_LOOP('',(#7818,#7819,#7820,#7821));
#7818 = ORIENTED_EDGE('',*,*,#7795,.F.);
#7819 = ORIENTED_EDGE('',*,*,#2836,.T.);
#7820 = ORIENTED_EDGE('',*,*,#6514,.T.);
#7821 = ORIENTED_EDGE('',*,*,#6565,.F.);
#7822 = ADVANCED_FACE('',(#7823),#3033,.F.);
#7823 = FACE_BOUND('',#7824,.F.);
#7824 = EDGE_LOOP('',(#7825,#7848,#7877,#7898));
#7825 = ORIENTED_EDGE('',*,*,#7826,.F.);
#7826 = EDGE_CURVE('',#7827,#3015,#7829,.T.);
#7827 = VERTEX_POINT('',#7828);
#7828 = CARTESIAN_POINT('',(-10.5,21.01,7.5));
#7829 = SURFACE_CURVE('',#7830,(#7834,#7841),.PCURVE_S1.);
#7830 = LINE('',#7831,#7832);
#7831 = CARTESIAN_POINT('',(-10.5,21.01,7.5));
#7832 = VECTOR('',#7833,1.);
#7833 = DIRECTION('',(0.,1.,0.));
#7834 = PCURVE('',#3033,#7835);
#7835 = DEFINITIONAL_REPRESENTATION('',(#7836),#7840);
#7836 = LINE('',#7837,#7838);
#7837 = CARTESIAN_POINT('',(0.,0.));
#7838 = VECTOR('',#7839,1.);
#7839 = DIRECTION('',(0.,1.));
#7840 = ( GEOMETRIC_REPRESENTATION_CONTEXT(2) 
PARAMETRIC_REPRESENTATION_CONTEXT() REPRESENTATION_CONTEXT('2D SPACE',''
  ) );
#7841 = PCURVE('',#3060,#7842);
#7842 = DEFINITIONAL_REPRESENTATION('',(#7843),#7847);
#7843 = LINE('',#7844,#7845);
#7844 = CARTESIAN_POINT('',(18.,0.));
#7845 = VECTOR('',#7846,1.);
#7846 = DIRECTION('',(0.,-1.));
#7847 = ( GEOMETRIC_REPRESENTATION_CONTEXT(2) 
PARAMETRIC_REPRESENTATION_CONTEXT() REPRESENTATION_CONTEXT('2D SPACE',''
  ) );
#7848 = ORIENTED_EDGE('',*,*,#7849,.T.);
#7849 = EDGE_CURVE('',#7827,#7850,#7852,.T.);
#7850 = VERTEX_POINT('',#7851);
#7851 = CARTESIAN_POINT('',(-7.5,21.01,10.5));
#7852 = SURFACE_CURVE('',#7853,(#7858,#7865),.PCURVE_S1.);
#7853 = CIRCLE('',#7854,3.);
#7854 = AXIS2_PLACEMENT_3D('',#7855,#7856,#7857);
#7855 = CARTESIAN_POINT('',(-7.5,21.01,7.5));
#7856 = DIRECTION('',(0.,1.,0.));
#7857 = DIRECTION('',(0.,-0.,1.));
#7858 = PCURVE('',#3033,#7859);
#7859 = DEFINITIONAL_REPRESENTATION('',(#7860),#7864);
#7860 = LINE('',#7861,#7862);
#7861 = CARTESIAN_POINT('',(-4.712388980385,0.));
#7862 = VECTOR('',#7863,1.);
#7863 = DIRECTION('',(1.,0.));
#7864 = ( GEOMETRIC_REPRESENTATION_CONTEXT(2) 
PARAMETRIC_REPRESENTATION_CONTEXT() REPRESENTATION_CONTEXT('2D SPACE',''
  ) );
#7865 = PCURVE('',#7866,#7871);
#7866 = PLANE('',#7867);
#7867 = AXIS2_PLACEMENT_3D('',#7868,#7869,#7870);
#7868 = CARTESIAN_POINT('',(-10.5,21.01,-10.5));
#7869 = DIRECTION('',(0.,1.,0.));
#7870 = DIRECTION('',(0.,0.,1.));
#7871 = DEFINITIONAL_REPRESENTATION('',(#7872),#7876);
#7872 = CIRCLE('',#7873,3.);
#7873 = AXIS2_PLACEMENT_2D('',#7874,#7875);
#7874 = CARTESIAN_POINT('',(18.,3.));
#7875 = DIRECTION('',(1.,0.));
#7876 = ( GEOMETRIC_REPRESENTATION_CONTEXT(2) 
PARAMETRIC_REPRESENTATION_CONTEXT() REPRESENTATION_CONTEXT('2D SPACE',''
  ) );
#7877 = ORIENTED_EDGE('',*,*,#7878,.T.);
#7878 = EDGE_CURVE('',#7850,#3017,#7879,.T.);
#7879 = SURFACE_CURVE('',#7880,(#7884,#7891),.PCURVE_S1.);
#7880 = LINE('',#7881,#7882);
#7881 = CARTESIAN_POINT('',(-7.5,21.01,10.5));
#7882 = VECTOR('',#7883,1.);
#7883 = DIRECTION('',(0.,1.,0.));
#7884 = PCURVE('',#3033,#7885);
#7885 = DEFINITIONAL_REPRESENTATION('',(#7886),#7890);
#7886 = LINE('',#7887,#7888);
#7887 = CARTESIAN_POINT('',(1.570796326795,0.));
#7888 = VECTOR('',#7889,1.);
#7889 = DIRECTION('',(0.,1.));
#7890 = ( GEOMETRIC_REPRESENTATION_CONTEXT(2) 
PARAMETRIC_REPRESENTATION_CONTEXT() REPRESENTATION_CONTEXT('2D SPACE',''
  ) );
#7891 = PCURVE('',#3223,#7892);
#7892 = DEFINITIONAL_REPRESENTATION('',(#7893),#7897);
#7893 = LINE('',#7894,#7895);
#7894 = CARTESIAN_POINT('',(3.,0.));
#7895 = VECTOR('',#7896,1.);
#7896 = DIRECTION('',(0.,1.));
#7897 = ( GEOMETRIC_REPRESENTATION_CONTEXT(2) 
PARAMETRIC_REPRESENTATION_CONTEXT() REPRESENTATION_CONTEXT('2D SPACE',''
  ) );
#7898 = ORIENTED_EDGE('',*,*,#3014,.F.);
#7899 = ADVANCED_FACE('',(#7900),#3223,.F.);
#7900 = FACE_BOUND('',#7901,.F.);
#7901 = EDGE_LOOP('',(#7902,#7903,#7904,#7927));
#7902 = ORIENTED_EDGE('',*,*,#3210,.F.);
#7903 = ORIENTED_EDGE('',*,*,#7878,.F.);
#7904 = ORIENTED_EDGE('',*,*,#7905,.T.);
#7905 = EDGE_CURVE('',#7850,#7906,#7908,.T.);
#7906 = VERTEX_POINT('',#7907);
#7907 = CARTESIAN_POINT('',(7.5,21.01,10.5));
#7908 = SURFACE_CURVE('',#7909,(#7913,#7920),.PCURVE_S1.);
#7909 = LINE('',#7910,#7911);
#7910 = CARTESIAN_POINT('',(-10.5,21.01,10.5));
#7911 = VECTOR('',#7912,1.);
#7912 = DIRECTION('',(1.,0.,0.));
#7913 = PCURVE('',#3223,#7914);
#7914 = DEFINITIONAL_REPRESENTATION('',(#7915),#7919);
#7915 = LINE('',#7916,#7917);
#7916 = CARTESIAN_POINT('',(0.,0.));
#7917 = VECTOR('',#7918,1.);
#7918 = DIRECTION('',(1.,0.));
#7919 = ( GEOMETRIC_REPRESENTATION_CONTEXT(2) 
PARAMETRIC_REPRESENTATION_CONTEXT() REPRESENTATION_CONTEXT('2D SPACE',''
  ) );
#7920 = PCURVE('',#7866,#7921);
#7921 = DEFINITIONAL_REPRESENTATION('',(#7922),#7926);
#7922 = LINE('',#7923,#7924);
#7923 = CARTESIAN_POINT('',(21.,0.));
#7924 = VECTOR('',#7925,1.);
#7925 = DIRECTION('',(0.,1.));
#7926 = ( GEOMETRIC_REPRESENTATION_CONTEXT(2) 
PARAMETRIC_REPRESENTATION_CONTEXT() REPRESENTATION_CONTEXT('2D SPACE',''
  ) );
#7927 = ORIENTED_EDGE('',*,*,#7928,.T.);
#7928 = EDGE_CURVE('',#7906,#3182,#7929,.T.);
#7929 = SURFACE_CURVE('',#7930,(#7934,#7941),.PCURVE_S1.);
#7930 = LINE('',#7931,#7932);
#7931 = CARTESIAN_POINT('',(7.5,21.01,10.5));
#7932 = VECTOR('',#7933,1.);
#7933 = DIRECTION('',(0.,1.,0.));
#7934 = PCURVE('',#3223,#7935);
#7935 = DEFINITIONAL_REPRESENTATION('',(#7936),#7940);
#7936 = LINE('',#7937,#7938);
#7937 = CARTESIAN_POINT('',(18.,0.));
#7938 = VECTOR('',#7939,1.);
#7939 = DIRECTION('',(0.,1.));
#7940 = ( GEOMETRIC_REPRESENTATION_CONTEXT(2) 
PARAMETRIC_REPRESENTATION_CONTEXT() REPRESENTATION_CONTEXT('2D SPACE',''
  ) );
#7941 = PCURVE('',#3198,#7942);
#7942 = DEFINITIONAL_REPRESENTATION('',(#7943),#7947);
#7943 = LINE('',#7944,#7945);
#7944 = CARTESIAN_POINT('',(-1.570796326795,0.));
#7945 = VECTOR('',#7946,1.);
#7946 = DIRECTION('',(-0.,1.));
#7947 = ( GEOMETRIC_REPRESENTATION_CONTEXT(2) 
PARAMETRIC_REPRESENTATION_CONTEXT() REPRESENTATION_CONTEXT('2D SPACE',''
  ) );
#7948 = ADVANCED_FACE('',(#7949),#3198,.F.);
#7949 = FACE_BOUND('',#7950,.T.);
#7950 = EDGE_LOOP('',(#7951,#7974,#8000,#8001));
#7951 = ORIENTED_EDGE('',*,*,#7952,.F.);
#7952 = EDGE_CURVE('',#7953,#3156,#7955,.T.);
#7953 = VERTEX_POINT('',#7954);
#7954 = CARTESIAN_POINT('',(10.5,21.01,7.5));
#7955 = SURFACE_CURVE('',#7956,(#7960,#7967),.PCURVE_S1.);
#7956 = LINE('',#7957,#7958);
#7957 = CARTESIAN_POINT('',(10.5,21.01,7.5));
#7958 = VECTOR('',#7959,1.);
#7959 = DIRECTION('',(0.,1.,0.));
#7960 = PCURVE('',#3198,#7961);
#7961 = DEFINITIONAL_REPRESENTATION('',(#7962),#7966);
#7962 = LINE('',#7963,#7964);
#7963 = CARTESIAN_POINT('',(-0.,0.));
#7964 = VECTOR('',#7965,1.);
#7965 = DIRECTION('',(-0.,1.));
#7966 = ( GEOMETRIC_REPRESENTATION_CONTEXT(2) 
PARAMETRIC_REPRESENTATION_CONTEXT() REPRESENTATION_CONTEXT('2D SPACE',''
  ) );
#7967 = PCURVE('',#3170,#7968);
#7968 = DEFINITIONAL_REPRESENTATION('',(#7969),#7973);
#7969 = LINE('',#7970,#7971);
#7970 = CARTESIAN_POINT('',(18.,0.));
#7971 = VECTOR('',#7972,1.);
#7972 = DIRECTION('',(0.,-1.));
#7973 = ( GEOMETRIC_REPRESENTATION_CONTEXT(2) 
PARAMETRIC_REPRESENTATION_CONTEXT() REPRESENTATION_CONTEXT('2D SPACE',''
  ) );
#7974 = ORIENTED_EDGE('',*,*,#7975,.T.);
#7975 = EDGE_CURVE('',#7953,#7906,#7976,.T.);
#7976 = SURFACE_CURVE('',#7977,(#7982,#7989),.PCURVE_S1.);
#7977 = CIRCLE('',#7978,3.);
#7978 = AXIS2_PLACEMENT_3D('',#7979,#7980,#7981);
#7979 = CARTESIAN_POINT('',(7.5,21.01,7.5));
#7980 = DIRECTION('',(-0.,-1.,0.));
#7981 = DIRECTION('',(0.,-0.,1.));
#7982 = PCURVE('',#3198,#7983);
#7983 = DEFINITIONAL_REPRESENTATION('',(#7984),#7988);
#7984 = LINE('',#7985,#7986);
#7985 = CARTESIAN_POINT('',(4.712388980385,-0.));
#7986 = VECTOR('',#7987,1.);
#7987 = DIRECTION('',(-1.,0.));
#7988 = ( GEOMETRIC_REPRESENTATION_CONTEXT(2) 
PARAMETRIC_REPRESENTATION_CONTEXT() REPRESENTATION_CONTEXT('2D SPACE',''
  ) );
#7989 = PCURVE('',#7866,#7990);
#7990 = DEFINITIONAL_REPRESENTATION('',(#7991),#7999);
#7991 = ( BOUNDED_CURVE() B_SPLINE_CURVE(2,(#7992,#7993,#7994,#7995,
#7996,#7997,#7998),.UNSPECIFIED.,.T.,.F.) B_SPLINE_CURVE_WITH_KNOTS((1,2
    ,2,2,2,1),(-2.094395102393,0.,2.094395102393,4.188790204786,
6.28318530718,8.377580409573),.UNSPECIFIED.) CURVE() 
GEOMETRIC_REPRESENTATION_ITEM() RATIONAL_B_SPLINE_CURVE((1.,0.5,1.,0.5,
1.,0.5,1.)) REPRESENTATION_ITEM('') );
#7992 = CARTESIAN_POINT('',(21.,18.));
#7993 = CARTESIAN_POINT('',(21.,12.803847577293));
#7994 = CARTESIAN_POINT('',(16.5,15.401923788647));
#7995 = CARTESIAN_POINT('',(12.,18.));
#7996 = CARTESIAN_POINT('',(16.5,20.598076211353));
#7997 = CARTESIAN_POINT('',(21.,23.196152422707));
#7998 = CARTESIAN_POINT('',(21.,18.));
#7999 = ( GEOMETRIC_REPRESENTATION_CONTEXT(2) 
PARAMETRIC_REPRESENTATION_CONTEXT() REPRESENTATION_CONTEXT('2D SPACE',''
  ) );
#8000 = ORIENTED_EDGE('',*,*,#7928,.T.);
#8001 = ORIENTED_EDGE('',*,*,#3181,.T.);
#8002 = ADVANCED_FACE('',(#8003),#3170,.F.);
#8003 = FACE_BOUND('',#8004,.F.);
#8004 = EDGE_LOOP('',(#8005,#8028,#8049,#8050));
#8005 = ORIENTED_EDGE('',*,*,#8006,.F.);
#8006 = EDGE_CURVE('',#8007,#7953,#8009,.T.);
#8007 = VERTEX_POINT('',#8008);
#8008 = CARTESIAN_POINT('',(10.5,21.01,-7.5));
#8009 = SURFACE_CURVE('',#8010,(#8014,#8021),.PCURVE_S1.);
#8010 = LINE('',#8011,#8012);
#8011 = CARTESIAN_POINT('',(10.5,21.01,-10.5));
#8012 = VECTOR('',#8013,1.);
#8013 = DIRECTION('',(0.,0.,1.));
#8014 = PCURVE('',#3170,#8015);
#8015 = DEFINITIONAL_REPRESENTATION('',(#8016),#8020);
#8016 = LINE('',#8017,#8018);
#8017 = CARTESIAN_POINT('',(0.,0.));
#8018 = VECTOR('',#8019,1.);
#8019 = DIRECTION('',(1.,0.));
#8020 = ( GEOMETRIC_REPRESENTATION_CONTEXT(2) 
PARAMETRIC_REPRESENTATION_CONTEXT() REPRESENTATION_CONTEXT('2D SPACE',''
  ) );
#8021 = PCURVE('',#7866,#8022);
#8022 = DEFINITIONAL_REPRESENTATION('',(#8023),#8027);
#8023 = LINE('',#8024,#8025);
#8024 = CARTESIAN_POINT('',(0.,21.));
#8025 = VECTOR('',#8026,1.);
#8026 = DIRECTION('',(1.,0.));
#8027 = ( GEOMETRIC_REPRESENTATION_CONTEXT(2) 
PARAMETRIC_REPRESENTATION_CONTEXT() REPRESENTATION_CONTEXT('2D SPACE',''
  ) );
#8028 = ORIENTED_EDGE('',*,*,#8029,.T.);
#8029 = EDGE_CURVE('',#8007,#3127,#8030,.T.);
#8030 = SURFACE_CURVE('',#8031,(#8035,#8042),.PCURVE_S1.);
#8031 = LINE('',#8032,#8033);
#8032 = CARTESIAN_POINT('',(10.5,21.01,-7.5));
#8033 = VECTOR('',#8034,1.);
#8034 = DIRECTION('',(0.,1.,0.));
#8035 = PCURVE('',#3170,#8036);
#8036 = DEFINITIONAL_REPRESENTATION('',(#8037),#8041);
#8037 = LINE('',#8038,#8039);
#8038 = CARTESIAN_POINT('',(3.,0.));
#8039 = VECTOR('',#8040,1.);
#8040 = DIRECTION('',(0.,-1.));
#8041 = ( GEOMETRIC_REPRESENTATION_CONTEXT(2) 
PARAMETRIC_REPRESENTATION_CONTEXT() REPRESENTATION_CONTEXT('2D SPACE',''
  ) );
#8042 = PCURVE('',#3143,#8043);
#8043 = DEFINITIONAL_REPRESENTATION('',(#8044),#8048);
#8044 = LINE('',#8045,#8046);
#8045 = CARTESIAN_POINT('',(0.,0.));
#8046 = VECTOR('',#8047,1.);
#8047 = DIRECTION('',(0.,1.));
#8048 = ( GEOMETRIC_REPRESENTATION_CONTEXT(2) 
PARAMETRIC_REPRESENTATION_CONTEXT() REPRESENTATION_CONTEXT('2D SPACE',''
  ) );
#8049 = ORIENTED_EDGE('',*,*,#3155,.F.);
#8050 = ORIENTED_EDGE('',*,*,#7952,.F.);
#8051 = ADVANCED_FACE('',(#8052),#3143,.F.);
#8052 = FACE_BOUND('',#8053,.F.);
#8053 = EDGE_LOOP('',(#8054,#8055,#8079,#8100));
#8054 = ORIENTED_EDGE('',*,*,#8029,.F.);
#8055 = ORIENTED_EDGE('',*,*,#8056,.T.);
#8056 = EDGE_CURVE('',#8007,#8057,#8059,.T.);
#8057 = VERTEX_POINT('',#8058);
#8058 = CARTESIAN_POINT('',(7.5,21.01,-10.5));
#8059 = SURFACE_CURVE('',#8060,(#8065,#8072),.PCURVE_S1.);
#8060 = CIRCLE('',#8061,3.);
#8061 = AXIS2_PLACEMENT_3D('',#8062,#8063,#8064);
#8062 = CARTESIAN_POINT('',(7.5,21.01,-7.5));
#8063 = DIRECTION('',(0.,1.,0.));
#8064 = DIRECTION('',(0.,-0.,1.));
#8065 = PCURVE('',#3143,#8066);
#8066 = DEFINITIONAL_REPRESENTATION('',(#8067),#8071);
#8067 = LINE('',#8068,#8069);
#8068 = CARTESIAN_POINT('',(-1.570796326795,0.));
#8069 = VECTOR('',#8070,1.);
#8070 = DIRECTION('',(1.,0.));
#8071 = ( GEOMETRIC_REPRESENTATION_CONTEXT(2) 
PARAMETRIC_REPRESENTATION_CONTEXT() REPRESENTATION_CONTEXT('2D SPACE',''
  ) );
#8072 = PCURVE('',#7866,#8073);
#8073 = DEFINITIONAL_REPRESENTATION('',(#8074),#8078);
#8074 = CIRCLE('',#8075,3.);
#8075 = AXIS2_PLACEMENT_2D('',#8076,#8077);
#8076 = CARTESIAN_POINT('',(3.,18.));
#8077 = DIRECTION('',(1.,0.));
#8078 = ( GEOMETRIC_REPRESENTATION_CONTEXT(2) 
PARAMETRIC_REPRESENTATION_CONTEXT() REPRESENTATION_CONTEXT('2D SPACE',''
  ) );
#8079 = ORIENTED_EDGE('',*,*,#8080,.T.);
#8080 = EDGE_CURVE('',#8057,#3101,#8081,.T.);
#8081 = SURFACE_CURVE('',#8082,(#8086,#8093),.PCURVE_S1.);
#8082 = LINE('',#8083,#8084);
#8083 = CARTESIAN_POINT('',(7.5,21.01,-10.5));
#8084 = VECTOR('',#8085,1.);
#8085 = DIRECTION('',(0.,1.,0.));
#8086 = PCURVE('',#3143,#8087);
#8087 = DEFINITIONAL_REPRESENTATION('',(#8088),#8092);
#8088 = LINE('',#8089,#8090);
#8089 = CARTESIAN_POINT('',(1.570796326795,0.));
#8090 = VECTOR('',#8091,1.);
#8091 = DIRECTION('',(0.,1.));
#8092 = ( GEOMETRIC_REPRESENTATION_CONTEXT(2) 
PARAMETRIC_REPRESENTATION_CONTEXT() REPRESENTATION_CONTEXT('2D SPACE',''
  ) );
#8093 = PCURVE('',#3115,#8094);
#8094 = DEFINITIONAL_REPRESENTATION('',(#8095),#8099);
#8095 = LINE('',#8096,#8097);
#8096 = CARTESIAN_POINT('',(18.,0.));
#8097 = VECTOR('',#8098,1.);
#8098 = DIRECTION('',(0.,1.));
#8099 = ( GEOMETRIC_REPRESENTATION_CONTEXT(2) 
PARAMETRIC_REPRESENTATION_CONTEXT() REPRESENTATION_CONTEXT('2D SPACE',''
  ) );
#8100 = ORIENTED_EDGE('',*,*,#3126,.F.);
#8101 = ADVANCED_FACE('',(#8102),#3115,.T.);
#8102 = FACE_BOUND('',#8103,.T.);
#8103 = EDGE_LOOP('',(#8104,#8105,#8128,#8149));
#8104 = ORIENTED_EDGE('',*,*,#3100,.F.);
#8105 = ORIENTED_EDGE('',*,*,#8106,.F.);
#8106 = EDGE_CURVE('',#8107,#3072,#8109,.T.);
#8107 = VERTEX_POINT('',#8108);
#8108 = CARTESIAN_POINT('',(-7.5,21.01,-10.5));
#8109 = SURFACE_CURVE('',#8110,(#8114,#8121),.PCURVE_S1.);
#8110 = LINE('',#8111,#8112);
#8111 = CARTESIAN_POINT('',(-7.5,21.01,-10.5));
#8112 = VECTOR('',#8113,1.);
#8113 = DIRECTION('',(0.,1.,0.));
#8114 = PCURVE('',#3115,#8115);
#8115 = DEFINITIONAL_REPRESENTATION('',(#8116),#8120);
#8116 = LINE('',#8117,#8118);
#8117 = CARTESIAN_POINT('',(3.,0.));
#8118 = VECTOR('',#8119,1.);
#8119 = DIRECTION('',(0.,1.));
#8120 = ( GEOMETRIC_REPRESENTATION_CONTEXT(2) 
PARAMETRIC_REPRESENTATION_CONTEXT() REPRESENTATION_CONTEXT('2D SPACE',''
  ) );
#8121 = PCURVE('',#3088,#8122);
#8122 = DEFINITIONAL_REPRESENTATION('',(#8123),#8127);
#8123 = LINE('',#8124,#8125);
#8124 = CARTESIAN_POINT('',(-1.570796326795,0.));
#8125 = VECTOR('',#8126,1.);
#8126 = DIRECTION('',(-0.,1.));
#8127 = ( GEOMETRIC_REPRESENTATION_CONTEXT(2) 
PARAMETRIC_REPRESENTATION_CONTEXT() REPRESENTATION_CONTEXT('2D SPACE',''
  ) );
#8128 = ORIENTED_EDGE('',*,*,#8129,.T.);
#8129 = EDGE_CURVE('',#8107,#8057,#8130,.T.);
#8130 = SURFACE_CURVE('',#8131,(#8135,#8142),.PCURVE_S1.);
#8131 = LINE('',#8132,#8133);
#8132 = CARTESIAN_POINT('',(-10.5,21.01,-10.5));
#8133 = VECTOR('',#8134,1.);
#8134 = DIRECTION('',(1.,0.,0.));
#8135 = PCURVE('',#3115,#8136);
#8136 = DEFINITIONAL_REPRESENTATION('',(#8137),#8141);
#8137 = LINE('',#8138,#8139);
#8138 = CARTESIAN_POINT('',(0.,0.));
#8139 = VECTOR('',#8140,1.);
#8140 = DIRECTION('',(1.,0.));
#8141 = ( GEOMETRIC_REPRESENTATION_CONTEXT(2) 
PARAMETRIC_REPRESENTATION_CONTEXT() REPRESENTATION_CONTEXT('2D SPACE',''
  ) );
#8142 = PCURVE('',#7866,#8143);
#8143 = DEFINITIONAL_REPRESENTATION('',(#8144),#8148);
#8144 = LINE('',#8145,#8146);
#8145 = CARTESIAN_POINT('',(0.,0.));
#8146 = VECTOR('',#8147,1.);
#8147 = DIRECTION('',(0.,1.));
#8148 = ( GEOMETRIC_REPRESENTATION_CONTEXT(2) 
PARAMETRIC_REPRESENTATION_CONTEXT() REPRESENTATION_CONTEXT('2D SPACE',''
  ) );
#8149 = ORIENTED_EDGE('',*,*,#8080,.T.);
#8150 = ADVANCED_FACE('',(#8151),#3088,.F.);
#8151 = FACE_BOUND('',#8152,.T.);
#8152 = EDGE_LOOP('',(#8153,#8176,#8202,#8203));
#8153 = ORIENTED_EDGE('',*,*,#8154,.F.);
#8154 = EDGE_CURVE('',#8155,#3046,#8157,.T.);
#8155 = VERTEX_POINT('',#8156);
#8156 = CARTESIAN_POINT('',(-10.5,21.01,-7.5));
#8157 = SURFACE_CURVE('',#8158,(#8162,#8169),.PCURVE_S1.);
#8158 = LINE('',#8159,#8160);
#8159 = CARTESIAN_POINT('',(-10.5,21.01,-7.5));
#8160 = VECTOR('',#8161,1.);
#8161 = DIRECTION('',(0.,1.,0.));
#8162 = PCURVE('',#3088,#8163);
#8163 = DEFINITIONAL_REPRESENTATION('',(#8164),#8168);
#8164 = LINE('',#8165,#8166);
#8165 = CARTESIAN_POINT('',(-0.,0.));
#8166 = VECTOR('',#8167,1.);
#8167 = DIRECTION('',(-0.,1.));
#8168 = ( GEOMETRIC_REPRESENTATION_CONTEXT(2) 
PARAMETRIC_REPRESENTATION_CONTEXT() REPRESENTATION_CONTEXT('2D SPACE',''
  ) );
#8169 = PCURVE('',#3060,#8170);
#8170 = DEFINITIONAL_REPRESENTATION('',(#8171),#8175);
#8171 = LINE('',#8172,#8173);
#8172 = CARTESIAN_POINT('',(3.,0.));
#8173 = VECTOR('',#8174,1.);
#8174 = DIRECTION('',(0.,-1.));
#8175 = ( GEOMETRIC_REPRESENTATION_CONTEXT(2) 
PARAMETRIC_REPRESENTATION_CONTEXT() REPRESENTATION_CONTEXT('2D SPACE',''
  ) );
#8176 = ORIENTED_EDGE('',*,*,#8177,.T.);
#8177 = EDGE_CURVE('',#8155,#8107,#8178,.T.);
#8178 = SURFACE_CURVE('',#8179,(#8184,#8191),.PCURVE_S1.);
#8179 = CIRCLE('',#8180,3.);
#8180 = AXIS2_PLACEMENT_3D('',#8181,#8182,#8183);
#8181 = CARTESIAN_POINT('',(-7.5,21.01,-7.5));
#8182 = DIRECTION('',(-0.,-1.,0.));
#8183 = DIRECTION('',(0.,-0.,1.));
#8184 = PCURVE('',#3088,#8185);
#8185 = DEFINITIONAL_REPRESENTATION('',(#8186),#8190);
#8186 = LINE('',#8187,#8188);
#8187 = CARTESIAN_POINT('',(1.570796326795,-0.));
#8188 = VECTOR('',#8189,1.);
#8189 = DIRECTION('',(-1.,0.));
#8190 = ( GEOMETRIC_REPRESENTATION_CONTEXT(2) 
PARAMETRIC_REPRESENTATION_CONTEXT() REPRESENTATION_CONTEXT('2D SPACE',''
  ) );
#8191 = PCURVE('',#7866,#8192);
#8192 = DEFINITIONAL_REPRESENTATION('',(#8193),#8201);
#8193 = ( BOUNDED_CURVE() B_SPLINE_CURVE(2,(#8194,#8195,#8196,#8197,
#8198,#8199,#8200),.UNSPECIFIED.,.T.,.F.) B_SPLINE_CURVE_WITH_KNOTS((1,2
    ,2,2,2,1),(-2.094395102393,0.,2.094395102393,4.188790204786,
6.28318530718,8.377580409573),.UNSPECIFIED.) CURVE() 
GEOMETRIC_REPRESENTATION_ITEM() RATIONAL_B_SPLINE_CURVE((1.,0.5,1.,0.5,
1.,0.5,1.)) REPRESENTATION_ITEM('') );
#8194 = CARTESIAN_POINT('',(6.,3.));
#8195 = CARTESIAN_POINT('',(6.,-2.196152422707));
#8196 = CARTESIAN_POINT('',(1.5,0.401923788647));
#8197 = CARTESIAN_POINT('',(-3.,3.));
#8198 = CARTESIAN_POINT('',(1.5,5.598076211353));
#8199 = CARTESIAN_POINT('',(6.,8.196152422707));
#8200 = CARTESIAN_POINT('',(6.,3.));
#8201 = ( GEOMETRIC_REPRESENTATION_CONTEXT(2) 
PARAMETRIC_REPRESENTATION_CONTEXT() REPRESENTATION_CONTEXT('2D SPACE',''
  ) );
#8202 = ORIENTED_EDGE('',*,*,#8106,.T.);
#8203 = ORIENTED_EDGE('',*,*,#3071,.T.);
#8204 = ADVANCED_FACE('',(#8205),#3060,.T.);
#8205 = FACE_BOUND('',#8206,.T.);
#8206 = EDGE_LOOP('',(#8207,#8228,#8229,#8230));
#8207 = ORIENTED_EDGE('',*,*,#8208,.F.);
#8208 = EDGE_CURVE('',#8155,#7827,#8209,.T.);
#8209 = SURFACE_CURVE('',#8210,(#8214,#8221),.PCURVE_S1.);
#8210 = LINE('',#8211,#8212);
#8211 = CARTESIAN_POINT('',(-10.5,21.01,-10.5));
#8212 = VECTOR('',#8213,1.);
#8213 = DIRECTION('',(0.,0.,1.));
#8214 = PCURVE('',#3060,#8215);
#8215 = DEFINITIONAL_REPRESENTATION('',(#8216),#8220);
#8216 = LINE('',#8217,#8218);
#8217 = CARTESIAN_POINT('',(0.,0.));
#8218 = VECTOR('',#8219,1.);
#8219 = DIRECTION('',(1.,0.));
#8220 = ( GEOMETRIC_REPRESENTATION_CONTEXT(2) 
PARAMETRIC_REPRESENTATION_CONTEXT() REPRESENTATION_CONTEXT('2D SPACE',''
  ) );
#8221 = PCURVE('',#7866,#8222);
#8222 = DEFINITIONAL_REPRESENTATION('',(#8223),#8227);
#8223 = LINE('',#8224,#8225);
#8224 = CARTESIAN_POINT('',(0.,0.));
#8225 = VECTOR('',#8226,1.);
#8226 = DIRECTION('',(1.,0.));
#8227 = ( GEOMETRIC_REPRESENTATION_CONTEXT(2) 
PARAMETRIC_REPRESENTATION_CONTEXT() REPRESENTATION_CONTEXT('2D SPACE',''
  ) );
#8228 = ORIENTED_EDGE('',*,*,#8154,.T.);
#8229 = ORIENTED_EDGE('',*,*,#3045,.F.);
#8230 = ORIENTED_EDGE('',*,*,#7826,.F.);
#8231 = ADVANCED_FACE('',(#8232),#3344,.T.);
#8232 = FACE_BOUND('',#8233,.T.);
#8233 = EDGE_LOOP('',(#8234,#8255,#8256,#8257));
#8234 = ORIENTED_EDGE('',*,*,#8235,.F.);
#8235 = EDGE_CURVE('',#3307,#8236,#8238,.T.);
#8236 = VERTEX_POINT('',#8237);
#8237 = CARTESIAN_POINT('',(-11.85,19.91,-19.75));
#8238 = SURFACE_CURVE('',#8239,(#8243,#8249),.PCURVE_S1.);
#8239 = LINE('',#8240,#8241);
#8240 = CARTESIAN_POINT('',(-12.05,19.91,-19.55));
#8241 = VECTOR('',#8242,1.);
#8242 = DIRECTION('',(0.707106781187,0.,-0.707106781187));
#8243 = PCURVE('',#3344,#8244);
#8244 = DEFINITIONAL_REPRESENTATION('',(#8245),#8248);
#8245 = B_SPLINE_CURVE_WITH_KNOTS('',1,(#8246,#8247),.UNSPECIFIED.,.F.,
  .F.,(2,2),(-0.282842712475,0.282842712475),.PIECEWISE_BEZIER_KNOTS.);
#8246 = CARTESIAN_POINT('',(0.,0.));
#8247 = CARTESIAN_POINT('',(0.,-0.4));
#8248 = ( GEOMETRIC_REPRESENTATION_CONTEXT(2) 
PARAMETRIC_REPRESENTATION_CONTEXT() REPRESENTATION_CONTEXT('2D SPACE',''
  ) );
#8249 = PCURVE('',#3399,#8250);
#8250 = DEFINITIONAL_REPRESENTATION('',(#8251),#8254);
#8251 = B_SPLINE_CURVE_WITH_KNOTS('',1,(#8252,#8253),.UNSPECIFIED.,.F.,
  .F.,(2,2),(-0.282842712475,0.282842712475),.PIECEWISE_BEZIER_KNOTS.);
#8252 = CARTESIAN_POINT('',(5.5,-0.282842712475));
#8253 = CARTESIAN_POINT('',(5.5,0.282842712475));
#8254 = ( GEOMETRIC_REPRESENTATION_CONTEXT(2) 
PARAMETRIC_REPRESENTATION_CONTEXT() REPRESENTATION_CONTEXT('2D SPACE',''
  ) );
#8255 = ORIENTED_EDGE('',*,*,#3329,.T.);
#8256 = ORIENTED_EDGE('',*,*,#7421,.T.);
#8257 = ORIENTED_EDGE('',*,*,#8258,.F.);
#8258 = EDGE_CURVE('',#8236,#7422,#8259,.T.);
#8259 = SURFACE_CURVE('',#8260,(#8265,#8272),.PCURVE_S1.);
#8260 = CIRCLE('',#8261,1.1);
#8261 = AXIS2_PLACEMENT_3D('',#8262,#8263,#8264);
#8262 = CARTESIAN_POINT('',(-10.75,19.91,-19.75));
#8263 = DIRECTION('',(-0.,0.,-1.));
#8264 = DIRECTION('',(-1.,0.,0.));
#8265 = PCURVE('',#3344,#8266);
#8266 = DEFINITIONAL_REPRESENTATION('',(#8267),#8271);
#8267 = LINE('',#8268,#8269);
#8268 = CARTESIAN_POINT('',(-0.,-0.4));
#8269 = VECTOR('',#8270,1.);
#8270 = DIRECTION('',(-1.,-0.));
#8271 = ( GEOMETRIC_REPRESENTATION_CONTEXT(2) 
PARAMETRIC_REPRESENTATION_CONTEXT() REPRESENTATION_CONTEXT('2D SPACE',''
  ) );
#8272 = PCURVE('',#7478,#8273);
#8273 = DEFINITIONAL_REPRESENTATION('',(#8274),#8282);
#8274 = ( BOUNDED_CURVE() B_SPLINE_CURVE(2,(#8275,#8276,#8277,#8278,
#8279,#8280,#8281),.UNSPECIFIED.,.T.,.F.) B_SPLINE_CURVE_WITH_KNOTS((1,2
    ,2,2,2,1),(-2.094395102393,0.,2.094395102393,4.188790204786,
6.28318530718,8.377580409573),.UNSPECIFIED.) CURVE() 
GEOMETRIC_REPRESENTATION_ITEM() RATIONAL_B_SPLINE_CURVE((1.,0.5,1.,0.5,
1.,0.5,1.)) REPRESENTATION_ITEM('') );
#8275 = CARTESIAN_POINT('',(0.4,7.));
#8276 = CARTESIAN_POINT('',(0.4,8.905255888326));
#8277 = CARTESIAN_POINT('',(2.05,7.952627944163));
#8278 = CARTESIAN_POINT('',(3.7,7.));
#8279 = CARTESIAN_POINT('',(2.05,6.047372055837));
#8280 = CARTESIAN_POINT('',(0.4,5.094744111674));
#8281 = CARTESIAN_POINT('',(0.4,7.));
#8282 = ( GEOMETRIC_REPRESENTATION_CONTEXT(2) 
PARAMETRIC_REPRESENTATION_CONTEXT() REPRESENTATION_CONTEXT('2D SPACE',''
  ) );
#8283 = ADVANCED_FACE('',(#8284),#3399,.T.);
#8284 = FACE_BOUND('',#8285,.T.);
#8285 = EDGE_LOOP('',(#8286,#8307,#8308,#8309));
#8286 = ORIENTED_EDGE('',*,*,#8287,.F.);
#8287 = EDGE_CURVE('',#3363,#8288,#8290,.T.);
#8288 = VERTEX_POINT('',#8289);
#8289 = CARTESIAN_POINT('',(-11.85,14.41,-19.75));
#8290 = SURFACE_CURVE('',#8291,(#8295,#8301),.PCURVE_S1.);
#8291 = LINE('',#8292,#8293);
#8292 = CARTESIAN_POINT('',(-12.05,14.41,-19.55));
#8293 = VECTOR('',#8294,1.);
#8294 = DIRECTION('',(0.707106781187,0.,-0.707106781187));
#8295 = PCURVE('',#3399,#8296);
#8296 = DEFINITIONAL_REPRESENTATION('',(#8297),#8300);
#8297 = B_SPLINE_CURVE_WITH_KNOTS('',1,(#8298,#8299),.UNSPECIFIED.,.F.,
  .F.,(2,2),(-0.282842712475,0.282842712475),.PIECEWISE_BEZIER_KNOTS.);
#8298 = CARTESIAN_POINT('',(0.,-0.282842712475));
#8299 = CARTESIAN_POINT('',(0.,0.282842712475));
#8300 = ( GEOMETRIC_REPRESENTATION_CONTEXT(2) 
PARAMETRIC_REPRESENTATION_CONTEXT() REPRESENTATION_CONTEXT('2D SPACE',''
  ) );
#8301 = PCURVE('',#3434,#8302);
#8302 = DEFINITIONAL_REPRESENTATION('',(#8303),#8306);
#8303 = B_SPLINE_CURVE_WITH_KNOTS('',1,(#8304,#8305),.UNSPECIFIED.,.F.,
  .F.,(2,2),(-0.282842712475,0.282842712475),.PIECEWISE_BEZIER_KNOTS.);
#8304 = CARTESIAN_POINT('',(-1.570796326795,0.));
#8305 = CARTESIAN_POINT('',(-1.570796326795,-0.4));
#8306 = ( GEOMETRIC_REPRESENTATION_CONTEXT(2) 
PARAMETRIC_REPRESENTATION_CONTEXT() REPRESENTATION_CONTEXT('2D SPACE',''
  ) );
#8307 = ORIENTED_EDGE('',*,*,#3385,.T.);
#8308 = ORIENTED_EDGE('',*,*,#8235,.T.);
#8309 = ORIENTED_EDGE('',*,*,#8310,.F.);
#8310 = EDGE_CURVE('',#8288,#8236,#8311,.T.);
#8311 = SURFACE_CURVE('',#8312,(#8316,#8323),.PCURVE_S1.);
#8312 = LINE('',#8313,#8314);
#8313 = CARTESIAN_POINT('',(-11.85,14.41,-19.75));
#8314 = VECTOR('',#8315,1.);
#8315 = DIRECTION('',(0.,1.,0.));
#8316 = PCURVE('',#3399,#8317);
#8317 = DEFINITIONAL_REPRESENTATION('',(#8318),#8322);
#8318 = LINE('',#8319,#8320);
#8319 = CARTESIAN_POINT('',(0.,0.282842712475));
#8320 = VECTOR('',#8321,1.);
#8321 = DIRECTION('',(1.,0.));
#8322 = ( GEOMETRIC_REPRESENTATION_CONTEXT(2) 
PARAMETRIC_REPRESENTATION_CONTEXT() REPRESENTATION_CONTEXT('2D SPACE',''
  ) );
#8323 = PCURVE('',#7478,#8324);
#8324 = DEFINITIONAL_REPRESENTATION('',(#8325),#8329);
#8325 = LINE('',#8326,#8327);
#8326 = CARTESIAN_POINT('',(0.4,1.5));
#8327 = VECTOR('',#8328,1.);
#8328 = DIRECTION('',(0.,1.));
#8329 = ( GEOMETRIC_REPRESENTATION_CONTEXT(2) 
PARAMETRIC_REPRESENTATION_CONTEXT() REPRESENTATION_CONTEXT('2D SPACE',''
  ) );
#8330 = ADVANCED_FACE('',(#8331),#3434,.T.);
#8331 = FACE_BOUND('',#8332,.T.);
#8332 = EDGE_LOOP('',(#8333,#8354,#8355,#8356));
#8333 = ORIENTED_EDGE('',*,*,#8334,.F.);
#8334 = EDGE_CURVE('',#3418,#8335,#8337,.T.);
#8335 = VERTEX_POINT('',#8336);
#8336 = CARTESIAN_POINT('',(-10.75,13.31,-19.75));
#8337 = SURFACE_CURVE('',#8338,(#8342,#8348),.PCURVE_S1.);
#8338 = LINE('',#8339,#8340);
#8339 = CARTESIAN_POINT('',(-10.75,13.11,-19.55));
#8340 = VECTOR('',#8341,1.);
#8341 = DIRECTION('',(-0.,0.707106781187,-0.707106781187));
#8342 = PCURVE('',#3434,#8343);
#8343 = DEFINITIONAL_REPRESENTATION('',(#8344),#8347);
#8344 = B_SPLINE_CURVE_WITH_KNOTS('',1,(#8345,#8346),.UNSPECIFIED.,.F.,
  .F.,(2,2),(-0.282842712475,0.282842712475),.PIECEWISE_BEZIER_KNOTS.);
#8345 = CARTESIAN_POINT('',(0.,0.));
#8346 = CARTESIAN_POINT('',(0.,-0.4));
#8347 = ( GEOMETRIC_REPRESENTATION_CONTEXT(2) 
PARAMETRIC_REPRESENTATION_CONTEXT() REPRESENTATION_CONTEXT('2D SPACE',''
  ) );
#8348 = PCURVE('',#3487,#8349);
#8349 = DEFINITIONAL_REPRESENTATION('',(#8350),#8353);
#8350 = B_SPLINE_CURVE_WITH_KNOTS('',1,(#8351,#8352),.UNSPECIFIED.,.F.,
  .F.,(2,2),(-0.282842712475,0.282842712475),.PIECEWISE_BEZIER_KNOTS.);
#8351 = CARTESIAN_POINT('',(4.,-0.282842712475));
#8352 = CARTESIAN_POINT('',(4.,0.282842712475));
#8353 = ( GEOMETRIC_REPRESENTATION_CONTEXT(2) 
PARAMETRIC_REPRESENTATION_CONTEXT() REPRESENTATION_CONTEXT('2D SPACE',''
  ) );
#8354 = ORIENTED_EDGE('',*,*,#3417,.T.);
#8355 = ORIENTED_EDGE('',*,*,#8287,.T.);
#8356 = ORIENTED_EDGE('',*,*,#8357,.F.);
#8357 = EDGE_CURVE('',#8335,#8288,#8358,.T.);
#8358 = SURFACE_CURVE('',#8359,(#8364,#8371),.PCURVE_S1.);
#8359 = CIRCLE('',#8360,1.1);
#8360 = AXIS2_PLACEMENT_3D('',#8361,#8362,#8363);
#8361 = CARTESIAN_POINT('',(-10.75,14.41,-19.75));
#8362 = DIRECTION('',(-0.,-0.,-1.));
#8363 = DIRECTION('',(0.,-1.,0.));
#8364 = PCURVE('',#3434,#8365);
#8365 = DEFINITIONAL_REPRESENTATION('',(#8366),#8370);
#8366 = LINE('',#8367,#8368);
#8367 = CARTESIAN_POINT('',(-0.,-0.4));
#8368 = VECTOR('',#8369,1.);
#8369 = DIRECTION('',(-1.,-0.));
#8370 = ( GEOMETRIC_REPRESENTATION_CONTEXT(2) 
PARAMETRIC_REPRESENTATION_CONTEXT() REPRESENTATION_CONTEXT('2D SPACE',''
  ) );
#8371 = PCURVE('',#7478,#8372);
#8372 = DEFINITIONAL_REPRESENTATION('',(#8373),#8381);
#8373 = ( BOUNDED_CURVE() B_SPLINE_CURVE(2,(#8374,#8375,#8376,#8377,
#8378,#8379,#8380),.UNSPECIFIED.,.T.,.F.) B_SPLINE_CURVE_WITH_KNOTS((1,2
    ,2,2,2,1),(-2.094395102393,0.,2.094395102393,4.188790204786,
6.28318530718,8.377580409573),.UNSPECIFIED.) CURVE() 
GEOMETRIC_REPRESENTATION_ITEM() RATIONAL_B_SPLINE_CURVE((1.,0.5,1.,0.5,
1.,0.5,1.)) REPRESENTATION_ITEM('') );
#8374 = CARTESIAN_POINT('',(1.5,0.4));
#8375 = CARTESIAN_POINT('',(-0.405255888326,0.4));
#8376 = CARTESIAN_POINT('',(0.547372055837,2.05));
#8377 = CARTESIAN_POINT('',(1.5,3.7));
#8378 = CARTESIAN_POINT('',(2.452627944163,2.05));
#8379 = CARTESIAN_POINT('',(3.405255888326,0.4));
#8380 = CARTESIAN_POINT('',(1.5,0.4));
#8381 = ( GEOMETRIC_REPRESENTATION_CONTEXT(2) 
PARAMETRIC_REPRESENTATION_CONTEXT() REPRESENTATION_CONTEXT('2D SPACE',''
  ) );
#8382 = ADVANCED_FACE('',(#8383),#3487,.T.);
#8383 = FACE_BOUND('',#8384,.T.);
#8384 = EDGE_LOOP('',(#8385,#8411,#8412,#8413));
#8385 = ORIENTED_EDGE('',*,*,#8386,.F.);
#8386 = EDGE_CURVE('',#3472,#8387,#8389,.T.);
#8387 = VERTEX_POINT('',#8388);
#8388 = CARTESIAN_POINT('',(-6.75,13.31,-19.75));
#8389 = SURFACE_CURVE('',#8390,(#8394,#8400),.PCURVE_S1.);
#8390 = LINE('',#8391,#8392);
#8391 = CARTESIAN_POINT('',(-6.75,12.91,-19.35));
#8392 = VECTOR('',#8393,1.);
#8393 = DIRECTION('',(-4.329780281177E-17,0.707106781187,-0.707106781187
    ));
#8394 = PCURVE('',#3487,#8395);
#8395 = DEFINITIONAL_REPRESENTATION('',(#8396),#8399);
#8396 = B_SPLINE_CURVE_WITH_KNOTS('',1,(#8397,#8398),.UNSPECIFIED.,.F.,
  .F.,(2,2),(0.,0.565685424949),.PIECEWISE_BEZIER_KNOTS.);
#8397 = CARTESIAN_POINT('',(0.,-0.282842712475));
#8398 = CARTESIAN_POINT('',(0.,0.282842712475));
#8399 = ( GEOMETRIC_REPRESENTATION_CONTEXT(2) 
PARAMETRIC_REPRESENTATION_CONTEXT() REPRESENTATION_CONTEXT('2D SPACE',''
  ) );
#8400 = PCURVE('',#8401,#8406);
#8401 = CONICAL_SURFACE('',#8402,1.5,0.785398163397);
#8402 = AXIS2_PLACEMENT_3D('',#8403,#8404,#8405);
#8403 = CARTESIAN_POINT('',(-6.75,14.41,-19.35));
#8404 = DIRECTION('',(0.,0.,1.));
#8405 = DIRECTION('',(1.,0.,-0.));
#8406 = DEFINITIONAL_REPRESENTATION('',(#8407),#8410);
#8407 = B_SPLINE_CURVE_WITH_KNOTS('',1,(#8408,#8409),.UNSPECIFIED.,.F.,
  .F.,(2,2),(0.,0.565685424949),.PIECEWISE_BEZIER_KNOTS.);
#8408 = CARTESIAN_POINT('',(-1.570796326795,0.));
#8409 = CARTESIAN_POINT('',(-1.570796326795,-0.4));
#8410 = ( GEOMETRIC_REPRESENTATION_CONTEXT(2) 
PARAMETRIC_REPRESENTATION_CONTEXT() REPRESENTATION_CONTEXT('2D SPACE',''
  ) );
#8411 = ORIENTED_EDGE('',*,*,#3471,.T.);
#8412 = ORIENTED_EDGE('',*,*,#8334,.T.);
#8413 = ORIENTED_EDGE('',*,*,#8414,.F.);
#8414 = EDGE_CURVE('',#8387,#8335,#8415,.T.);
#8415 = SURFACE_CURVE('',#8416,(#8420,#8427),.PCURVE_S1.);
#8416 = LINE('',#8417,#8418);
#8417 = CARTESIAN_POINT('',(-6.75,13.31,-19.75));
#8418 = VECTOR('',#8419,1.);
#8419 = DIRECTION('',(-1.,-0.,-0.));
#8420 = PCURVE('',#3487,#8421);
#8421 = DEFINITIONAL_REPRESENTATION('',(#8422),#8426);
#8422 = LINE('',#8423,#8424);
#8423 = CARTESIAN_POINT('',(0.,0.282842712475));
#8424 = VECTOR('',#8425,1.);
#8425 = DIRECTION('',(1.,0.));
#8426 = ( GEOMETRIC_REPRESENTATION_CONTEXT(2) 
PARAMETRIC_REPRESENTATION_CONTEXT() REPRESENTATION_CONTEXT('2D SPACE',''
  ) );
#8427 = PCURVE('',#7478,#8428);
#8428 = DEFINITIONAL_REPRESENTATION('',(#8429),#8433);
#8429 = LINE('',#8430,#8431);
#8430 = CARTESIAN_POINT('',(5.5,0.4));
#8431 = VECTOR('',#8432,1.);
#8432 = DIRECTION('',(-1.,-0.));
#8433 = ( GEOMETRIC_REPRESENTATION_CONTEXT(2) 
PARAMETRIC_REPRESENTATION_CONTEXT() REPRESENTATION_CONTEXT('2D SPACE',''
  ) );
#8434 = ADVANCED_FACE('',(#8435),#3536,.T.);
#8435 = FACE_BOUND('',#8436,.F.);
#8436 = EDGE_LOOP('',(#8437,#8460,#8482,#8483));
#8437 = ORIENTED_EDGE('',*,*,#8438,.F.);
#8438 = EDGE_CURVE('',#8439,#3756,#8441,.T.);
#8439 = VERTEX_POINT('',#8440);
#8440 = CARTESIAN_POINT('',(-5.25,14.41,-19.35));
#8441 = SURFACE_CURVE('',#8442,(#8446,#8453),.PCURVE_S1.);
#8442 = LINE('',#8443,#8444);
#8443 = CARTESIAN_POINT('',(-5.25,14.41,-19.75));
#8444 = VECTOR('',#8445,1.);
#8445 = DIRECTION('',(0.,0.,1.));
#8446 = PCURVE('',#3536,#8447);
#8447 = DEFINITIONAL_REPRESENTATION('',(#8448),#8452);
#8448 = LINE('',#8449,#8450);
#8449 = CARTESIAN_POINT('',(-0.,0.));
#8450 = VECTOR('',#8451,1.);
#8451 = DIRECTION('',(-0.,1.));
#8452 = ( GEOMETRIC_REPRESENTATION_CONTEXT(2) 
PARAMETRIC_REPRESENTATION_CONTEXT() REPRESENTATION_CONTEXT('2D SPACE',''
  ) );
#8453 = PCURVE('',#3770,#8454);
#8454 = DEFINITIONAL_REPRESENTATION('',(#8455),#8459);
#8455 = LINE('',#8456,#8457);
#8456 = CARTESIAN_POINT('',(0.,-1.5));
#8457 = VECTOR('',#8458,1.);
#8458 = DIRECTION('',(1.,0.));
#8459 = ( GEOMETRIC_REPRESENTATION_CONTEXT(2) 
PARAMETRIC_REPRESENTATION_CONTEXT() REPRESENTATION_CONTEXT('2D SPACE',''
  ) );
#8460 = ORIENTED_EDGE('',*,*,#8461,.T.);
#8461 = EDGE_CURVE('',#8439,#3472,#8462,.T.);
#8462 = SURFACE_CURVE('',#8463,(#8468,#8475),.PCURVE_S1.);
#8463 = CIRCLE('',#8464,1.5);
#8464 = AXIS2_PLACEMENT_3D('',#8465,#8466,#8467);
#8465 = CARTESIAN_POINT('',(-6.75,14.41,-19.35));
#8466 = DIRECTION('',(0.,-0.,-1.));
#8467 = DIRECTION('',(1.,0.,-0.));
#8468 = PCURVE('',#3536,#8469);
#8469 = DEFINITIONAL_REPRESENTATION('',(#8470),#8474);
#8470 = LINE('',#8471,#8472);
#8471 = CARTESIAN_POINT('',(-0.,0.4));
#8472 = VECTOR('',#8473,1.);
#8473 = DIRECTION('',(-1.,0.));
#8474 = ( GEOMETRIC_REPRESENTATION_CONTEXT(2) 
PARAMETRIC_REPRESENTATION_CONTEXT() REPRESENTATION_CONTEXT('2D SPACE',''
  ) );
#8475 = PCURVE('',#8401,#8476);
#8476 = DEFINITIONAL_REPRESENTATION('',(#8477),#8481);
#8477 = LINE('',#8478,#8479);
#8478 = CARTESIAN_POINT('',(-0.,-0.));
#8479 = VECTOR('',#8480,1.);
#8480 = DIRECTION('',(-1.,-0.));
#8481 = ( GEOMETRIC_REPRESENTATION_CONTEXT(2) 
PARAMETRIC_REPRESENTATION_CONTEXT() REPRESENTATION_CONTEXT('2D SPACE',''
  ) );
#8482 = ORIENTED_EDGE('',*,*,#3522,.T.);
#8483 = ORIENTED_EDGE('',*,*,#3781,.T.);
#8484 = ADVANCED_FACE('',(#8485),#3591,.T.);
#8485 = FACE_BOUND('',#8486,.T.);
#8486 = EDGE_LOOP('',(#8487,#8508,#8509,#8510,#8534,#8595,#8614,#8615));
#8487 = ORIENTED_EDGE('',*,*,#8488,.F.);
#8488 = EDGE_CURVE('',#4501,#7727,#8489,.T.);
#8489 = SURFACE_CURVE('',#8490,(#8494,#8501),.PCURVE_S1.);
#8490 = LINE('',#8491,#8492);
#8491 = CARTESIAN_POINT('',(14.25,8.5,-9.));
#8492 = VECTOR('',#8493,1.);
#8493 = DIRECTION('',(0.,1.,0.));
#8494 = PCURVE('',#3591,#8495);
#8495 = DEFINITIONAL_REPRESENTATION('',(#8496),#8500);
#8496 = LINE('',#8497,#8498);
#8497 = CARTESIAN_POINT('',(0.,0.));
#8498 = VECTOR('',#8499,1.);
#8499 = DIRECTION('',(0.,1.));
#8500 = ( GEOMETRIC_REPRESENTATION_CONTEXT(2) 
PARAMETRIC_REPRESENTATION_CONTEXT() REPRESENTATION_CONTEXT('2D SPACE',''
  ) );
#8501 = PCURVE('',#4583,#8502);
#8502 = DEFINITIONAL_REPRESENTATION('',(#8503),#8507);
#8503 = LINE('',#8504,#8505);
#8504 = CARTESIAN_POINT('',(5.25,0.));
#8505 = VECTOR('',#8506,1.);
#8506 = DIRECTION('',(0.,-1.));
#8507 = ( GEOMETRIC_REPRESENTATION_CONTEXT(2) 
PARAMETRIC_REPRESENTATION_CONTEXT() REPRESENTATION_CONTEXT('2D SPACE',''
  ) );
#8508 = ORIENTED_EDGE('',*,*,#4521,.F.);
#8509 = ORIENTED_EDGE('',*,*,#3575,.T.);
#8510 = ORIENTED_EDGE('',*,*,#8511,.F.);
#8511 = EDGE_CURVE('',#8512,#3576,#8514,.T.);
#8512 = VERTEX_POINT('',#8513);
#8513 = CARTESIAN_POINT('',(10.75,12.91,-13.9497474683));
#8514 = SURFACE_CURVE('',#8515,(#8520,#8527),.PCURVE_S1.);
#8515 = CIRCLE('',#8516,5.25);
#8516 = AXIS2_PLACEMENT_3D('',#8517,#8518,#8519);
#8517 = CARTESIAN_POINT('',(9.,12.91,-9.));
#8518 = DIRECTION('',(0.,1.,0.));
#8519 = DIRECTION('',(1.,0.,-0.));
#8520 = PCURVE('',#3591,#8521);
#8521 = DEFINITIONAL_REPRESENTATION('',(#8522),#8526);
#8522 = LINE('',#8523,#8524);
#8523 = CARTESIAN_POINT('',(0.,4.41));
#8524 = VECTOR('',#8525,1.);
#8525 = DIRECTION('',(1.,0.));
#8526 = ( GEOMETRIC_REPRESENTATION_CONTEXT(2) 
PARAMETRIC_REPRESENTATION_CONTEXT() REPRESENTATION_CONTEXT('2D SPACE',''
  ) );
#8527 = PCURVE('',#3618,#8528);
#8528 = DEFINITIONAL_REPRESENTATION('',(#8529),#8533);
#8529 = CIRCLE('',#8530,5.25);
#8530 = AXIS2_PLACEMENT_2D('',#8531,#8532);
#8531 = CARTESIAN_POINT('',(10.75,3.75));
#8532 = DIRECTION('',(0.,1.));
#8533 = ( GEOMETRIC_REPRESENTATION_CONTEXT(2) 
PARAMETRIC_REPRESENTATION_CONTEXT() REPRESENTATION_CONTEXT('2D SPACE',''
  ) );
#8534 = ORIENTED_EDGE('',*,*,#8535,.F.);
#8535 = EDGE_CURVE('',#8536,#8512,#8538,.T.);
#8536 = VERTEX_POINT('',#8537);
#8537 = CARTESIAN_POINT('',(12.25,14.41,-13.12310562561));
#8538 = SURFACE_CURVE('',#8539,(#8554,#8572),.PCURVE_S1.);
#8539 = B_SPLINE_CURVE_WITH_KNOTS('',7,(#8540,#8541,#8542,#8543,#8544,
    #8545,#8546,#8547,#8548,#8549,#8550,#8551,#8552,#8553),
  .UNSPECIFIED.,.F.,.F.,(8,6,8),(0.,0.460983172613,1.),.UNSPECIFIED.);
#8540 = CARTESIAN_POINT('',(12.25,14.41,-13.12310562561));
#8541 = CARTESIAN_POINT('',(12.25,14.260981626033,-13.12310562561));
#8542 = CARTESIAN_POINT('',(12.232728229931,14.113024469728,
    -13.13672007771));
#8543 = CARTESIAN_POINT('',(12.19862798517,13.967929184457,
    -13.16359850478));
#8544 = CARTESIAN_POINT('',(12.148134757457,13.827472223524,
    -13.20266263383));
#8545 = CARTESIAN_POINT('',(12.081791413794,13.693589383172,
    -13.25210067575));
#8546 = CARTESIAN_POINT('',(12.000504400508,13.56837839823,
    -13.30957207035));
#8547 = CARTESIAN_POINT('',(11.794998989524,13.319965029465,
    -13.44614098977));
#8548 = CARTESIAN_POINT('',(11.663814389789,13.198238829119,
    -13.52859950017));
#8549 = CARTESIAN_POINT('',(11.512919870319,13.092308336924,
    -13.61664330847));
#8550 = CARTESIAN_POINT('',(11.343576409981,13.006076720738,
    -13.70641439531));
#8551 = CARTESIAN_POINT('',(11.157772684762,12.943773025321,
    -13.79406331951));
#8552 = CARTESIAN_POINT('',(10.958381864333,12.91,-13.87607335363));
#8553 = CARTESIAN_POINT('',(10.75,12.91,-13.9497474683));
#8554 = PCURVE('',#3591,#8555);
#8555 = DEFINITIONAL_REPRESENTATION('',(#8556),#8571);
#8556 = B_SPLINE_CURVE_WITH_KNOTS('',7,(#8557,#8558,#8559,#8560,#8561,
    #8562,#8563,#8564,#8565,#8566,#8567,#8568,#8569,#8570),
  .UNSPECIFIED.,.F.,.F.,(8,6,8),(0.,0.460983172613,1.),.UNSPECIFIED.);
#8557 = CARTESIAN_POINT('',(0.903266882159,5.91));
#8558 = CARTESIAN_POINT('',(0.903266882159,5.760981626033));
#8559 = CARTESIAN_POINT('',(0.907455925523,5.613024469728));
#8560 = CARTESIAN_POINT('',(0.915726313201,5.467929184457));
#8561 = CARTESIAN_POINT('',(0.927886004699,5.327472223524));
#8562 = CARTESIAN_POINT('',(0.943639368632,5.193589383172));
#8563 = CARTESIAN_POINT('',(0.962593682109,5.06837839823));
#8564 = CARTESIAN_POINT('',(1.009592902905,4.819965029465));
#8565 = CARTESIAN_POINT('',(1.039097277619,4.698238829119));
#8566 = CARTESIAN_POINT('',(1.072343717435,4.592308336924));
#8567 = CARTESIAN_POINT('',(1.108791739971,4.506076720738));
#8568 = CARTESIAN_POINT('',(1.147845807756,4.443773025321));
#8569 = CARTESIAN_POINT('',(1.188859923242,4.41));
#8570 = CARTESIAN_POINT('',(1.230959417341,4.41));
#8571 = ( GEOMETRIC_REPRESENTATION_CONTEXT(2) 
PARAMETRIC_REPRESENTATION_CONTEXT() REPRESENTATION_CONTEXT('2D SPACE',''
  ) );
#8572 = PCURVE('',#8573,#8578);
#8573 = CYLINDRICAL_SURFACE('',#8574,1.5);
#8574 = AXIS2_PLACEMENT_3D('',#8575,#8576,#8577);
#8575 = CARTESIAN_POINT('',(10.75,14.41,-19.75));
#8576 = DIRECTION('',(0.,0.,1.));
#8577 = DIRECTION('',(1.,0.,-0.));
#8578 = DEFINITIONAL_REPRESENTATION('',(#8579),#8594);
#8579 = B_SPLINE_CURVE_WITH_KNOTS('',7,(#8580,#8581,#8582,#8583,#8584,
    #8585,#8586,#8587,#8588,#8589,#8590,#8591,#8592,#8593),
  .UNSPECIFIED.,.F.,.F.,(8,6,8),(0.,0.460983172613,1.),.UNSPECIFIED.);
#8580 = CARTESIAN_POINT('',(0.,6.626894374382));
#8581 = CARTESIAN_POINT('',(-9.934558264465E-02,6.626894374382));
#8582 = CARTESIAN_POINT('',(-0.197983723142,6.613279922281));
#8583 = CARTESIAN_POINT('',(-0.296315210194,6.586401495214));
#8584 = CARTESIAN_POINT('',(-0.394655384215,6.547337366162));
#8585 = CARTESIAN_POINT('',(-0.493209120922,6.497899324241));
#8586 = CARTESIAN_POINT('',(-0.592069774056,6.44042792965));
#8587 = CARTESIAN_POINT('',(-0.807003020256,6.303859010221));
#8588 = CARTESIAN_POINT('',(-0.925277004935,6.221400499825));
#8589 = CARTESIAN_POINT('',(-1.046356158146,6.133356691524));
#8590 = CARTESIAN_POINT('',(-1.17070326332,6.043585604683));
#8591 = CARTESIAN_POINT('',(-1.298947145018,5.955936680482));
#8592 = CARTESIAN_POINT('',(-1.431875083906,5.873926646367));
#8593 = CARTESIAN_POINT('',(-1.570796326795,5.800252531694));
#8594 = ( GEOMETRIC_REPRESENTATION_CONTEXT(2) 
PARAMETRIC_REPRESENTATION_CONTEXT() REPRESENTATION_CONTEXT('2D SPACE',''
  ) );
#8595 = ORIENTED_EDGE('',*,*,#8596,.T.);
#8596 = EDGE_CURVE('',#8536,#7573,#8597,.T.);
#8597 = SURFACE_CURVE('',#8598,(#8602,#8608),.PCURVE_S1.);
#8598 = LINE('',#8599,#8600);
#8599 = CARTESIAN_POINT('',(12.25,8.5,-13.12310562561));
#8600 = VECTOR('',#8601,1.);
#8601 = DIRECTION('',(0.,1.,0.));
#8602 = PCURVE('',#3591,#8603);
#8603 = DEFINITIONAL_REPRESENTATION('',(#8604),#8607);
#8604 = B_SPLINE_CURVE_WITH_KNOTS('',1,(#8605,#8606),.UNSPECIFIED.,.F.,
  .F.,(2,2),(5.36,11.9100006),.PIECEWISE_BEZIER_KNOTS.);
#8605 = CARTESIAN_POINT('',(0.903266882159,5.36));
#8606 = CARTESIAN_POINT('',(0.903266882159,11.9100006));
#8607 = ( GEOMETRIC_REPRESENTATION_CONTEXT(2) 
PARAMETRIC_REPRESENTATION_CONTEXT() REPRESENTATION_CONTEXT('2D SPACE',''
  ) );
#8608 = PCURVE('',#7588,#8609);
#8609 = DEFINITIONAL_REPRESENTATION('',(#8610),#8613);
#8610 = B_SPLINE_CURVE_WITH_KNOTS('',1,(#8611,#8612),.UNSPECIFIED.,.F.,
  .F.,(2,2),(5.36,11.9100006),.PIECEWISE_BEZIER_KNOTS.);
#8611 = CARTESIAN_POINT('',(6.626894374382,-0.95));
#8612 = CARTESIAN_POINT('',(6.626894374382,-7.5000006));
#8613 = ( GEOMETRIC_REPRESENTATION_CONTEXT(2) 
PARAMETRIC_REPRESENTATION_CONTEXT() REPRESENTATION_CONTEXT('2D SPACE',''
  ) );
#8614 = ORIENTED_EDGE('',*,*,#7688,.T.);
#8615 = ORIENTED_EDGE('',*,*,#7748,.T.);
#8616 = ADVANCED_FACE('',(#8617),#3618,.F.);
#8617 = FACE_BOUND('',#8618,.F.);
#8618 = EDGE_LOOP('',(#8619,#8649,#8670,#8671,#8672));
#8619 = ORIENTED_EDGE('',*,*,#8620,.T.);
#8620 = EDGE_CURVE('',#8621,#8623,#8625,.T.);
#8621 = VERTEX_POINT('',#8622);
#8622 = CARTESIAN_POINT('',(10.75,12.91,-19.35));
#8623 = VERTEX_POINT('',#8624);
#8624 = CARTESIAN_POINT('',(6.75,12.91,-19.35));
#8625 = SURFACE_CURVE('',#8626,(#8630,#8637),.PCURVE_S1.);
#8626 = LINE('',#8627,#8628);
#8627 = CARTESIAN_POINT('',(10.75,12.91,-19.35));
#8628 = VECTOR('',#8629,1.);
#8629 = DIRECTION('',(-1.,-0.,-0.));
#8630 = PCURVE('',#3618,#8631);
#8631 = DEFINITIONAL_REPRESENTATION('',(#8632),#8636);
#8632 = LINE('',#8633,#8634);
#8633 = CARTESIAN_POINT('',(0.4,5.5));
#8634 = VECTOR('',#8635,1.);
#8635 = DIRECTION('',(-0.,-1.));
#8636 = ( GEOMETRIC_REPRESENTATION_CONTEXT(2) 
PARAMETRIC_REPRESENTATION_CONTEXT() REPRESENTATION_CONTEXT('2D SPACE',''
  ) );
#8637 = PCURVE('',#8638,#8643);
#8638 = PLANE('',#8639);
#8639 = AXIS2_PLACEMENT_3D('',#8640,#8641,#8642);
#8640 = CARTESIAN_POINT('',(10.75,13.11,-19.55));
#8641 = DIRECTION('',(0.,-0.707106781187,-0.707106781187));
#8642 = DIRECTION('',(-1.,-0.,0.));
#8643 = DEFINITIONAL_REPRESENTATION('',(#8644),#8648);
#8644 = LINE('',#8645,#8646);
#8645 = CARTESIAN_POINT('',(0.,-0.282842712475));
#8646 = VECTOR('',#8647,1.);
#8647 = DIRECTION('',(1.,0.));
#8648 = ( GEOMETRIC_REPRESENTATION_CONTEXT(2) 
PARAMETRIC_REPRESENTATION_CONTEXT() REPRESENTATION_CONTEXT('2D SPACE',''
  ) );
#8649 = ORIENTED_EDGE('',*,*,#8650,.T.);
#8650 = EDGE_CURVE('',#8623,#3604,#8651,.T.);
#8651 = SURFACE_CURVE('',#8652,(#8656,#8663),.PCURVE_S1.);
#8652 = LINE('',#8653,#8654);
#8653 = CARTESIAN_POINT('',(6.75,12.91,-19.75));
#8654 = VECTOR('',#8655,1.);
#8655 = DIRECTION('',(0.,0.,1.));
#8656 = PCURVE('',#3618,#8657);
#8657 = DEFINITIONAL_REPRESENTATION('',(#8658),#8662);
#8658 = LINE('',#8659,#8660);
#8659 = CARTESIAN_POINT('',(0.,1.5));
#8660 = VECTOR('',#8661,1.);
#8661 = DIRECTION('',(1.,0.));
#8662 = ( GEOMETRIC_REPRESENTATION_CONTEXT(2) 
PARAMETRIC_REPRESENTATION_CONTEXT() REPRESENTATION_CONTEXT('2D SPACE',''
  ) );
#8663 = PCURVE('',#3646,#8664);
#8664 = DEFINITIONAL_REPRESENTATION('',(#8665),#8669);
#8665 = LINE('',#8666,#8667);
#8666 = CARTESIAN_POINT('',(1.570796326795,0.));
#8667 = VECTOR('',#8668,1.);
#8668 = DIRECTION('',(0.,1.));
#8669 = ( GEOMETRIC_REPRESENTATION_CONTEXT(2) 
PARAMETRIC_REPRESENTATION_CONTEXT() REPRESENTATION_CONTEXT('2D SPACE',''
  ) );
#8670 = ORIENTED_EDGE('',*,*,#3603,.F.);
#8671 = ORIENTED_EDGE('',*,*,#8511,.F.);
#8672 = ORIENTED_EDGE('',*,*,#8673,.F.);
#8673 = EDGE_CURVE('',#8621,#8512,#8674,.T.);
#8674 = SURFACE_CURVE('',#8675,(#8679,#8686),.PCURVE_S1.);
#8675 = LINE('',#8676,#8677);
#8676 = CARTESIAN_POINT('',(10.75,12.91,-19.75));
#8677 = VECTOR('',#8678,1.);
#8678 = DIRECTION('',(0.,0.,1.));
#8679 = PCURVE('',#3618,#8680);
#8680 = DEFINITIONAL_REPRESENTATION('',(#8681),#8685);
#8681 = LINE('',#8682,#8683);
#8682 = CARTESIAN_POINT('',(0.,5.5));
#8683 = VECTOR('',#8684,1.);
#8684 = DIRECTION('',(1.,0.));
#8685 = ( GEOMETRIC_REPRESENTATION_CONTEXT(2) 
PARAMETRIC_REPRESENTATION_CONTEXT() REPRESENTATION_CONTEXT('2D SPACE',''
  ) );
#8686 = PCURVE('',#8573,#8687);
#8687 = DEFINITIONAL_REPRESENTATION('',(#8688),#8692);
#8688 = LINE('',#8689,#8690);
#8689 = CARTESIAN_POINT('',(-1.570796326795,0.));
#8690 = VECTOR('',#8691,1.);
#8691 = DIRECTION('',(-0.,1.));
#8692 = ( GEOMETRIC_REPRESENTATION_CONTEXT(2) 
PARAMETRIC_REPRESENTATION_CONTEXT() REPRESENTATION_CONTEXT('2D SPACE',''
  ) );
#8693 = ADVANCED_FACE('',(#8694),#3770,.T.);
#8694 = FACE_BOUND('',#8695,.T.);
#8695 = EDGE_LOOP('',(#8696,#8697,#8723,#8724));
#8696 = ORIENTED_EDGE('',*,*,#8438,.F.);
#8697 = ORIENTED_EDGE('',*,*,#8698,.F.);
#8698 = EDGE_CURVE('',#7310,#8439,#8699,.T.);
#8699 = SURFACE_CURVE('',#8700,(#8704,#8711),.PCURVE_S1.);
#8700 = LINE('',#8701,#8702);
#8701 = CARTESIAN_POINT('',(-5.25,19.91,-19.35));
#8702 = VECTOR('',#8703,1.);
#8703 = DIRECTION('',(-0.,-1.,-0.));
#8704 = PCURVE('',#3770,#8705);
#8705 = DEFINITIONAL_REPRESENTATION('',(#8706),#8710);
#8706 = LINE('',#8707,#8708);
#8707 = CARTESIAN_POINT('',(0.4,-7.));
#8708 = VECTOR('',#8709,1.);
#8709 = DIRECTION('',(-0.,1.));
#8710 = ( GEOMETRIC_REPRESENTATION_CONTEXT(2) 
PARAMETRIC_REPRESENTATION_CONTEXT() REPRESENTATION_CONTEXT('2D SPACE',''
  ) );
#8711 = PCURVE('',#8712,#8717);
#8712 = PLANE('',#8713);
#8713 = AXIS2_PLACEMENT_3D('',#8714,#8715,#8716);
#8714 = CARTESIAN_POINT('',(-5.45,19.91,-19.55));
#8715 = DIRECTION('',(-0.707106781187,0.,0.707106781187));
#8716 = DIRECTION('',(0.,1.,-0.));
#8717 = DEFINITIONAL_REPRESENTATION('',(#8718),#8722);
#8718 = LINE('',#8719,#8720);
#8719 = CARTESIAN_POINT('',(-0.,-0.282842712475));
#8720 = VECTOR('',#8721,1.);
#8721 = DIRECTION('',(-1.,0.));
#8722 = ( GEOMETRIC_REPRESENTATION_CONTEXT(2) 
PARAMETRIC_REPRESENTATION_CONTEXT() REPRESENTATION_CONTEXT('2D SPACE',''
  ) );
#8723 = ORIENTED_EDGE('',*,*,#7309,.T.);
#8724 = ORIENTED_EDGE('',*,*,#3755,.F.);
#8725 = ADVANCED_FACE('',(#8726),#3646,.T.);
#8726 = FACE_BOUND('',#8727,.T.);
#8727 = EDGE_LOOP('',(#8728,#8751,#8778,#8779));
#8728 = ORIENTED_EDGE('',*,*,#8729,.F.);
#8729 = EDGE_CURVE('',#8730,#3630,#8732,.T.);
#8730 = VERTEX_POINT('',#8731);
#8731 = CARTESIAN_POINT('',(5.25,14.41,-19.35));
#8732 = SURFACE_CURVE('',#8733,(#8737,#8744),.PCURVE_S1.);
#8733 = LINE('',#8734,#8735);
#8734 = CARTESIAN_POINT('',(5.25,14.41,-19.75));
#8735 = VECTOR('',#8736,1.);
#8736 = DIRECTION('',(0.,0.,1.));
#8737 = PCURVE('',#3646,#8738);
#8738 = DEFINITIONAL_REPRESENTATION('',(#8739),#8743);
#8739 = LINE('',#8740,#8741);
#8740 = CARTESIAN_POINT('',(0.,0.));
#8741 = VECTOR('',#8742,1.);
#8742 = DIRECTION('',(0.,1.));
#8743 = ( GEOMETRIC_REPRESENTATION_CONTEXT(2) 
PARAMETRIC_REPRESENTATION_CONTEXT() REPRESENTATION_CONTEXT('2D SPACE',''
  ) );
#8744 = PCURVE('',#3673,#8745);
#8745 = DEFINITIONAL_REPRESENTATION('',(#8746),#8750);
#8746 = LINE('',#8747,#8748);
#8747 = CARTESIAN_POINT('',(0.,-1.5));
#8748 = VECTOR('',#8749,1.);
#8749 = DIRECTION('',(1.,0.));
#8750 = ( GEOMETRIC_REPRESENTATION_CONTEXT(2) 
PARAMETRIC_REPRESENTATION_CONTEXT() REPRESENTATION_CONTEXT('2D SPACE',''
  ) );
#8751 = ORIENTED_EDGE('',*,*,#8752,.F.);
#8752 = EDGE_CURVE('',#8623,#8730,#8753,.T.);
#8753 = SURFACE_CURVE('',#8754,(#8759,#8766),.PCURVE_S1.);
#8754 = CIRCLE('',#8755,1.5);
#8755 = AXIS2_PLACEMENT_3D('',#8756,#8757,#8758);
#8756 = CARTESIAN_POINT('',(6.75,14.41,-19.35));
#8757 = DIRECTION('',(-0.,-0.,-1.));
#8758 = DIRECTION('',(0.,-1.,0.));
#8759 = PCURVE('',#3646,#8760);
#8760 = DEFINITIONAL_REPRESENTATION('',(#8761),#8765);
#8761 = LINE('',#8762,#8763);
#8762 = CARTESIAN_POINT('',(1.570796326795,0.4));
#8763 = VECTOR('',#8764,1.);
#8764 = DIRECTION('',(-1.,-0.));
#8765 = ( GEOMETRIC_REPRESENTATION_CONTEXT(2) 
PARAMETRIC_REPRESENTATION_CONTEXT() REPRESENTATION_CONTEXT('2D SPACE',''
  ) );
#8766 = PCURVE('',#8767,#8772);
#8767 = CONICAL_SURFACE('',#8768,1.5,0.785398163397);
#8768 = AXIS2_PLACEMENT_3D('',#8769,#8770,#8771);
#8769 = CARTESIAN_POINT('',(6.75,14.41,-19.35));
#8770 = DIRECTION('',(0.,0.,1.));
#8771 = DIRECTION('',(0.,-1.,0.));
#8772 = DEFINITIONAL_REPRESENTATION('',(#8773),#8777);
#8773 = LINE('',#8774,#8775);
#8774 = CARTESIAN_POINT('',(-0.,-0.));
#8775 = VECTOR('',#8776,1.);
#8776 = DIRECTION('',(-1.,-0.));
#8777 = ( GEOMETRIC_REPRESENTATION_CONTEXT(2) 
PARAMETRIC_REPRESENTATION_CONTEXT() REPRESENTATION_CONTEXT('2D SPACE',''
  ) );
#8778 = ORIENTED_EDGE('',*,*,#8650,.T.);
#8779 = ORIENTED_EDGE('',*,*,#3629,.F.);
#8780 = ADVANCED_FACE('',(#8781),#3673,.F.);
#8781 = FACE_BOUND('',#8782,.F.);
#8782 = EDGE_LOOP('',(#8783,#8784,#8810,#8811));
#8783 = ORIENTED_EDGE('',*,*,#8729,.F.);
#8784 = ORIENTED_EDGE('',*,*,#8785,.T.);
#8785 = EDGE_CURVE('',#8730,#7366,#8786,.T.);
#8786 = SURFACE_CURVE('',#8787,(#8791,#8798),.PCURVE_S1.);
#8787 = LINE('',#8788,#8789);
#8788 = CARTESIAN_POINT('',(5.25,14.41,-19.35));
#8789 = VECTOR('',#8790,1.);
#8790 = DIRECTION('',(0.,1.,0.));
#8791 = PCURVE('',#3673,#8792);
#8792 = DEFINITIONAL_REPRESENTATION('',(#8793),#8797);
#8793 = LINE('',#8794,#8795);
#8794 = CARTESIAN_POINT('',(0.4,-1.5));
#8795 = VECTOR('',#8796,1.);
#8796 = DIRECTION('',(0.,-1.));
#8797 = ( GEOMETRIC_REPRESENTATION_CONTEXT(2) 
PARAMETRIC_REPRESENTATION_CONTEXT() REPRESENTATION_CONTEXT('2D SPACE',''
  ) );
#8798 = PCURVE('',#8799,#8804);
#8799 = PLANE('',#8800);
#8800 = AXIS2_PLACEMENT_3D('',#8801,#8802,#8803);
#8801 = CARTESIAN_POINT('',(5.45,14.41,-19.55));
#8802 = DIRECTION('',(-0.707106781187,0.,-0.707106781187));
#8803 = DIRECTION('',(0.,1.,0.));
#8804 = DEFINITIONAL_REPRESENTATION('',(#8805),#8809);
#8805 = LINE('',#8806,#8807);
#8806 = CARTESIAN_POINT('',(0.,-0.282842712475));
#8807 = VECTOR('',#8808,1.);
#8808 = DIRECTION('',(1.,0.));
#8809 = ( GEOMETRIC_REPRESENTATION_CONTEXT(2) 
PARAMETRIC_REPRESENTATION_CONTEXT() REPRESENTATION_CONTEXT('2D SPACE',''
  ) );
#8810 = ORIENTED_EDGE('',*,*,#7365,.T.);
#8811 = ORIENTED_EDGE('',*,*,#3658,.F.);
#8812 = ADVANCED_FACE('',(#8813),#3825,.F.);
#8813 = FACE_BOUND('',#8814,.F.);
#8814 = EDGE_LOOP('',(#8815,#8836,#8837,#8858));
#8815 = ORIENTED_EDGE('',*,*,#8816,.F.);
#8816 = EDGE_CURVE('',#3807,#5968,#8817,.T.);
#8817 = SURFACE_CURVE('',#8818,(#8822,#8829),.PCURVE_S1.);
#8818 = LINE('',#8819,#8820);
#8819 = CARTESIAN_POINT('',(-4.1,15.3,-15.25));
#8820 = VECTOR('',#8821,1.);
#8821 = DIRECTION('',(0.,0.,1.));
#8822 = PCURVE('',#3825,#8823);
#8823 = DEFINITIONAL_REPRESENTATION('',(#8824),#8828);
#8824 = LINE('',#8825,#8826);
#8825 = CARTESIAN_POINT('',(0.,0.));
#8826 = VECTOR('',#8827,1.);
#8827 = DIRECTION('',(0.,1.));
#8828 = ( GEOMETRIC_REPRESENTATION_CONTEXT(2) 
PARAMETRIC_REPRESENTATION_CONTEXT() REPRESENTATION_CONTEXT('2D SPACE',''
  ) );
#8829 = PCURVE('',#3852,#8830);
#8830 = DEFINITIONAL_REPRESENTATION('',(#8831),#8835);
#8831 = LINE('',#8832,#8833);
#8832 = CARTESIAN_POINT('',(0.,-1.09));
#8833 = VECTOR('',#8834,1.);
#8834 = DIRECTION('',(1.,0.));
#8835 = ( GEOMETRIC_REPRESENTATION_CONTEXT(2) 
PARAMETRIC_REPRESENTATION_CONTEXT() REPRESENTATION_CONTEXT('2D SPACE',''
  ) );
#8836 = ORIENTED_EDGE('',*,*,#3806,.T.);
#8837 = ORIENTED_EDGE('',*,*,#8838,.T.);
#8838 = EDGE_CURVE('',#3809,#5970,#8839,.T.);
#8839 = SURFACE_CURVE('',#8840,(#8844,#8851),.PCURVE_S1.);
#8840 = LINE('',#8841,#8842);
#8841 = CARTESIAN_POINT('',(-3.01,14.21,-15.25));
#8842 = VECTOR('',#8843,1.);
#8843 = DIRECTION('',(0.,0.,1.));
#8844 = PCURVE('',#3825,#8845);
#8845 = DEFINITIONAL_REPRESENTATION('',(#8846),#8850);
#8846 = LINE('',#8847,#8848);
#8847 = CARTESIAN_POINT('',(1.570796326795,0.));
#8848 = VECTOR('',#8849,1.);
#8849 = DIRECTION('',(0.,1.));
#8850 = ( GEOMETRIC_REPRESENTATION_CONTEXT(2) 
PARAMETRIC_REPRESENTATION_CONTEXT() REPRESENTATION_CONTEXT('2D SPACE',''
  ) );
#8851 = PCURVE('',#4015,#8852);
#8852 = DEFINITIONAL_REPRESENTATION('',(#8853),#8857);
#8853 = LINE('',#8854,#8855);
#8854 = CARTESIAN_POINT('',(0.,1.09));
#8855 = VECTOR('',#8856,1.);
#8856 = DIRECTION('',(1.,0.));
#8857 = ( GEOMETRIC_REPRESENTATION_CONTEXT(2) 
PARAMETRIC_REPRESENTATION_CONTEXT() REPRESENTATION_CONTEXT('2D SPACE',''
  ) );
#8858 = ORIENTED_EDGE('',*,*,#5967,.F.);
#8859 = ADVANCED_FACE('',(#8860),#3852,.T.);
#8860 = FACE_BOUND('',#8861,.T.);
#8861 = EDGE_LOOP('',(#8862,#8863,#8864,#8865));
#8862 = ORIENTED_EDGE('',*,*,#5993,.F.);
#8863 = ORIENTED_EDGE('',*,*,#8816,.F.);
#8864 = ORIENTED_EDGE('',*,*,#3837,.T.);
#8865 = ORIENTED_EDGE('',*,*,#8866,.T.);
#8866 = EDGE_CURVE('',#3838,#5994,#8867,.T.);
#8867 = SURFACE_CURVE('',#8868,(#8872,#8879),.PCURVE_S1.);
#8868 = LINE('',#8869,#8870);
#8869 = CARTESIAN_POINT('',(-4.1,18.62,-15.25));
#8870 = VECTOR('',#8871,1.);
#8871 = DIRECTION('',(0.,0.,1.));
#8872 = PCURVE('',#3852,#8873);
#8873 = DEFINITIONAL_REPRESENTATION('',(#8874),#8878);
#8874 = LINE('',#8875,#8876);
#8875 = CARTESIAN_POINT('',(0.,-4.41));
#8876 = VECTOR('',#8877,1.);
#8877 = DIRECTION('',(1.,0.));
#8878 = ( GEOMETRIC_REPRESENTATION_CONTEXT(2) 
PARAMETRIC_REPRESENTATION_CONTEXT() REPRESENTATION_CONTEXT('2D SPACE',''
  ) );
#8879 = PCURVE('',#3880,#8880);
#8880 = DEFINITIONAL_REPRESENTATION('',(#8881),#8885);
#8881 = LINE('',#8882,#8883);
#8882 = CARTESIAN_POINT('',(-0.,0.));
#8883 = VECTOR('',#8884,1.);
#8884 = DIRECTION('',(-0.,1.));
#8885 = ( GEOMETRIC_REPRESENTATION_CONTEXT(2) 
PARAMETRIC_REPRESENTATION_CONTEXT() REPRESENTATION_CONTEXT('2D SPACE',''
  ) );
#8886 = ADVANCED_FACE('',(#8887),#4015,.T.);
#8887 = FACE_BOUND('',#8888,.T.);
#8888 = EDGE_LOOP('',(#8889,#8890,#8891,#8892));
#8889 = ORIENTED_EDGE('',*,*,#4002,.T.);
#8890 = ORIENTED_EDGE('',*,*,#8838,.T.);
#8891 = ORIENTED_EDGE('',*,*,#6128,.F.);
#8892 = ORIENTED_EDGE('',*,*,#8893,.F.);
#8893 = EDGE_CURVE('',#3974,#6105,#8894,.T.);
#8894 = SURFACE_CURVE('',#8895,(#8899,#8906),.PCURVE_S1.);
#8895 = LINE('',#8896,#8897);
#8896 = CARTESIAN_POINT('',(-2.99,14.21,-15.25));
#8897 = VECTOR('',#8898,1.);
#8898 = DIRECTION('',(0.,0.,1.));
#8899 = PCURVE('',#4015,#8900);
#8900 = DEFINITIONAL_REPRESENTATION('',(#8901),#8905);
#8901 = LINE('',#8902,#8903);
#8902 = CARTESIAN_POINT('',(0.,1.11));
#8903 = VECTOR('',#8904,1.);
#8904 = DIRECTION('',(1.,0.));
#8905 = ( GEOMETRIC_REPRESENTATION_CONTEXT(2) 
PARAMETRIC_REPRESENTATION_CONTEXT() REPRESENTATION_CONTEXT('2D SPACE',''
  ) );
#8906 = PCURVE('',#3990,#8907);
#8907 = DEFINITIONAL_REPRESENTATION('',(#8908),#8912);
#8908 = LINE('',#8909,#8910);
#8909 = CARTESIAN_POINT('',(-1.570796326795,0.));
#8910 = VECTOR('',#8911,1.);
#8911 = DIRECTION('',(-0.,1.));
#8912 = ( GEOMETRIC_REPRESENTATION_CONTEXT(2) 
PARAMETRIC_REPRESENTATION_CONTEXT() REPRESENTATION_CONTEXT('2D SPACE',''
  ) );
#8913 = ADVANCED_FACE('',(#8914),#3880,.F.);
#8914 = FACE_BOUND('',#8915,.T.);
#8915 = EDGE_LOOP('',(#8916,#8917,#8918,#8939));
#8916 = ORIENTED_EDGE('',*,*,#8866,.F.);
#8917 = ORIENTED_EDGE('',*,*,#3863,.F.);
#8918 = ORIENTED_EDGE('',*,*,#8919,.T.);
#8919 = EDGE_CURVE('',#3864,#6015,#8920,.T.);
#8920 = SURFACE_CURVE('',#8921,(#8925,#8932),.PCURVE_S1.);
#8921 = LINE('',#8922,#8923);
#8922 = CARTESIAN_POINT('',(-3.01,19.71,-15.25));
#8923 = VECTOR('',#8924,1.);
#8924 = DIRECTION('',(0.,0.,1.));
#8925 = PCURVE('',#3880,#8926);
#8926 = DEFINITIONAL_REPRESENTATION('',(#8927),#8931);
#8927 = LINE('',#8928,#8929);
#8928 = CARTESIAN_POINT('',(-1.570796326795,0.));
#8929 = VECTOR('',#8930,1.);
#8930 = DIRECTION('',(-0.,1.));
#8931 = ( GEOMETRIC_REPRESENTATION_CONTEXT(2) 
PARAMETRIC_REPRESENTATION_CONTEXT() REPRESENTATION_CONTEXT('2D SPACE',''
  ) );
#8932 = PCURVE('',#3907,#8933);
#8933 = DEFINITIONAL_REPRESENTATION('',(#8934),#8938);
#8934 = LINE('',#8935,#8936);
#8935 = CARTESIAN_POINT('',(0.,1.09));
#8936 = VECTOR('',#8937,1.);
#8937 = DIRECTION('',(1.,0.));
#8938 = ( GEOMETRIC_REPRESENTATION_CONTEXT(2) 
PARAMETRIC_REPRESENTATION_CONTEXT() REPRESENTATION_CONTEXT('2D SPACE',''
  ) );
#8939 = ORIENTED_EDGE('',*,*,#6014,.T.);
#8940 = ADVANCED_FACE('',(#8941),#3990,.F.);
#8941 = FACE_BOUND('',#8942,.T.);
#8942 = EDGE_LOOP('',(#8943,#8964,#8965,#8966));
#8943 = ORIENTED_EDGE('',*,*,#8944,.F.);
#8944 = EDGE_CURVE('',#3948,#6084,#8945,.T.);
#8945 = SURFACE_CURVE('',#8946,(#8950,#8957),.PCURVE_S1.);
#8946 = LINE('',#8947,#8948);
#8947 = CARTESIAN_POINT('',(-1.9,15.3,-15.25));
#8948 = VECTOR('',#8949,1.);
#8949 = DIRECTION('',(0.,0.,1.));
#8950 = PCURVE('',#3990,#8951);
#8951 = DEFINITIONAL_REPRESENTATION('',(#8952),#8956);
#8952 = LINE('',#8953,#8954);
#8953 = CARTESIAN_POINT('',(-0.,0.));
#8954 = VECTOR('',#8955,1.);
#8955 = DIRECTION('',(-0.,1.));
#8956 = ( GEOMETRIC_REPRESENTATION_CONTEXT(2) 
PARAMETRIC_REPRESENTATION_CONTEXT() REPRESENTATION_CONTEXT('2D SPACE',''
  ) );
#8957 = PCURVE('',#3962,#8958);
#8958 = DEFINITIONAL_REPRESENTATION('',(#8959),#8963);
#8959 = LINE('',#8960,#8961);
#8960 = CARTESIAN_POINT('',(0.,-1.09));
#8961 = VECTOR('',#8962,1.);
#8962 = DIRECTION('',(1.,0.));
#8963 = ( GEOMETRIC_REPRESENTATION_CONTEXT(2) 
PARAMETRIC_REPRESENTATION_CONTEXT() REPRESENTATION_CONTEXT('2D SPACE',''
  ) );
#8964 = ORIENTED_EDGE('',*,*,#3973,.F.);
#8965 = ORIENTED_EDGE('',*,*,#8893,.T.);
#8966 = ORIENTED_EDGE('',*,*,#6104,.T.);
#8967 = ADVANCED_FACE('',(#8968),#3907,.F.);
#8968 = FACE_BOUND('',#8969,.F.);
#8969 = EDGE_LOOP('',(#8970,#8971,#8972,#8973));
#8970 = ORIENTED_EDGE('',*,*,#3892,.T.);
#8971 = ORIENTED_EDGE('',*,*,#8919,.T.);
#8972 = ORIENTED_EDGE('',*,*,#6038,.F.);
#8973 = ORIENTED_EDGE('',*,*,#8974,.F.);
#8974 = EDGE_CURVE('',#3893,#6039,#8975,.T.);
#8975 = SURFACE_CURVE('',#8976,(#8980,#8987),.PCURVE_S1.);
#8976 = LINE('',#8977,#8978);
#8977 = CARTESIAN_POINT('',(-2.99,19.71,-15.25));
#8978 = VECTOR('',#8979,1.);
#8979 = DIRECTION('',(0.,0.,1.));
#8980 = PCURVE('',#3907,#8981);
#8981 = DEFINITIONAL_REPRESENTATION('',(#8982),#8986);
#8982 = LINE('',#8983,#8984);
#8983 = CARTESIAN_POINT('',(0.,1.11));
#8984 = VECTOR('',#8985,1.);
#8985 = DIRECTION('',(1.,0.));
#8986 = ( GEOMETRIC_REPRESENTATION_CONTEXT(2) 
PARAMETRIC_REPRESENTATION_CONTEXT() REPRESENTATION_CONTEXT('2D SPACE',''
  ) );
#8987 = PCURVE('',#3935,#8988);
#8988 = DEFINITIONAL_REPRESENTATION('',(#8989),#8993);
#8989 = LINE('',#8990,#8991);
#8990 = CARTESIAN_POINT('',(1.570796326795,0.));
#8991 = VECTOR('',#8992,1.);
#8992 = DIRECTION('',(0.,1.));
#8993 = ( GEOMETRIC_REPRESENTATION_CONTEXT(2) 
PARAMETRIC_REPRESENTATION_CONTEXT() REPRESENTATION_CONTEXT('2D SPACE',''
  ) );
#8994 = ADVANCED_FACE('',(#8995),#3962,.F.);
#8995 = FACE_BOUND('',#8996,.F.);
#8996 = EDGE_LOOP('',(#8997,#8998,#8999,#9000));
#8997 = ORIENTED_EDGE('',*,*,#6083,.F.);
#8998 = ORIENTED_EDGE('',*,*,#8944,.F.);
#8999 = ORIENTED_EDGE('',*,*,#3947,.T.);
#9000 = ORIENTED_EDGE('',*,*,#9001,.T.);
#9001 = EDGE_CURVE('',#3919,#6060,#9002,.T.);
#9002 = SURFACE_CURVE('',#9003,(#9007,#9014),.PCURVE_S1.);
#9003 = LINE('',#9004,#9005);
#9004 = CARTESIAN_POINT('',(-1.9,18.62,-15.25));
#9005 = VECTOR('',#9006,1.);
#9006 = DIRECTION('',(0.,0.,1.));
#9007 = PCURVE('',#3962,#9008);
#9008 = DEFINITIONAL_REPRESENTATION('',(#9009),#9013);
#9009 = LINE('',#9010,#9011);
#9010 = CARTESIAN_POINT('',(0.,-4.41));
#9011 = VECTOR('',#9012,1.);
#9012 = DIRECTION('',(1.,0.));
#9013 = ( GEOMETRIC_REPRESENTATION_CONTEXT(2) 
PARAMETRIC_REPRESENTATION_CONTEXT() REPRESENTATION_CONTEXT('2D SPACE',''
  ) );
#9014 = PCURVE('',#3935,#9015);
#9015 = DEFINITIONAL_REPRESENTATION('',(#9016),#9020);
#9016 = LINE('',#9017,#9018);
#9017 = CARTESIAN_POINT('',(0.,0.));
#9018 = VECTOR('',#9019,1.);
#9019 = DIRECTION('',(0.,1.));
#9020 = ( GEOMETRIC_REPRESENTATION_CONTEXT(2) 
PARAMETRIC_REPRESENTATION_CONTEXT() REPRESENTATION_CONTEXT('2D SPACE',''
  ) );
#9021 = ADVANCED_FACE('',(#9022),#3935,.F.);
#9022 = FACE_BOUND('',#9023,.F.);
#9023 = EDGE_LOOP('',(#9024,#9025,#9026,#9027));
#9024 = ORIENTED_EDGE('',*,*,#9001,.F.);
#9025 = ORIENTED_EDGE('',*,*,#3918,.T.);
#9026 = ORIENTED_EDGE('',*,*,#8974,.T.);
#9027 = ORIENTED_EDGE('',*,*,#6059,.F.);
#9028 = ADVANCED_FACE('',(#9029),#4047,.F.);
#9029 = FACE_BOUND('',#9030,.F.);
#9030 = EDGE_LOOP('',(#9031,#9052,#9053,#9074));
#9031 = ORIENTED_EDGE('',*,*,#9032,.F.);
#9032 = EDGE_CURVE('',#4029,#6150,#9033,.T.);
#9033 = SURFACE_CURVE('',#9034,(#9038,#9045),.PCURVE_S1.);
#9034 = LINE('',#9035,#9036);
#9035 = CARTESIAN_POINT('',(-1.1,15.3,-15.25));
#9036 = VECTOR('',#9037,1.);
#9037 = DIRECTION('',(0.,0.,1.));
#9038 = PCURVE('',#4047,#9039);
#9039 = DEFINITIONAL_REPRESENTATION('',(#9040),#9044);
#9040 = LINE('',#9041,#9042);
#9041 = CARTESIAN_POINT('',(0.,0.));
#9042 = VECTOR('',#9043,1.);
#9043 = DIRECTION('',(0.,1.));
#9044 = ( GEOMETRIC_REPRESENTATION_CONTEXT(2) 
PARAMETRIC_REPRESENTATION_CONTEXT() REPRESENTATION_CONTEXT('2D SPACE',''
  ) );
#9045 = PCURVE('',#4074,#9046);
#9046 = DEFINITIONAL_REPRESENTATION('',(#9047),#9051);
#9047 = LINE('',#9048,#9049);
#9048 = CARTESIAN_POINT('',(0.,-1.09));
#9049 = VECTOR('',#9050,1.);
#9050 = DIRECTION('',(1.,0.));
#9051 = ( GEOMETRIC_REPRESENTATION_CONTEXT(2) 
PARAMETRIC_REPRESENTATION_CONTEXT() REPRESENTATION_CONTEXT('2D SPACE',''
  ) );
#9052 = ORIENTED_EDGE('',*,*,#4028,.T.);
#9053 = ORIENTED_EDGE('',*,*,#9054,.T.);
#9054 = EDGE_CURVE('',#4031,#6152,#9055,.T.);
#9055 = SURFACE_CURVE('',#9056,(#9060,#9067),.PCURVE_S1.);
#9056 = LINE('',#9057,#9058);
#9057 = CARTESIAN_POINT('',(-1.E-02,14.21,-15.25));
#9058 = VECTOR('',#9059,1.);
#9059 = DIRECTION('',(0.,0.,1.));
#9060 = PCURVE('',#4047,#9061);
#9061 = DEFINITIONAL_REPRESENTATION('',(#9062),#9066);
#9062 = LINE('',#9063,#9064);
#9063 = CARTESIAN_POINT('',(1.570796326795,0.));
#9064 = VECTOR('',#9065,1.);
#9065 = DIRECTION('',(0.,1.));
#9066 = ( GEOMETRIC_REPRESENTATION_CONTEXT(2) 
PARAMETRIC_REPRESENTATION_CONTEXT() REPRESENTATION_CONTEXT('2D SPACE',''
  ) );
#9067 = PCURVE('',#4237,#9068);
#9068 = DEFINITIONAL_REPRESENTATION('',(#9069),#9073);
#9069 = LINE('',#9070,#9071);
#9070 = CARTESIAN_POINT('',(0.,1.09));
#9071 = VECTOR('',#9072,1.);
#9072 = DIRECTION('',(1.,0.));
#9073 = ( GEOMETRIC_REPRESENTATION_CONTEXT(2) 
PARAMETRIC_REPRESENTATION_CONTEXT() REPRESENTATION_CONTEXT('2D SPACE',''
  ) );
#9074 = ORIENTED_EDGE('',*,*,#6149,.F.);
#9075 = ADVANCED_FACE('',(#9076),#4074,.T.);
#9076 = FACE_BOUND('',#9077,.T.);
#9077 = EDGE_LOOP('',(#9078,#9079,#9080,#9081));
#9078 = ORIENTED_EDGE('',*,*,#6175,.F.);
#9079 = ORIENTED_EDGE('',*,*,#9032,.F.);
#9080 = ORIENTED_EDGE('',*,*,#4059,.T.);
#9081 = ORIENTED_EDGE('',*,*,#9082,.T.);
#9082 = EDGE_CURVE('',#4060,#6176,#9083,.T.);
#9083 = SURFACE_CURVE('',#9084,(#9088,#9095),.PCURVE_S1.);
#9084 = LINE('',#9085,#9086);
#9085 = CARTESIAN_POINT('',(-1.1,18.62,-15.25));
#9086 = VECTOR('',#9087,1.);
#9087 = DIRECTION('',(0.,0.,1.));
#9088 = PCURVE('',#4074,#9089);
#9089 = DEFINITIONAL_REPRESENTATION('',(#9090),#9094);
#9090 = LINE('',#9091,#9092);
#9091 = CARTESIAN_POINT('',(0.,-4.41));
#9092 = VECTOR('',#9093,1.);
#9093 = DIRECTION('',(1.,0.));
#9094 = ( GEOMETRIC_REPRESENTATION_CONTEXT(2) 
PARAMETRIC_REPRESENTATION_CONTEXT() REPRESENTATION_CONTEXT('2D SPACE',''
  ) );
#9095 = PCURVE('',#4102,#9096);
#9096 = DEFINITIONAL_REPRESENTATION('',(#9097),#9101);
#9097 = LINE('',#9098,#9099);
#9098 = CARTESIAN_POINT('',(-0.,0.));
#9099 = VECTOR('',#9100,1.);
#9100 = DIRECTION('',(-0.,1.));
#9101 = ( GEOMETRIC_REPRESENTATION_CONTEXT(2) 
PARAMETRIC_REPRESENTATION_CONTEXT() REPRESENTATION_CONTEXT('2D SPACE',''
  ) );
#9102 = ADVANCED_FACE('',(#9103),#4237,.T.);
#9103 = FACE_BOUND('',#9104,.T.);
#9104 = EDGE_LOOP('',(#9105,#9106,#9107,#9108));
#9105 = ORIENTED_EDGE('',*,*,#4224,.T.);
#9106 = ORIENTED_EDGE('',*,*,#9054,.T.);
#9107 = ORIENTED_EDGE('',*,*,#6310,.F.);
#9108 = ORIENTED_EDGE('',*,*,#9109,.F.);
#9109 = EDGE_CURVE('',#4196,#6287,#9110,.T.);
#9110 = SURFACE_CURVE('',#9111,(#9115,#9122),.PCURVE_S1.);
#9111 = LINE('',#9112,#9113);
#9112 = CARTESIAN_POINT('',(1.E-02,14.21,-15.25));
#9113 = VECTOR('',#9114,1.);
#9114 = DIRECTION('',(0.,0.,1.));
#9115 = PCURVE('',#4237,#9116);
#9116 = DEFINITIONAL_REPRESENTATION('',(#9117),#9121);
#9117 = LINE('',#9118,#9119);
#9118 = CARTESIAN_POINT('',(0.,1.11));
#9119 = VECTOR('',#9120,1.);
#9120 = DIRECTION('',(1.,0.));
#9121 = ( GEOMETRIC_REPRESENTATION_CONTEXT(2) 
PARAMETRIC_REPRESENTATION_CONTEXT() REPRESENTATION_CONTEXT('2D SPACE',''
  ) );
#9122 = PCURVE('',#4212,#9123);
#9123 = DEFINITIONAL_REPRESENTATION('',(#9124),#9128);
#9124 = LINE('',#9125,#9126);
#9125 = CARTESIAN_POINT('',(-1.570796326795,0.));
#9126 = VECTOR('',#9127,1.);
#9127 = DIRECTION('',(-0.,1.));
#9128 = ( GEOMETRIC_REPRESENTATION_CONTEXT(2) 
PARAMETRIC_REPRESENTATION_CONTEXT() REPRESENTATION_CONTEXT('2D SPACE',''
  ) );
#9129 = ADVANCED_FACE('',(#9130),#4102,.F.);
#9130 = FACE_BOUND('',#9131,.T.);
#9131 = EDGE_LOOP('',(#9132,#9133,#9134,#9155));
#9132 = ORIENTED_EDGE('',*,*,#9082,.F.);
#9133 = ORIENTED_EDGE('',*,*,#4085,.F.);
#9134 = ORIENTED_EDGE('',*,*,#9135,.T.);
#9135 = EDGE_CURVE('',#4086,#6197,#9136,.T.);
#9136 = SURFACE_CURVE('',#9137,(#9141,#9148),.PCURVE_S1.);
#9137 = LINE('',#9138,#9139);
#9138 = CARTESIAN_POINT('',(-1.E-02,19.71,-15.25));
#9139 = VECTOR('',#9140,1.);
#9140 = DIRECTION('',(0.,0.,1.));
#9141 = PCURVE('',#4102,#9142);
#9142 = DEFINITIONAL_REPRESENTATION('',(#9143),#9147);
#9143 = LINE('',#9144,#9145);
#9144 = CARTESIAN_POINT('',(-1.570796326795,0.));
#9145 = VECTOR('',#9146,1.);
#9146 = DIRECTION('',(-0.,1.));
#9147 = ( GEOMETRIC_REPRESENTATION_CONTEXT(2) 
PARAMETRIC_REPRESENTATION_CONTEXT() REPRESENTATION_CONTEXT('2D SPACE',''
  ) );
#9148 = PCURVE('',#4129,#9149);
#9149 = DEFINITIONAL_REPRESENTATION('',(#9150),#9154);
#9150 = LINE('',#9151,#9152);
#9151 = CARTESIAN_POINT('',(0.,1.09));
#9152 = VECTOR('',#9153,1.);
#9153 = DIRECTION('',(1.,0.));
#9154 = ( GEOMETRIC_REPRESENTATION_CONTEXT(2) 
PARAMETRIC_REPRESENTATION_CONTEXT() REPRESENTATION_CONTEXT('2D SPACE',''
  ) );
#9155 = ORIENTED_EDGE('',*,*,#6196,.T.);
#9156 = ADVANCED_FACE('',(#9157),#4212,.F.);
#9157 = FACE_BOUND('',#9158,.T.);
#9158 = EDGE_LOOP('',(#9159,#9180,#9181,#9182));
#9159 = ORIENTED_EDGE('',*,*,#9160,.F.);
#9160 = EDGE_CURVE('',#4170,#6266,#9161,.T.);
#9161 = SURFACE_CURVE('',#9162,(#9166,#9173),.PCURVE_S1.);
#9162 = LINE('',#9163,#9164);
#9163 = CARTESIAN_POINT('',(1.1,15.3,-15.25));
#9164 = VECTOR('',#9165,1.);
#9165 = DIRECTION('',(0.,0.,1.));
#9166 = PCURVE('',#4212,#9167);
#9167 = DEFINITIONAL_REPRESENTATION('',(#9168),#9172);
#9168 = LINE('',#9169,#9170);
#9169 = CARTESIAN_POINT('',(-0.,0.));
#9170 = VECTOR('',#9171,1.);
#9171 = DIRECTION('',(-0.,1.));
#9172 = ( GEOMETRIC_REPRESENTATION_CONTEXT(2) 
PARAMETRIC_REPRESENTATION_CONTEXT() REPRESENTATION_CONTEXT('2D SPACE',''
  ) );
#9173 = PCURVE('',#4184,#9174);
#9174 = DEFINITIONAL_REPRESENTATION('',(#9175),#9179);
#9175 = LINE('',#9176,#9177);
#9176 = CARTESIAN_POINT('',(0.,-1.09));
#9177 = VECTOR('',#9178,1.);
#9178 = DIRECTION('',(1.,0.));
#9179 = ( GEOMETRIC_REPRESENTATION_CONTEXT(2) 
PARAMETRIC_REPRESENTATION_CONTEXT() REPRESENTATION_CONTEXT('2D SPACE',''
  ) );
#9180 = ORIENTED_EDGE('',*,*,#4195,.F.);
#9181 = ORIENTED_EDGE('',*,*,#9109,.T.);
#9182 = ORIENTED_EDGE('',*,*,#6286,.T.);
#9183 = ADVANCED_FACE('',(#9184),#4129,.F.);
#9184 = FACE_BOUND('',#9185,.F.);
#9185 = EDGE_LOOP('',(#9186,#9187,#9188,#9189));
#9186 = ORIENTED_EDGE('',*,*,#4114,.T.);
#9187 = ORIENTED_EDGE('',*,*,#9135,.T.);
#9188 = ORIENTED_EDGE('',*,*,#6220,.F.);
#9189 = ORIENTED_EDGE('',*,*,#9190,.F.);
#9190 = EDGE_CURVE('',#4115,#6221,#9191,.T.);
#9191 = SURFACE_CURVE('',#9192,(#9196,#9203),.PCURVE_S1.);
#9192 = LINE('',#9193,#9194);
#9193 = CARTESIAN_POINT('',(1.E-02,19.71,-15.25));
#9194 = VECTOR('',#9195,1.);
#9195 = DIRECTION('',(0.,0.,1.));
#9196 = PCURVE('',#4129,#9197);
#9197 = DEFINITIONAL_REPRESENTATION('',(#9198),#9202);
#9198 = LINE('',#9199,#9200);
#9199 = CARTESIAN_POINT('',(0.,1.11));
#9200 = VECTOR('',#9201,1.);
#9201 = DIRECTION('',(1.,0.));
#9202 = ( GEOMETRIC_REPRESENTATION_CONTEXT(2) 
PARAMETRIC_REPRESENTATION_CONTEXT() REPRESENTATION_CONTEXT('2D SPACE',''
  ) );
#9203 = PCURVE('',#4157,#9204);
#9204 = DEFINITIONAL_REPRESENTATION('',(#9205),#9209);
#9205 = LINE('',#9206,#9207);
#9206 = CARTESIAN_POINT('',(1.570796326795,0.));
#9207 = VECTOR('',#9208,1.);
#9208 = DIRECTION('',(0.,1.));
#9209 = ( GEOMETRIC_REPRESENTATION_CONTEXT(2) 
PARAMETRIC_REPRESENTATION_CONTEXT() REPRESENTATION_CONTEXT('2D SPACE',''
  ) );
#9210 = ADVANCED_FACE('',(#9211),#4184,.F.);
#9211 = FACE_BOUND('',#9212,.F.);
#9212 = EDGE_LOOP('',(#9213,#9214,#9215,#9216));
#9213 = ORIENTED_EDGE('',*,*,#6265,.F.);
#9214 = ORIENTED_EDGE('',*,*,#9160,.F.);
#9215 = ORIENTED_EDGE('',*,*,#4169,.T.);
#9216 = ORIENTED_EDGE('',*,*,#9217,.T.);
#9217 = EDGE_CURVE('',#4141,#6242,#9218,.T.);
#9218 = SURFACE_CURVE('',#9219,(#9223,#9230),.PCURVE_S1.);
#9219 = LINE('',#9220,#9221);
#9220 = CARTESIAN_POINT('',(1.1,18.62,-15.25));
#9221 = VECTOR('',#9222,1.);
#9222 = DIRECTION('',(0.,0.,1.));
#9223 = PCURVE('',#4184,#9224);
#9224 = DEFINITIONAL_REPRESENTATION('',(#9225),#9229);
#9225 = LINE('',#9226,#9227);
#9226 = CARTESIAN_POINT('',(0.,-4.41));
#9227 = VECTOR('',#9228,1.);
#9228 = DIRECTION('',(1.,0.));
#9229 = ( GEOMETRIC_REPRESENTATION_CONTEXT(2) 
PARAMETRIC_REPRESENTATION_CONTEXT() REPRESENTATION_CONTEXT('2D SPACE',''
  ) );
#9230 = PCURVE('',#4157,#9231);
#9231 = DEFINITIONAL_REPRESENTATION('',(#9232),#9236);
#9232 = LINE('',#9233,#9234);
#9233 = CARTESIAN_POINT('',(0.,0.));
#9234 = VECTOR('',#9235,1.);
#9235 = DIRECTION('',(0.,1.));
#9236 = ( GEOMETRIC_REPRESENTATION_CONTEXT(2) 
PARAMETRIC_REPRESENTATION_CONTEXT() REPRESENTATION_CONTEXT('2D SPACE',''
  ) );
#9237 = ADVANCED_FACE('',(#9238),#4157,.F.);
#9238 = FACE_BOUND('',#9239,.F.);
#9239 = EDGE_LOOP('',(#9240,#9241,#9242,#9243));
#9240 = ORIENTED_EDGE('',*,*,#9217,.F.);
#9241 = ORIENTED_EDGE('',*,*,#4140,.T.);
#9242 = ORIENTED_EDGE('',*,*,#9190,.T.);
#9243 = ORIENTED_EDGE('',*,*,#6241,.F.);
#9244 = ADVANCED_FACE('',(#9245),#4269,.F.);
#9245 = FACE_BOUND('',#9246,.F.);
#9246 = EDGE_LOOP('',(#9247,#9268,#9269,#9290));
#9247 = ORIENTED_EDGE('',*,*,#9248,.F.);
#9248 = EDGE_CURVE('',#4251,#6332,#9249,.T.);
#9249 = SURFACE_CURVE('',#9250,(#9254,#9261),.PCURVE_S1.);
#9250 = LINE('',#9251,#9252);
#9251 = CARTESIAN_POINT('',(1.9,15.3,-15.25));
#9252 = VECTOR('',#9253,1.);
#9253 = DIRECTION('',(0.,0.,1.));
#9254 = PCURVE('',#4269,#9255);
#9255 = DEFINITIONAL_REPRESENTATION('',(#9256),#9260);
#9256 = LINE('',#9257,#9258);
#9257 = CARTESIAN_POINT('',(0.,0.));
#9258 = VECTOR('',#9259,1.);
#9259 = DIRECTION('',(0.,1.));
#9260 = ( GEOMETRIC_REPRESENTATION_CONTEXT(2) 
PARAMETRIC_REPRESENTATION_CONTEXT() REPRESENTATION_CONTEXT('2D SPACE',''
  ) );
#9261 = PCURVE('',#4296,#9262);
#9262 = DEFINITIONAL_REPRESENTATION('',(#9263),#9267);
#9263 = LINE('',#9264,#9265);
#9264 = CARTESIAN_POINT('',(0.,-1.09));
#9265 = VECTOR('',#9266,1.);
#9266 = DIRECTION('',(1.,0.));
#9267 = ( GEOMETRIC_REPRESENTATION_CONTEXT(2) 
PARAMETRIC_REPRESENTATION_CONTEXT() REPRESENTATION_CONTEXT('2D SPACE',''
  ) );
#9268 = ORIENTED_EDGE('',*,*,#4250,.T.);
#9269 = ORIENTED_EDGE('',*,*,#9270,.T.);
#9270 = EDGE_CURVE('',#4253,#6334,#9271,.T.);
#9271 = SURFACE_CURVE('',#9272,(#9276,#9283),.PCURVE_S1.);
#9272 = LINE('',#9273,#9274);
#9273 = CARTESIAN_POINT('',(2.99,14.21,-15.25));
#9274 = VECTOR('',#9275,1.);
#9275 = DIRECTION('',(0.,0.,1.));
#9276 = PCURVE('',#4269,#9277);
#9277 = DEFINITIONAL_REPRESENTATION('',(#9278),#9282);
#9278 = LINE('',#9279,#9280);
#9279 = CARTESIAN_POINT('',(1.570796326795,0.));
#9280 = VECTOR('',#9281,1.);
#9281 = DIRECTION('',(0.,1.));
#9282 = ( GEOMETRIC_REPRESENTATION_CONTEXT(2) 
PARAMETRIC_REPRESENTATION_CONTEXT() REPRESENTATION_CONTEXT('2D SPACE',''
  ) );
#9283 = PCURVE('',#4459,#9284);
#9284 = DEFINITIONAL_REPRESENTATION('',(#9285),#9289);
#9285 = LINE('',#9286,#9287);
#9286 = CARTESIAN_POINT('',(0.,1.09));
#9287 = VECTOR('',#9288,1.);
#9288 = DIRECTION('',(1.,0.));
#9289 = ( GEOMETRIC_REPRESENTATION_CONTEXT(2) 
PARAMETRIC_REPRESENTATION_CONTEXT() REPRESENTATION_CONTEXT('2D SPACE',''
  ) );
#9290 = ORIENTED_EDGE('',*,*,#6331,.F.);
#9291 = ADVANCED_FACE('',(#9292),#4459,.T.);
#9292 = FACE_BOUND('',#9293,.T.);
#9293 = EDGE_LOOP('',(#9294,#9295,#9296,#9297));
#9294 = ORIENTED_EDGE('',*,*,#4446,.T.);
#9295 = ORIENTED_EDGE('',*,*,#9270,.T.);
#9296 = ORIENTED_EDGE('',*,*,#6492,.F.);
#9297 = ORIENTED_EDGE('',*,*,#9298,.F.);
#9298 = EDGE_CURVE('',#4418,#6469,#9299,.T.);
#9299 = SURFACE_CURVE('',#9300,(#9304,#9311),.PCURVE_S1.);
#9300 = LINE('',#9301,#9302);
#9301 = CARTESIAN_POINT('',(3.01,14.21,-15.25));
#9302 = VECTOR('',#9303,1.);
#9303 = DIRECTION('',(0.,0.,1.));
#9304 = PCURVE('',#4459,#9305);
#9305 = DEFINITIONAL_REPRESENTATION('',(#9306),#9310);
#9306 = LINE('',#9307,#9308);
#9307 = CARTESIAN_POINT('',(0.,1.11));
#9308 = VECTOR('',#9309,1.);
#9309 = DIRECTION('',(1.,0.));
#9310 = ( GEOMETRIC_REPRESENTATION_CONTEXT(2) 
PARAMETRIC_REPRESENTATION_CONTEXT() REPRESENTATION_CONTEXT('2D SPACE',''
  ) );
#9311 = PCURVE('',#4434,#9312);
#9312 = DEFINITIONAL_REPRESENTATION('',(#9313),#9317);
#9313 = LINE('',#9314,#9315);
#9314 = CARTESIAN_POINT('',(-1.570796326795,0.));
#9315 = VECTOR('',#9316,1.);
#9316 = DIRECTION('',(-0.,1.));
#9317 = ( GEOMETRIC_REPRESENTATION_CONTEXT(2) 
PARAMETRIC_REPRESENTATION_CONTEXT() REPRESENTATION_CONTEXT('2D SPACE',''
  ) );
#9318 = ADVANCED_FACE('',(#9319),#4434,.F.);
#9319 = FACE_BOUND('',#9320,.T.);
#9320 = EDGE_LOOP('',(#9321,#9342,#9343,#9344));
#9321 = ORIENTED_EDGE('',*,*,#9322,.F.);
#9322 = EDGE_CURVE('',#4392,#6448,#9323,.T.);
#9323 = SURFACE_CURVE('',#9324,(#9328,#9335),.PCURVE_S1.);
#9324 = LINE('',#9325,#9326);
#9325 = CARTESIAN_POINT('',(4.1,15.3,-15.25));
#9326 = VECTOR('',#9327,1.);
#9327 = DIRECTION('',(0.,0.,1.));
#9328 = PCURVE('',#4434,#9329);
#9329 = DEFINITIONAL_REPRESENTATION('',(#9330),#9334);
#9330 = LINE('',#9331,#9332);
#9331 = CARTESIAN_POINT('',(-0.,0.));
#9332 = VECTOR('',#9333,1.);
#9333 = DIRECTION('',(-0.,1.));
#9334 = ( GEOMETRIC_REPRESENTATION_CONTEXT(2) 
PARAMETRIC_REPRESENTATION_CONTEXT() REPRESENTATION_CONTEXT('2D SPACE',''
  ) );
#9335 = PCURVE('',#4406,#9336);
#9336 = DEFINITIONAL_REPRESENTATION('',(#9337),#9341);
#9337 = LINE('',#9338,#9339);
#9338 = CARTESIAN_POINT('',(0.,-1.09));
#9339 = VECTOR('',#9340,1.);
#9340 = DIRECTION('',(1.,0.));
#9341 = ( GEOMETRIC_REPRESENTATION_CONTEXT(2) 
PARAMETRIC_REPRESENTATION_CONTEXT() REPRESENTATION_CONTEXT('2D SPACE',''
  ) );
#9342 = ORIENTED_EDGE('',*,*,#4417,.F.);
#9343 = ORIENTED_EDGE('',*,*,#9298,.T.);
#9344 = ORIENTED_EDGE('',*,*,#6468,.T.);
#9345 = ADVANCED_FACE('',(#9346),#4406,.F.);
#9346 = FACE_BOUND('',#9347,.F.);
#9347 = EDGE_LOOP('',(#9348,#9349,#9350,#9351));
#9348 = ORIENTED_EDGE('',*,*,#6447,.F.);
#9349 = ORIENTED_EDGE('',*,*,#9322,.F.);
#9350 = ORIENTED_EDGE('',*,*,#4391,.T.);
#9351 = ORIENTED_EDGE('',*,*,#9352,.T.);
#9352 = EDGE_CURVE('',#4363,#6424,#9353,.T.);
#9353 = SURFACE_CURVE('',#9354,(#9358,#9365),.PCURVE_S1.);
#9354 = LINE('',#9355,#9356);
#9355 = CARTESIAN_POINT('',(4.1,18.62,-15.25));
#9356 = VECTOR('',#9357,1.);
#9357 = DIRECTION('',(0.,0.,1.));
#9358 = PCURVE('',#4406,#9359);
#9359 = DEFINITIONAL_REPRESENTATION('',(#9360),#9364);
#9360 = LINE('',#9361,#9362);
#9361 = CARTESIAN_POINT('',(0.,-4.41));
#9362 = VECTOR('',#9363,1.);
#9363 = DIRECTION('',(1.,0.));
#9364 = ( GEOMETRIC_REPRESENTATION_CONTEXT(2) 
PARAMETRIC_REPRESENTATION_CONTEXT() REPRESENTATION_CONTEXT('2D SPACE',''
  ) );
#9365 = PCURVE('',#4379,#9366);
#9366 = DEFINITIONAL_REPRESENTATION('',(#9367),#9371);
#9367 = LINE('',#9368,#9369);
#9368 = CARTESIAN_POINT('',(0.,0.));
#9369 = VECTOR('',#9370,1.);
#9370 = DIRECTION('',(0.,1.));
#9371 = ( GEOMETRIC_REPRESENTATION_CONTEXT(2) 
PARAMETRIC_REPRESENTATION_CONTEXT() REPRESENTATION_CONTEXT('2D SPACE',''
  ) );
#9372 = ADVANCED_FACE('',(#9373),#4379,.F.);
#9373 = FACE_BOUND('',#9374,.F.);
#9374 = EDGE_LOOP('',(#9375,#9376,#9377,#9398));
#9375 = ORIENTED_EDGE('',*,*,#9352,.F.);
#9376 = ORIENTED_EDGE('',*,*,#4362,.T.);
#9377 = ORIENTED_EDGE('',*,*,#9378,.T.);
#9378 = EDGE_CURVE('',#4337,#6403,#9379,.T.);
#9379 = SURFACE_CURVE('',#9380,(#9384,#9391),.PCURVE_S1.);
#9380 = LINE('',#9381,#9382);
#9381 = CARTESIAN_POINT('',(3.01,19.71,-15.25));
#9382 = VECTOR('',#9383,1.);
#9383 = DIRECTION('',(0.,0.,1.));
#9384 = PCURVE('',#4379,#9385);
#9385 = DEFINITIONAL_REPRESENTATION('',(#9386),#9390);
#9386 = LINE('',#9387,#9388);
#9387 = CARTESIAN_POINT('',(1.570796326795,0.));
#9388 = VECTOR('',#9389,1.);
#9389 = DIRECTION('',(0.,1.));
#9390 = ( GEOMETRIC_REPRESENTATION_CONTEXT(2) 
PARAMETRIC_REPRESENTATION_CONTEXT() REPRESENTATION_CONTEXT('2D SPACE',''
  ) );
#9391 = PCURVE('',#4351,#9392);
#9392 = DEFINITIONAL_REPRESENTATION('',(#9393),#9397);
#9393 = LINE('',#9394,#9395);
#9394 = CARTESIAN_POINT('',(0.,1.11));
#9395 = VECTOR('',#9396,1.);
#9396 = DIRECTION('',(1.,0.));
#9397 = ( GEOMETRIC_REPRESENTATION_CONTEXT(2) 
PARAMETRIC_REPRESENTATION_CONTEXT() REPRESENTATION_CONTEXT('2D SPACE',''
  ) );
#9398 = ORIENTED_EDGE('',*,*,#6423,.F.);
#9399 = ADVANCED_FACE('',(#9400),#4351,.F.);
#9400 = FACE_BOUND('',#9401,.F.);
#9401 = EDGE_LOOP('',(#9402,#9403,#9424,#9425));
#9402 = ORIENTED_EDGE('',*,*,#4336,.T.);
#9403 = ORIENTED_EDGE('',*,*,#9404,.T.);
#9404 = EDGE_CURVE('',#4308,#6379,#9405,.T.);
#9405 = SURFACE_CURVE('',#9406,(#9410,#9417),.PCURVE_S1.);
#9406 = LINE('',#9407,#9408);
#9407 = CARTESIAN_POINT('',(2.99,19.71,-15.25));
#9408 = VECTOR('',#9409,1.);
#9409 = DIRECTION('',(0.,0.,1.));
#9410 = PCURVE('',#4351,#9411);
#9411 = DEFINITIONAL_REPRESENTATION('',(#9412),#9416);
#9412 = LINE('',#9413,#9414);
#9413 = CARTESIAN_POINT('',(0.,1.09));
#9414 = VECTOR('',#9415,1.);
#9415 = DIRECTION('',(1.,0.));
#9416 = ( GEOMETRIC_REPRESENTATION_CONTEXT(2) 
PARAMETRIC_REPRESENTATION_CONTEXT() REPRESENTATION_CONTEXT('2D SPACE',''
  ) );
#9417 = PCURVE('',#4324,#9418);
#9418 = DEFINITIONAL_REPRESENTATION('',(#9419),#9423);
#9419 = LINE('',#9420,#9421);
#9420 = CARTESIAN_POINT('',(-1.570796326795,0.));
#9421 = VECTOR('',#9422,1.);
#9422 = DIRECTION('',(-0.,1.));
#9423 = ( GEOMETRIC_REPRESENTATION_CONTEXT(2) 
PARAMETRIC_REPRESENTATION_CONTEXT() REPRESENTATION_CONTEXT('2D SPACE',''
  ) );
#9424 = ORIENTED_EDGE('',*,*,#6402,.F.);
#9425 = ORIENTED_EDGE('',*,*,#9378,.F.);
#9426 = ADVANCED_FACE('',(#9427),#4324,.F.);
#9427 = FACE_BOUND('',#9428,.T.);
#9428 = EDGE_LOOP('',(#9429,#9450,#9451,#9452));
#9429 = ORIENTED_EDGE('',*,*,#9430,.F.);
#9430 = EDGE_CURVE('',#4282,#6358,#9431,.T.);
#9431 = SURFACE_CURVE('',#9432,(#9436,#9443),.PCURVE_S1.);
#9432 = LINE('',#9433,#9434);
#9433 = CARTESIAN_POINT('',(1.9,18.62,-15.25));
#9434 = VECTOR('',#9435,1.);
#9435 = DIRECTION('',(0.,0.,1.));
#9436 = PCURVE('',#4324,#9437);
#9437 = DEFINITIONAL_REPRESENTATION('',(#9438),#9442);
#9438 = LINE('',#9439,#9440);
#9439 = CARTESIAN_POINT('',(-0.,0.));
#9440 = VECTOR('',#9441,1.);
#9441 = DIRECTION('',(-0.,1.));
#9442 = ( GEOMETRIC_REPRESENTATION_CONTEXT(2) 
PARAMETRIC_REPRESENTATION_CONTEXT() REPRESENTATION_CONTEXT('2D SPACE',''
  ) );
#9443 = PCURVE('',#4296,#9444);
#9444 = DEFINITIONAL_REPRESENTATION('',(#9445),#9449);
#9445 = LINE('',#9446,#9447);
#9446 = CARTESIAN_POINT('',(0.,-4.41));
#9447 = VECTOR('',#9448,1.);
#9448 = DIRECTION('',(1.,0.));
#9449 = ( GEOMETRIC_REPRESENTATION_CONTEXT(2) 
PARAMETRIC_REPRESENTATION_CONTEXT() REPRESENTATION_CONTEXT('2D SPACE',''
  ) );
#9450 = ORIENTED_EDGE('',*,*,#4307,.F.);
#9451 = ORIENTED_EDGE('',*,*,#9404,.T.);
#9452 = ORIENTED_EDGE('',*,*,#6378,.T.);
#9453 = ADVANCED_FACE('',(#9454),#4296,.T.);
#9454 = FACE_BOUND('',#9455,.T.);
#9455 = EDGE_LOOP('',(#9456,#9457,#9458,#9459));
#9456 = ORIENTED_EDGE('',*,*,#6357,.F.);
#9457 = ORIENTED_EDGE('',*,*,#9248,.F.);
#9458 = ORIENTED_EDGE('',*,*,#4281,.T.);
#9459 = ORIENTED_EDGE('',*,*,#9430,.T.);
#9460 = ADVANCED_FACE('',(#9461),#4583,.T.);
#9461 = FACE_BOUND('',#9462,.T.);
#9462 = EDGE_LOOP('',(#9463,#9464,#9465,#9466));
#9463 = ORIENTED_EDGE('',*,*,#8488,.T.);
#9464 = ORIENTED_EDGE('',*,*,#7774,.T.);
#9465 = ORIENTED_EDGE('',*,*,#6540,.F.);
#9466 = ORIENTED_EDGE('',*,*,#4569,.F.);
#9467 = ADVANCED_FACE('',(#9468),#4721,.F.);
#9468 = FACE_BOUND('',#9469,.F.);
#9469 = EDGE_LOOP('',(#9470));
#9470 = ORIENTED_EDGE('',*,*,#4704,.T.);
#9471 = ADVANCED_FACE('',(#9472),#4821,.F.);
#9472 = FACE_BOUND('',#9473,.F.);
#9473 = EDGE_LOOP('',(#9474));
#9474 = ORIENTED_EDGE('',*,*,#4804,.T.);
#9475 = ADVANCED_FACE('',(#9476),#5029,.F.);
#9476 = FACE_BOUND('',#9477,.F.);
#9477 = EDGE_LOOP('',(#9478));
#9478 = ORIENTED_EDGE('',*,*,#5012,.F.);
#9479 = ADVANCED_FACE('',(#9480),#5129,.F.);
#9480 = FACE_BOUND('',#9481,.F.);
#9481 = EDGE_LOOP('',(#9482));
#9482 = ORIENTED_EDGE('',*,*,#5112,.F.);
#9483 = ADVANCED_FACE('',(#9484),#5440,.F.);
#9484 = FACE_BOUND('',#9485,.F.);
#9485 = EDGE_LOOP('',(#9486,#9509,#9510,#9533));
#9486 = ORIENTED_EDGE('',*,*,#9487,.F.);
#9487 = EDGE_CURVE('',#5422,#9488,#9490,.T.);
#9488 = VERTEX_POINT('',#9489);
#9489 = CARTESIAN_POINT('',(-9.5,21.41,7.51));
#9490 = SURFACE_CURVE('',#9491,(#9495,#9502),.PCURVE_S1.);
#9491 = LINE('',#9492,#9493);
#9492 = CARTESIAN_POINT('',(-9.5,18.81,7.51));
#9493 = VECTOR('',#9494,1.);
#9494 = DIRECTION('',(0.,1.,0.));
#9495 = PCURVE('',#5440,#9496);
#9496 = DEFINITIONAL_REPRESENTATION('',(#9497),#9501);
#9497 = LINE('',#9498,#9499);
#9498 = CARTESIAN_POINT('',(0.,0.));
#9499 = VECTOR('',#9500,1.);
#9500 = DIRECTION('',(0.,1.));
#9501 = ( GEOMETRIC_REPRESENTATION_CONTEXT(2) 
PARAMETRIC_REPRESENTATION_CONTEXT() REPRESENTATION_CONTEXT('2D SPACE',''
  ) );
#9502 = PCURVE('',#5467,#9503);
#9503 = DEFINITIONAL_REPRESENTATION('',(#9504),#9508);
#9504 = LINE('',#9505,#9506);
#9505 = CARTESIAN_POINT('',(1.91,0.));
#9506 = VECTOR('',#9507,1.);
#9507 = DIRECTION('',(0.,-1.));
#9508 = ( GEOMETRIC_REPRESENTATION_CONTEXT(2) 
PARAMETRIC_REPRESENTATION_CONTEXT() REPRESENTATION_CONTEXT('2D SPACE',''
  ) );
#9509 = ORIENTED_EDGE('',*,*,#5421,.T.);
#9510 = ORIENTED_EDGE('',*,*,#9511,.T.);
#9511 = EDGE_CURVE('',#5424,#9512,#9514,.T.);
#9512 = VERTEX_POINT('',#9513);
#9513 = CARTESIAN_POINT('',(-7.61,21.41,9.4));
#9514 = SURFACE_CURVE('',#9515,(#9519,#9526),.PCURVE_S1.);
#9515 = LINE('',#9516,#9517);
#9516 = CARTESIAN_POINT('',(-7.61,18.81,9.4));
#9517 = VECTOR('',#9518,1.);
#9518 = DIRECTION('',(0.,1.,0.));
#9519 = PCURVE('',#5440,#9520);
#9520 = DEFINITIONAL_REPRESENTATION('',(#9521),#9525);
#9521 = LINE('',#9522,#9523);
#9522 = CARTESIAN_POINT('',(1.570796326795,0.));
#9523 = VECTOR('',#9524,1.);
#9524 = DIRECTION('',(0.,1.));
#9525 = ( GEOMETRIC_REPRESENTATION_CONTEXT(2) 
PARAMETRIC_REPRESENTATION_CONTEXT() REPRESENTATION_CONTEXT('2D SPACE',''
  ) );
#9526 = PCURVE('',#5630,#9527);
#9527 = DEFINITIONAL_REPRESENTATION('',(#9528),#9532);
#9528 = LINE('',#9529,#9530);
#9529 = CARTESIAN_POINT('',(1.89,0.));
#9530 = VECTOR('',#9531,1.);
#9531 = DIRECTION('',(0.,1.));
#9532 = ( GEOMETRIC_REPRESENTATION_CONTEXT(2) 
PARAMETRIC_REPRESENTATION_CONTEXT() REPRESENTATION_CONTEXT('2D SPACE',''
  ) );
#9533 = ORIENTED_EDGE('',*,*,#9534,.F.);
#9534 = EDGE_CURVE('',#9488,#9512,#9535,.T.);
#9535 = SURFACE_CURVE('',#9536,(#9541,#9548),.PCURVE_S1.);
#9536 = CIRCLE('',#9537,1.89);
#9537 = AXIS2_PLACEMENT_3D('',#9538,#9539,#9540);
#9538 = CARTESIAN_POINT('',(-7.61,21.41,7.51));
#9539 = DIRECTION('',(0.,1.,0.));
#9540 = DIRECTION('',(-1.,0.,0.));
#9541 = PCURVE('',#5440,#9542);
#9542 = DEFINITIONAL_REPRESENTATION('',(#9543),#9547);
#9543 = LINE('',#9544,#9545);
#9544 = CARTESIAN_POINT('',(0.,2.6));
#9545 = VECTOR('',#9546,1.);
#9546 = DIRECTION('',(1.,0.));
#9547 = ( GEOMETRIC_REPRESENTATION_CONTEXT(2) 
PARAMETRIC_REPRESENTATION_CONTEXT() REPRESENTATION_CONTEXT('2D SPACE',''
  ) );
#9548 = PCURVE('',#9549,#9554);
#9549 = PLANE('',#9550);
#9550 = AXIS2_PLACEMENT_3D('',#9551,#9552,#9553);
#9551 = CARTESIAN_POINT('',(-14.25,21.41,-14.25));
#9552 = DIRECTION('',(0.,1.,0.));
#9553 = DIRECTION('',(0.,0.,1.));
#9554 = DEFINITIONAL_REPRESENTATION('',(#9555),#9559);
#9555 = CIRCLE('',#9556,1.89);
#9556 = AXIS2_PLACEMENT_2D('',#9557,#9558);
#9557 = CARTESIAN_POINT('',(21.76,6.64));
#9558 = DIRECTION('',(0.,-1.));
#9559 = ( GEOMETRIC_REPRESENTATION_CONTEXT(2) 
PARAMETRIC_REPRESENTATION_CONTEXT() REPRESENTATION_CONTEXT('2D SPACE',''
  ) );
#9560 = ADVANCED_FACE('',(#9561),#5630,.F.);
#9561 = FACE_BOUND('',#9562,.F.);
#9562 = EDGE_LOOP('',(#9563,#9584,#9585,#9586));
#9563 = ORIENTED_EDGE('',*,*,#9564,.F.);
#9564 = EDGE_CURVE('',#9512,#9565,#9567,.T.);
#9565 = VERTEX_POINT('',#9566);
#9566 = CARTESIAN_POINT('',(7.61,21.41,9.4));
#9567 = SURFACE_CURVE('',#9568,(#9572,#9578),.PCURVE_S1.);
#9568 = LINE('',#9569,#9570);
#9569 = CARTESIAN_POINT('',(-11.875,21.41,9.4));
#9570 = VECTOR('',#9571,1.);
#9571 = DIRECTION('',(1.,0.,0.));
#9572 = PCURVE('',#5630,#9573);
#9573 = DEFINITIONAL_REPRESENTATION('',(#9574),#9577);
#9574 = B_SPLINE_CURVE_WITH_KNOTS('',1,(#9575,#9576),.UNSPECIFIED.,.F.,
  .F.,(2,2),(4.265,19.485),.PIECEWISE_BEZIER_KNOTS.);
#9575 = CARTESIAN_POINT('',(1.89,2.6));
#9576 = CARTESIAN_POINT('',(17.11,2.6));
#9577 = ( GEOMETRIC_REPRESENTATION_CONTEXT(2) 
PARAMETRIC_REPRESENTATION_CONTEXT() REPRESENTATION_CONTEXT('2D SPACE',''
  ) );
#9578 = PCURVE('',#9549,#9579);
#9579 = DEFINITIONAL_REPRESENTATION('',(#9580),#9583);
#9580 = B_SPLINE_CURVE_WITH_KNOTS('',1,(#9581,#9582),.UNSPECIFIED.,.F.,
  .F.,(2,2),(4.265,19.485),.PIECEWISE_BEZIER_KNOTS.);
#9581 = CARTESIAN_POINT('',(23.65,6.64));
#9582 = CARTESIAN_POINT('',(23.65,21.86));
#9583 = ( GEOMETRIC_REPRESENTATION_CONTEXT(2) 
PARAMETRIC_REPRESENTATION_CONTEXT() REPRESENTATION_CONTEXT('2D SPACE',''
  ) );
#9584 = ORIENTED_EDGE('',*,*,#9511,.F.);
#9585 = ORIENTED_EDGE('',*,*,#5617,.T.);
#9586 = ORIENTED_EDGE('',*,*,#9587,.T.);
#9587 = EDGE_CURVE('',#5589,#9565,#9588,.T.);
#9588 = SURFACE_CURVE('',#9589,(#9593,#9600),.PCURVE_S1.);
#9589 = LINE('',#9590,#9591);
#9590 = CARTESIAN_POINT('',(7.61,18.81,9.4));
#9591 = VECTOR('',#9592,1.);
#9592 = DIRECTION('',(0.,1.,0.));
#9593 = PCURVE('',#5630,#9594);
#9594 = DEFINITIONAL_REPRESENTATION('',(#9595),#9599);
#9595 = LINE('',#9596,#9597);
#9596 = CARTESIAN_POINT('',(17.11,0.));
#9597 = VECTOR('',#9598,1.);
#9598 = DIRECTION('',(0.,1.));
#9599 = ( GEOMETRIC_REPRESENTATION_CONTEXT(2) 
PARAMETRIC_REPRESENTATION_CONTEXT() REPRESENTATION_CONTEXT('2D SPACE',''
  ) );
#9600 = PCURVE('',#5605,#9601);
#9601 = DEFINITIONAL_REPRESENTATION('',(#9602),#9606);
#9602 = LINE('',#9603,#9604);
#9603 = CARTESIAN_POINT('',(-1.570796326795,0.));
#9604 = VECTOR('',#9605,1.);
#9605 = DIRECTION('',(-0.,1.));
#9606 = ( GEOMETRIC_REPRESENTATION_CONTEXT(2) 
PARAMETRIC_REPRESENTATION_CONTEXT() REPRESENTATION_CONTEXT('2D SPACE',''
  ) );
#9607 = ADVANCED_FACE('',(#9608),#5605,.F.);
#9608 = FACE_BOUND('',#9609,.T.);
#9609 = EDGE_LOOP('',(#9610,#9633,#9634,#9635));
#9610 = ORIENTED_EDGE('',*,*,#9611,.F.);
#9611 = EDGE_CURVE('',#5563,#9612,#9614,.T.);
#9612 = VERTEX_POINT('',#9613);
#9613 = CARTESIAN_POINT('',(9.5,21.41,7.51));
#9614 = SURFACE_CURVE('',#9615,(#9619,#9626),.PCURVE_S1.);
#9615 = LINE('',#9616,#9617);
#9616 = CARTESIAN_POINT('',(9.5,18.81,7.51));
#9617 = VECTOR('',#9618,1.);
#9618 = DIRECTION('',(0.,1.,0.));
#9619 = PCURVE('',#5605,#9620);
#9620 = DEFINITIONAL_REPRESENTATION('',(#9621),#9625);
#9621 = LINE('',#9622,#9623);
#9622 = CARTESIAN_POINT('',(-0.,0.));
#9623 = VECTOR('',#9624,1.);
#9624 = DIRECTION('',(-0.,1.));
#9625 = ( GEOMETRIC_REPRESENTATION_CONTEXT(2) 
PARAMETRIC_REPRESENTATION_CONTEXT() REPRESENTATION_CONTEXT('2D SPACE',''
  ) );
#9626 = PCURVE('',#5577,#9627);
#9627 = DEFINITIONAL_REPRESENTATION('',(#9628),#9632);
#9628 = LINE('',#9629,#9630);
#9629 = CARTESIAN_POINT('',(1.91,0.));
#9630 = VECTOR('',#9631,1.);
#9631 = DIRECTION('',(0.,-1.));
#9632 = ( GEOMETRIC_REPRESENTATION_CONTEXT(2) 
PARAMETRIC_REPRESENTATION_CONTEXT() REPRESENTATION_CONTEXT('2D SPACE',''
  ) );
#9633 = ORIENTED_EDGE('',*,*,#5588,.F.);
#9634 = ORIENTED_EDGE('',*,*,#9587,.T.);
#9635 = ORIENTED_EDGE('',*,*,#9636,.T.);
#9636 = EDGE_CURVE('',#9565,#9612,#9637,.T.);
#9637 = SURFACE_CURVE('',#9638,(#9643,#9650),.PCURVE_S1.);
#9638 = CIRCLE('',#9639,1.89);
#9639 = AXIS2_PLACEMENT_3D('',#9640,#9641,#9642);
#9640 = CARTESIAN_POINT('',(7.61,21.41,7.51));
#9641 = DIRECTION('',(0.,1.,0.));
#9642 = DIRECTION('',(1.,0.,-0.));
#9643 = PCURVE('',#5605,#9644);
#9644 = DEFINITIONAL_REPRESENTATION('',(#9645),#9649);
#9645 = LINE('',#9646,#9647);
#9646 = CARTESIAN_POINT('',(-6.28318530718,2.6));
#9647 = VECTOR('',#9648,1.);
#9648 = DIRECTION('',(1.,-0.));
#9649 = ( GEOMETRIC_REPRESENTATION_CONTEXT(2) 
PARAMETRIC_REPRESENTATION_CONTEXT() REPRESENTATION_CONTEXT('2D SPACE',''
  ) );
#9650 = PCURVE('',#9549,#9651);
#9651 = DEFINITIONAL_REPRESENTATION('',(#9652),#9656);
#9652 = CIRCLE('',#9653,1.89);
#9653 = AXIS2_PLACEMENT_2D('',#9654,#9655);
#9654 = CARTESIAN_POINT('',(21.76,21.86));
#9655 = DIRECTION('',(0.,1.));
#9656 = ( GEOMETRIC_REPRESENTATION_CONTEXT(2) 
PARAMETRIC_REPRESENTATION_CONTEXT() REPRESENTATION_CONTEXT('2D SPACE',''
  ) );
#9657 = ADVANCED_FACE('',(#9658),#5577,.F.);
#9658 = FACE_BOUND('',#9659,.F.);
#9659 = EDGE_LOOP('',(#9660,#9661,#9684,#9703));
#9660 = ORIENTED_EDGE('',*,*,#5562,.T.);
#9661 = ORIENTED_EDGE('',*,*,#9662,.T.);
#9662 = EDGE_CURVE('',#5534,#9663,#9665,.T.);
#9663 = VERTEX_POINT('',#9664);
#9664 = CARTESIAN_POINT('',(9.5,21.41,7.49));
#9665 = SURFACE_CURVE('',#9666,(#9670,#9677),.PCURVE_S1.);
#9666 = LINE('',#9667,#9668);
#9667 = CARTESIAN_POINT('',(9.5,18.81,7.49));
#9668 = VECTOR('',#9669,1.);
#9669 = DIRECTION('',(0.,1.,0.));
#9670 = PCURVE('',#5577,#9671);
#9671 = DEFINITIONAL_REPRESENTATION('',(#9672),#9676);
#9672 = LINE('',#9673,#9674);
#9673 = CARTESIAN_POINT('',(1.89,0.));
#9674 = VECTOR('',#9675,1.);
#9675 = DIRECTION('',(0.,-1.));
#9676 = ( GEOMETRIC_REPRESENTATION_CONTEXT(2) 
PARAMETRIC_REPRESENTATION_CONTEXT() REPRESENTATION_CONTEXT('2D SPACE',''
  ) );
#9677 = PCURVE('',#5550,#9678);
#9678 = DEFINITIONAL_REPRESENTATION('',(#9679),#9683);
#9679 = LINE('',#9680,#9681);
#9680 = CARTESIAN_POINT('',(0.,0.));
#9681 = VECTOR('',#9682,1.);
#9682 = DIRECTION('',(0.,1.));
#9683 = ( GEOMETRIC_REPRESENTATION_CONTEXT(2) 
PARAMETRIC_REPRESENTATION_CONTEXT() REPRESENTATION_CONTEXT('2D SPACE',''
  ) );
#9684 = ORIENTED_EDGE('',*,*,#9685,.F.);
#9685 = EDGE_CURVE('',#9612,#9663,#9686,.T.);
#9686 = SURFACE_CURVE('',#9687,(#9691,#9697),.PCURVE_S1.);
#9687 = LINE('',#9688,#9689);
#9688 = CARTESIAN_POINT('',(9.5,21.41,-4.325));
#9689 = VECTOR('',#9690,1.);
#9690 = DIRECTION('',(0.,0.,-1.));
#9691 = PCURVE('',#5577,#9692);
#9692 = DEFINITIONAL_REPRESENTATION('',(#9693),#9696);
#9693 = B_SPLINE_CURVE_WITH_KNOTS('',1,(#9694,#9695),.UNSPECIFIED.,.F.,
  .F.,(2,2),(-11.835,-11.815),.PIECEWISE_BEZIER_KNOTS.);
#9694 = CARTESIAN_POINT('',(1.91,-2.6));
#9695 = CARTESIAN_POINT('',(1.89,-2.6));
#9696 = ( GEOMETRIC_REPRESENTATION_CONTEXT(2) 
PARAMETRIC_REPRESENTATION_CONTEXT() REPRESENTATION_CONTEXT('2D SPACE',''
  ) );
#9697 = PCURVE('',#9549,#9698);
#9698 = DEFINITIONAL_REPRESENTATION('',(#9699),#9702);
#9699 = B_SPLINE_CURVE_WITH_KNOTS('',1,(#9700,#9701),.UNSPECIFIED.,.F.,
  .F.,(2,2),(-11.835,-11.815),.PIECEWISE_BEZIER_KNOTS.);
#9700 = CARTESIAN_POINT('',(21.76,23.75));
#9701 = CARTESIAN_POINT('',(21.74,23.75));
#9702 = ( GEOMETRIC_REPRESENTATION_CONTEXT(2) 
PARAMETRIC_REPRESENTATION_CONTEXT() REPRESENTATION_CONTEXT('2D SPACE',''
  ) );
#9703 = ORIENTED_EDGE('',*,*,#9611,.F.);
#9704 = ADVANCED_FACE('',(#9705),#5550,.F.);
#9705 = FACE_BOUND('',#9706,.F.);
#9706 = EDGE_LOOP('',(#9707,#9708,#9709,#9732));
#9707 = ORIENTED_EDGE('',*,*,#9662,.F.);
#9708 = ORIENTED_EDGE('',*,*,#5533,.T.);
#9709 = ORIENTED_EDGE('',*,*,#9710,.T.);
#9710 = EDGE_CURVE('',#5508,#9711,#9713,.T.);
#9711 = VERTEX_POINT('',#9712);
#9712 = CARTESIAN_POINT('',(7.61,21.41,5.6));
#9713 = SURFACE_CURVE('',#9714,(#9718,#9725),.PCURVE_S1.);
#9714 = LINE('',#9715,#9716);
#9715 = CARTESIAN_POINT('',(7.61,18.81,5.6));
#9716 = VECTOR('',#9717,1.);
#9717 = DIRECTION('',(0.,1.,0.));
#9718 = PCURVE('',#5550,#9719);
#9719 = DEFINITIONAL_REPRESENTATION('',(#9720),#9724);
#9720 = LINE('',#9721,#9722);
#9721 = CARTESIAN_POINT('',(1.570796326795,0.));
#9722 = VECTOR('',#9723,1.);
#9723 = DIRECTION('',(0.,1.));
#9724 = ( GEOMETRIC_REPRESENTATION_CONTEXT(2) 
PARAMETRIC_REPRESENTATION_CONTEXT() REPRESENTATION_CONTEXT('2D SPACE',''
  ) );
#9725 = PCURVE('',#5522,#9726);
#9726 = DEFINITIONAL_REPRESENTATION('',(#9727),#9731);
#9727 = LINE('',#9728,#9729);
#9728 = CARTESIAN_POINT('',(17.11,0.));
#9729 = VECTOR('',#9730,1.);
#9730 = DIRECTION('',(0.,1.));
#9731 = ( GEOMETRIC_REPRESENTATION_CONTEXT(2) 
PARAMETRIC_REPRESENTATION_CONTEXT() REPRESENTATION_CONTEXT('2D SPACE',''
  ) );
#9732 = ORIENTED_EDGE('',*,*,#9733,.F.);
#9733 = EDGE_CURVE('',#9663,#9711,#9734,.T.);
#9734 = SURFACE_CURVE('',#9735,(#9740,#9747),.PCURVE_S1.);
#9735 = CIRCLE('',#9736,1.89);
#9736 = AXIS2_PLACEMENT_3D('',#9737,#9738,#9739);
#9737 = CARTESIAN_POINT('',(7.61,21.41,7.49));
#9738 = DIRECTION('',(0.,1.,0.));
#9739 = DIRECTION('',(1.,0.,-0.));
#9740 = PCURVE('',#5550,#9741);
#9741 = DEFINITIONAL_REPRESENTATION('',(#9742),#9746);
#9742 = LINE('',#9743,#9744);
#9743 = CARTESIAN_POINT('',(0.,2.6));
#9744 = VECTOR('',#9745,1.);
#9745 = DIRECTION('',(1.,0.));
#9746 = ( GEOMETRIC_REPRESENTATION_CONTEXT(2) 
PARAMETRIC_REPRESENTATION_CONTEXT() REPRESENTATION_CONTEXT('2D SPACE',''
  ) );
#9747 = PCURVE('',#9549,#9748);
#9748 = DEFINITIONAL_REPRESENTATION('',(#9749),#9753);
#9749 = CIRCLE('',#9750,1.89);
#9750 = AXIS2_PLACEMENT_2D('',#9751,#9752);
#9751 = CARTESIAN_POINT('',(21.74,21.86));
#9752 = DIRECTION('',(0.,1.));
#9753 = ( GEOMETRIC_REPRESENTATION_CONTEXT(2) 
PARAMETRIC_REPRESENTATION_CONTEXT() REPRESENTATION_CONTEXT('2D SPACE',''
  ) );
#9754 = ADVANCED_FACE('',(#9755),#5522,.T.);
#9755 = FACE_BOUND('',#9756,.T.);
#9756 = EDGE_LOOP('',(#9757,#9778,#9799,#9800));
#9757 = ORIENTED_EDGE('',*,*,#9758,.F.);
#9758 = EDGE_CURVE('',#9759,#9711,#9761,.T.);
#9759 = VERTEX_POINT('',#9760);
#9760 = CARTESIAN_POINT('',(-7.61,21.41,5.6));
#9761 = SURFACE_CURVE('',#9762,(#9766,#9772),.PCURVE_S1.);
#9762 = LINE('',#9763,#9764);
#9763 = CARTESIAN_POINT('',(-11.875,21.41,5.6));
#9764 = VECTOR('',#9765,1.);
#9765 = DIRECTION('',(1.,0.,0.));
#9766 = PCURVE('',#5522,#9767);
#9767 = DEFINITIONAL_REPRESENTATION('',(#9768),#9771);
#9768 = B_SPLINE_CURVE_WITH_KNOTS('',1,(#9769,#9770),.UNSPECIFIED.,.F.,
  .F.,(2,2),(4.265,19.485),.PIECEWISE_BEZIER_KNOTS.);
#9769 = CARTESIAN_POINT('',(1.89,2.6));
#9770 = CARTESIAN_POINT('',(17.11,2.6));
#9771 = ( GEOMETRIC_REPRESENTATION_CONTEXT(2) 
PARAMETRIC_REPRESENTATION_CONTEXT() REPRESENTATION_CONTEXT('2D SPACE',''
  ) );
#9772 = PCURVE('',#9549,#9773);
#9773 = DEFINITIONAL_REPRESENTATION('',(#9774),#9777);
#9774 = B_SPLINE_CURVE_WITH_KNOTS('',1,(#9775,#9776),.UNSPECIFIED.,.F.,
  .F.,(2,2),(4.265,19.485),.PIECEWISE_BEZIER_KNOTS.);
#9775 = CARTESIAN_POINT('',(19.85,6.64));
#9776 = CARTESIAN_POINT('',(19.85,21.86));
#9777 = ( GEOMETRIC_REPRESENTATION_CONTEXT(2) 
PARAMETRIC_REPRESENTATION_CONTEXT() REPRESENTATION_CONTEXT('2D SPACE',''
  ) );
#9778 = ORIENTED_EDGE('',*,*,#9779,.F.);
#9779 = EDGE_CURVE('',#5479,#9759,#9780,.T.);
#9780 = SURFACE_CURVE('',#9781,(#9785,#9792),.PCURVE_S1.);
#9781 = LINE('',#9782,#9783);
#9782 = CARTESIAN_POINT('',(-7.61,18.81,5.6));
#9783 = VECTOR('',#9784,1.);
#9784 = DIRECTION('',(0.,1.,0.));
#9785 = PCURVE('',#5522,#9786);
#9786 = DEFINITIONAL_REPRESENTATION('',(#9787),#9791);
#9787 = LINE('',#9788,#9789);
#9788 = CARTESIAN_POINT('',(1.89,0.));
#9789 = VECTOR('',#9790,1.);
#9790 = DIRECTION('',(0.,1.));
#9791 = ( GEOMETRIC_REPRESENTATION_CONTEXT(2) 
PARAMETRIC_REPRESENTATION_CONTEXT() REPRESENTATION_CONTEXT('2D SPACE',''
  ) );
#9792 = PCURVE('',#5495,#9793);
#9793 = DEFINITIONAL_REPRESENTATION('',(#9794),#9798);
#9794 = LINE('',#9795,#9796);
#9795 = CARTESIAN_POINT('',(-1.570796326795,0.));
#9796 = VECTOR('',#9797,1.);
#9797 = DIRECTION('',(-0.,1.));
#9798 = ( GEOMETRIC_REPRESENTATION_CONTEXT(2) 
PARAMETRIC_REPRESENTATION_CONTEXT() REPRESENTATION_CONTEXT('2D SPACE',''
  ) );
#9799 = ORIENTED_EDGE('',*,*,#5507,.T.);
#9800 = ORIENTED_EDGE('',*,*,#9710,.T.);
#9801 = ADVANCED_FACE('',(#9802),#5495,.F.);
#9802 = FACE_BOUND('',#9803,.T.);
#9803 = EDGE_LOOP('',(#9804,#9827,#9828,#9829));
#9804 = ORIENTED_EDGE('',*,*,#9805,.F.);
#9805 = EDGE_CURVE('',#5453,#9806,#9808,.T.);
#9806 = VERTEX_POINT('',#9807);
#9807 = CARTESIAN_POINT('',(-9.5,21.41,7.49));
#9808 = SURFACE_CURVE('',#9809,(#9813,#9820),.PCURVE_S1.);
#9809 = LINE('',#9810,#9811);
#9810 = CARTESIAN_POINT('',(-9.5,18.81,7.49));
#9811 = VECTOR('',#9812,1.);
#9812 = DIRECTION('',(0.,1.,0.));
#9813 = PCURVE('',#5495,#9814);
#9814 = DEFINITIONAL_REPRESENTATION('',(#9815),#9819);
#9815 = LINE('',#9816,#9817);
#9816 = CARTESIAN_POINT('',(-0.,0.));
#9817 = VECTOR('',#9818,1.);
#9818 = DIRECTION('',(-0.,1.));
#9819 = ( GEOMETRIC_REPRESENTATION_CONTEXT(2) 
PARAMETRIC_REPRESENTATION_CONTEXT() REPRESENTATION_CONTEXT('2D SPACE',''
  ) );
#9820 = PCURVE('',#5467,#9821);
#9821 = DEFINITIONAL_REPRESENTATION('',(#9822),#9826);
#9822 = LINE('',#9823,#9824);
#9823 = CARTESIAN_POINT('',(1.89,0.));
#9824 = VECTOR('',#9825,1.);
#9825 = DIRECTION('',(0.,-1.));
#9826 = ( GEOMETRIC_REPRESENTATION_CONTEXT(2) 
PARAMETRIC_REPRESENTATION_CONTEXT() REPRESENTATION_CONTEXT('2D SPACE',''
  ) );
#9827 = ORIENTED_EDGE('',*,*,#5478,.F.);
#9828 = ORIENTED_EDGE('',*,*,#9779,.T.);
#9829 = ORIENTED_EDGE('',*,*,#9830,.T.);
#9830 = EDGE_CURVE('',#9759,#9806,#9831,.T.);
#9831 = SURFACE_CURVE('',#9832,(#9837,#9844),.PCURVE_S1.);
#9832 = CIRCLE('',#9833,1.89);
#9833 = AXIS2_PLACEMENT_3D('',#9834,#9835,#9836);
#9834 = CARTESIAN_POINT('',(-7.61,21.41,7.49));
#9835 = DIRECTION('',(0.,1.,0.));
#9836 = DIRECTION('',(-1.,0.,0.));
#9837 = PCURVE('',#5495,#9838);
#9838 = DEFINITIONAL_REPRESENTATION('',(#9839),#9843);
#9839 = LINE('',#9840,#9841);
#9840 = CARTESIAN_POINT('',(-6.28318530718,2.6));
#9841 = VECTOR('',#9842,1.);
#9842 = DIRECTION('',(1.,-0.));
#9843 = ( GEOMETRIC_REPRESENTATION_CONTEXT(2) 
PARAMETRIC_REPRESENTATION_CONTEXT() REPRESENTATION_CONTEXT('2D SPACE',''
  ) );
#9844 = PCURVE('',#9549,#9845);
#9845 = DEFINITIONAL_REPRESENTATION('',(#9846),#9850);
#9846 = CIRCLE('',#9847,1.89);
#9847 = AXIS2_PLACEMENT_2D('',#9848,#9849);
#9848 = CARTESIAN_POINT('',(21.74,6.64));
#9849 = DIRECTION('',(0.,-1.));
#9850 = ( GEOMETRIC_REPRESENTATION_CONTEXT(2) 
PARAMETRIC_REPRESENTATION_CONTEXT() REPRESENTATION_CONTEXT('2D SPACE',''
  ) );
#9851 = ADVANCED_FACE('',(#9852),#5467,.T.);
#9852 = FACE_BOUND('',#9853,.T.);
#9853 = EDGE_LOOP('',(#9854,#9855,#9856,#9875));
#9854 = ORIENTED_EDGE('',*,*,#5452,.T.);
#9855 = ORIENTED_EDGE('',*,*,#9805,.T.);
#9856 = ORIENTED_EDGE('',*,*,#9857,.F.);
#9857 = EDGE_CURVE('',#9488,#9806,#9858,.T.);
#9858 = SURFACE_CURVE('',#9859,(#9863,#9869),.PCURVE_S1.);
#9859 = LINE('',#9860,#9861);
#9860 = CARTESIAN_POINT('',(-9.5,21.41,-4.325));
#9861 = VECTOR('',#9862,1.);
#9862 = DIRECTION('',(0.,0.,-1.));
#9863 = PCURVE('',#5467,#9864);
#9864 = DEFINITIONAL_REPRESENTATION('',(#9865),#9868);
#9865 = B_SPLINE_CURVE_WITH_KNOTS('',1,(#9866,#9867),.UNSPECIFIED.,.F.,
  .F.,(2,2),(-11.835,-11.815),.PIECEWISE_BEZIER_KNOTS.);
#9866 = CARTESIAN_POINT('',(1.91,-2.6));
#9867 = CARTESIAN_POINT('',(1.89,-2.6));
#9868 = ( GEOMETRIC_REPRESENTATION_CONTEXT(2) 
PARAMETRIC_REPRESENTATION_CONTEXT() REPRESENTATION_CONTEXT('2D SPACE',''
  ) );
#9869 = PCURVE('',#9549,#9870);
#9870 = DEFINITIONAL_REPRESENTATION('',(#9871),#9874);
#9871 = B_SPLINE_CURVE_WITH_KNOTS('',1,(#9872,#9873),.UNSPECIFIED.,.F.,
  .F.,(2,2),(-11.835,-11.815),.PIECEWISE_BEZIER_KNOTS.);
#9872 = CARTESIAN_POINT('',(21.76,4.75));
#9873 = CARTESIAN_POINT('',(21.74,4.75));
#9874 = ( GEOMETRIC_REPRESENTATION_CONTEXT(2) 
PARAMETRIC_REPRESENTATION_CONTEXT() REPRESENTATION_CONTEXT('2D SPACE',''
  ) );
#9875 = ORIENTED_EDGE('',*,*,#9487,.F.);
#9876 = ADVANCED_FACE('',(#9877),#7347,.T.);
#9877 = FACE_BOUND('',#9878,.T.);
#9878 = EDGE_LOOP('',(#9879,#9880,#9881,#9902));
#9879 = ORIENTED_EDGE('',*,*,#7443,.F.);
#9880 = ORIENTED_EDGE('',*,*,#7332,.T.);
#9881 = ORIENTED_EDGE('',*,*,#9882,.T.);
#9882 = EDGE_CURVE('',#7310,#9883,#9885,.T.);
#9883 = VERTEX_POINT('',#9884);
#9884 = CARTESIAN_POINT('',(-5.65,19.91,-19.75));
#9885 = SURFACE_CURVE('',#9886,(#9890,#9896),.PCURVE_S1.);
#9886 = LINE('',#9887,#9888);
#9887 = CARTESIAN_POINT('',(-5.25,19.91,-19.35));
#9888 = VECTOR('',#9889,1.);
#9889 = DIRECTION('',(-0.707106781187,-4.329780281177E-17,
    -0.707106781187));
#9890 = PCURVE('',#7347,#9891);
#9891 = DEFINITIONAL_REPRESENTATION('',(#9892),#9895);
#9892 = B_SPLINE_CURVE_WITH_KNOTS('',1,(#9893,#9894),.UNSPECIFIED.,.F.,
  .F.,(2,2),(0.,0.565685424949),.PIECEWISE_BEZIER_KNOTS.);
#9893 = CARTESIAN_POINT('',(-1.570796326795,0.));
#9894 = CARTESIAN_POINT('',(-1.570796326795,-0.4));
#9895 = ( GEOMETRIC_REPRESENTATION_CONTEXT(2) 
PARAMETRIC_REPRESENTATION_CONTEXT() REPRESENTATION_CONTEXT('2D SPACE',''
  ) );
#9896 = PCURVE('',#8712,#9897);
#9897 = DEFINITIONAL_REPRESENTATION('',(#9898),#9901);
#9898 = B_SPLINE_CURVE_WITH_KNOTS('',1,(#9899,#9900),.UNSPECIFIED.,.F.,
  .F.,(2,2),(0.,0.565685424949),.PIECEWISE_BEZIER_KNOTS.);
#9899 = CARTESIAN_POINT('',(0.,-0.282842712475));
#9900 = CARTESIAN_POINT('',(0.,0.282842712475));
#9901 = ( GEOMETRIC_REPRESENTATION_CONTEXT(2) 
PARAMETRIC_REPRESENTATION_CONTEXT() REPRESENTATION_CONTEXT('2D SPACE',''
  ) );
#9902 = ORIENTED_EDGE('',*,*,#9903,.F.);
#9903 = EDGE_CURVE('',#7444,#9883,#9904,.T.);
#9904 = SURFACE_CURVE('',#9905,(#9910,#9917),.PCURVE_S1.);
#9905 = CIRCLE('',#9906,1.1);
#9906 = AXIS2_PLACEMENT_3D('',#9907,#9908,#9909);
#9907 = CARTESIAN_POINT('',(-6.75,19.91,-19.75));
#9908 = DIRECTION('',(0.,-0.,-1.));
#9909 = DIRECTION('',(0.,1.,-0.));
#9910 = PCURVE('',#7347,#9911);
#9911 = DEFINITIONAL_REPRESENTATION('',(#9912),#9916);
#9912 = LINE('',#9913,#9914);
#9913 = CARTESIAN_POINT('',(-0.,-0.4));
#9914 = VECTOR('',#9915,1.);
#9915 = DIRECTION('',(-1.,-0.));
#9916 = ( GEOMETRIC_REPRESENTATION_CONTEXT(2) 
PARAMETRIC_REPRESENTATION_CONTEXT() REPRESENTATION_CONTEXT('2D SPACE',''
  ) );
#9917 = PCURVE('',#7478,#9918);
#9918 = DEFINITIONAL_REPRESENTATION('',(#9919),#9927);
#9919 = ( BOUNDED_CURVE() B_SPLINE_CURVE(2,(#9920,#9921,#9922,#9923,
#9924,#9925,#9926),.UNSPECIFIED.,.T.,.F.) B_SPLINE_CURVE_WITH_KNOTS((1,2
    ,2,2,2,1),(-2.094395102393,0.,2.094395102393,4.188790204786,
6.28318530718,8.377580409573),.UNSPECIFIED.) CURVE() 
GEOMETRIC_REPRESENTATION_ITEM() RATIONAL_B_SPLINE_CURVE((1.,0.5,1.,0.5,
1.,0.5,1.)) REPRESENTATION_ITEM('') );
#9920 = CARTESIAN_POINT('',(5.5,8.1));
#9921 = CARTESIAN_POINT('',(7.405255888326,8.1));
#9922 = CARTESIAN_POINT('',(6.452627944163,6.45));
#9923 = CARTESIAN_POINT('',(5.5,4.8));
#9924 = CARTESIAN_POINT('',(4.547372055837,6.45));
#9925 = CARTESIAN_POINT('',(3.594744111674,8.1));
#9926 = CARTESIAN_POINT('',(5.5,8.1));
#9927 = ( GEOMETRIC_REPRESENTATION_CONTEXT(2) 
PARAMETRIC_REPRESENTATION_CONTEXT() REPRESENTATION_CONTEXT('2D SPACE',''
  ) );
#9928 = ADVANCED_FACE('',(#9929),#7403,.T.);
#9929 = FACE_BOUND('',#9930,.T.);
#9930 = EDGE_LOOP('',(#9931,#9952,#9953,#9954));
#9931 = ORIENTED_EDGE('',*,*,#9932,.F.);
#9932 = EDGE_CURVE('',#7366,#9933,#9935,.T.);
#9933 = VERTEX_POINT('',#9934);
#9934 = CARTESIAN_POINT('',(5.65,19.91,-19.75));
#9935 = SURFACE_CURVE('',#9936,(#9940,#9946),.PCURVE_S1.);
#9936 = LINE('',#9937,#9938);
#9937 = CARTESIAN_POINT('',(5.45,19.91,-19.55));
#9938 = VECTOR('',#9939,1.);
#9939 = DIRECTION('',(0.707106781187,0.,-0.707106781187));
#9940 = PCURVE('',#7403,#9941);
#9941 = DEFINITIONAL_REPRESENTATION('',(#9942),#9945);
#9942 = B_SPLINE_CURVE_WITH_KNOTS('',1,(#9943,#9944),.UNSPECIFIED.,.F.,
  .F.,(2,2),(-0.282842712475,0.282842712475),.PIECEWISE_BEZIER_KNOTS.);
#9943 = CARTESIAN_POINT('',(0.,0.));
#9944 = CARTESIAN_POINT('',(0.,-0.4));
#9945 = ( GEOMETRIC_REPRESENTATION_CONTEXT(2) 
PARAMETRIC_REPRESENTATION_CONTEXT() REPRESENTATION_CONTEXT('2D SPACE',''
  ) );
#9946 = PCURVE('',#8799,#9947);
#9947 = DEFINITIONAL_REPRESENTATION('',(#9948),#9951);
#9948 = B_SPLINE_CURVE_WITH_KNOTS('',1,(#9949,#9950),.UNSPECIFIED.,.F.,
  .F.,(2,2),(-0.282842712475,0.282842712475),.PIECEWISE_BEZIER_KNOTS.);
#9949 = CARTESIAN_POINT('',(5.5,-0.282842712475));
#9950 = CARTESIAN_POINT('',(5.5,0.282842712475));
#9951 = ( GEOMETRIC_REPRESENTATION_CONTEXT(2) 
PARAMETRIC_REPRESENTATION_CONTEXT() REPRESENTATION_CONTEXT('2D SPACE',''
  ) );
#9952 = ORIENTED_EDGE('',*,*,#7388,.T.);
#9953 = ORIENTED_EDGE('',*,*,#7493,.T.);
#9954 = ORIENTED_EDGE('',*,*,#9955,.F.);
#9955 = EDGE_CURVE('',#9933,#7494,#9956,.T.);
#9956 = SURFACE_CURVE('',#9957,(#9962,#9969),.PCURVE_S1.);
#9957 = CIRCLE('',#9958,1.1);
#9958 = AXIS2_PLACEMENT_3D('',#9959,#9960,#9961);
#9959 = CARTESIAN_POINT('',(6.75,19.91,-19.75));
#9960 = DIRECTION('',(-0.,0.,-1.));
#9961 = DIRECTION('',(-1.,0.,0.));
#9962 = PCURVE('',#7403,#9963);
#9963 = DEFINITIONAL_REPRESENTATION('',(#9964),#9968);
#9964 = LINE('',#9965,#9966);
#9965 = CARTESIAN_POINT('',(-0.,-0.4));
#9966 = VECTOR('',#9967,1.);
#9967 = DIRECTION('',(-1.,-0.));
#9968 = ( GEOMETRIC_REPRESENTATION_CONTEXT(2) 
PARAMETRIC_REPRESENTATION_CONTEXT() REPRESENTATION_CONTEXT('2D SPACE',''
  ) );
#9969 = PCURVE('',#7555,#9970);
#9970 = DEFINITIONAL_REPRESENTATION('',(#9971),#9979);
#9971 = ( BOUNDED_CURVE() B_SPLINE_CURVE(2,(#9972,#9973,#9974,#9975,
#9976,#9977,#9978),.UNSPECIFIED.,.T.,.F.) B_SPLINE_CURVE_WITH_KNOTS((1,2
    ,2,2,2,1),(-2.094395102393,0.,2.094395102393,4.188790204786,
6.28318530718,8.377580409573),.UNSPECIFIED.) CURVE() 
GEOMETRIC_REPRESENTATION_ITEM() RATIONAL_B_SPLINE_CURVE((1.,0.5,1.,0.5,
1.,0.5,1.)) REPRESENTATION_ITEM('') );
#9972 = CARTESIAN_POINT('',(0.4,7.));
#9973 = CARTESIAN_POINT('',(0.4,8.905255888326));
#9974 = CARTESIAN_POINT('',(2.05,7.952627944163));
#9975 = CARTESIAN_POINT('',(3.7,7.));
#9976 = CARTESIAN_POINT('',(2.05,6.047372055837));
#9977 = CARTESIAN_POINT('',(0.4,5.094744111674));
#9978 = CARTESIAN_POINT('',(0.4,7.));
#9979 = ( GEOMETRIC_REPRESENTATION_CONTEXT(2) 
PARAMETRIC_REPRESENTATION_CONTEXT() REPRESENTATION_CONTEXT('2D SPACE',''
  ) );
#9980 = ADVANCED_FACE('',(#9981),#7478,.F.);
#9981 = FACE_BOUND('',#9982,.F.);
#9982 = EDGE_LOOP('',(#9983,#9984,#9985,#9986,#10014,#10035,#10036,
    #10037));
#9983 = ORIENTED_EDGE('',*,*,#8310,.F.);
#9984 = ORIENTED_EDGE('',*,*,#8357,.F.);
#9985 = ORIENTED_EDGE('',*,*,#8414,.F.);
#9986 = ORIENTED_EDGE('',*,*,#9987,.F.);
#9987 = EDGE_CURVE('',#9988,#8387,#9990,.T.);
#9988 = VERTEX_POINT('',#9989);
#9989 = CARTESIAN_POINT('',(-5.65,14.41,-19.75));
#9990 = SURFACE_CURVE('',#9991,(#9996,#10007),.PCURVE_S1.);
#9991 = CIRCLE('',#9992,1.1);
#9992 = AXIS2_PLACEMENT_3D('',#9993,#9994,#9995);
#9993 = CARTESIAN_POINT('',(-6.75,14.41,-19.75));
#9994 = DIRECTION('',(0.,-0.,-1.));
#9995 = DIRECTION('',(1.,0.,-0.));
#9996 = PCURVE('',#7478,#9997);
#9997 = DEFINITIONAL_REPRESENTATION('',(#9998),#10006);
#9998 = ( BOUNDED_CURVE() B_SPLINE_CURVE(2,(#9999,#10000,#10001,#10002,
    #10003,#10004,#10005),.UNSPECIFIED.,.T.,.F.) 
B_SPLINE_CURVE_WITH_KNOTS((1,2,2,2,2,1),(-2.094395102393,0.,
    2.094395102393,4.188790204786,6.28318530718,8.377580409573),
.UNSPECIFIED.) CURVE() GEOMETRIC_REPRESENTATION_ITEM() 
RATIONAL_B_SPLINE_CURVE((1.,0.5,1.,0.5,1.,0.5,1.)) REPRESENTATION_ITEM(
  '') );
#9999 = CARTESIAN_POINT('',(6.6,1.5));
#10000 = CARTESIAN_POINT('',(6.6,-0.405255888326));
#10001 = CARTESIAN_POINT('',(4.95,0.547372055837));
#10002 = CARTESIAN_POINT('',(3.3,1.5));
#10003 = CARTESIAN_POINT('',(4.95,2.452627944163));
#10004 = CARTESIAN_POINT('',(6.6,3.405255888326));
#10005 = CARTESIAN_POINT('',(6.6,1.5));
#10006 = ( GEOMETRIC_REPRESENTATION_CONTEXT(2) 
PARAMETRIC_REPRESENTATION_CONTEXT() REPRESENTATION_CONTEXT('2D SPACE',''
  ) );
#10007 = PCURVE('',#8401,#10008);
#10008 = DEFINITIONAL_REPRESENTATION('',(#10009),#10013);
#10009 = LINE('',#10010,#10011);
#10010 = CARTESIAN_POINT('',(-0.,-0.4));
#10011 = VECTOR('',#10012,1.);
#10012 = DIRECTION('',(-1.,-0.));
#10013 = ( GEOMETRIC_REPRESENTATION_CONTEXT(2) 
PARAMETRIC_REPRESENTATION_CONTEXT() REPRESENTATION_CONTEXT('2D SPACE',''
  ) );
#10014 = ORIENTED_EDGE('',*,*,#10015,.F.);
#10015 = EDGE_CURVE('',#9883,#9988,#10016,.T.);
#10016 = SURFACE_CURVE('',#10017,(#10021,#10028),.PCURVE_S1.);
#10017 = LINE('',#10018,#10019);
#10018 = CARTESIAN_POINT('',(-5.65,19.91,-19.75));
#10019 = VECTOR('',#10020,1.);
#10020 = DIRECTION('',(-0.,-1.,-0.));
#10021 = PCURVE('',#7478,#10022);
#10022 = DEFINITIONAL_REPRESENTATION('',(#10023),#10027);
#10023 = LINE('',#10024,#10025);
#10024 = CARTESIAN_POINT('',(6.6,7.));
#10025 = VECTOR('',#10026,1.);
#10026 = DIRECTION('',(-0.,-1.));
#10027 = ( GEOMETRIC_REPRESENTATION_CONTEXT(2) 
PARAMETRIC_REPRESENTATION_CONTEXT() REPRESENTATION_CONTEXT('2D SPACE',''
  ) );
#10028 = PCURVE('',#8712,#10029);
#10029 = DEFINITIONAL_REPRESENTATION('',(#10030),#10034);
#10030 = LINE('',#10031,#10032);
#10031 = CARTESIAN_POINT('',(-0.,0.282842712475));
#10032 = VECTOR('',#10033,1.);
#10033 = DIRECTION('',(-1.,0.));
#10034 = ( GEOMETRIC_REPRESENTATION_CONTEXT(2) 
PARAMETRIC_REPRESENTATION_CONTEXT() REPRESENTATION_CONTEXT('2D SPACE',''
  ) );
#10035 = ORIENTED_EDGE('',*,*,#9903,.F.);
#10036 = ORIENTED_EDGE('',*,*,#7464,.F.);
#10037 = ORIENTED_EDGE('',*,*,#8258,.F.);
#10038 = ADVANCED_FACE('',(#10039),#7555,.F.);
#10039 = FACE_BOUND('',#10040,.F.);
#10040 = EDGE_LOOP('',(#10041,#10064,#10092,#10115,#10148,#10176,#10202,
    #10203));
#10041 = ORIENTED_EDGE('',*,*,#10042,.F.);
#10042 = EDGE_CURVE('',#10043,#9933,#10045,.T.);
#10043 = VERTEX_POINT('',#10044);
#10044 = CARTESIAN_POINT('',(5.65,14.41,-19.75));
#10045 = SURFACE_CURVE('',#10046,(#10050,#10057),.PCURVE_S1.);
#10046 = LINE('',#10047,#10048);
#10047 = CARTESIAN_POINT('',(5.65,14.41,-19.75));
#10048 = VECTOR('',#10049,1.);
#10049 = DIRECTION('',(0.,1.,0.));
#10050 = PCURVE('',#7555,#10051);
#10051 = DEFINITIONAL_REPRESENTATION('',(#10052),#10056);
#10052 = LINE('',#10053,#10054);
#10053 = CARTESIAN_POINT('',(0.4,1.5));
#10054 = VECTOR('',#10055,1.);
#10055 = DIRECTION('',(0.,1.));
#10056 = ( GEOMETRIC_REPRESENTATION_CONTEXT(2) 
PARAMETRIC_REPRESENTATION_CONTEXT() REPRESENTATION_CONTEXT('2D SPACE',''
  ) );
#10057 = PCURVE('',#8799,#10058);
#10058 = DEFINITIONAL_REPRESENTATION('',(#10059),#10063);
#10059 = LINE('',#10060,#10061);
#10060 = CARTESIAN_POINT('',(0.,0.282842712475));
#10061 = VECTOR('',#10062,1.);
#10062 = DIRECTION('',(1.,0.));
#10063 = ( GEOMETRIC_REPRESENTATION_CONTEXT(2) 
PARAMETRIC_REPRESENTATION_CONTEXT() REPRESENTATION_CONTEXT('2D SPACE',''
  ) );
#10064 = ORIENTED_EDGE('',*,*,#10065,.F.);
#10065 = EDGE_CURVE('',#10066,#10043,#10068,.T.);
#10066 = VERTEX_POINT('',#10067);
#10067 = CARTESIAN_POINT('',(6.75,13.31,-19.75));
#10068 = SURFACE_CURVE('',#10069,(#10074,#10085),.PCURVE_S1.);
#10069 = CIRCLE('',#10070,1.1);
#10070 = AXIS2_PLACEMENT_3D('',#10071,#10072,#10073);
#10071 = CARTESIAN_POINT('',(6.75,14.41,-19.75));
#10072 = DIRECTION('',(-0.,-0.,-1.));
#10073 = DIRECTION('',(0.,-1.,0.));
#10074 = PCURVE('',#7555,#10075);
#10075 = DEFINITIONAL_REPRESENTATION('',(#10076),#10084);
#10076 = ( BOUNDED_CURVE() B_SPLINE_CURVE(2,(#10077,#10078,#10079,#10080
    ,#10081,#10082,#10083),.UNSPECIFIED.,.T.,.F.) 
B_SPLINE_CURVE_WITH_KNOTS((1,2,2,2,2,1),(-2.094395102393,0.,
    2.094395102393,4.188790204786,6.28318530718,8.377580409573),
.UNSPECIFIED.) CURVE() GEOMETRIC_REPRESENTATION_ITEM() 
RATIONAL_B_SPLINE_CURVE((1.,0.5,1.,0.5,1.,0.5,1.)) REPRESENTATION_ITEM(
  '') );
#10077 = CARTESIAN_POINT('',(1.5,0.4));
#10078 = CARTESIAN_POINT('',(-0.405255888326,0.4));
#10079 = CARTESIAN_POINT('',(0.547372055837,2.05));
#10080 = CARTESIAN_POINT('',(1.5,3.7));
#10081 = CARTESIAN_POINT('',(2.452627944163,2.05));
#10082 = CARTESIAN_POINT('',(3.405255888326,0.4));
#10083 = CARTESIAN_POINT('',(1.5,0.4));
#10084 = ( GEOMETRIC_REPRESENTATION_CONTEXT(2) 
PARAMETRIC_REPRESENTATION_CONTEXT() REPRESENTATION_CONTEXT('2D SPACE',''
  ) );
#10085 = PCURVE('',#8767,#10086);
#10086 = DEFINITIONAL_REPRESENTATION('',(#10087),#10091);
#10087 = LINE('',#10088,#10089);
#10088 = CARTESIAN_POINT('',(-0.,-0.4));
#10089 = VECTOR('',#10090,1.);
#10090 = DIRECTION('',(-1.,-0.));
#10091 = ( GEOMETRIC_REPRESENTATION_CONTEXT(2) 
PARAMETRIC_REPRESENTATION_CONTEXT() REPRESENTATION_CONTEXT('2D SPACE',''
  ) );
#10092 = ORIENTED_EDGE('',*,*,#10093,.F.);
#10093 = EDGE_CURVE('',#10094,#10066,#10096,.T.);
#10094 = VERTEX_POINT('',#10095);
#10095 = CARTESIAN_POINT('',(10.75,13.31,-19.75));
#10096 = SURFACE_CURVE('',#10097,(#10101,#10108),.PCURVE_S1.);
#10097 = LINE('',#10098,#10099);
#10098 = CARTESIAN_POINT('',(10.75,13.31,-19.75));
#10099 = VECTOR('',#10100,1.);
#10100 = DIRECTION('',(-1.,-0.,-0.));
#10101 = PCURVE('',#7555,#10102);
#10102 = DEFINITIONAL_REPRESENTATION('',(#10103),#10107);
#10103 = LINE('',#10104,#10105);
#10104 = CARTESIAN_POINT('',(5.5,0.4));
#10105 = VECTOR('',#10106,1.);
#10106 = DIRECTION('',(-1.,-0.));
#10107 = ( GEOMETRIC_REPRESENTATION_CONTEXT(2) 
PARAMETRIC_REPRESENTATION_CONTEXT() REPRESENTATION_CONTEXT('2D SPACE',''
  ) );
#10108 = PCURVE('',#8638,#10109);
#10109 = DEFINITIONAL_REPRESENTATION('',(#10110),#10114);
#10110 = LINE('',#10111,#10112);
#10111 = CARTESIAN_POINT('',(0.,0.282842712475));
#10112 = VECTOR('',#10113,1.);
#10113 = DIRECTION('',(1.,0.));
#10114 = ( GEOMETRIC_REPRESENTATION_CONTEXT(2) 
PARAMETRIC_REPRESENTATION_CONTEXT() REPRESENTATION_CONTEXT('2D SPACE',''
  ) );
#10115 = ORIENTED_EDGE('',*,*,#10116,.F.);
#10116 = EDGE_CURVE('',#10117,#10094,#10119,.T.);
#10117 = VERTEX_POINT('',#10118);
#10118 = CARTESIAN_POINT('',(11.85,14.41,-19.75));
#10119 = SURFACE_CURVE('',#10120,(#10125,#10136),.PCURVE_S1.);
#10120 = CIRCLE('',#10121,1.1);
#10121 = AXIS2_PLACEMENT_3D('',#10122,#10123,#10124);
#10122 = CARTESIAN_POINT('',(10.75,14.41,-19.75));
#10123 = DIRECTION('',(0.,-0.,-1.));
#10124 = DIRECTION('',(1.,0.,-0.));
#10125 = PCURVE('',#7555,#10126);
#10126 = DEFINITIONAL_REPRESENTATION('',(#10127),#10135);
#10127 = ( BOUNDED_CURVE() B_SPLINE_CURVE(2,(#10128,#10129,#10130,#10131
    ,#10132,#10133,#10134),.UNSPECIFIED.,.T.,.F.) 
B_SPLINE_CURVE_WITH_KNOTS((1,2,2,2,2,1),(-2.094395102393,0.,
    2.094395102393,4.188790204786,6.28318530718,8.377580409573),
.UNSPECIFIED.) CURVE() GEOMETRIC_REPRESENTATION_ITEM() 
RATIONAL_B_SPLINE_CURVE((1.,0.5,1.,0.5,1.,0.5,1.)) REPRESENTATION_ITEM(
  '') );
#10128 = CARTESIAN_POINT('',(6.6,1.5));
#10129 = CARTESIAN_POINT('',(6.6,-0.405255888326));
#10130 = CARTESIAN_POINT('',(4.95,0.547372055837));
#10131 = CARTESIAN_POINT('',(3.3,1.5));
#10132 = CARTESIAN_POINT('',(4.95,2.452627944163));
#10133 = CARTESIAN_POINT('',(6.6,3.405255888326));
#10134 = CARTESIAN_POINT('',(6.6,1.5));
#10135 = ( GEOMETRIC_REPRESENTATION_CONTEXT(2) 
PARAMETRIC_REPRESENTATION_CONTEXT() REPRESENTATION_CONTEXT('2D SPACE',''
  ) );
#10136 = PCURVE('',#10137,#10142);
#10137 = CONICAL_SURFACE('',#10138,1.5,0.785398163397);
#10138 = AXIS2_PLACEMENT_3D('',#10139,#10140,#10141);
#10139 = CARTESIAN_POINT('',(10.75,14.41,-19.35));
#10140 = DIRECTION('',(0.,0.,1.));
#10141 = DIRECTION('',(1.,0.,-0.));
#10142 = DEFINITIONAL_REPRESENTATION('',(#10143),#10147);
#10143 = LINE('',#10144,#10145);
#10144 = CARTESIAN_POINT('',(-0.,-0.4));
#10145 = VECTOR('',#10146,1.);
#10146 = DIRECTION('',(-1.,-0.));
#10147 = ( GEOMETRIC_REPRESENTATION_CONTEXT(2) 
PARAMETRIC_REPRESENTATION_CONTEXT() REPRESENTATION_CONTEXT('2D SPACE',''
  ) );
#10148 = ORIENTED_EDGE('',*,*,#10149,.F.);
#10149 = EDGE_CURVE('',#10150,#10117,#10152,.T.);
#10150 = VERTEX_POINT('',#10151);
#10151 = CARTESIAN_POINT('',(11.85,19.91,-19.75));
#10152 = SURFACE_CURVE('',#10153,(#10157,#10164),.PCURVE_S1.);
#10153 = LINE('',#10154,#10155);
#10154 = CARTESIAN_POINT('',(11.85,19.91,-19.75));
#10155 = VECTOR('',#10156,1.);
#10156 = DIRECTION('',(-0.,-1.,-0.));
#10157 = PCURVE('',#7555,#10158);
#10158 = DEFINITIONAL_REPRESENTATION('',(#10159),#10163);
#10159 = LINE('',#10160,#10161);
#10160 = CARTESIAN_POINT('',(6.6,7.));
#10161 = VECTOR('',#10162,1.);
#10162 = DIRECTION('',(-0.,-1.));
#10163 = ( GEOMETRIC_REPRESENTATION_CONTEXT(2) 
PARAMETRIC_REPRESENTATION_CONTEXT() REPRESENTATION_CONTEXT('2D SPACE',''
  ) );
#10164 = PCURVE('',#10165,#10170);
#10165 = PLANE('',#10166);
#10166 = AXIS2_PLACEMENT_3D('',#10167,#10168,#10169);
#10167 = CARTESIAN_POINT('',(12.05,19.91,-19.55));
#10168 = DIRECTION('',(-0.707106781187,0.,0.707106781187));
#10169 = DIRECTION('',(0.,1.,-0.));
#10170 = DEFINITIONAL_REPRESENTATION('',(#10171),#10175);
#10171 = LINE('',#10172,#10173);
#10172 = CARTESIAN_POINT('',(-0.,0.282842712475));
#10173 = VECTOR('',#10174,1.);
#10174 = DIRECTION('',(-1.,0.));
#10175 = ( GEOMETRIC_REPRESENTATION_CONTEXT(2) 
PARAMETRIC_REPRESENTATION_CONTEXT() REPRESENTATION_CONTEXT('2D SPACE',''
  ) );
#10176 = ORIENTED_EDGE('',*,*,#10177,.F.);
#10177 = EDGE_CURVE('',#7516,#10150,#10178,.T.);
#10178 = SURFACE_CURVE('',#10179,(#10184,#10195),.PCURVE_S1.);
#10179 = CIRCLE('',#10180,1.1);
#10180 = AXIS2_PLACEMENT_3D('',#10181,#10182,#10183);
#10181 = CARTESIAN_POINT('',(10.75,19.91,-19.75));
#10182 = DIRECTION('',(0.,-0.,-1.));
#10183 = DIRECTION('',(0.,1.,-0.));
#10184 = PCURVE('',#7555,#10185);
#10185 = DEFINITIONAL_REPRESENTATION('',(#10186),#10194);
#10186 = ( BOUNDED_CURVE() B_SPLINE_CURVE(2,(#10187,#10188,#10189,#10190
    ,#10191,#10192,#10193),.UNSPECIFIED.,.T.,.F.) 
B_SPLINE_CURVE_WITH_KNOTS((1,2,2,2,2,1),(-2.094395102393,0.,
    2.094395102393,4.188790204786,6.28318530718,8.377580409573),
.UNSPECIFIED.) CURVE() GEOMETRIC_REPRESENTATION_ITEM() 
RATIONAL_B_SPLINE_CURVE((1.,0.5,1.,0.5,1.,0.5,1.)) REPRESENTATION_ITEM(
  '') );
#10187 = CARTESIAN_POINT('',(5.5,8.1));
#10188 = CARTESIAN_POINT('',(7.405255888326,8.1));
#10189 = CARTESIAN_POINT('',(6.452627944163,6.45));
#10190 = CARTESIAN_POINT('',(5.5,4.8));
#10191 = CARTESIAN_POINT('',(4.547372055837,6.45));
#10192 = CARTESIAN_POINT('',(3.594744111674,8.1));
#10193 = CARTESIAN_POINT('',(5.5,8.1));
#10194 = ( GEOMETRIC_REPRESENTATION_CONTEXT(2) 
PARAMETRIC_REPRESENTATION_CONTEXT() REPRESENTATION_CONTEXT('2D SPACE',''
  ) );
#10195 = PCURVE('',#7530,#10196);
#10196 = DEFINITIONAL_REPRESENTATION('',(#10197),#10201);
#10197 = LINE('',#10198,#10199);
#10198 = CARTESIAN_POINT('',(-0.,-0.4));
#10199 = VECTOR('',#10200,1.);
#10200 = DIRECTION('',(-1.,-0.));
#10201 = ( GEOMETRIC_REPRESENTATION_CONTEXT(2) 
PARAMETRIC_REPRESENTATION_CONTEXT() REPRESENTATION_CONTEXT('2D SPACE',''
  ) );
#10202 = ORIENTED_EDGE('',*,*,#7541,.F.);
#10203 = ORIENTED_EDGE('',*,*,#9955,.F.);
#10204 = ADVANCED_FACE('',(#10205),#7530,.T.);
#10205 = FACE_BOUND('',#10206,.T.);
#10206 = EDGE_LOOP('',(#10207,#10208,#10209,#10228));
#10207 = ORIENTED_EDGE('',*,*,#7515,.F.);
#10208 = ORIENTED_EDGE('',*,*,#7600,.T.);
#10209 = ORIENTED_EDGE('',*,*,#10210,.T.);
#10210 = EDGE_CURVE('',#7571,#10150,#10211,.T.);
#10211 = SURFACE_CURVE('',#10212,(#10216,#10222),.PCURVE_S1.);
#10212 = LINE('',#10213,#10214);
#10213 = CARTESIAN_POINT('',(12.25,19.91,-19.35));
#10214 = VECTOR('',#10215,1.);
#10215 = DIRECTION('',(-0.707106781187,-4.329780281177E-17,
    -0.707106781187));
#10216 = PCURVE('',#7530,#10217);
#10217 = DEFINITIONAL_REPRESENTATION('',(#10218),#10221);
#10218 = B_SPLINE_CURVE_WITH_KNOTS('',1,(#10219,#10220),.UNSPECIFIED.,
  .F.,.F.,(2,2),(0.,0.565685424949),.PIECEWISE_BEZIER_KNOTS.);
#10219 = CARTESIAN_POINT('',(-1.570796326795,0.));
#10220 = CARTESIAN_POINT('',(-1.570796326795,-0.4));
#10221 = ( GEOMETRIC_REPRESENTATION_CONTEXT(2) 
PARAMETRIC_REPRESENTATION_CONTEXT() REPRESENTATION_CONTEXT('2D SPACE',''
  ) );
#10222 = PCURVE('',#10165,#10223);
#10223 = DEFINITIONAL_REPRESENTATION('',(#10224),#10227);
#10224 = B_SPLINE_CURVE_WITH_KNOTS('',1,(#10225,#10226),.UNSPECIFIED.,
  .F.,.F.,(2,2),(0.,0.565685424949),.PIECEWISE_BEZIER_KNOTS.);
#10225 = CARTESIAN_POINT('',(0.,-0.282842712475));
#10226 = CARTESIAN_POINT('',(0.,0.282842712475));
#10227 = ( GEOMETRIC_REPRESENTATION_CONTEXT(2) 
PARAMETRIC_REPRESENTATION_CONTEXT() REPRESENTATION_CONTEXT('2D SPACE',''
  ) );
#10228 = ORIENTED_EDGE('',*,*,#10177,.F.);
#10229 = ADVANCED_FACE('',(#10230),#7588,.T.);
#10230 = FACE_BOUND('',#10231,.T.);
#10231 = EDGE_LOOP('',(#10232,#10255,#10276,#10277));
#10232 = ORIENTED_EDGE('',*,*,#10233,.F.);
#10233 = EDGE_CURVE('',#10234,#8536,#10236,.T.);
#10234 = VERTEX_POINT('',#10235);
#10235 = CARTESIAN_POINT('',(12.25,14.41,-19.35));
#10236 = SURFACE_CURVE('',#10237,(#10241,#10248),.PCURVE_S1.);
#10237 = LINE('',#10238,#10239);
#10238 = CARTESIAN_POINT('',(12.25,14.41,-19.75));
#10239 = VECTOR('',#10240,1.);
#10240 = DIRECTION('',(0.,0.,1.));
#10241 = PCURVE('',#7588,#10242);
#10242 = DEFINITIONAL_REPRESENTATION('',(#10243),#10247);
#10243 = LINE('',#10244,#10245);
#10244 = CARTESIAN_POINT('',(0.,-1.5));
#10245 = VECTOR('',#10246,1.);
#10246 = DIRECTION('',(1.,0.));
#10247 = ( GEOMETRIC_REPRESENTATION_CONTEXT(2) 
PARAMETRIC_REPRESENTATION_CONTEXT() REPRESENTATION_CONTEXT('2D SPACE',''
  ) );
#10248 = PCURVE('',#8573,#10249);
#10249 = DEFINITIONAL_REPRESENTATION('',(#10250),#10254);
#10250 = LINE('',#10251,#10252);
#10251 = CARTESIAN_POINT('',(-0.,0.));
#10252 = VECTOR('',#10253,1.);
#10253 = DIRECTION('',(-0.,1.));
#10254 = ( GEOMETRIC_REPRESENTATION_CONTEXT(2) 
PARAMETRIC_REPRESENTATION_CONTEXT() REPRESENTATION_CONTEXT('2D SPACE',''
  ) );
#10255 = ORIENTED_EDGE('',*,*,#10256,.F.);
#10256 = EDGE_CURVE('',#7571,#10234,#10257,.T.);
#10257 = SURFACE_CURVE('',#10258,(#10262,#10269),.PCURVE_S1.);
#10258 = LINE('',#10259,#10260);
#10259 = CARTESIAN_POINT('',(12.25,19.91,-19.35));
#10260 = VECTOR('',#10261,1.);
#10261 = DIRECTION('',(-0.,-1.,-0.));
#10262 = PCURVE('',#7588,#10263);
#10263 = DEFINITIONAL_REPRESENTATION('',(#10264),#10268);
#10264 = LINE('',#10265,#10266);
#10265 = CARTESIAN_POINT('',(0.4,-7.));
#10266 = VECTOR('',#10267,1.);
#10267 = DIRECTION('',(-0.,1.));
#10268 = ( GEOMETRIC_REPRESENTATION_CONTEXT(2) 
PARAMETRIC_REPRESENTATION_CONTEXT() REPRESENTATION_CONTEXT('2D SPACE',''
  ) );
#10269 = PCURVE('',#10165,#10270);
#10270 = DEFINITIONAL_REPRESENTATION('',(#10271),#10275);
#10271 = LINE('',#10272,#10273);
#10272 = CARTESIAN_POINT('',(-0.,-0.282842712475));
#10273 = VECTOR('',#10274,1.);
#10274 = DIRECTION('',(-1.,0.));
#10275 = ( GEOMETRIC_REPRESENTATION_CONTEXT(2) 
PARAMETRIC_REPRESENTATION_CONTEXT() REPRESENTATION_CONTEXT('2D SPACE',''
  ) );
#10276 = ORIENTED_EDGE('',*,*,#7570,.T.);
#10277 = ORIENTED_EDGE('',*,*,#8596,.F.);
#10278 = ADVANCED_FACE('',(#10279,#10289),#7866,.T.);
#10279 = FACE_BOUND('',#10280,.T.);
#10280 = EDGE_LOOP('',(#10281,#10282,#10283,#10284,#10285,#10286,#10287,
    #10288));
#10281 = ORIENTED_EDGE('',*,*,#8129,.F.);
#10282 = ORIENTED_EDGE('',*,*,#8177,.F.);
#10283 = ORIENTED_EDGE('',*,*,#8208,.T.);
#10284 = ORIENTED_EDGE('',*,*,#7849,.T.);
#10285 = ORIENTED_EDGE('',*,*,#7905,.T.);
#10286 = ORIENTED_EDGE('',*,*,#7975,.F.);
#10287 = ORIENTED_EDGE('',*,*,#8006,.F.);
#10288 = ORIENTED_EDGE('',*,*,#8056,.T.);
#10289 = FACE_BOUND('',#10290,.T.);
#10290 = EDGE_LOOP('',(#10291,#10322,#10348,#10377,#10403,#10432,#10458,
    #10487));
#10291 = ORIENTED_EDGE('',*,*,#10292,.F.);
#10292 = EDGE_CURVE('',#10293,#10295,#10297,.T.);
#10293 = VERTEX_POINT('',#10294);
#10294 = CARTESIAN_POINT('',(-9.7,21.01,7.5));
#10295 = VERTEX_POINT('',#10296);
#10296 = CARTESIAN_POINT('',(-7.5,21.01,9.7));
#10297 = SURFACE_CURVE('',#10298,(#10303,#10310),.PCURVE_S1.);
#10298 = CIRCLE('',#10299,2.2);
#10299 = AXIS2_PLACEMENT_3D('',#10300,#10301,#10302);
#10300 = CARTESIAN_POINT('',(-7.5,21.01,7.5));
#10301 = DIRECTION('',(0.,1.,0.));
#10302 = DIRECTION('',(-1.,0.,0.));
#10303 = PCURVE('',#7866,#10304);
#10304 = DEFINITIONAL_REPRESENTATION('',(#10305),#10309);
#10305 = CIRCLE('',#10306,2.2);
#10306 = AXIS2_PLACEMENT_2D('',#10307,#10308);
#10307 = CARTESIAN_POINT('',(18.,3.));
#10308 = DIRECTION('',(0.,-1.));
#10309 = ( GEOMETRIC_REPRESENTATION_CONTEXT(2) 
PARAMETRIC_REPRESENTATION_CONTEXT() REPRESENTATION_CONTEXT('2D SPACE',''
  ) );
#10310 = PCURVE('',#10311,#10316);
#10311 = CYLINDRICAL_SURFACE('',#10312,2.2);
#10312 = AXIS2_PLACEMENT_3D('',#10313,#10314,#10315);
#10313 = CARTESIAN_POINT('',(-7.5,20.01,7.5));
#10314 = DIRECTION('',(0.,1.,0.));
#10315 = DIRECTION('',(-1.,0.,0.));
#10316 = DEFINITIONAL_REPRESENTATION('',(#10317),#10321);
#10317 = LINE('',#10318,#10319);
#10318 = CARTESIAN_POINT('',(0.,1.));
#10319 = VECTOR('',#10320,1.);
#10320 = DIRECTION('',(1.,0.));
#10321 = ( GEOMETRIC_REPRESENTATION_CONTEXT(2) 
PARAMETRIC_REPRESENTATION_CONTEXT() REPRESENTATION_CONTEXT('2D SPACE',''
  ) );
#10322 = ORIENTED_EDGE('',*,*,#10323,.T.);
#10323 = EDGE_CURVE('',#10293,#10324,#10326,.T.);
#10324 = VERTEX_POINT('',#10325);
#10325 = CARTESIAN_POINT('',(-9.7,21.01,-7.5));
#10326 = SURFACE_CURVE('',#10327,(#10331,#10337),.PCURVE_S1.);
#10327 = LINE('',#10328,#10329);
#10328 = CARTESIAN_POINT('',(-9.7,21.01,-10.1));
#10329 = VECTOR('',#10330,1.);
#10330 = DIRECTION('',(0.,0.,-1.));
#10331 = PCURVE('',#7866,#10332);
#10332 = DEFINITIONAL_REPRESENTATION('',(#10333),#10336);
#10333 = B_SPLINE_CURVE_WITH_KNOTS('',1,(#10334,#10335),.UNSPECIFIED.,
  .F.,.F.,(2,2),(-17.6,-2.6),.PIECEWISE_BEZIER_KNOTS.);
#10334 = CARTESIAN_POINT('',(18.,0.8));
#10335 = CARTESIAN_POINT('',(3.,0.8));
#10336 = ( GEOMETRIC_REPRESENTATION_CONTEXT(2) 
PARAMETRIC_REPRESENTATION_CONTEXT() REPRESENTATION_CONTEXT('2D SPACE',''
  ) );
#10337 = PCURVE('',#10338,#10343);
#10338 = PLANE('',#10339);
#10339 = AXIS2_PLACEMENT_3D('',#10340,#10341,#10342);
#10340 = CARTESIAN_POINT('',(-9.7,20.01,-9.7));
#10341 = DIRECTION('',(1.,0.,0.));
#10342 = DIRECTION('',(0.,0.,1.));
#10343 = DEFINITIONAL_REPRESENTATION('',(#10344),#10347);
#10344 = B_SPLINE_CURVE_WITH_KNOTS('',1,(#10345,#10346),.UNSPECIFIED.,
  .F.,.F.,(2,2),(-17.6,-2.6),.PIECEWISE_BEZIER_KNOTS.);
#10345 = CARTESIAN_POINT('',(17.2,-1.));
#10346 = CARTESIAN_POINT('',(2.2,-1.));
#10347 = ( GEOMETRIC_REPRESENTATION_CONTEXT(2) 
PARAMETRIC_REPRESENTATION_CONTEXT() REPRESENTATION_CONTEXT('2D SPACE',''
  ) );
#10348 = ORIENTED_EDGE('',*,*,#10349,.F.);
#10349 = EDGE_CURVE('',#10350,#10324,#10352,.T.);
#10350 = VERTEX_POINT('',#10351);
#10351 = CARTESIAN_POINT('',(-7.5,21.01,-9.7));
#10352 = SURFACE_CURVE('',#10353,(#10358,#10365),.PCURVE_S1.);
#10353 = CIRCLE('',#10354,2.2);
#10354 = AXIS2_PLACEMENT_3D('',#10355,#10356,#10357);
#10355 = CARTESIAN_POINT('',(-7.5,21.01,-7.5));
#10356 = DIRECTION('',(0.,1.,0.));
#10357 = DIRECTION('',(-1.,0.,0.));
#10358 = PCURVE('',#7866,#10359);
#10359 = DEFINITIONAL_REPRESENTATION('',(#10360),#10364);
#10360 = CIRCLE('',#10361,2.2);
#10361 = AXIS2_PLACEMENT_2D('',#10362,#10363);
#10362 = CARTESIAN_POINT('',(3.,3.));
#10363 = DIRECTION('',(0.,-1.));
#10364 = ( GEOMETRIC_REPRESENTATION_CONTEXT(2) 
PARAMETRIC_REPRESENTATION_CONTEXT() REPRESENTATION_CONTEXT('2D SPACE',''
  ) );
#10365 = PCURVE('',#10366,#10371);
#10366 = CYLINDRICAL_SURFACE('',#10367,2.2);
#10367 = AXIS2_PLACEMENT_3D('',#10368,#10369,#10370);
#10368 = CARTESIAN_POINT('',(-7.5,20.01,-7.5));
#10369 = DIRECTION('',(0.,1.,0.));
#10370 = DIRECTION('',(-1.,0.,0.));
#10371 = DEFINITIONAL_REPRESENTATION('',(#10372),#10376);
#10372 = LINE('',#10373,#10374);
#10373 = CARTESIAN_POINT('',(-6.28318530718,1.));
#10374 = VECTOR('',#10375,1.);
#10375 = DIRECTION('',(1.,-0.));
#10376 = ( GEOMETRIC_REPRESENTATION_CONTEXT(2) 
PARAMETRIC_REPRESENTATION_CONTEXT() REPRESENTATION_CONTEXT('2D SPACE',''
  ) );
#10377 = ORIENTED_EDGE('',*,*,#10378,.T.);
#10378 = EDGE_CURVE('',#10350,#10379,#10381,.T.);
#10379 = VERTEX_POINT('',#10380);
#10380 = CARTESIAN_POINT('',(7.5,21.01,-9.7));
#10381 = SURFACE_CURVE('',#10382,(#10386,#10392),.PCURVE_S1.);
#10382 = LINE('',#10383,#10384);
#10383 = CARTESIAN_POINT('',(-10.1,21.01,-9.7));
#10384 = VECTOR('',#10385,1.);
#10385 = DIRECTION('',(1.,0.,0.));
#10386 = PCURVE('',#7866,#10387);
#10387 = DEFINITIONAL_REPRESENTATION('',(#10388),#10391);
#10388 = B_SPLINE_CURVE_WITH_KNOTS('',1,(#10389,#10390),.UNSPECIFIED.,
  .F.,.F.,(2,2),(2.6,17.6),.PIECEWISE_BEZIER_KNOTS.);
#10389 = CARTESIAN_POINT('',(0.8,3.));
#10390 = CARTESIAN_POINT('',(0.8,18.));
#10391 = ( GEOMETRIC_REPRESENTATION_CONTEXT(2) 
PARAMETRIC_REPRESENTATION_CONTEXT() REPRESENTATION_CONTEXT('2D SPACE',''
  ) );
#10392 = PCURVE('',#10393,#10398);
#10393 = PLANE('',#10394);
#10394 = AXIS2_PLACEMENT_3D('',#10395,#10396,#10397);
#10395 = CARTESIAN_POINT('',(-9.7,20.01,-9.7));
#10396 = DIRECTION('',(0.,0.,1.));
#10397 = DIRECTION('',(1.,0.,0.));
#10398 = DEFINITIONAL_REPRESENTATION('',(#10399),#10402);
#10399 = B_SPLINE_CURVE_WITH_KNOTS('',1,(#10400,#10401),.UNSPECIFIED.,
  .F.,.F.,(2,2),(2.6,17.6),.PIECEWISE_BEZIER_KNOTS.);
#10400 = CARTESIAN_POINT('',(2.2,1.));
#10401 = CARTESIAN_POINT('',(17.2,1.));
#10402 = ( GEOMETRIC_REPRESENTATION_CONTEXT(2) 
PARAMETRIC_REPRESENTATION_CONTEXT() REPRESENTATION_CONTEXT('2D SPACE',''
  ) );
#10403 = ORIENTED_EDGE('',*,*,#10404,.F.);
#10404 = EDGE_CURVE('',#10405,#10379,#10407,.T.);
#10405 = VERTEX_POINT('',#10406);
#10406 = CARTESIAN_POINT('',(9.7,21.01,-7.5));
#10407 = SURFACE_CURVE('',#10408,(#10413,#10420),.PCURVE_S1.);
#10408 = CIRCLE('',#10409,2.2);
#10409 = AXIS2_PLACEMENT_3D('',#10410,#10411,#10412);
#10410 = CARTESIAN_POINT('',(7.5,21.01,-7.5));
#10411 = DIRECTION('',(0.,1.,0.));
#10412 = DIRECTION('',(1.,0.,-0.));
#10413 = PCURVE('',#7866,#10414);
#10414 = DEFINITIONAL_REPRESENTATION('',(#10415),#10419);
#10415 = CIRCLE('',#10416,2.2);
#10416 = AXIS2_PLACEMENT_2D('',#10417,#10418);
#10417 = CARTESIAN_POINT('',(3.,18.));
#10418 = DIRECTION('',(0.,1.));
#10419 = ( GEOMETRIC_REPRESENTATION_CONTEXT(2) 
PARAMETRIC_REPRESENTATION_CONTEXT() REPRESENTATION_CONTEXT('2D SPACE',''
  ) );
#10420 = PCURVE('',#10421,#10426);
#10421 = CYLINDRICAL_SURFACE('',#10422,2.2);
#10422 = AXIS2_PLACEMENT_3D('',#10423,#10424,#10425);
#10423 = CARTESIAN_POINT('',(7.5,20.01,-7.5));
#10424 = DIRECTION('',(0.,1.,0.));
#10425 = DIRECTION('',(1.,0.,-0.));
#10426 = DEFINITIONAL_REPRESENTATION('',(#10427),#10431);
#10427 = LINE('',#10428,#10429);
#10428 = CARTESIAN_POINT('',(0.,1.));
#10429 = VECTOR('',#10430,1.);
#10430 = DIRECTION('',(1.,0.));
#10431 = ( GEOMETRIC_REPRESENTATION_CONTEXT(2) 
PARAMETRIC_REPRESENTATION_CONTEXT() REPRESENTATION_CONTEXT('2D SPACE',''
  ) );
#10432 = ORIENTED_EDGE('',*,*,#10433,.F.);
#10433 = EDGE_CURVE('',#10434,#10405,#10436,.T.);
#10434 = VERTEX_POINT('',#10435);
#10435 = CARTESIAN_POINT('',(9.7,21.01,7.5));
#10436 = SURFACE_CURVE('',#10437,(#10441,#10447),.PCURVE_S1.);
#10437 = LINE('',#10438,#10439);
#10438 = CARTESIAN_POINT('',(9.7,21.01,-10.1));
#10439 = VECTOR('',#10440,1.);
#10440 = DIRECTION('',(0.,0.,-1.));
#10441 = PCURVE('',#7866,#10442);
#10442 = DEFINITIONAL_REPRESENTATION('',(#10443),#10446);
#10443 = B_SPLINE_CURVE_WITH_KNOTS('',1,(#10444,#10445),.UNSPECIFIED.,
  .F.,.F.,(2,2),(-17.6,-2.6),.PIECEWISE_BEZIER_KNOTS.);
#10444 = CARTESIAN_POINT('',(18.,20.2));
#10445 = CARTESIAN_POINT('',(3.,20.2));
#10446 = ( GEOMETRIC_REPRESENTATION_CONTEXT(2) 
PARAMETRIC_REPRESENTATION_CONTEXT() REPRESENTATION_CONTEXT('2D SPACE',''
  ) );
#10447 = PCURVE('',#10448,#10453);
#10448 = PLANE('',#10449);
#10449 = AXIS2_PLACEMENT_3D('',#10450,#10451,#10452);
#10450 = CARTESIAN_POINT('',(9.7,20.01,-9.7));
#10451 = DIRECTION('',(1.,0.,0.));
#10452 = DIRECTION('',(0.,0.,1.));
#10453 = DEFINITIONAL_REPRESENTATION('',(#10454),#10457);
#10454 = B_SPLINE_CURVE_WITH_KNOTS('',1,(#10455,#10456),.UNSPECIFIED.,
  .F.,.F.,(2,2),(-17.6,-2.6),.PIECEWISE_BEZIER_KNOTS.);
#10455 = CARTESIAN_POINT('',(17.2,-1.));
#10456 = CARTESIAN_POINT('',(2.2,-1.));
#10457 = ( GEOMETRIC_REPRESENTATION_CONTEXT(2) 
PARAMETRIC_REPRESENTATION_CONTEXT() REPRESENTATION_CONTEXT('2D SPACE',''
  ) );
#10458 = ORIENTED_EDGE('',*,*,#10459,.F.);
#10459 = EDGE_CURVE('',#10460,#10434,#10462,.T.);
#10460 = VERTEX_POINT('',#10461);
#10461 = CARTESIAN_POINT('',(7.5,21.01,9.7));
#10462 = SURFACE_CURVE('',#10463,(#10468,#10475),.PCURVE_S1.);
#10463 = CIRCLE('',#10464,2.2);
#10464 = AXIS2_PLACEMENT_3D('',#10465,#10466,#10467);
#10465 = CARTESIAN_POINT('',(7.5,21.01,7.5));
#10466 = DIRECTION('',(0.,1.,0.));
#10467 = DIRECTION('',(1.,0.,-0.));
#10468 = PCURVE('',#7866,#10469);
#10469 = DEFINITIONAL_REPRESENTATION('',(#10470),#10474);
#10470 = CIRCLE('',#10471,2.2);
#10471 = AXIS2_PLACEMENT_2D('',#10472,#10473);
#10472 = CARTESIAN_POINT('',(18.,18.));
#10473 = DIRECTION('',(0.,1.));
#10474 = ( GEOMETRIC_REPRESENTATION_CONTEXT(2) 
PARAMETRIC_REPRESENTATION_CONTEXT() REPRESENTATION_CONTEXT('2D SPACE',''
  ) );
#10475 = PCURVE('',#10476,#10481);
#10476 = CYLINDRICAL_SURFACE('',#10477,2.2);
#10477 = AXIS2_PLACEMENT_3D('',#10478,#10479,#10480);
#10478 = CARTESIAN_POINT('',(7.5,20.01,7.5));
#10479 = DIRECTION('',(0.,1.,0.));
#10480 = DIRECTION('',(1.,0.,-0.));
#10481 = DEFINITIONAL_REPRESENTATION('',(#10482),#10486);
#10482 = LINE('',#10483,#10484);
#10483 = CARTESIAN_POINT('',(-6.28318530718,1.));
#10484 = VECTOR('',#10485,1.);
#10485 = DIRECTION('',(1.,-0.));
#10486 = ( GEOMETRIC_REPRESENTATION_CONTEXT(2) 
PARAMETRIC_REPRESENTATION_CONTEXT() REPRESENTATION_CONTEXT('2D SPACE',''
  ) );
#10487 = ORIENTED_EDGE('',*,*,#10488,.F.);
#10488 = EDGE_CURVE('',#10295,#10460,#10489,.T.);
#10489 = SURFACE_CURVE('',#10490,(#10494,#10500),.PCURVE_S1.);
#10490 = LINE('',#10491,#10492);
#10491 = CARTESIAN_POINT('',(-10.1,21.01,9.7));
#10492 = VECTOR('',#10493,1.);
#10493 = DIRECTION('',(1.,0.,0.));
#10494 = PCURVE('',#7866,#10495);
#10495 = DEFINITIONAL_REPRESENTATION('',(#10496),#10499);
#10496 = B_SPLINE_CURVE_WITH_KNOTS('',1,(#10497,#10498),.UNSPECIFIED.,
  .F.,.F.,(2,2),(2.6,17.6),.PIECEWISE_BEZIER_KNOTS.);
#10497 = CARTESIAN_POINT('',(20.2,3.));
#10498 = CARTESIAN_POINT('',(20.2,18.));
#10499 = ( GEOMETRIC_REPRESENTATION_CONTEXT(2) 
PARAMETRIC_REPRESENTATION_CONTEXT() REPRESENTATION_CONTEXT('2D SPACE',''
  ) );
#10500 = PCURVE('',#10501,#10506);
#10501 = PLANE('',#10502);
#10502 = AXIS2_PLACEMENT_3D('',#10503,#10504,#10505);
#10503 = CARTESIAN_POINT('',(-9.7,20.01,9.7));
#10504 = DIRECTION('',(0.,0.,1.));
#10505 = DIRECTION('',(1.,0.,0.));
#10506 = DEFINITIONAL_REPRESENTATION('',(#10507),#10510);
#10507 = B_SPLINE_CURVE_WITH_KNOTS('',1,(#10508,#10509),.UNSPECIFIED.,
  .F.,.F.,(2,2),(2.6,17.6),.PIECEWISE_BEZIER_KNOTS.);
#10508 = CARTESIAN_POINT('',(2.2,1.));
#10509 = CARTESIAN_POINT('',(17.2,1.));
#10510 = ( GEOMETRIC_REPRESENTATION_CONTEXT(2) 
PARAMETRIC_REPRESENTATION_CONTEXT() REPRESENTATION_CONTEXT('2D SPACE',''
  ) );
#10511 = ADVANCED_FACE('',(#10512),#8401,.T.);
#10512 = FACE_BOUND('',#10513,.T.);
#10513 = EDGE_LOOP('',(#10514,#10533,#10534,#10535));
#10514 = ORIENTED_EDGE('',*,*,#10515,.F.);
#10515 = EDGE_CURVE('',#8439,#9988,#10516,.T.);
#10516 = SURFACE_CURVE('',#10517,(#10521,#10527),.PCURVE_S1.);
#10517 = LINE('',#10518,#10519);
#10518 = CARTESIAN_POINT('',(-5.45,14.41,-19.55));
#10519 = VECTOR('',#10520,1.);
#10520 = DIRECTION('',(-0.707106781187,-0.,-0.707106781187));
#10521 = PCURVE('',#8401,#10522);
#10522 = DEFINITIONAL_REPRESENTATION('',(#10523),#10526);
#10523 = B_SPLINE_CURVE_WITH_KNOTS('',1,(#10524,#10525),.UNSPECIFIED.,
  .F.,.F.,(2,2),(-0.282842712475,0.282842712475),
  .PIECEWISE_BEZIER_KNOTS.);
#10524 = CARTESIAN_POINT('',(0.,0.));
#10525 = CARTESIAN_POINT('',(0.,-0.4));
#10526 = ( GEOMETRIC_REPRESENTATION_CONTEXT(2) 
PARAMETRIC_REPRESENTATION_CONTEXT() REPRESENTATION_CONTEXT('2D SPACE',''
  ) );
#10527 = PCURVE('',#8712,#10528);
#10528 = DEFINITIONAL_REPRESENTATION('',(#10529),#10532);
#10529 = B_SPLINE_CURVE_WITH_KNOTS('',1,(#10530,#10531),.UNSPECIFIED.,
  .F.,.F.,(2,2),(-0.282842712475,0.282842712475),
  .PIECEWISE_BEZIER_KNOTS.);
#10530 = CARTESIAN_POINT('',(-5.5,-0.282842712475));
#10531 = CARTESIAN_POINT('',(-5.5,0.282842712475));
#10532 = ( GEOMETRIC_REPRESENTATION_CONTEXT(2) 
PARAMETRIC_REPRESENTATION_CONTEXT() REPRESENTATION_CONTEXT('2D SPACE',''
  ) );
#10533 = ORIENTED_EDGE('',*,*,#8461,.T.);
#10534 = ORIENTED_EDGE('',*,*,#8386,.T.);
#10535 = ORIENTED_EDGE('',*,*,#9987,.F.);
#10536 = ADVANCED_FACE('',(#10537),#8573,.T.);
#10537 = FACE_BOUND('',#10538,.F.);
#10538 = EDGE_LOOP('',(#10539,#10540,#10562,#10563));
#10539 = ORIENTED_EDGE('',*,*,#10233,.F.);
#10540 = ORIENTED_EDGE('',*,*,#10541,.T.);
#10541 = EDGE_CURVE('',#10234,#8621,#10542,.T.);
#10542 = SURFACE_CURVE('',#10543,(#10548,#10555),.PCURVE_S1.);
#10543 = CIRCLE('',#10544,1.5);
#10544 = AXIS2_PLACEMENT_3D('',#10545,#10546,#10547);
#10545 = CARTESIAN_POINT('',(10.75,14.41,-19.35));
#10546 = DIRECTION('',(0.,-0.,-1.));
#10547 = DIRECTION('',(1.,0.,-0.));
#10548 = PCURVE('',#8573,#10549);
#10549 = DEFINITIONAL_REPRESENTATION('',(#10550),#10554);
#10550 = LINE('',#10551,#10552);
#10551 = CARTESIAN_POINT('',(-0.,0.4));
#10552 = VECTOR('',#10553,1.);
#10553 = DIRECTION('',(-1.,0.));
#10554 = ( GEOMETRIC_REPRESENTATION_CONTEXT(2) 
PARAMETRIC_REPRESENTATION_CONTEXT() REPRESENTATION_CONTEXT('2D SPACE',''
  ) );
#10555 = PCURVE('',#10137,#10556);
#10556 = DEFINITIONAL_REPRESENTATION('',(#10557),#10561);
#10557 = LINE('',#10558,#10559);
#10558 = CARTESIAN_POINT('',(-0.,-0.));
#10559 = VECTOR('',#10560,1.);
#10560 = DIRECTION('',(-1.,-0.));
#10561 = ( GEOMETRIC_REPRESENTATION_CONTEXT(2) 
PARAMETRIC_REPRESENTATION_CONTEXT() REPRESENTATION_CONTEXT('2D SPACE',''
  ) );
#10562 = ORIENTED_EDGE('',*,*,#8673,.T.);
#10563 = ORIENTED_EDGE('',*,*,#8535,.F.);
#10564 = ADVANCED_FACE('',(#10565),#8638,.T.);
#10565 = FACE_BOUND('',#10566,.T.);
#10566 = EDGE_LOOP('',(#10567,#10586,#10587,#10606));
#10567 = ORIENTED_EDGE('',*,*,#10568,.F.);
#10568 = EDGE_CURVE('',#8621,#10094,#10569,.T.);
#10569 = SURFACE_CURVE('',#10570,(#10574,#10580),.PCURVE_S1.);
#10570 = LINE('',#10571,#10572);
#10571 = CARTESIAN_POINT('',(10.75,12.91,-19.35));
#10572 = VECTOR('',#10573,1.);
#10573 = DIRECTION('',(-4.329780281177E-17,0.707106781187,
    -0.707106781187));
#10574 = PCURVE('',#8638,#10575);
#10575 = DEFINITIONAL_REPRESENTATION('',(#10576),#10579);
#10576 = B_SPLINE_CURVE_WITH_KNOTS('',1,(#10577,#10578),.UNSPECIFIED.,
  .F.,.F.,(2,2),(0.,0.565685424949),.PIECEWISE_BEZIER_KNOTS.);
#10577 = CARTESIAN_POINT('',(0.,-0.282842712475));
#10578 = CARTESIAN_POINT('',(0.,0.282842712475));
#10579 = ( GEOMETRIC_REPRESENTATION_CONTEXT(2) 
PARAMETRIC_REPRESENTATION_CONTEXT() REPRESENTATION_CONTEXT('2D SPACE',''
  ) );
#10580 = PCURVE('',#10137,#10581);
#10581 = DEFINITIONAL_REPRESENTATION('',(#10582),#10585);
#10582 = B_SPLINE_CURVE_WITH_KNOTS('',1,(#10583,#10584),.UNSPECIFIED.,
  .F.,.F.,(2,2),(0.,0.565685424949),.PIECEWISE_BEZIER_KNOTS.);
#10583 = CARTESIAN_POINT('',(-1.570796326795,0.));
#10584 = CARTESIAN_POINT('',(-1.570796326795,-0.4));
#10585 = ( GEOMETRIC_REPRESENTATION_CONTEXT(2) 
PARAMETRIC_REPRESENTATION_CONTEXT() REPRESENTATION_CONTEXT('2D SPACE',''
  ) );
#10586 = ORIENTED_EDGE('',*,*,#8620,.T.);
#10587 = ORIENTED_EDGE('',*,*,#10588,.T.);
#10588 = EDGE_CURVE('',#8623,#10066,#10589,.T.);
#10589 = SURFACE_CURVE('',#10590,(#10594,#10600),.PCURVE_S1.);
#10590 = LINE('',#10591,#10592);
#10591 = CARTESIAN_POINT('',(6.75,13.11,-19.55));
#10592 = VECTOR('',#10593,1.);
#10593 = DIRECTION('',(-0.,0.707106781187,-0.707106781187));
#10594 = PCURVE('',#8638,#10595);
#10595 = DEFINITIONAL_REPRESENTATION('',(#10596),#10599);
#10596 = B_SPLINE_CURVE_WITH_KNOTS('',1,(#10597,#10598),.UNSPECIFIED.,
  .F.,.F.,(2,2),(-0.282842712475,0.282842712475),
  .PIECEWISE_BEZIER_KNOTS.);
#10597 = CARTESIAN_POINT('',(4.,-0.282842712475));
#10598 = CARTESIAN_POINT('',(4.,0.282842712475));
#10599 = ( GEOMETRIC_REPRESENTATION_CONTEXT(2) 
PARAMETRIC_REPRESENTATION_CONTEXT() REPRESENTATION_CONTEXT('2D SPACE',''
  ) );
#10600 = PCURVE('',#8767,#10601);
#10601 = DEFINITIONAL_REPRESENTATION('',(#10602),#10605);
#10602 = B_SPLINE_CURVE_WITH_KNOTS('',1,(#10603,#10604),.UNSPECIFIED.,
  .F.,.F.,(2,2),(-0.282842712475,0.282842712475),
  .PIECEWISE_BEZIER_KNOTS.);
#10603 = CARTESIAN_POINT('',(0.,0.));
#10604 = CARTESIAN_POINT('',(0.,-0.4));
#10605 = ( GEOMETRIC_REPRESENTATION_CONTEXT(2) 
PARAMETRIC_REPRESENTATION_CONTEXT() REPRESENTATION_CONTEXT('2D SPACE',''
  ) );
#10606 = ORIENTED_EDGE('',*,*,#10093,.F.);
#10607 = ADVANCED_FACE('',(#10608),#8712,.F.);
#10608 = FACE_BOUND('',#10609,.T.);
#10609 = EDGE_LOOP('',(#10610,#10611,#10612,#10613));
#10610 = ORIENTED_EDGE('',*,*,#9882,.F.);
#10611 = ORIENTED_EDGE('',*,*,#8698,.T.);
#10612 = ORIENTED_EDGE('',*,*,#10515,.T.);
#10613 = ORIENTED_EDGE('',*,*,#10015,.F.);
#10614 = ADVANCED_FACE('',(#10615),#8767,.T.);
#10615 = FACE_BOUND('',#10616,.T.);
#10616 = EDGE_LOOP('',(#10617,#10618,#10619,#10638));
#10617 = ORIENTED_EDGE('',*,*,#10588,.F.);
#10618 = ORIENTED_EDGE('',*,*,#8752,.T.);
#10619 = ORIENTED_EDGE('',*,*,#10620,.T.);
#10620 = EDGE_CURVE('',#8730,#10043,#10621,.T.);
#10621 = SURFACE_CURVE('',#10622,(#10626,#10632),.PCURVE_S1.);
#10622 = LINE('',#10623,#10624);
#10623 = CARTESIAN_POINT('',(5.45,14.41,-19.55));
#10624 = VECTOR('',#10625,1.);
#10625 = DIRECTION('',(0.707106781187,0.,-0.707106781187));
#10626 = PCURVE('',#8767,#10627);
#10627 = DEFINITIONAL_REPRESENTATION('',(#10628),#10631);
#10628 = B_SPLINE_CURVE_WITH_KNOTS('',1,(#10629,#10630),.UNSPECIFIED.,
  .F.,.F.,(2,2),(-0.282842712475,0.282842712475),
  .PIECEWISE_BEZIER_KNOTS.);
#10629 = CARTESIAN_POINT('',(-1.570796326795,0.));
#10630 = CARTESIAN_POINT('',(-1.570796326795,-0.4));
#10631 = ( GEOMETRIC_REPRESENTATION_CONTEXT(2) 
PARAMETRIC_REPRESENTATION_CONTEXT() REPRESENTATION_CONTEXT('2D SPACE',''
  ) );
#10632 = PCURVE('',#8799,#10633);
#10633 = DEFINITIONAL_REPRESENTATION('',(#10634),#10637);
#10634 = B_SPLINE_CURVE_WITH_KNOTS('',1,(#10635,#10636),.UNSPECIFIED.,
  .F.,.F.,(2,2),(-0.282842712475,0.282842712475),
  .PIECEWISE_BEZIER_KNOTS.);
#10635 = CARTESIAN_POINT('',(0.,-0.282842712475));
#10636 = CARTESIAN_POINT('',(0.,0.282842712475));
#10637 = ( GEOMETRIC_REPRESENTATION_CONTEXT(2) 
PARAMETRIC_REPRESENTATION_CONTEXT() REPRESENTATION_CONTEXT('2D SPACE',''
  ) );
#10638 = ORIENTED_EDGE('',*,*,#10065,.F.);
#10639 = ADVANCED_FACE('',(#10640),#8799,.T.);
#10640 = FACE_BOUND('',#10641,.T.);
#10641 = EDGE_LOOP('',(#10642,#10643,#10644,#10645));
#10642 = ORIENTED_EDGE('',*,*,#10620,.F.);
#10643 = ORIENTED_EDGE('',*,*,#8785,.T.);
#10644 = ORIENTED_EDGE('',*,*,#9932,.T.);
#10645 = ORIENTED_EDGE('',*,*,#10042,.F.);
#10646 = ADVANCED_FACE('',(#10647,#10829),#9549,.T.);
#10647 = FACE_BOUND('',#10648,.T.);
#10648 = EDGE_LOOP('',(#10649,#10672,#10696,#10717,#10741,#10762,#10786,
    #10807));
#10649 = ORIENTED_EDGE('',*,*,#10650,.F.);
#10650 = EDGE_CURVE('',#10651,#10653,#10655,.T.);
#10651 = VERTEX_POINT('',#10652);
#10652 = CARTESIAN_POINT('',(-9.7,21.41,7.5));
#10653 = VERTEX_POINT('',#10654);
#10654 = CARTESIAN_POINT('',(-9.7,21.41,-7.5));
#10655 = SURFACE_CURVE('',#10656,(#10660,#10666),.PCURVE_S1.);
#10656 = LINE('',#10657,#10658);
#10657 = CARTESIAN_POINT('',(-9.7,21.41,-11.975));
#10658 = VECTOR('',#10659,1.);
#10659 = DIRECTION('',(0.,0.,-1.));
#10660 = PCURVE('',#9549,#10661);
#10661 = DEFINITIONAL_REPRESENTATION('',(#10662),#10665);
#10662 = B_SPLINE_CURVE_WITH_KNOTS('',1,(#10663,#10664),.UNSPECIFIED.,
  .F.,.F.,(2,2),(-19.475,-4.475),.PIECEWISE_BEZIER_KNOTS.);
#10663 = CARTESIAN_POINT('',(21.75,4.55));
#10664 = CARTESIAN_POINT('',(6.75,4.55));
#10665 = ( GEOMETRIC_REPRESENTATION_CONTEXT(2) 
PARAMETRIC_REPRESENTATION_CONTEXT() REPRESENTATION_CONTEXT('2D SPACE',''
  ) );
#10666 = PCURVE('',#10338,#10667);
#10667 = DEFINITIONAL_REPRESENTATION('',(#10668),#10671);
#10668 = B_SPLINE_CURVE_WITH_KNOTS('',1,(#10669,#10670),.UNSPECIFIED.,
  .F.,.F.,(2,2),(-19.475,-4.475),.PIECEWISE_BEZIER_KNOTS.);
#10669 = CARTESIAN_POINT('',(17.2,-1.4));
#10670 = CARTESIAN_POINT('',(2.2,-1.4));
#10671 = ( GEOMETRIC_REPRESENTATION_CONTEXT(2) 
PARAMETRIC_REPRESENTATION_CONTEXT() REPRESENTATION_CONTEXT('2D SPACE',''
  ) );
#10672 = ORIENTED_EDGE('',*,*,#10673,.T.);
#10673 = EDGE_CURVE('',#10651,#10674,#10676,.T.);
#10674 = VERTEX_POINT('',#10675);
#10675 = CARTESIAN_POINT('',(-7.5,21.41,9.7));
#10676 = SURFACE_CURVE('',#10677,(#10682,#10689),.PCURVE_S1.);
#10677 = CIRCLE('',#10678,2.2);
#10678 = AXIS2_PLACEMENT_3D('',#10679,#10680,#10681);
#10679 = CARTESIAN_POINT('',(-7.5,21.41,7.5));
#10680 = DIRECTION('',(0.,1.,0.));
#10681 = DIRECTION('',(-1.,0.,0.));
#10682 = PCURVE('',#9549,#10683);
#10683 = DEFINITIONAL_REPRESENTATION('',(#10684),#10688);
#10684 = CIRCLE('',#10685,2.2);
#10685 = AXIS2_PLACEMENT_2D('',#10686,#10687);
#10686 = CARTESIAN_POINT('',(21.75,6.75));
#10687 = DIRECTION('',(0.,-1.));
#10688 = ( GEOMETRIC_REPRESENTATION_CONTEXT(2) 
PARAMETRIC_REPRESENTATION_CONTEXT() REPRESENTATION_CONTEXT('2D SPACE',''
  ) );
#10689 = PCURVE('',#10311,#10690);
#10690 = DEFINITIONAL_REPRESENTATION('',(#10691),#10695);
#10691 = LINE('',#10692,#10693);
#10692 = CARTESIAN_POINT('',(0.,1.4));
#10693 = VECTOR('',#10694,1.);
#10694 = DIRECTION('',(1.,0.));
#10695 = ( GEOMETRIC_REPRESENTATION_CONTEXT(2) 
PARAMETRIC_REPRESENTATION_CONTEXT() REPRESENTATION_CONTEXT('2D SPACE',''
  ) );
#10696 = ORIENTED_EDGE('',*,*,#10697,.T.);
#10697 = EDGE_CURVE('',#10674,#10698,#10700,.T.);
#10698 = VERTEX_POINT('',#10699);
#10699 = CARTESIAN_POINT('',(7.5,21.41,9.7));
#10700 = SURFACE_CURVE('',#10701,(#10705,#10711),.PCURVE_S1.);
#10701 = LINE('',#10702,#10703);
#10702 = CARTESIAN_POINT('',(-11.975,21.41,9.7));
#10703 = VECTOR('',#10704,1.);
#10704 = DIRECTION('',(1.,0.,0.));
#10705 = PCURVE('',#9549,#10706);
#10706 = DEFINITIONAL_REPRESENTATION('',(#10707),#10710);
#10707 = B_SPLINE_CURVE_WITH_KNOTS('',1,(#10708,#10709),.UNSPECIFIED.,
  .F.,.F.,(2,2),(4.475,19.475),.PIECEWISE_BEZIER_KNOTS.);
#10708 = CARTESIAN_POINT('',(23.95,6.75));
#10709 = CARTESIAN_POINT('',(23.95,21.75));
#10710 = ( GEOMETRIC_REPRESENTATION_CONTEXT(2) 
PARAMETRIC_REPRESENTATION_CONTEXT() REPRESENTATION_CONTEXT('2D SPACE',''
  ) );
#10711 = PCURVE('',#10501,#10712);
#10712 = DEFINITIONAL_REPRESENTATION('',(#10713),#10716);
#10713 = B_SPLINE_CURVE_WITH_KNOTS('',1,(#10714,#10715),.UNSPECIFIED.,
  .F.,.F.,(2,2),(4.475,19.475),.PIECEWISE_BEZIER_KNOTS.);
#10714 = CARTESIAN_POINT('',(2.2,1.4));
#10715 = CARTESIAN_POINT('',(17.2,1.4));
#10716 = ( GEOMETRIC_REPRESENTATION_CONTEXT(2) 
PARAMETRIC_REPRESENTATION_CONTEXT() REPRESENTATION_CONTEXT('2D SPACE',''
  ) );
#10717 = ORIENTED_EDGE('',*,*,#10718,.T.);
#10718 = EDGE_CURVE('',#10698,#10719,#10721,.T.);
#10719 = VERTEX_POINT('',#10720);
#10720 = CARTESIAN_POINT('',(9.7,21.41,7.5));
#10721 = SURFACE_CURVE('',#10722,(#10727,#10734),.PCURVE_S1.);
#10722 = CIRCLE('',#10723,2.2);
#10723 = AXIS2_PLACEMENT_3D('',#10724,#10725,#10726);
#10724 = CARTESIAN_POINT('',(7.5,21.41,7.5));
#10725 = DIRECTION('',(0.,1.,0.));
#10726 = DIRECTION('',(1.,0.,-0.));
#10727 = PCURVE('',#9549,#10728);
#10728 = DEFINITIONAL_REPRESENTATION('',(#10729),#10733);
#10729 = CIRCLE('',#10730,2.2);
#10730 = AXIS2_PLACEMENT_2D('',#10731,#10732);
#10731 = CARTESIAN_POINT('',(21.75,21.75));
#10732 = DIRECTION('',(0.,1.));
#10733 = ( GEOMETRIC_REPRESENTATION_CONTEXT(2) 
PARAMETRIC_REPRESENTATION_CONTEXT() REPRESENTATION_CONTEXT('2D SPACE',''
  ) );
#10734 = PCURVE('',#10476,#10735);
#10735 = DEFINITIONAL_REPRESENTATION('',(#10736),#10740);
#10736 = LINE('',#10737,#10738);
#10737 = CARTESIAN_POINT('',(-6.28318530718,1.4));
#10738 = VECTOR('',#10739,1.);
#10739 = DIRECTION('',(1.,-0.));
#10740 = ( GEOMETRIC_REPRESENTATION_CONTEXT(2) 
PARAMETRIC_REPRESENTATION_CONTEXT() REPRESENTATION_CONTEXT('2D SPACE',''
  ) );
#10741 = ORIENTED_EDGE('',*,*,#10742,.T.);
#10742 = EDGE_CURVE('',#10719,#10743,#10745,.T.);
#10743 = VERTEX_POINT('',#10744);
#10744 = CARTESIAN_POINT('',(9.7,21.41,-7.5));
#10745 = SURFACE_CURVE('',#10746,(#10750,#10756),.PCURVE_S1.);
#10746 = LINE('',#10747,#10748);
#10747 = CARTESIAN_POINT('',(9.7,21.41,-11.975));
#10748 = VECTOR('',#10749,1.);
#10749 = DIRECTION('',(0.,0.,-1.));
#10750 = PCURVE('',#9549,#10751);
#10751 = DEFINITIONAL_REPRESENTATION('',(#10752),#10755);
#10752 = B_SPLINE_CURVE_WITH_KNOTS('',1,(#10753,#10754),.UNSPECIFIED.,
  .F.,.F.,(2,2),(-19.475,-4.475),.PIECEWISE_BEZIER_KNOTS.);
#10753 = CARTESIAN_POINT('',(21.75,23.95));
#10754 = CARTESIAN_POINT('',(6.75,23.95));
#10755 = ( GEOMETRIC_REPRESENTATION_CONTEXT(2) 
PARAMETRIC_REPRESENTATION_CONTEXT() REPRESENTATION_CONTEXT('2D SPACE',''
  ) );
#10756 = PCURVE('',#10448,#10757);
#10757 = DEFINITIONAL_REPRESENTATION('',(#10758),#10761);
#10758 = B_SPLINE_CURVE_WITH_KNOTS('',1,(#10759,#10760),.UNSPECIFIED.,
  .F.,.F.,(2,2),(-19.475,-4.475),.PIECEWISE_BEZIER_KNOTS.);
#10759 = CARTESIAN_POINT('',(17.2,-1.4));
#10760 = CARTESIAN_POINT('',(2.2,-1.4));
#10761 = ( GEOMETRIC_REPRESENTATION_CONTEXT(2) 
PARAMETRIC_REPRESENTATION_CONTEXT() REPRESENTATION_CONTEXT('2D SPACE',''
  ) );
#10762 = ORIENTED_EDGE('',*,*,#10763,.T.);
#10763 = EDGE_CURVE('',#10743,#10764,#10766,.T.);
#10764 = VERTEX_POINT('',#10765);
#10765 = CARTESIAN_POINT('',(7.5,21.41,-9.7));
#10766 = SURFACE_CURVE('',#10767,(#10772,#10779),.PCURVE_S1.);
#10767 = CIRCLE('',#10768,2.2);
#10768 = AXIS2_PLACEMENT_3D('',#10769,#10770,#10771);
#10769 = CARTESIAN_POINT('',(7.5,21.41,-7.5));
#10770 = DIRECTION('',(0.,1.,0.));
#10771 = DIRECTION('',(1.,0.,-0.));
#10772 = PCURVE('',#9549,#10773);
#10773 = DEFINITIONAL_REPRESENTATION('',(#10774),#10778);
#10774 = CIRCLE('',#10775,2.2);
#10775 = AXIS2_PLACEMENT_2D('',#10776,#10777);
#10776 = CARTESIAN_POINT('',(6.75,21.75));
#10777 = DIRECTION('',(0.,1.));
#10778 = ( GEOMETRIC_REPRESENTATION_CONTEXT(2) 
PARAMETRIC_REPRESENTATION_CONTEXT() REPRESENTATION_CONTEXT('2D SPACE',''
  ) );
#10779 = PCURVE('',#10421,#10780);
#10780 = DEFINITIONAL_REPRESENTATION('',(#10781),#10785);
#10781 = LINE('',#10782,#10783);
#10782 = CARTESIAN_POINT('',(0.,1.4));
#10783 = VECTOR('',#10784,1.);
#10784 = DIRECTION('',(1.,0.));
#10785 = ( GEOMETRIC_REPRESENTATION_CONTEXT(2) 
PARAMETRIC_REPRESENTATION_CONTEXT() REPRESENTATION_CONTEXT('2D SPACE',''
  ) );
#10786 = ORIENTED_EDGE('',*,*,#10787,.F.);
#10787 = EDGE_CURVE('',#10788,#10764,#10790,.T.);
#10788 = VERTEX_POINT('',#10789);
#10789 = CARTESIAN_POINT('',(-7.5,21.41,-9.7));
#10790 = SURFACE_CURVE('',#10791,(#10795,#10801),.PCURVE_S1.);
#10791 = LINE('',#10792,#10793);
#10792 = CARTESIAN_POINT('',(-11.975,21.41,-9.7));
#10793 = VECTOR('',#10794,1.);
#10794 = DIRECTION('',(1.,0.,0.));
#10795 = PCURVE('',#9549,#10796);
#10796 = DEFINITIONAL_REPRESENTATION('',(#10797),#10800);
#10797 = B_SPLINE_CURVE_WITH_KNOTS('',1,(#10798,#10799),.UNSPECIFIED.,
  .F.,.F.,(2,2),(4.475,19.475),.PIECEWISE_BEZIER_KNOTS.);
#10798 = CARTESIAN_POINT('',(4.55,6.75));
#10799 = CARTESIAN_POINT('',(4.55,21.75));
#10800 = ( GEOMETRIC_REPRESENTATION_CONTEXT(2) 
PARAMETRIC_REPRESENTATION_CONTEXT() REPRESENTATION_CONTEXT('2D SPACE',''
  ) );
#10801 = PCURVE('',#10393,#10802);
#10802 = DEFINITIONAL_REPRESENTATION('',(#10803),#10806);
#10803 = B_SPLINE_CURVE_WITH_KNOTS('',1,(#10804,#10805),.UNSPECIFIED.,
  .F.,.F.,(2,2),(4.475,19.475),.PIECEWISE_BEZIER_KNOTS.);
#10804 = CARTESIAN_POINT('',(2.2,1.4));
#10805 = CARTESIAN_POINT('',(17.2,1.4));
#10806 = ( GEOMETRIC_REPRESENTATION_CONTEXT(2) 
PARAMETRIC_REPRESENTATION_CONTEXT() REPRESENTATION_CONTEXT('2D SPACE',''
  ) );
#10807 = ORIENTED_EDGE('',*,*,#10808,.T.);
#10808 = EDGE_CURVE('',#10788,#10653,#10809,.T.);
#10809 = SURFACE_CURVE('',#10810,(#10815,#10822),.PCURVE_S1.);
#10810 = CIRCLE('',#10811,2.2);
#10811 = AXIS2_PLACEMENT_3D('',#10812,#10813,#10814);
#10812 = CARTESIAN_POINT('',(-7.5,21.41,-7.5));
#10813 = DIRECTION('',(0.,1.,0.));
#10814 = DIRECTION('',(-1.,0.,0.));
#10815 = PCURVE('',#9549,#10816);
#10816 = DEFINITIONAL_REPRESENTATION('',(#10817),#10821);
#10817 = CIRCLE('',#10818,2.2);
#10818 = AXIS2_PLACEMENT_2D('',#10819,#10820);
#10819 = CARTESIAN_POINT('',(6.75,6.75));
#10820 = DIRECTION('',(0.,-1.));
#10821 = ( GEOMETRIC_REPRESENTATION_CONTEXT(2) 
PARAMETRIC_REPRESENTATION_CONTEXT() REPRESENTATION_CONTEXT('2D SPACE',''
  ) );
#10822 = PCURVE('',#10366,#10823);
#10823 = DEFINITIONAL_REPRESENTATION('',(#10824),#10828);
#10824 = LINE('',#10825,#10826);
#10825 = CARTESIAN_POINT('',(-6.28318530718,1.4));
#10826 = VECTOR('',#10827,1.);
#10827 = DIRECTION('',(1.,-0.));
#10828 = ( GEOMETRIC_REPRESENTATION_CONTEXT(2) 
PARAMETRIC_REPRESENTATION_CONTEXT() REPRESENTATION_CONTEXT('2D SPACE',''
  ) );
#10829 = FACE_BOUND('',#10830,.T.);
#10830 = EDGE_LOOP('',(#10831,#10832,#10833,#10834,#10835,#10836,#10837,
    #10838));
#10831 = ORIENTED_EDGE('',*,*,#9534,.F.);
#10832 = ORIENTED_EDGE('',*,*,#9857,.T.);
#10833 = ORIENTED_EDGE('',*,*,#9830,.F.);
#10834 = ORIENTED_EDGE('',*,*,#9758,.T.);
#10835 = ORIENTED_EDGE('',*,*,#9733,.F.);
#10836 = ORIENTED_EDGE('',*,*,#9685,.F.);
#10837 = ORIENTED_EDGE('',*,*,#9636,.F.);
#10838 = ORIENTED_EDGE('',*,*,#9564,.F.);
#10839 = ADVANCED_FACE('',(#10840),#10137,.T.);
#10840 = FACE_BOUND('',#10841,.T.);
#10841 = EDGE_LOOP('',(#10842,#10861,#10862,#10863));
#10842 = ORIENTED_EDGE('',*,*,#10843,.F.);
#10843 = EDGE_CURVE('',#10234,#10117,#10844,.T.);
#10844 = SURFACE_CURVE('',#10845,(#10849,#10855),.PCURVE_S1.);
#10845 = LINE('',#10846,#10847);
#10846 = CARTESIAN_POINT('',(12.05,14.41,-19.55));
#10847 = VECTOR('',#10848,1.);
#10848 = DIRECTION('',(-0.707106781187,-0.,-0.707106781187));
#10849 = PCURVE('',#10137,#10850);
#10850 = DEFINITIONAL_REPRESENTATION('',(#10851),#10854);
#10851 = B_SPLINE_CURVE_WITH_KNOTS('',1,(#10852,#10853),.UNSPECIFIED.,
  .F.,.F.,(2,2),(-0.282842712475,0.282842712475),
  .PIECEWISE_BEZIER_KNOTS.);
#10852 = CARTESIAN_POINT('',(0.,0.));
#10853 = CARTESIAN_POINT('',(0.,-0.4));
#10854 = ( GEOMETRIC_REPRESENTATION_CONTEXT(2) 
PARAMETRIC_REPRESENTATION_CONTEXT() REPRESENTATION_CONTEXT('2D SPACE',''
  ) );
#10855 = PCURVE('',#10165,#10856);
#10856 = DEFINITIONAL_REPRESENTATION('',(#10857),#10860);
#10857 = B_SPLINE_CURVE_WITH_KNOTS('',1,(#10858,#10859),.UNSPECIFIED.,
  .F.,.F.,(2,2),(-0.282842712475,0.282842712475),
  .PIECEWISE_BEZIER_KNOTS.);
#10858 = CARTESIAN_POINT('',(-5.5,-0.282842712475));
#10859 = CARTESIAN_POINT('',(-5.5,0.282842712475));
#10860 = ( GEOMETRIC_REPRESENTATION_CONTEXT(2) 
PARAMETRIC_REPRESENTATION_CONTEXT() REPRESENTATION_CONTEXT('2D SPACE',''
  ) );
#10861 = ORIENTED_EDGE('',*,*,#10541,.T.);
#10862 = ORIENTED_EDGE('',*,*,#10568,.T.);
#10863 = ORIENTED_EDGE('',*,*,#10116,.F.);
#10864 = ADVANCED_FACE('',(#10865),#10165,.F.);
#10865 = FACE_BOUND('',#10866,.T.);
#10866 = EDGE_LOOP('',(#10867,#10868,#10869,#10870));
#10867 = ORIENTED_EDGE('',*,*,#10210,.F.);
#10868 = ORIENTED_EDGE('',*,*,#10256,.T.);
#10869 = ORIENTED_EDGE('',*,*,#10843,.T.);
#10870 = ORIENTED_EDGE('',*,*,#10149,.F.);
#10871 = ADVANCED_FACE('',(#10872),#10311,.T.);
#10872 = FACE_BOUND('',#10873,.T.);
#10873 = EDGE_LOOP('',(#10874,#10895,#10896,#10917));
#10874 = ORIENTED_EDGE('',*,*,#10875,.F.);
#10875 = EDGE_CURVE('',#10293,#10651,#10876,.T.);
#10876 = SURFACE_CURVE('',#10877,(#10881,#10888),.PCURVE_S1.);
#10877 = LINE('',#10878,#10879);
#10878 = CARTESIAN_POINT('',(-9.7,20.01,7.5));
#10879 = VECTOR('',#10880,1.);
#10880 = DIRECTION('',(0.,1.,0.));
#10881 = PCURVE('',#10311,#10882);
#10882 = DEFINITIONAL_REPRESENTATION('',(#10883),#10887);
#10883 = LINE('',#10884,#10885);
#10884 = CARTESIAN_POINT('',(0.,0.));
#10885 = VECTOR('',#10886,1.);
#10886 = DIRECTION('',(0.,1.));
#10887 = ( GEOMETRIC_REPRESENTATION_CONTEXT(2) 
PARAMETRIC_REPRESENTATION_CONTEXT() REPRESENTATION_CONTEXT('2D SPACE',''
  ) );
#10888 = PCURVE('',#10338,#10889);
#10889 = DEFINITIONAL_REPRESENTATION('',(#10890),#10894);
#10890 = LINE('',#10891,#10892);
#10891 = CARTESIAN_POINT('',(17.2,0.));
#10892 = VECTOR('',#10893,1.);
#10893 = DIRECTION('',(0.,-1.));
#10894 = ( GEOMETRIC_REPRESENTATION_CONTEXT(2) 
PARAMETRIC_REPRESENTATION_CONTEXT() REPRESENTATION_CONTEXT('2D SPACE',''
  ) );
#10895 = ORIENTED_EDGE('',*,*,#10292,.T.);
#10896 = ORIENTED_EDGE('',*,*,#10897,.T.);
#10897 = EDGE_CURVE('',#10295,#10674,#10898,.T.);
#10898 = SURFACE_CURVE('',#10899,(#10903,#10910),.PCURVE_S1.);
#10899 = LINE('',#10900,#10901);
#10900 = CARTESIAN_POINT('',(-7.5,20.01,9.7));
#10901 = VECTOR('',#10902,1.);
#10902 = DIRECTION('',(0.,1.,0.));
#10903 = PCURVE('',#10311,#10904);
#10904 = DEFINITIONAL_REPRESENTATION('',(#10905),#10909);
#10905 = LINE('',#10906,#10907);
#10906 = CARTESIAN_POINT('',(1.570796326795,0.));
#10907 = VECTOR('',#10908,1.);
#10908 = DIRECTION('',(0.,1.));
#10909 = ( GEOMETRIC_REPRESENTATION_CONTEXT(2) 
PARAMETRIC_REPRESENTATION_CONTEXT() REPRESENTATION_CONTEXT('2D SPACE',''
  ) );
#10910 = PCURVE('',#10501,#10911);
#10911 = DEFINITIONAL_REPRESENTATION('',(#10912),#10916);
#10912 = LINE('',#10913,#10914);
#10913 = CARTESIAN_POINT('',(2.2,0.));
#10914 = VECTOR('',#10915,1.);
#10915 = DIRECTION('',(0.,1.));
#10916 = ( GEOMETRIC_REPRESENTATION_CONTEXT(2) 
PARAMETRIC_REPRESENTATION_CONTEXT() REPRESENTATION_CONTEXT('2D SPACE',''
  ) );
#10917 = ORIENTED_EDGE('',*,*,#10673,.F.);
#10918 = ADVANCED_FACE('',(#10919),#10501,.T.);
#10919 = FACE_BOUND('',#10920,.T.);
#10920 = EDGE_LOOP('',(#10921,#10922,#10923,#10924));
#10921 = ORIENTED_EDGE('',*,*,#10697,.F.);
#10922 = ORIENTED_EDGE('',*,*,#10897,.F.);
#10923 = ORIENTED_EDGE('',*,*,#10488,.T.);
#10924 = ORIENTED_EDGE('',*,*,#10925,.T.);
#10925 = EDGE_CURVE('',#10460,#10698,#10926,.T.);
#10926 = SURFACE_CURVE('',#10927,(#10931,#10938),.PCURVE_S1.);
#10927 = LINE('',#10928,#10929);
#10928 = CARTESIAN_POINT('',(7.5,20.01,9.7));
#10929 = VECTOR('',#10930,1.);
#10930 = DIRECTION('',(0.,1.,0.));
#10931 = PCURVE('',#10501,#10932);
#10932 = DEFINITIONAL_REPRESENTATION('',(#10933),#10937);
#10933 = LINE('',#10934,#10935);
#10934 = CARTESIAN_POINT('',(17.2,0.));
#10935 = VECTOR('',#10936,1.);
#10936 = DIRECTION('',(0.,1.));
#10937 = ( GEOMETRIC_REPRESENTATION_CONTEXT(2) 
PARAMETRIC_REPRESENTATION_CONTEXT() REPRESENTATION_CONTEXT('2D SPACE',''
  ) );
#10938 = PCURVE('',#10476,#10939);
#10939 = DEFINITIONAL_REPRESENTATION('',(#10940),#10944);
#10940 = LINE('',#10941,#10942);
#10941 = CARTESIAN_POINT('',(-1.570796326795,0.));
#10942 = VECTOR('',#10943,1.);
#10943 = DIRECTION('',(-0.,1.));
#10944 = ( GEOMETRIC_REPRESENTATION_CONTEXT(2) 
PARAMETRIC_REPRESENTATION_CONTEXT() REPRESENTATION_CONTEXT('2D SPACE',''
  ) );
#10945 = ADVANCED_FACE('',(#10946),#10476,.T.);
#10946 = FACE_BOUND('',#10947,.F.);
#10947 = EDGE_LOOP('',(#10948,#10969,#10970,#10971));
#10948 = ORIENTED_EDGE('',*,*,#10949,.F.);
#10949 = EDGE_CURVE('',#10434,#10719,#10950,.T.);
#10950 = SURFACE_CURVE('',#10951,(#10955,#10962),.PCURVE_S1.);
#10951 = LINE('',#10952,#10953);
#10952 = CARTESIAN_POINT('',(9.7,20.01,7.5));
#10953 = VECTOR('',#10954,1.);
#10954 = DIRECTION('',(0.,1.,0.));
#10955 = PCURVE('',#10476,#10956);
#10956 = DEFINITIONAL_REPRESENTATION('',(#10957),#10961);
#10957 = LINE('',#10958,#10959);
#10958 = CARTESIAN_POINT('',(-0.,0.));
#10959 = VECTOR('',#10960,1.);
#10960 = DIRECTION('',(-0.,1.));
#10961 = ( GEOMETRIC_REPRESENTATION_CONTEXT(2) 
PARAMETRIC_REPRESENTATION_CONTEXT() REPRESENTATION_CONTEXT('2D SPACE',''
  ) );
#10962 = PCURVE('',#10448,#10963);
#10963 = DEFINITIONAL_REPRESENTATION('',(#10964),#10968);
#10964 = LINE('',#10965,#10966);
#10965 = CARTESIAN_POINT('',(17.2,0.));
#10966 = VECTOR('',#10967,1.);
#10967 = DIRECTION('',(0.,-1.));
#10968 = ( GEOMETRIC_REPRESENTATION_CONTEXT(2) 
PARAMETRIC_REPRESENTATION_CONTEXT() REPRESENTATION_CONTEXT('2D SPACE',''
  ) );
#10969 = ORIENTED_EDGE('',*,*,#10459,.F.);
#10970 = ORIENTED_EDGE('',*,*,#10925,.T.);
#10971 = ORIENTED_EDGE('',*,*,#10718,.T.);
#10972 = ADVANCED_FACE('',(#10973),#10448,.T.);
#10973 = FACE_BOUND('',#10974,.T.);
#10974 = EDGE_LOOP('',(#10975,#10976,#10977,#10998));
#10975 = ORIENTED_EDGE('',*,*,#10949,.F.);
#10976 = ORIENTED_EDGE('',*,*,#10433,.T.);
#10977 = ORIENTED_EDGE('',*,*,#10978,.T.);
#10978 = EDGE_CURVE('',#10405,#10743,#10979,.T.);
#10979 = SURFACE_CURVE('',#10980,(#10984,#10991),.PCURVE_S1.);
#10980 = LINE('',#10981,#10982);
#10981 = CARTESIAN_POINT('',(9.7,20.01,-7.5));
#10982 = VECTOR('',#10983,1.);
#10983 = DIRECTION('',(0.,1.,0.));
#10984 = PCURVE('',#10448,#10985);
#10985 = DEFINITIONAL_REPRESENTATION('',(#10986),#10990);
#10986 = LINE('',#10987,#10988);
#10987 = CARTESIAN_POINT('',(2.2,0.));
#10988 = VECTOR('',#10989,1.);
#10989 = DIRECTION('',(0.,-1.));
#10990 = ( GEOMETRIC_REPRESENTATION_CONTEXT(2) 
PARAMETRIC_REPRESENTATION_CONTEXT() REPRESENTATION_CONTEXT('2D SPACE',''
  ) );
#10991 = PCURVE('',#10421,#10992);
#10992 = DEFINITIONAL_REPRESENTATION('',(#10993),#10997);
#10993 = LINE('',#10994,#10995);
#10994 = CARTESIAN_POINT('',(0.,0.));
#10995 = VECTOR('',#10996,1.);
#10996 = DIRECTION('',(0.,1.));
#10997 = ( GEOMETRIC_REPRESENTATION_CONTEXT(2) 
PARAMETRIC_REPRESENTATION_CONTEXT() REPRESENTATION_CONTEXT('2D SPACE',''
  ) );
#10998 = ORIENTED_EDGE('',*,*,#10742,.F.);
#10999 = ADVANCED_FACE('',(#11000),#10421,.T.);
#11000 = FACE_BOUND('',#11001,.T.);
#11001 = EDGE_LOOP('',(#11002,#11003,#11004,#11025));
#11002 = ORIENTED_EDGE('',*,*,#10978,.F.);
#11003 = ORIENTED_EDGE('',*,*,#10404,.T.);
#11004 = ORIENTED_EDGE('',*,*,#11005,.T.);
#11005 = EDGE_CURVE('',#10379,#10764,#11006,.T.);
#11006 = SURFACE_CURVE('',#11007,(#11011,#11018),.PCURVE_S1.);
#11007 = LINE('',#11008,#11009);
#11008 = CARTESIAN_POINT('',(7.5,20.01,-9.7));
#11009 = VECTOR('',#11010,1.);
#11010 = DIRECTION('',(0.,1.,0.));
#11011 = PCURVE('',#10421,#11012);
#11012 = DEFINITIONAL_REPRESENTATION('',(#11013),#11017);
#11013 = LINE('',#11014,#11015);
#11014 = CARTESIAN_POINT('',(1.570796326795,0.));
#11015 = VECTOR('',#11016,1.);
#11016 = DIRECTION('',(0.,1.));
#11017 = ( GEOMETRIC_REPRESENTATION_CONTEXT(2) 
PARAMETRIC_REPRESENTATION_CONTEXT() REPRESENTATION_CONTEXT('2D SPACE',''
  ) );
#11018 = PCURVE('',#10393,#11019);
#11019 = DEFINITIONAL_REPRESENTATION('',(#11020),#11024);
#11020 = LINE('',#11021,#11022);
#11021 = CARTESIAN_POINT('',(17.2,0.));
#11022 = VECTOR('',#11023,1.);
#11023 = DIRECTION('',(0.,1.));
#11024 = ( GEOMETRIC_REPRESENTATION_CONTEXT(2) 
PARAMETRIC_REPRESENTATION_CONTEXT() REPRESENTATION_CONTEXT('2D SPACE',''
  ) );
#11025 = ORIENTED_EDGE('',*,*,#10763,.F.);
#11026 = ADVANCED_FACE('',(#11027),#10393,.F.);
#11027 = FACE_BOUND('',#11028,.F.);
#11028 = EDGE_LOOP('',(#11029,#11030,#11051,#11052));
#11029 = ORIENTED_EDGE('',*,*,#10787,.F.);
#11030 = ORIENTED_EDGE('',*,*,#11031,.F.);
#11031 = EDGE_CURVE('',#10350,#10788,#11032,.T.);
#11032 = SURFACE_CURVE('',#11033,(#11037,#11044),.PCURVE_S1.);
#11033 = LINE('',#11034,#11035);
#11034 = CARTESIAN_POINT('',(-7.5,20.01,-9.7));
#11035 = VECTOR('',#11036,1.);
#11036 = DIRECTION('',(0.,1.,0.));
#11037 = PCURVE('',#10393,#11038);
#11038 = DEFINITIONAL_REPRESENTATION('',(#11039),#11043);
#11039 = LINE('',#11040,#11041);
#11040 = CARTESIAN_POINT('',(2.2,0.));
#11041 = VECTOR('',#11042,1.);
#11042 = DIRECTION('',(0.,1.));
#11043 = ( GEOMETRIC_REPRESENTATION_CONTEXT(2) 
PARAMETRIC_REPRESENTATION_CONTEXT() REPRESENTATION_CONTEXT('2D SPACE',''
  ) );
#11044 = PCURVE('',#10366,#11045);
#11045 = DEFINITIONAL_REPRESENTATION('',(#11046),#11050);
#11046 = LINE('',#11047,#11048);
#11047 = CARTESIAN_POINT('',(-1.570796326795,0.));
#11048 = VECTOR('',#11049,1.);
#11049 = DIRECTION('',(-0.,1.));
#11050 = ( GEOMETRIC_REPRESENTATION_CONTEXT(2) 
PARAMETRIC_REPRESENTATION_CONTEXT() REPRESENTATION_CONTEXT('2D SPACE',''
  ) );
#11051 = ORIENTED_EDGE('',*,*,#10378,.T.);
#11052 = ORIENTED_EDGE('',*,*,#11005,.T.);
#11053 = ADVANCED_FACE('',(#11054),#10366,.T.);
#11054 = FACE_BOUND('',#11055,.F.);
#11055 = EDGE_LOOP('',(#11056,#11077,#11078,#11079));
#11056 = ORIENTED_EDGE('',*,*,#11057,.F.);
#11057 = EDGE_CURVE('',#10324,#10653,#11058,.T.);
#11058 = SURFACE_CURVE('',#11059,(#11063,#11070),.PCURVE_S1.);
#11059 = LINE('',#11060,#11061);
#11060 = CARTESIAN_POINT('',(-9.7,20.01,-7.5));
#11061 = VECTOR('',#11062,1.);
#11062 = DIRECTION('',(0.,1.,0.));
#11063 = PCURVE('',#10366,#11064);
#11064 = DEFINITIONAL_REPRESENTATION('',(#11065),#11069);
#11065 = LINE('',#11066,#11067);
#11066 = CARTESIAN_POINT('',(-0.,0.));
#11067 = VECTOR('',#11068,1.);
#11068 = DIRECTION('',(-0.,1.));
#11069 = ( GEOMETRIC_REPRESENTATION_CONTEXT(2) 
PARAMETRIC_REPRESENTATION_CONTEXT() REPRESENTATION_CONTEXT('2D SPACE',''
  ) );
#11070 = PCURVE('',#10338,#11071);
#11071 = DEFINITIONAL_REPRESENTATION('',(#11072),#11076);
#11072 = LINE('',#11073,#11074);
#11073 = CARTESIAN_POINT('',(2.2,0.));
#11074 = VECTOR('',#11075,1.);
#11075 = DIRECTION('',(0.,-1.));
#11076 = ( GEOMETRIC_REPRESENTATION_CONTEXT(2) 
PARAMETRIC_REPRESENTATION_CONTEXT() REPRESENTATION_CONTEXT('2D SPACE',''
  ) );
#11077 = ORIENTED_EDGE('',*,*,#10349,.F.);
#11078 = ORIENTED_EDGE('',*,*,#11031,.T.);
#11079 = ORIENTED_EDGE('',*,*,#10808,.T.);
#11080 = ADVANCED_FACE('',(#11081),#10338,.F.);
#11081 = FACE_BOUND('',#11082,.F.);
#11082 = EDGE_LOOP('',(#11083,#11084,#11085,#11086));
#11083 = ORIENTED_EDGE('',*,*,#10875,.F.);
#11084 = ORIENTED_EDGE('',*,*,#10323,.T.);
#11085 = ORIENTED_EDGE('',*,*,#11057,.T.);
#11086 = ORIENTED_EDGE('',*,*,#10650,.F.);
#11087 = ( GEOMETRIC_REPRESENTATION_CONTEXT(3) 
GLOBAL_UNCERTAINTY_ASSIGNED_CONTEXT((#11091)) 
GLOBAL_UNIT_ASSIGNED_CONTEXT((#11088,#11089,#11090)) 
REPRESENTATION_CONTEXT('Context #1',
  '3D Context with UNIT and UNCERTAINTY') );
#11088 = ( LENGTH_UNIT() NAMED_UNIT(*) SI_UNIT(.MILLI.,.METRE.) );
#11089 = ( NAMED_UNIT(*) PLANE_ANGLE_UNIT() SI_UNIT($,.RADIAN.) );
#11090 = ( NAMED_UNIT(*) SI_UNIT($,.STERADIAN.) SOLID_ANGLE_UNIT() );
#11091 = UNCERTAINTY_MEASURE_WITH_UNIT(LENGTH_MEASURE(1.E-07),#11088,
  'distance_accuracy_value','confusion accuracy');
#11092 = PRODUCT_RELATED_PRODUCT_CATEGORY('part',$,(#7));
ENDSEC;
END-ISO-10303-21;
