ISO-10303-21;
HEADER;
FILE_DESCRIPTION(('Open CASCADE Model'),'2;1');
FILE_NAME('Open CASCADE Shape Model','2026-09-23T18:03:21',('Author'),(
    'Open CASCADE'),'Open CASCADE STEP processor 7.9','Open CASCADE 7.9'
  ,'Unknown');
FILE_SCHEMA(('AUTOMOTIVE_DESIGN { 1 0 10303 214 1 1 1 1 }'));
ENDSEC;
DATA;
#1 = APPLICATION_PROTOCOL_DEFINITION('international standard',
  'automotive_design',2000,#2);
#2 = APPLICATION_CONTEXT(
  'core data for automotive mechanical design processes');
#3 = SHAPE_DEFINITION_REPRESENTATION(#4,#10);
#4 = PRODUCT_DEFINITION_SHAPE('','',#5);
#5 = PRODUCT_DEFINITION('design','',#6,#9);
#6 = PRODUCT_DEFINITION_FORMATION('','',#7);
#7 = PRODUCT('Open CASCADE STEP translator 7.9 1',
  'Open CASCADE STEP translator 7.9 1','',(#8));
#8 = PRODUCT_CONTEXT('',#2,'mechanical');
#9 = PRODUCT_DEFINITION_CONTEXT('part definition',#2,'design');
#10 = ADVANCED_BREP_SHAPE_REPRESENTATION('',(#11,#15),#12632);
#11 = AXIS2_PLACEMENT_3D('',#12,#13,#14);
#12 = CARTESIAN_POINT('',(0.,0.,0.));
#13 = DIRECTION('',(0.,0.,1.));
#14 = DIRECTION('',(1.,0.,-0.));
#15 = MANIFOLD_SOLID_BREP('',#16);
#16 = CLOSED_SHELL('',(#17,#135,#397,#477,#681,#728,#785,#1081,#1158,
    #1213,#1267,#1387,#1419,#3647,#4119,#4168,#4630,#4679,#5308,#5335,
    #5360,#5584,#5661,#5716,#5770,#5863,#5929,#5985,#6039,#6072,#6144,
    #6196,#6243,#6295,#6372,#6485,#6511,#6559,#6613,#6661,#6715,#6774,
    #6861,#6908,#6984,#7034,#7084,#7111,#7187,#7237,#7287,#7314,#7390,
    #7440,#7490,#7517,#7593,#7643,#7693,#7720,#7794,#7844,#7893,#7942,
    #7992,#8042,#8069,#8145,#8195,#8245,#8272,#8348,#8398,#8448,#8475,
    #8551,#8601,#8651,#8678,#8725,#8752,#8777,#8804,#8831,#8858,#8958,
    #8985,#9088,#9115,#9162,#9189,#9234,#9259,#9306,#9313,#9363,#9410,
    #9503,#9553,#9600,#9647,#9692,#9742,#9789,#9836,#9864,#9940,#9990,
    #10040,#10067,#10092,#10139,#10187,#10234,#10282,#10309,#10336,
    #10363,#10590,#10617,#10644,#10671,#10898,#10905,#10932,#10959,
    #11169,#11196,#11258,#11285,#11312,#11319,#11369,#11553,#11580,
    #11635,#11667,#11724,#11791,#11843,#11890,#11922,#11974,#12021,
    #12053,#12064,#12116,#12174,#12181,#12208,#12215,#12222,#12229,
    #12236,#12243,#12253,#12260,#12267,#12274,#12301,#12369,#12376,
    #12383,#12387,#12391,#12395,#12399,#12426,#12453,#12480,#12507,
    #12514,#12541,#12566,#12573,#12628));
#17 = ADVANCED_FACE('',(#18),#32,.F.);
#18 = FACE_BOUND('',#19,.F.);
#19 = EDGE_LOOP('',(#20,#55,#83,#109));
#20 = ORIENTED_EDGE('',*,*,#21,.T.);
#21 = EDGE_CURVE('',#22,#24,#26,.T.);
#22 = VERTEX_POINT('',#23);
#23 = CARTESIAN_POINT('',(-14.25,-0.8,-9.));
#24 = VERTEX_POINT('',#25);
#25 = CARTESIAN_POINT('',(-14.25,8.2,-9.));
#26 = SURFACE_CURVE('',#27,(#31,#43),.PCURVE_S1.);
#27 = LINE('',#28,#29);
#28 = CARTESIAN_POINT('',(-14.25,-1.8,-9.));
#29 = VECTOR('',#30,1.);
#30 = DIRECTION('',(0.,1.,0.));
#31 = PCURVE('',#32,#37);
#32 = PLANE('',#33);
#33 = AXIS2_PLACEMENT_3D('',#34,#35,#36);
#34 = CARTESIAN_POINT('',(-14.25,-1.8,-14.25));
#35 = DIRECTION('',(1.,0.,0.));
#36 = DIRECTION('',(0.,0.,1.));
#37 = DEFINITIONAL_REPRESENTATION('',(#38),#42);
#38 = LINE('',#39,#40);
#39 = CARTESIAN_POINT('',(5.25,0.));
#40 = VECTOR('',#41,1.);
#41 = DIRECTION('',(0.,-1.));
#42 = ( GEOMETRIC_REPRESENTATION_CONTEXT(2) 
PARAMETRIC_REPRESENTATION_CONTEXT() REPRESENTATION_CONTEXT('2D SPACE',''
  ) );
#43 = PCURVE('',#44,#49);
#44 = CYLINDRICAL_SURFACE('',#45,5.25);
#45 = AXIS2_PLACEMENT_3D('',#46,#47,#48);
#46 = CARTESIAN_POINT('',(-9.,-1.8,-9.));
#47 = DIRECTION('',(0.,1.,0.));
#48 = DIRECTION('',(-1.,0.,0.));
#49 = DEFINITIONAL_REPRESENTATION('',(#50),#54);
#50 = LINE('',#51,#52);
#51 = CARTESIAN_POINT('',(-0.,0.));
#52 = VECTOR('',#53,1.);
#53 = DIRECTION('',(-0.,1.));
#54 = ( GEOMETRIC_REPRESENTATION_CONTEXT(2) 
PARAMETRIC_REPRESENTATION_CONTEXT() REPRESENTATION_CONTEXT('2D SPACE',''
  ) );
#55 = ORIENTED_EDGE('',*,*,#56,.F.);
#56 = EDGE_CURVE('',#57,#24,#59,.T.);
#57 = VERTEX_POINT('',#58);
#58 = CARTESIAN_POINT('',(-14.25,8.2,-7.5));
#59 = SURFACE_CURVE('',#60,(#64,#71),.PCURVE_S1.);
#60 = LINE('',#61,#62);
#61 = CARTESIAN_POINT('',(-14.25,8.2,9.));
#62 = VECTOR('',#63,1.);
#63 = DIRECTION('',(-0.,-0.,-1.));
#64 = PCURVE('',#32,#65);
#65 = DEFINITIONAL_REPRESENTATION('',(#66),#70);
#66 = LINE('',#67,#68);
#67 = CARTESIAN_POINT('',(23.25,-10.));
#68 = VECTOR('',#69,1.);
#69 = DIRECTION('',(-1.,0.));
#70 = ( GEOMETRIC_REPRESENTATION_CONTEXT(2) 
PARAMETRIC_REPRESENTATION_CONTEXT() REPRESENTATION_CONTEXT('2D SPACE',''
  ) );
#71 = PCURVE('',#72,#77);
#72 = PLANE('',#73);
#73 = AXIS2_PLACEMENT_3D('',#74,#75,#76);
#74 = CARTESIAN_POINT('',(-14.1,8.35,9.));
#75 = DIRECTION('',(0.707106781187,-0.707106781187,0.));
#76 = DIRECTION('',(-0.,0.,1.));
#77 = DEFINITIONAL_REPRESENTATION('',(#78),#82);
#78 = LINE('',#79,#80);
#79 = CARTESIAN_POINT('',(-0.,0.212132034356));
#80 = VECTOR('',#81,1.);
#81 = DIRECTION('',(-1.,0.));
#82 = ( GEOMETRIC_REPRESENTATION_CONTEXT(2) 
PARAMETRIC_REPRESENTATION_CONTEXT() REPRESENTATION_CONTEXT('2D SPACE',''
  ) );
#83 = ORIENTED_EDGE('',*,*,#84,.T.);
#84 = EDGE_CURVE('',#57,#85,#87,.T.);
#85 = VERTEX_POINT('',#86);
#86 = CARTESIAN_POINT('',(-14.25,-0.8,-7.5));
#87 = SURFACE_CURVE('',#88,(#92,#98),.PCURVE_S1.);
#88 = LINE('',#89,#90);
#89 = CARTESIAN_POINT('',(-14.25,-2.8,-7.5));
#90 = VECTOR('',#91,1.);
#91 = DIRECTION('',(0.,-1.,0.));
#92 = PCURVE('',#32,#93);
#93 = DEFINITIONAL_REPRESENTATION('',(#94),#97);
#94 = B_SPLINE_CURVE_WITH_KNOTS('',1,(#95,#96),.UNSPECIFIED.,.F.,.F.,(2,
    2),(-11.,-2.),.PIECEWISE_BEZIER_KNOTS.);
#95 = CARTESIAN_POINT('',(6.75,-10.));
#96 = CARTESIAN_POINT('',(6.75,-1.));
#97 = ( GEOMETRIC_REPRESENTATION_CONTEXT(2) 
PARAMETRIC_REPRESENTATION_CONTEXT() REPRESENTATION_CONTEXT('2D SPACE',''
  ) );
#98 = PCURVE('',#99,#104);
#99 = PLANE('',#100);
#100 = AXIS2_PLACEMENT_3D('',#101,#102,#103);
#101 = CARTESIAN_POINT('',(-16.25,-3.8,-7.5));
#102 = DIRECTION('',(0.,0.,1.));
#103 = DIRECTION('',(1.,0.,0.));
#104 = DEFINITIONAL_REPRESENTATION('',(#105),#108);
#105 = B_SPLINE_CURVE_WITH_KNOTS('',1,(#106,#107),.UNSPECIFIED.,.F.,.F.,
  (2,2),(-11.,-2.),.PIECEWISE_BEZIER_KNOTS.);
#106 = CARTESIAN_POINT('',(2.,12.));
#107 = CARTESIAN_POINT('',(2.,3.));
#108 = ( GEOMETRIC_REPRESENTATION_CONTEXT(2) 
PARAMETRIC_REPRESENTATION_CONTEXT() REPRESENTATION_CONTEXT('2D SPACE',''
  ) );
#109 = ORIENTED_EDGE('',*,*,#110,.T.);
#110 = EDGE_CURVE('',#85,#22,#111,.T.);
#111 = SURFACE_CURVE('',#112,(#116,#123),.PCURVE_S1.);
#112 = LINE('',#113,#114);
#113 = CARTESIAN_POINT('',(-14.25,-0.8,9.));
#114 = VECTOR('',#115,1.);
#115 = DIRECTION('',(-0.,-0.,-1.));
#116 = PCURVE('',#32,#117);
#117 = DEFINITIONAL_REPRESENTATION('',(#118),#122);
#118 = LINE('',#119,#120);
#119 = CARTESIAN_POINT('',(23.25,-1.));
#120 = VECTOR('',#121,1.);
#121 = DIRECTION('',(-1.,0.));
#122 = ( GEOMETRIC_REPRESENTATION_CONTEXT(2) 
PARAMETRIC_REPRESENTATION_CONTEXT() REPRESENTATION_CONTEXT('2D SPACE',''
  ) );
#123 = PCURVE('',#124,#129);
#124 = CYLINDRICAL_SURFACE('',#125,1.);
#125 = AXIS2_PLACEMENT_3D('',#126,#127,#128);
#126 = CARTESIAN_POINT('',(-13.25,-0.8,9.));
#127 = DIRECTION('',(-0.,-0.,-1.));
#128 = DIRECTION('',(0.,-1.,0.));
#129 = DEFINITIONAL_REPRESENTATION('',(#130),#134);
#130 = LINE('',#131,#132);
#131 = CARTESIAN_POINT('',(1.570796326795,0.));
#132 = VECTOR('',#133,1.);
#133 = DIRECTION('',(0.,1.));
#134 = ( GEOMETRIC_REPRESENTATION_CONTEXT(2) 
PARAMETRIC_REPRESENTATION_CONTEXT() REPRESENTATION_CONTEXT('2D SPACE',''
  ) );
#135 = ADVANCED_FACE('',(#136),#44,.T.);
#136 = FACE_BOUND('',#137,.F.);
#137 = EDGE_LOOP('',(#138,#167,#168,#197,#237,#263,#342,#371));
#138 = ORIENTED_EDGE('',*,*,#139,.F.);
#139 = EDGE_CURVE('',#24,#140,#142,.T.);
#140 = VERTEX_POINT('',#141);
#141 = CARTESIAN_POINT('',(-9.,8.2,-14.25));
#142 = SURFACE_CURVE('',#143,(#148,#155),.PCURVE_S1.);
#143 = CIRCLE('',#144,5.25);
#144 = AXIS2_PLACEMENT_3D('',#145,#146,#147);
#145 = CARTESIAN_POINT('',(-9.,8.2,-9.));
#146 = DIRECTION('',(-0.,-1.,-0.));
#147 = DIRECTION('',(-1.,0.,0.));
#148 = PCURVE('',#44,#149);
#149 = DEFINITIONAL_REPRESENTATION('',(#150),#154);
#150 = LINE('',#151,#152);
#151 = CARTESIAN_POINT('',(-0.,10.));
#152 = VECTOR('',#153,1.);
#153 = DIRECTION('',(-1.,0.));
#154 = ( GEOMETRIC_REPRESENTATION_CONTEXT(2) 
PARAMETRIC_REPRESENTATION_CONTEXT() REPRESENTATION_CONTEXT('2D SPACE',''
  ) );
#155 = PCURVE('',#156,#161);
#156 = CONICAL_SURFACE('',#157,5.25,0.785398163397);
#157 = AXIS2_PLACEMENT_3D('',#158,#159,#160);
#158 = CARTESIAN_POINT('',(-9.,8.2,-9.));
#159 = DIRECTION('',(-0.,-1.,-0.));
#160 = DIRECTION('',(-1.,0.,0.));
#161 = DEFINITIONAL_REPRESENTATION('',(#162),#166);
#162 = LINE('',#163,#164);
#163 = CARTESIAN_POINT('',(0.,0.));
#164 = VECTOR('',#165,1.);
#165 = DIRECTION('',(1.,0.));
#166 = ( GEOMETRIC_REPRESENTATION_CONTEXT(2) 
PARAMETRIC_REPRESENTATION_CONTEXT() REPRESENTATION_CONTEXT('2D SPACE',''
  ) );
#167 = ORIENTED_EDGE('',*,*,#21,.F.);
#168 = ORIENTED_EDGE('',*,*,#169,.T.);
#169 = EDGE_CURVE('',#22,#170,#172,.T.);
#170 = VERTEX_POINT('',#171);
#171 = CARTESIAN_POINT('',(-12.16421356237,-0.8,-13.1893021533));
#172 = SURFACE_CURVE('',#173,(#178,#185),.PCURVE_S1.);
#173 = CIRCLE('',#174,5.25);
#174 = AXIS2_PLACEMENT_3D('',#175,#176,#177);
#175 = CARTESIAN_POINT('',(-9.,-0.8,-9.));
#176 = DIRECTION('',(-0.,-1.,-0.));
#177 = DIRECTION('',(-1.,0.,0.));
#178 = PCURVE('',#44,#179);
#179 = DEFINITIONAL_REPRESENTATION('',(#180),#184);
#180 = LINE('',#181,#182);
#181 = CARTESIAN_POINT('',(-0.,1.));
#182 = VECTOR('',#183,1.);
#183 = DIRECTION('',(-1.,0.));
#184 = ( GEOMETRIC_REPRESENTATION_CONTEXT(2) 
PARAMETRIC_REPRESENTATION_CONTEXT() REPRESENTATION_CONTEXT('2D SPACE',''
  ) );
#185 = PCURVE('',#186,#191);
#186 = TOROIDAL_SURFACE('',#187,4.25,1.);
#187 = AXIS2_PLACEMENT_3D('',#188,#189,#190);
#188 = CARTESIAN_POINT('',(-9.,-0.8,-9.));
#189 = DIRECTION('',(0.,1.,0.));
#190 = DIRECTION('',(-1.,0.,0.));
#191 = DEFINITIONAL_REPRESENTATION('',(#192),#196);
#192 = LINE('',#193,#194);
#193 = CARTESIAN_POINT('',(-0.,6.28318530718));
#194 = VECTOR('',#195,1.);
#195 = DIRECTION('',(-1.,0.));
#196 = ( GEOMETRIC_REPRESENTATION_CONTEXT(2) 
PARAMETRIC_REPRESENTATION_CONTEXT() REPRESENTATION_CONTEXT('2D SPACE',''
  ) );
#197 = ORIENTED_EDGE('',*,*,#198,.F.);
#198 = EDGE_CURVE('',#199,#170,#201,.T.);
#199 = VERTEX_POINT('',#200);
#200 = CARTESIAN_POINT('',(-12.25,-0.3,-13.12310562561));
#201 = SURFACE_CURVE('',#202,(#210,#221),.PCURVE_S1.);
#202 = B_SPLINE_CURVE_WITH_KNOTS('',6,(#203,#204,#205,#206,#207,#208,
    #209),.UNSPECIFIED.,.F.,.F.,(7,7),(0.,1.),.PIECEWISE_BEZIER_KNOTS.);
#203 = CARTESIAN_POINT('',(-12.25,-0.3,-13.12310562561));
#204 = CARTESIAN_POINT('',(-12.25,-0.385146243262,-13.12310562561));
#205 = CARTESIAN_POINT('',(-12.24420011801,-0.470228254451,
    -13.12767732268));
#206 = CARTESIAN_POINT('',(-12.2326166023,-0.554754299435,
    -13.13680795213));
#207 = CARTESIAN_POINT('',(-12.21532144754,-0.638229382022,
    -13.15034141946));
#208 = CARTESIAN_POINT('',(-12.19244507203,-0.720149340095,
    -13.16797866956));
#209 = CARTESIAN_POINT('',(-12.16421335024,-0.8000006,-13.18930231353));
#210 = PCURVE('',#44,#211);
#211 = DEFINITIONAL_REPRESENTATION('',(#212),#220);
#212 = B_SPLINE_CURVE_WITH_KNOTS('',6,(#213,#214,#215,#216,#217,#218,
    #219),.UNSPECIFIED.,.F.,.F.,(7,7),(0.,1.),.PIECEWISE_BEZIER_KNOTS.);
#213 = CARTESIAN_POINT('',(-0.903266882159,1.5));
#214 = CARTESIAN_POINT('',(-0.903266882159,1.414853756738));
#215 = CARTESIAN_POINT('',(-0.904673557478,1.329771745549));
#216 = CARTESIAN_POINT('',(-0.907482985227,1.245245700565));
#217 = CARTESIAN_POINT('',(-0.911665948168,1.161770617978));
#218 = CARTESIAN_POINT('',(-0.917167771708,1.079850659905));
#219 = CARTESIAN_POINT('',(-0.923906774932,0.9999994));
#220 = ( GEOMETRIC_REPRESENTATION_CONTEXT(2) 
PARAMETRIC_REPRESENTATION_CONTEXT() REPRESENTATION_CONTEXT('2D SPACE',''
  ) );
#221 = PCURVE('',#222,#227);
#222 = CYLINDRICAL_SURFACE('',#223,1.5);
#223 = AXIS2_PLACEMENT_3D('',#224,#225,#226);
#224 = CARTESIAN_POINT('',(-10.75,-0.3,-19.75));
#225 = DIRECTION('',(0.,0.,1.));
#226 = DIRECTION('',(-1.,-0.,0.));
#227 = DEFINITIONAL_REPRESENTATION('',(#228),#236);
#228 = B_SPLINE_CURVE_WITH_KNOTS('',6,(#229,#230,#231,#232,#233,#234,
    #235),.UNSPECIFIED.,.F.,.F.,(7,7),(0.,1.),.PIECEWISE_BEZIER_KNOTS.);
#229 = CARTESIAN_POINT('',(0.,6.626894374382));
#230 = CARTESIAN_POINT('',(5.67641621744E-02,6.626894374382));
#231 = CARTESIAN_POINT('',(0.113485473792,6.62232267732));
#232 = CARTESIAN_POINT('',(0.170165536723,6.613192047863));
#233 = CARTESIAN_POINT('',(0.226800428485,6.599658580539));
#234 = CARTESIAN_POINT('',(0.283373957884,6.582021330436));
#235 = CARTESIAN_POINT('',(0.339837333718,6.560697686469));
#236 = ( GEOMETRIC_REPRESENTATION_CONTEXT(2) 
PARAMETRIC_REPRESENTATION_CONTEXT() REPRESENTATION_CONTEXT('2D SPACE',''
  ) );
#237 = ORIENTED_EDGE('',*,*,#238,.T.);
#238 = EDGE_CURVE('',#199,#239,#241,.T.);
#239 = VERTEX_POINT('',#240);
#240 = CARTESIAN_POINT('',(-12.25,5.2,-13.12310562561));
#241 = SURFACE_CURVE('',#242,(#246,#252),.PCURVE_S1.);
#242 = LINE('',#243,#244);
#243 = CARTESIAN_POINT('',(-12.25,-1.8,-13.12310562561));
#244 = VECTOR('',#245,1.);
#245 = DIRECTION('',(0.,1.,0.));
#246 = PCURVE('',#44,#247);
#247 = DEFINITIONAL_REPRESENTATION('',(#248),#251);
#248 = B_SPLINE_CURVE_WITH_KNOTS('',1,(#249,#250),.UNSPECIFIED.,.F.,.F.,
  (2,2),(0.9999994,7.55),.PIECEWISE_BEZIER_KNOTS.);
#249 = CARTESIAN_POINT('',(-0.903266882159,0.9999994));
#250 = CARTESIAN_POINT('',(-0.903266882159,7.55));
#251 = ( GEOMETRIC_REPRESENTATION_CONTEXT(2) 
PARAMETRIC_REPRESENTATION_CONTEXT() REPRESENTATION_CONTEXT('2D SPACE',''
  ) );
#252 = PCURVE('',#253,#258);
#253 = PLANE('',#254);
#254 = AXIS2_PLACEMENT_3D('',#255,#256,#257);
#255 = CARTESIAN_POINT('',(-12.25,-1.8,-19.75));
#256 = DIRECTION('',(1.,0.,0.));
#257 = DIRECTION('',(0.,0.,1.));
#258 = DEFINITIONAL_REPRESENTATION('',(#259),#262);
#259 = B_SPLINE_CURVE_WITH_KNOTS('',1,(#260,#261),.UNSPECIFIED.,.F.,.F.,
  (2,2),(0.9999994,7.55),.PIECEWISE_BEZIER_KNOTS.);
#260 = CARTESIAN_POINT('',(6.626894374382,-0.9999994));
#261 = CARTESIAN_POINT('',(6.626894374382,-7.55));
#262 = ( GEOMETRIC_REPRESENTATION_CONTEXT(2) 
PARAMETRIC_REPRESENTATION_CONTEXT() REPRESENTATION_CONTEXT('2D SPACE',''
  ) );
#263 = ORIENTED_EDGE('',*,*,#264,.T.);
#264 = EDGE_CURVE('',#239,#265,#267,.T.);
#265 = VERTEX_POINT('',#266);
#266 = CARTESIAN_POINT('',(-10.75,6.7,-13.9497474683));
#267 = SURFACE_CURVE('',#268,(#289,#313),.PCURVE_S1.);
#268 = B_SPLINE_CURVE_WITH_KNOTS('',7,(#269,#270,#271,#272,#273,#274,
    #275,#276,#277,#278,#279,#280,#281,#282,#283,#284,#285,#286,#287,
    #288),.UNSPECIFIED.,.F.,.F.,(8,6,6,8),(0.,0.460020204438,
    0.70375995404,1.),.UNSPECIFIED.);
#269 = CARTESIAN_POINT('',(-12.25,5.2,-13.12310562561));
#270 = CARTESIAN_POINT('',(-12.25,5.349073430204,-13.12310562561));
#271 = CARTESIAN_POINT('',(-12.23271547137,5.49702240622,-13.13673014023
    ));
#272 = CARTESIAN_POINT('',(-12.1986162129,5.642073549525,-13.1636077728)
  );
#273 = CARTESIAN_POINT('',(-12.1481435843,5.782479012104,-13.20265457734
    ));
#274 = CARTESIAN_POINT('',(-12.08183160087,5.916331068285,
    -13.25206998281));
#275 = CARTESIAN_POINT('',(-12.00055885671,6.04155577553,-13.3095358814)
  );
#276 = CARTESIAN_POINT('',(-11.85554631944,6.216845821287,
    -13.40590417371));
#277 = CARTESIAN_POINT('',(-11.80134522094,6.274788562854,
    -13.44095320978));
#278 = CARTESIAN_POINT('',(-11.74322478101,6.329754626468,
    -13.47739145114));
#279 = CARTESIAN_POINT('',(-11.68123474855,6.381503619749,-13.5149328157
    ));
#280 = CARTESIAN_POINT('',(-11.61542654606,6.429758526942,
    -13.55328808022));
#281 = CARTESIAN_POINT('',(-11.54586340666,6.474199895065,
    -13.59216412007));
#282 = CARTESIAN_POINT('',(-11.38362362422,6.56339197023,-13.67878390894
    ));
#283 = CARTESIAN_POINT('',(-11.28880937818,6.606359746852,
    -13.72684064569));
#284 = CARTESIAN_POINT('',(-11.18870282397,6.642362131049,
    -13.77466653762));
#285 = CARTESIAN_POINT('',(-11.08394757272,6.670496767634,
    -13.82150409776));
#286 = CARTESIAN_POINT('',(-10.97530858287,6.689951580611,
    -13.86666301504));
#287 = CARTESIAN_POINT('',(-10.86366456435,6.7,-13.90956097618));
#288 = CARTESIAN_POINT('',(-10.75,6.7,-13.9497474683));
#289 = PCURVE('',#44,#290);
#290 = DEFINITIONAL_REPRESENTATION('',(#291),#312);
#291 = B_SPLINE_CURVE_WITH_KNOTS('',7,(#292,#293,#294,#295,#296,#297,
    #298,#299,#300,#301,#302,#303,#304,#305,#306,#307,#308,#309,#310,
    #311),.UNSPECIFIED.,.F.,.F.,(8,6,6,8),(0.,0.460020204438,
    0.70375995404,1.),.UNSPECIFIED.);
#292 = CARTESIAN_POINT('',(-0.903266882159,7.));
#293 = CARTESIAN_POINT('',(-0.903266882159,7.149073430204));
#294 = CARTESIAN_POINT('',(-0.907459020464,7.29702240622));
#295 = CARTESIAN_POINT('',(-0.915729168369,7.442073549525));
#296 = CARTESIAN_POINT('',(-0.927883728679,7.582479012104));
#297 = CARTESIAN_POINT('',(-0.943629756622,7.716331068285));
#298 = CARTESIAN_POINT('',(-0.96258122794,7.84155577553));
#299 = CARTESIAN_POINT('',(-0.995745689277,8.016845821287));
#300 = CARTESIAN_POINT('',(-1.008039224972,8.074788562854));
#301 = CARTESIAN_POINT('',(-1.021103426235,8.129754626468));
#302 = CARTESIAN_POINT('',(-1.034904331504,8.181503619749));
#303 = CARTESIAN_POINT('',(-1.049409261525,8.229758526942));
#304 = CARTESIAN_POINT('',(-1.064585350369,8.274199895065));
#305 = CARTESIAN_POINT('',(-1.099616782878,8.36339197023));
#306 = CARTESIAN_POINT('',(-1.119859377086,8.406359746852));
#307 = CARTESIAN_POINT('',(-1.14098207539,8.442362131049));
#308 = CARTESIAN_POINT('',(-1.162826028815,8.470496767634));
#309 = CARTESIAN_POINT('',(-1.185222686693,8.489951580611));
#310 = CARTESIAN_POINT('',(-1.20799570756,8.5));
#311 = CARTESIAN_POINT('',(-1.230959417341,8.5));
#312 = ( GEOMETRIC_REPRESENTATION_CONTEXT(2) 
PARAMETRIC_REPRESENTATION_CONTEXT() REPRESENTATION_CONTEXT('2D SPACE',''
  ) );
#313 = PCURVE('',#314,#319);
#314 = CYLINDRICAL_SURFACE('',#315,1.5);
#315 = AXIS2_PLACEMENT_3D('',#316,#317,#318);
#316 = CARTESIAN_POINT('',(-10.75,5.2,-19.75));
#317 = DIRECTION('',(0.,0.,1.));
#318 = DIRECTION('',(-1.,-0.,0.));
#319 = DEFINITIONAL_REPRESENTATION('',(#320),#341);
#320 = B_SPLINE_CURVE_WITH_KNOTS('',7,(#321,#322,#323,#324,#325,#326,
    #327,#328,#329,#330,#331,#332,#333,#334,#335,#336,#337,#338,#339,
    #340),.UNSPECIFIED.,.F.,.F.,(8,6,6,8),(0.,0.460020204438,
    0.70375995404,1.),.UNSPECIFIED.);
#321 = CARTESIAN_POINT('',(0.,6.626894374382));
#322 = CARTESIAN_POINT('',(-9.938228680247E-02,6.626894374382));
#323 = CARTESIAN_POINT('',(-0.198014979282,6.613269859761));
#324 = CARTESIAN_POINT('',(-0.296318786848,6.586392227193));
#325 = CARTESIAN_POINT('',(-0.394623836734,6.547345422653));
#326 = CARTESIAN_POINT('',(-0.493151182327,6.49793001719));
#327 = CARTESIAN_POINT('',(-0.592012819603,6.440464118598));
#328 = CARTESIAN_POINT('',(-0.743678000703,6.344095826284));
#329 = CARTESIAN_POINT('',(-0.79647438632,6.309046790219));
#330 = CARTESIAN_POINT('',(-0.84964423428,6.272608548858));
#331 = CARTESIAN_POINT('',(-0.903290189317,6.235067184294));
#332 = CARTESIAN_POINT('',(-0.957515756385,6.196711919775));
#333 = CARTESIAN_POINT('',(-1.012428209771,6.15783587993));
#334 = CARTESIAN_POINT('',(-1.135855153124,6.071216091058));
#335 = CARTESIAN_POINT('',(-1.205046009917,6.023159354308));
#336 = CARTESIAN_POINT('',(-1.275598595163,5.975333462378));
#337 = CARTESIAN_POINT('',(-1.347453959067,5.928495902236));
#338 = CARTESIAN_POINT('',(-1.420590604875,5.883336984957));
#339 = CARTESIAN_POINT('',(-1.49501995056,5.840439023811));
#340 = CARTESIAN_POINT('',(-1.570796326795,5.800252531694));
#341 = ( GEOMETRIC_REPRESENTATION_CONTEXT(2) 
PARAMETRIC_REPRESENTATION_CONTEXT() REPRESENTATION_CONTEXT('2D SPACE',''
  ) );
#342 = ORIENTED_EDGE('',*,*,#343,.F.);
#343 = EDGE_CURVE('',#344,#265,#346,.T.);
#344 = VERTEX_POINT('',#345);
#345 = CARTESIAN_POINT('',(-9.,6.7,-14.25));
#346 = SURFACE_CURVE('',#347,(#352,#359),.PCURVE_S1.);
#347 = CIRCLE('',#348,5.25);
#348 = AXIS2_PLACEMENT_3D('',#349,#350,#351);
#349 = CARTESIAN_POINT('',(-9.,6.7,-9.));
#350 = DIRECTION('',(0.,1.,0.));
#351 = DIRECTION('',(-1.,0.,0.));
#352 = PCURVE('',#44,#353);
#353 = DEFINITIONAL_REPRESENTATION('',(#354),#358);
#354 = LINE('',#355,#356);
#355 = CARTESIAN_POINT('',(-6.28318530718,8.5));
#356 = VECTOR('',#357,1.);
#357 = DIRECTION('',(1.,-0.));
#358 = ( GEOMETRIC_REPRESENTATION_CONTEXT(2) 
PARAMETRIC_REPRESENTATION_CONTEXT() REPRESENTATION_CONTEXT('2D SPACE',''
  ) );
#359 = PCURVE('',#360,#365);
#360 = PLANE('',#361);
#361 = AXIS2_PLACEMENT_3D('',#362,#363,#364);
#362 = CARTESIAN_POINT('',(-12.25,6.7,-19.75));
#363 = DIRECTION('',(0.,1.,0.));
#364 = DIRECTION('',(0.,0.,1.));
#365 = DEFINITIONAL_REPRESENTATION('',(#366),#370);
#366 = CIRCLE('',#367,5.25);
#367 = AXIS2_PLACEMENT_2D('',#368,#369);
#368 = CARTESIAN_POINT('',(10.75,3.25));
#369 = DIRECTION('',(0.,-1.));
#370 = ( GEOMETRIC_REPRESENTATION_CONTEXT(2) 
PARAMETRIC_REPRESENTATION_CONTEXT() REPRESENTATION_CONTEXT('2D SPACE',''
  ) );
#371 = ORIENTED_EDGE('',*,*,#372,.T.);
#372 = EDGE_CURVE('',#344,#140,#373,.T.);
#373 = SURFACE_CURVE('',#374,(#378,#385),.PCURVE_S1.);
#374 = LINE('',#375,#376);
#375 = CARTESIAN_POINT('',(-9.,-1.8,-14.25));
#376 = VECTOR('',#377,1.);
#377 = DIRECTION('',(0.,1.,0.));
#378 = PCURVE('',#44,#379);
#379 = DEFINITIONAL_REPRESENTATION('',(#380),#384);
#380 = LINE('',#381,#382);
#381 = CARTESIAN_POINT('',(-1.570796326795,0.));
#382 = VECTOR('',#383,1.);
#383 = DIRECTION('',(-0.,1.));
#384 = ( GEOMETRIC_REPRESENTATION_CONTEXT(2) 
PARAMETRIC_REPRESENTATION_CONTEXT() REPRESENTATION_CONTEXT('2D SPACE',''
  ) );
#385 = PCURVE('',#386,#391);
#386 = PLANE('',#387);
#387 = AXIS2_PLACEMENT_3D('',#388,#389,#390);
#388 = CARTESIAN_POINT('',(-14.25,-1.8,-14.25));
#389 = DIRECTION('',(0.,0.,1.));
#390 = DIRECTION('',(1.,0.,0.));
#391 = DEFINITIONAL_REPRESENTATION('',(#392),#396);
#392 = LINE('',#393,#394);
#393 = CARTESIAN_POINT('',(5.25,0.));
#394 = VECTOR('',#395,1.);
#395 = DIRECTION('',(0.,1.));
#396 = ( GEOMETRIC_REPRESENTATION_CONTEXT(2) 
PARAMETRIC_REPRESENTATION_CONTEXT() REPRESENTATION_CONTEXT('2D SPACE',''
  ) );
#397 = ADVANCED_FACE('',(#398),#124,.T.);
#398 = FACE_BOUND('',#399,.T.);
#399 = EDGE_LOOP('',(#400,#430,#456,#457));
#400 = ORIENTED_EDGE('',*,*,#401,.F.);
#401 = EDGE_CURVE('',#402,#404,#406,.T.);
#402 = VERTEX_POINT('',#403);
#403 = CARTESIAN_POINT('',(-13.25,-1.8,-7.5));
#404 = VERTEX_POINT('',#405);
#405 = CARTESIAN_POINT('',(-13.25,-1.8,-9.));
#406 = SURFACE_CURVE('',#407,(#411,#418),.PCURVE_S1.);
#407 = LINE('',#408,#409);
#408 = CARTESIAN_POINT('',(-13.25,-1.8,9.));
#409 = VECTOR('',#410,1.);
#410 = DIRECTION('',(-0.,-0.,-1.));
#411 = PCURVE('',#124,#412);
#412 = DEFINITIONAL_REPRESENTATION('',(#413),#417);
#413 = LINE('',#414,#415);
#414 = CARTESIAN_POINT('',(0.,0.));
#415 = VECTOR('',#416,1.);
#416 = DIRECTION('',(0.,1.));
#417 = ( GEOMETRIC_REPRESENTATION_CONTEXT(2) 
PARAMETRIC_REPRESENTATION_CONTEXT() REPRESENTATION_CONTEXT('2D SPACE',''
  ) );
#418 = PCURVE('',#419,#424);
#419 = PLANE('',#420);
#420 = AXIS2_PLACEMENT_3D('',#421,#422,#423);
#421 = CARTESIAN_POINT('',(-14.25,-1.8,-14.25));
#422 = DIRECTION('',(0.,1.,0.));
#423 = DIRECTION('',(0.,0.,1.));
#424 = DEFINITIONAL_REPRESENTATION('',(#425),#429);
#425 = LINE('',#426,#427);
#426 = CARTESIAN_POINT('',(23.25,1.));
#427 = VECTOR('',#428,1.);
#428 = DIRECTION('',(-1.,0.));
#429 = ( GEOMETRIC_REPRESENTATION_CONTEXT(2) 
PARAMETRIC_REPRESENTATION_CONTEXT() REPRESENTATION_CONTEXT('2D SPACE',''
  ) );
#430 = ORIENTED_EDGE('',*,*,#431,.T.);
#431 = EDGE_CURVE('',#402,#85,#432,.T.);
#432 = SURFACE_CURVE('',#433,(#438,#445),.PCURVE_S1.);
#433 = CIRCLE('',#434,1.);
#434 = AXIS2_PLACEMENT_3D('',#435,#436,#437);
#435 = CARTESIAN_POINT('',(-13.25,-0.8,-7.5));
#436 = DIRECTION('',(-0.,-0.,-1.));
#437 = DIRECTION('',(0.,-1.,0.));
#438 = PCURVE('',#124,#439);
#439 = DEFINITIONAL_REPRESENTATION('',(#440),#444);
#440 = LINE('',#441,#442);
#441 = CARTESIAN_POINT('',(0.,16.5));
#442 = VECTOR('',#443,1.);
#443 = DIRECTION('',(1.,0.));
#444 = ( GEOMETRIC_REPRESENTATION_CONTEXT(2) 
PARAMETRIC_REPRESENTATION_CONTEXT() REPRESENTATION_CONTEXT('2D SPACE',''
  ) );
#445 = PCURVE('',#99,#446);
#446 = DEFINITIONAL_REPRESENTATION('',(#447),#455);
#447 = ( BOUNDED_CURVE() B_SPLINE_CURVE(2,(#448,#449,#450,#451,#452,#453
,#454),.UNSPECIFIED.,.T.,.F.) B_SPLINE_CURVE_WITH_KNOTS((1,2,2,2,2,1),(
    -2.094395102393,0.,2.094395102393,4.188790204786,6.28318530718,
8.377580409573),.UNSPECIFIED.) CURVE() GEOMETRIC_REPRESENTATION_ITEM() 
RATIONAL_B_SPLINE_CURVE((1.,0.5,1.,0.5,1.,0.5,1.)) REPRESENTATION_ITEM(
  '') );
#448 = CARTESIAN_POINT('',(3.,2.));
#449 = CARTESIAN_POINT('',(1.267949192431,2.));
#450 = CARTESIAN_POINT('',(2.133974596216,3.5));
#451 = CARTESIAN_POINT('',(3.,5.));
#452 = CARTESIAN_POINT('',(3.866025403784,3.5));
#453 = CARTESIAN_POINT('',(4.732050807569,2.));
#454 = CARTESIAN_POINT('',(3.,2.));
#455 = ( GEOMETRIC_REPRESENTATION_CONTEXT(2) 
PARAMETRIC_REPRESENTATION_CONTEXT() REPRESENTATION_CONTEXT('2D SPACE',''
  ) );
#456 = ORIENTED_EDGE('',*,*,#110,.T.);
#457 = ORIENTED_EDGE('',*,*,#458,.F.);
#458 = EDGE_CURVE('',#404,#22,#459,.T.);
#459 = SURFACE_CURVE('',#460,(#465,#471),.PCURVE_S1.);
#460 = CIRCLE('',#461,1.);
#461 = AXIS2_PLACEMENT_3D('',#462,#463,#464);
#462 = CARTESIAN_POINT('',(-13.25,-0.8,-9.));
#463 = DIRECTION('',(-0.,-0.,-1.));
#464 = DIRECTION('',(0.,-1.,0.));
#465 = PCURVE('',#124,#466);
#466 = DEFINITIONAL_REPRESENTATION('',(#467),#470);
#467 = B_SPLINE_CURVE_WITH_KNOTS('',1,(#468,#469),.UNSPECIFIED.,.F.,.F.,
  (2,2),(0.,1.570796326795),.PIECEWISE_BEZIER_KNOTS.);
#468 = CARTESIAN_POINT('',(0.,18.));
#469 = CARTESIAN_POINT('',(1.570796326795,18.));
#470 = ( GEOMETRIC_REPRESENTATION_CONTEXT(2) 
PARAMETRIC_REPRESENTATION_CONTEXT() REPRESENTATION_CONTEXT('2D SPACE',''
  ) );
#471 = PCURVE('',#186,#472);
#472 = DEFINITIONAL_REPRESENTATION('',(#473),#476);
#473 = B_SPLINE_CURVE_WITH_KNOTS('',1,(#474,#475),.UNSPECIFIED.,.F.,.F.,
  (2,2),(0.,1.570796326795),.PIECEWISE_BEZIER_KNOTS.);
#474 = CARTESIAN_POINT('',(0.,4.712388980385));
#475 = CARTESIAN_POINT('',(0.,6.28318530718));
#476 = ( GEOMETRIC_REPRESENTATION_CONTEXT(2) 
PARAMETRIC_REPRESENTATION_CONTEXT() REPRESENTATION_CONTEXT('2D SPACE',''
  ) );
#477 = ADVANCED_FACE('',(#478),#99,.T.);
#478 = FACE_BOUND('',#479,.T.);
#479 = EDGE_LOOP('',(#480,#501,#529,#556,#582,#608,#634,#660,#679,#680)
  );
#480 = ORIENTED_EDGE('',*,*,#481,.T.);
#481 = EDGE_CURVE('',#402,#482,#484,.T.);
#482 = VERTEX_POINT('',#483);
#483 = CARTESIAN_POINT('',(-10.4,-1.8,-7.5));
#484 = SURFACE_CURVE('',#485,(#489,#495),.PCURVE_S1.);
#485 = LINE('',#486,#487);
#486 = CARTESIAN_POINT('',(-15.25,-1.8,-7.5));
#487 = VECTOR('',#488,1.);
#488 = DIRECTION('',(1.,0.,0.));
#489 = PCURVE('',#99,#490);
#490 = DEFINITIONAL_REPRESENTATION('',(#491),#494);
#491 = B_SPLINE_CURVE_WITH_KNOTS('',1,(#492,#493),.UNSPECIFIED.,.F.,.F.,
  (2,2),(2.,4.85),.PIECEWISE_BEZIER_KNOTS.);
#492 = CARTESIAN_POINT('',(3.,2.));
#493 = CARTESIAN_POINT('',(5.85,2.));
#494 = ( GEOMETRIC_REPRESENTATION_CONTEXT(2) 
PARAMETRIC_REPRESENTATION_CONTEXT() REPRESENTATION_CONTEXT('2D SPACE',''
  ) );
#495 = PCURVE('',#419,#496);
#496 = DEFINITIONAL_REPRESENTATION('',(#497),#500);
#497 = B_SPLINE_CURVE_WITH_KNOTS('',1,(#498,#499),.UNSPECIFIED.,.F.,.F.,
  (2,2),(2.,4.85),.PIECEWISE_BEZIER_KNOTS.);
#498 = CARTESIAN_POINT('',(6.75,1.));
#499 = CARTESIAN_POINT('',(6.75,3.85));
#500 = ( GEOMETRIC_REPRESENTATION_CONTEXT(2) 
PARAMETRIC_REPRESENTATION_CONTEXT() REPRESENTATION_CONTEXT('2D SPACE',''
  ) );
#501 = ORIENTED_EDGE('',*,*,#502,.T.);
#502 = EDGE_CURVE('',#482,#503,#505,.T.);
#503 = VERTEX_POINT('',#504);
#504 = CARTESIAN_POINT('',(-10.4,0.,-7.5));
#505 = SURFACE_CURVE('',#506,(#510,#517),.PCURVE_S1.);
#506 = LINE('',#507,#508);
#507 = CARTESIAN_POINT('',(-10.4,-3.8,-7.5));
#508 = VECTOR('',#509,1.);
#509 = DIRECTION('',(0.,1.,0.));
#510 = PCURVE('',#99,#511);
#511 = DEFINITIONAL_REPRESENTATION('',(#512),#516);
#512 = LINE('',#513,#514);
#513 = CARTESIAN_POINT('',(5.85,0.));
#514 = VECTOR('',#515,1.);
#515 = DIRECTION('',(0.,1.));
#516 = ( GEOMETRIC_REPRESENTATION_CONTEXT(2) 
PARAMETRIC_REPRESENTATION_CONTEXT() REPRESENTATION_CONTEXT('2D SPACE',''
  ) );
#517 = PCURVE('',#518,#523);
#518 = PLANE('',#519);
#519 = AXIS2_PLACEMENT_3D('',#520,#521,#522);
#520 = CARTESIAN_POINT('',(-10.4,-3.8,-7.5));
#521 = DIRECTION('',(1.,0.,0.));
#522 = DIRECTION('',(0.,0.,1.));
#523 = DEFINITIONAL_REPRESENTATION('',(#524),#528);
#524 = LINE('',#525,#526);
#525 = CARTESIAN_POINT('',(0.,0.));
#526 = VECTOR('',#527,1.);
#527 = DIRECTION('',(0.,-1.));
#528 = ( GEOMETRIC_REPRESENTATION_CONTEXT(2) 
PARAMETRIC_REPRESENTATION_CONTEXT() REPRESENTATION_CONTEXT('2D SPACE',''
  ) );
#529 = ORIENTED_EDGE('',*,*,#530,.F.);
#530 = EDGE_CURVE('',#531,#503,#533,.T.);
#531 = VERTEX_POINT('',#532);
#532 = CARTESIAN_POINT('',(-12.25,0.,-7.5));
#533 = SURFACE_CURVE('',#534,(#538,#544),.PCURVE_S1.);
#534 = LINE('',#535,#536);
#535 = CARTESIAN_POINT('',(-14.25,0.,-7.5));
#536 = VECTOR('',#537,1.);
#537 = DIRECTION('',(1.,0.,0.));
#538 = PCURVE('',#99,#539);
#539 = DEFINITIONAL_REPRESENTATION('',(#540),#543);
#540 = B_SPLINE_CURVE_WITH_KNOTS('',1,(#541,#542),.UNSPECIFIED.,.F.,.F.,
  (2,2),(2.,3.85),.PIECEWISE_BEZIER_KNOTS.);
#541 = CARTESIAN_POINT('',(4.,3.8));
#542 = CARTESIAN_POINT('',(5.85,3.8));
#543 = ( GEOMETRIC_REPRESENTATION_CONTEXT(2) 
PARAMETRIC_REPRESENTATION_CONTEXT() REPRESENTATION_CONTEXT('2D SPACE',''
  ) );
#544 = PCURVE('',#545,#550);
#545 = PLANE('',#546);
#546 = AXIS2_PLACEMENT_3D('',#547,#548,#549);
#547 = CARTESIAN_POINT('',(-12.25,0.,-12.25));
#548 = DIRECTION('',(0.,1.,0.));
#549 = DIRECTION('',(0.,0.,1.));
#550 = DEFINITIONAL_REPRESENTATION('',(#551),#555);
#551 = LINE('',#552,#553);
#552 = CARTESIAN_POINT('',(4.75,-2.));
#553 = VECTOR('',#554,1.);
#554 = DIRECTION('',(0.,1.));
#555 = ( GEOMETRIC_REPRESENTATION_CONTEXT(2) 
PARAMETRIC_REPRESENTATION_CONTEXT() REPRESENTATION_CONTEXT('2D SPACE',''
  ) );
#556 = ORIENTED_EDGE('',*,*,#557,.F.);
#557 = EDGE_CURVE('',#558,#531,#560,.T.);
#558 = VERTEX_POINT('',#559);
#559 = CARTESIAN_POINT('',(-12.25,10.15,-7.5));
#560 = SURFACE_CURVE('',#561,(#565,#571),.PCURVE_S1.);
#561 = LINE('',#562,#563);
#562 = CARTESIAN_POINT('',(-12.25,-1.9,-7.5));
#563 = VECTOR('',#564,1.);
#564 = DIRECTION('',(0.,-1.,0.));
#565 = PCURVE('',#99,#566);
#566 = DEFINITIONAL_REPRESENTATION('',(#567),#570);
#567 = B_SPLINE_CURVE_WITH_KNOTS('',1,(#568,#569),.UNSPECIFIED.,.F.,.F.,
  (2,2),(-12.05,-1.9),.PIECEWISE_BEZIER_KNOTS.);
#568 = CARTESIAN_POINT('',(4.,13.95));
#569 = CARTESIAN_POINT('',(4.,3.8));
#570 = ( GEOMETRIC_REPRESENTATION_CONTEXT(2) 
PARAMETRIC_REPRESENTATION_CONTEXT() REPRESENTATION_CONTEXT('2D SPACE',''
  ) );
#571 = PCURVE('',#572,#577);
#572 = PLANE('',#573);
#573 = AXIS2_PLACEMENT_3D('',#574,#575,#576);
#574 = CARTESIAN_POINT('',(-12.25,0.,-12.25));
#575 = DIRECTION('',(1.,0.,0.));
#576 = DIRECTION('',(0.,0.,1.));
#577 = DEFINITIONAL_REPRESENTATION('',(#578),#581);
#578 = B_SPLINE_CURVE_WITH_KNOTS('',1,(#579,#580),.UNSPECIFIED.,.F.,.F.,
  (2,2),(-12.05,-1.9),.PIECEWISE_BEZIER_KNOTS.);
#579 = CARTESIAN_POINT('',(4.75,-10.15));
#580 = CARTESIAN_POINT('',(4.75,0.));
#581 = ( GEOMETRIC_REPRESENTATION_CONTEXT(2) 
PARAMETRIC_REPRESENTATION_CONTEXT() REPRESENTATION_CONTEXT('2D SPACE',''
  ) );
#582 = ORIENTED_EDGE('',*,*,#583,.F.);
#583 = EDGE_CURVE('',#584,#558,#586,.T.);
#584 = VERTEX_POINT('',#585);
#585 = CARTESIAN_POINT('',(-13.15,10.15,-7.5));
#586 = SURFACE_CURVE('',#587,(#591,#597),.PCURVE_S1.);
#587 = LINE('',#588,#589);
#588 = CARTESIAN_POINT('',(-14.7,10.15,-7.5));
#589 = VECTOR('',#590,1.);
#590 = DIRECTION('',(1.,0.,0.));
#591 = PCURVE('',#99,#592);
#592 = DEFINITIONAL_REPRESENTATION('',(#593),#596);
#593 = B_SPLINE_CURVE_WITH_KNOTS('',1,(#594,#595),.UNSPECIFIED.,.F.,.F.,
  (2,2),(1.55,4.3),.PIECEWISE_BEZIER_KNOTS.);
#594 = CARTESIAN_POINT('',(3.1,13.95));
#595 = CARTESIAN_POINT('',(5.85,13.95));
#596 = ( GEOMETRIC_REPRESENTATION_CONTEXT(2) 
PARAMETRIC_REPRESENTATION_CONTEXT() REPRESENTATION_CONTEXT('2D SPACE',''
  ) );
#597 = PCURVE('',#598,#603);
#598 = PLANE('',#599);
#599 = AXIS2_PLACEMENT_3D('',#600,#601,#602);
#600 = CARTESIAN_POINT('',(-13.15,10.15,-13.15));
#601 = DIRECTION('',(0.,1.,0.));
#602 = DIRECTION('',(0.,0.,1.));
#603 = DEFINITIONAL_REPRESENTATION('',(#604),#607);
#604 = B_SPLINE_CURVE_WITH_KNOTS('',1,(#605,#606),.UNSPECIFIED.,.F.,.F.,
  (2,2),(1.55,4.3),.PIECEWISE_BEZIER_KNOTS.);
#605 = CARTESIAN_POINT('',(5.65,0.));
#606 = CARTESIAN_POINT('',(5.65,2.75));
#607 = ( GEOMETRIC_REPRESENTATION_CONTEXT(2) 
PARAMETRIC_REPRESENTATION_CONTEXT() REPRESENTATION_CONTEXT('2D SPACE',''
  ) );
#608 = ORIENTED_EDGE('',*,*,#609,.T.);
#609 = EDGE_CURVE('',#584,#610,#612,.T.);
#610 = VERTEX_POINT('',#611);
#611 = CARTESIAN_POINT('',(-13.15,8.5,-7.5));
#612 = SURFACE_CURVE('',#613,(#617,#623),.PCURVE_S1.);
#613 = LINE('',#614,#615);
#614 = CARTESIAN_POINT('',(-13.15,2.1,-7.5));
#615 = VECTOR('',#616,1.);
#616 = DIRECTION('',(0.,-1.,0.));
#617 = PCURVE('',#99,#618);
#618 = DEFINITIONAL_REPRESENTATION('',(#619),#622);
#619 = B_SPLINE_CURVE_WITH_KNOTS('',1,(#620,#621),.UNSPECIFIED.,.F.,.F.,
  (2,2),(-8.05,-6.4),.PIECEWISE_BEZIER_KNOTS.);
#620 = CARTESIAN_POINT('',(3.1,13.95));
#621 = CARTESIAN_POINT('',(3.1,12.3));
#622 = ( GEOMETRIC_REPRESENTATION_CONTEXT(2) 
PARAMETRIC_REPRESENTATION_CONTEXT() REPRESENTATION_CONTEXT('2D SPACE',''
  ) );
#623 = PCURVE('',#624,#629);
#624 = PLANE('',#625);
#625 = AXIS2_PLACEMENT_3D('',#626,#627,#628);
#626 = CARTESIAN_POINT('',(-13.15,8.,-13.15));
#627 = DIRECTION('',(1.,0.,0.));
#628 = DIRECTION('',(0.,0.,1.));
#629 = DEFINITIONAL_REPRESENTATION('',(#630),#633);
#630 = B_SPLINE_CURVE_WITH_KNOTS('',1,(#631,#632),.UNSPECIFIED.,.F.,.F.,
  (2,2),(-8.05,-6.4),.PIECEWISE_BEZIER_KNOTS.);
#631 = CARTESIAN_POINT('',(5.65,-2.15));
#632 = CARTESIAN_POINT('',(5.65,-0.5));
#633 = ( GEOMETRIC_REPRESENTATION_CONTEXT(2) 
PARAMETRIC_REPRESENTATION_CONTEXT() REPRESENTATION_CONTEXT('2D SPACE',''
  ) );
#634 = ORIENTED_EDGE('',*,*,#635,.F.);
#635 = EDGE_CURVE('',#636,#610,#638,.T.);
#636 = VERTEX_POINT('',#637);
#637 = CARTESIAN_POINT('',(-13.95,8.5,-7.5));
#638 = SURFACE_CURVE('',#639,(#643,#649),.PCURVE_S1.);
#639 = LINE('',#640,#641);
#640 = CARTESIAN_POINT('',(-15.25,8.5,-7.5));
#641 = VECTOR('',#642,1.);
#642 = DIRECTION('',(1.,0.,0.));
#643 = PCURVE('',#99,#644);
#644 = DEFINITIONAL_REPRESENTATION('',(#645),#648);
#645 = B_SPLINE_CURVE_WITH_KNOTS('',1,(#646,#647),.UNSPECIFIED.,.F.,.F.,
  (2,2),(1.3,4.85),.PIECEWISE_BEZIER_KNOTS.);
#646 = CARTESIAN_POINT('',(2.3,12.3));
#647 = CARTESIAN_POINT('',(5.85,12.3));
#648 = ( GEOMETRIC_REPRESENTATION_CONTEXT(2) 
PARAMETRIC_REPRESENTATION_CONTEXT() REPRESENTATION_CONTEXT('2D SPACE',''
  ) );
#649 = PCURVE('',#650,#655);
#650 = PLANE('',#651);
#651 = AXIS2_PLACEMENT_3D('',#652,#653,#654);
#652 = CARTESIAN_POINT('',(-14.25,8.5,-14.25));
#653 = DIRECTION('',(0.,1.,0.));
#654 = DIRECTION('',(0.,0.,1.));
#655 = DEFINITIONAL_REPRESENTATION('',(#656),#659);
#656 = B_SPLINE_CURVE_WITH_KNOTS('',1,(#657,#658),.UNSPECIFIED.,.F.,.F.,
  (2,2),(1.3,4.85),.PIECEWISE_BEZIER_KNOTS.);
#657 = CARTESIAN_POINT('',(6.75,0.3));
#658 = CARTESIAN_POINT('',(6.75,3.85));
#659 = ( GEOMETRIC_REPRESENTATION_CONTEXT(2) 
PARAMETRIC_REPRESENTATION_CONTEXT() REPRESENTATION_CONTEXT('2D SPACE',''
  ) );
#660 = ORIENTED_EDGE('',*,*,#661,.F.);
#661 = EDGE_CURVE('',#57,#636,#662,.T.);
#662 = SURFACE_CURVE('',#663,(#667,#673),.PCURVE_S1.);
#663 = LINE('',#664,#665);
#664 = CARTESIAN_POINT('',(-17.675,4.775,-7.5));
#665 = VECTOR('',#666,1.);
#666 = DIRECTION('',(0.707106781187,0.707106781187,-0.));
#667 = PCURVE('',#99,#668);
#668 = DEFINITIONAL_REPRESENTATION('',(#669),#672);
#669 = B_SPLINE_CURVE_WITH_KNOTS('',1,(#670,#671),.UNSPECIFIED.,.F.,.F.,
  (2,2),(4.843681451128,5.26794551984),.PIECEWISE_BEZIER_KNOTS.);
#670 = CARTESIAN_POINT('',(2.,12.));
#671 = CARTESIAN_POINT('',(2.3,12.3));
#672 = ( GEOMETRIC_REPRESENTATION_CONTEXT(2) 
PARAMETRIC_REPRESENTATION_CONTEXT() REPRESENTATION_CONTEXT('2D SPACE',''
  ) );
#673 = PCURVE('',#72,#674);
#674 = DEFINITIONAL_REPRESENTATION('',(#675),#678);
#675 = B_SPLINE_CURVE_WITH_KNOTS('',1,(#676,#677),.UNSPECIFIED.,.F.,.F.,
  (2,2),(4.843681451128,5.26794551984),.PIECEWISE_BEZIER_KNOTS.);
#676 = CARTESIAN_POINT('',(-16.5,0.212132034356));
#677 = CARTESIAN_POINT('',(-16.5,-0.212132034356));
#678 = ( GEOMETRIC_REPRESENTATION_CONTEXT(2) 
PARAMETRIC_REPRESENTATION_CONTEXT() REPRESENTATION_CONTEXT('2D SPACE',''
  ) );
#679 = ORIENTED_EDGE('',*,*,#84,.T.);
#680 = ORIENTED_EDGE('',*,*,#431,.F.);
#681 = ADVANCED_FACE('',(#682),#72,.F.);
#682 = FACE_BOUND('',#683,.T.);
#683 = EDGE_LOOP('',(#684,#685,#708,#727));
#684 = ORIENTED_EDGE('',*,*,#661,.T.);
#685 = ORIENTED_EDGE('',*,*,#686,.T.);
#686 = EDGE_CURVE('',#636,#687,#689,.T.);
#687 = VERTEX_POINT('',#688);
#688 = CARTESIAN_POINT('',(-13.95,8.5,-9.));
#689 = SURFACE_CURVE('',#690,(#694,#701),.PCURVE_S1.);
#690 = LINE('',#691,#692);
#691 = CARTESIAN_POINT('',(-13.95,8.5,9.));
#692 = VECTOR('',#693,1.);
#693 = DIRECTION('',(-0.,-0.,-1.));
#694 = PCURVE('',#72,#695);
#695 = DEFINITIONAL_REPRESENTATION('',(#696),#700);
#696 = LINE('',#697,#698);
#697 = CARTESIAN_POINT('',(-0.,-0.212132034356));
#698 = VECTOR('',#699,1.);
#699 = DIRECTION('',(-1.,0.));
#700 = ( GEOMETRIC_REPRESENTATION_CONTEXT(2) 
PARAMETRIC_REPRESENTATION_CONTEXT() REPRESENTATION_CONTEXT('2D SPACE',''
  ) );
#701 = PCURVE('',#650,#702);
#702 = DEFINITIONAL_REPRESENTATION('',(#703),#707);
#703 = LINE('',#704,#705);
#704 = CARTESIAN_POINT('',(23.25,0.3));
#705 = VECTOR('',#706,1.);
#706 = DIRECTION('',(-1.,-0.));
#707 = ( GEOMETRIC_REPRESENTATION_CONTEXT(2) 
PARAMETRIC_REPRESENTATION_CONTEXT() REPRESENTATION_CONTEXT('2D SPACE',''
  ) );
#708 = ORIENTED_EDGE('',*,*,#709,.T.);
#709 = EDGE_CURVE('',#687,#24,#710,.T.);
#710 = SURFACE_CURVE('',#711,(#715,#721),.PCURVE_S1.);
#711 = LINE('',#712,#713);
#712 = CARTESIAN_POINT('',(-14.1,8.35,-9.));
#713 = VECTOR('',#714,1.);
#714 = DIRECTION('',(-0.707106781187,-0.707106781187,-0.));
#715 = PCURVE('',#72,#716);
#716 = DEFINITIONAL_REPRESENTATION('',(#717),#720);
#717 = B_SPLINE_CURVE_WITH_KNOTS('',1,(#718,#719),.UNSPECIFIED.,.F.,.F.,
  (2,2),(-0.212132034356,0.212132034356),.PIECEWISE_BEZIER_KNOTS.);
#718 = CARTESIAN_POINT('',(-18.,-0.212132034356));
#719 = CARTESIAN_POINT('',(-18.,0.212132034356));
#720 = ( GEOMETRIC_REPRESENTATION_CONTEXT(2) 
PARAMETRIC_REPRESENTATION_CONTEXT() REPRESENTATION_CONTEXT('2D SPACE',''
  ) );
#721 = PCURVE('',#156,#722);
#722 = DEFINITIONAL_REPRESENTATION('',(#723),#726);
#723 = B_SPLINE_CURVE_WITH_KNOTS('',1,(#724,#725),.UNSPECIFIED.,.F.,.F.,
  (2,2),(-0.212132034356,0.212132034356),.PIECEWISE_BEZIER_KNOTS.);
#724 = CARTESIAN_POINT('',(0.,-0.3));
#725 = CARTESIAN_POINT('',(0.,1.295326278414E-15));
#726 = ( GEOMETRIC_REPRESENTATION_CONTEXT(2) 
PARAMETRIC_REPRESENTATION_CONTEXT() REPRESENTATION_CONTEXT('2D SPACE',''
  ) );
#727 = ORIENTED_EDGE('',*,*,#56,.F.);
#728 = ADVANCED_FACE('',(#729),#156,.T.);
#729 = FACE_BOUND('',#730,.T.);
#730 = EDGE_LOOP('',(#731,#732,#760,#784));
#731 = ORIENTED_EDGE('',*,*,#709,.F.);
#732 = ORIENTED_EDGE('',*,*,#733,.T.);
#733 = EDGE_CURVE('',#687,#734,#736,.T.);
#734 = VERTEX_POINT('',#735);
#735 = CARTESIAN_POINT('',(-9.,8.5,-13.95));
#736 = SURFACE_CURVE('',#737,(#742,#749),.PCURVE_S1.);
#737 = CIRCLE('',#738,4.95);
#738 = AXIS2_PLACEMENT_3D('',#739,#740,#741);
#739 = CARTESIAN_POINT('',(-9.,8.5,-9.));
#740 = DIRECTION('',(-0.,-1.,-0.));
#741 = DIRECTION('',(-1.,0.,0.));
#742 = PCURVE('',#156,#743);
#743 = DEFINITIONAL_REPRESENTATION('',(#744),#748);
#744 = LINE('',#745,#746);
#745 = CARTESIAN_POINT('',(0.,-0.3));
#746 = VECTOR('',#747,1.);
#747 = DIRECTION('',(1.,0.));
#748 = ( GEOMETRIC_REPRESENTATION_CONTEXT(2) 
PARAMETRIC_REPRESENTATION_CONTEXT() REPRESENTATION_CONTEXT('2D SPACE',''
  ) );
#749 = PCURVE('',#650,#750);
#750 = DEFINITIONAL_REPRESENTATION('',(#751),#759);
#751 = ( BOUNDED_CURVE() B_SPLINE_CURVE(2,(#752,#753,#754,#755,#756,#757
,#758),.UNSPECIFIED.,.T.,.F.) B_SPLINE_CURVE_WITH_KNOTS((1,2,2,2,2,1),(
    -2.094395102393,0.,2.094395102393,4.188790204786,6.28318530718,
8.377580409573),.UNSPECIFIED.) CURVE() GEOMETRIC_REPRESENTATION_ITEM() 
RATIONAL_B_SPLINE_CURVE((1.,0.5,1.,0.5,1.,0.5,1.)) REPRESENTATION_ITEM(
  '') );
#752 = CARTESIAN_POINT('',(5.25,0.3));
#753 = CARTESIAN_POINT('',(-3.323651497466,0.3));
#754 = CARTESIAN_POINT('',(0.963174251267,7.725));
#755 = CARTESIAN_POINT('',(5.25,15.15));
#756 = CARTESIAN_POINT('',(9.536825748733,7.725));
#757 = CARTESIAN_POINT('',(13.823651497466,0.3));
#758 = CARTESIAN_POINT('',(5.25,0.3));
#759 = ( GEOMETRIC_REPRESENTATION_CONTEXT(2) 
PARAMETRIC_REPRESENTATION_CONTEXT() REPRESENTATION_CONTEXT('2D SPACE',''
  ) );
#760 = ORIENTED_EDGE('',*,*,#761,.T.);
#761 = EDGE_CURVE('',#734,#140,#762,.T.);
#762 = SURFACE_CURVE('',#763,(#767,#773),.PCURVE_S1.);
#763 = LINE('',#764,#765);
#764 = CARTESIAN_POINT('',(-9.,8.35,-14.1));
#765 = VECTOR('',#766,1.);
#766 = DIRECTION('',(0.,-0.707106781187,-0.707106781187));
#767 = PCURVE('',#156,#768);
#768 = DEFINITIONAL_REPRESENTATION('',(#769),#772);
#769 = B_SPLINE_CURVE_WITH_KNOTS('',1,(#770,#771),.UNSPECIFIED.,.F.,.F.,
  (2,2),(-0.212132034356,0.212132034356),.PIECEWISE_BEZIER_KNOTS.);
#770 = CARTESIAN_POINT('',(1.570796326795,-0.3));
#771 = CARTESIAN_POINT('',(1.570796326795,1.295326278414E-15));
#772 = ( GEOMETRIC_REPRESENTATION_CONTEXT(2) 
PARAMETRIC_REPRESENTATION_CONTEXT() REPRESENTATION_CONTEXT('2D SPACE',''
  ) );
#773 = PCURVE('',#774,#779);
#774 = PLANE('',#775);
#775 = AXIS2_PLACEMENT_3D('',#776,#777,#778);
#776 = CARTESIAN_POINT('',(-9.,8.35,-14.1));
#777 = DIRECTION('',(0.,-0.707106781187,0.707106781187));
#778 = DIRECTION('',(-1.,-0.,-0.));
#779 = DEFINITIONAL_REPRESENTATION('',(#780),#783);
#780 = B_SPLINE_CURVE_WITH_KNOTS('',1,(#781,#782),.UNSPECIFIED.,.F.,.F.,
  (2,2),(-0.212132034356,0.212132034356),.PIECEWISE_BEZIER_KNOTS.);
#781 = CARTESIAN_POINT('',(0.,-0.212132034356));
#782 = CARTESIAN_POINT('',(0.,0.212132034356));
#783 = ( GEOMETRIC_REPRESENTATION_CONTEXT(2) 
PARAMETRIC_REPRESENTATION_CONTEXT() REPRESENTATION_CONTEXT('2D SPACE',''
  ) );
#784 = ORIENTED_EDGE('',*,*,#139,.F.);
#785 = ADVANCED_FACE('',(#786),#386,.F.);
#786 = FACE_BOUND('',#787,.F.);
#787 = EDGE_LOOP('',(#788,#789,#810,#839,#865,#894,#922,#951,#977,#1006,
    #1032,#1060));
#788 = ORIENTED_EDGE('',*,*,#372,.F.);
#789 = ORIENTED_EDGE('',*,*,#790,.F.);
#790 = EDGE_CURVE('',#791,#344,#793,.T.);
#791 = VERTEX_POINT('',#792);
#792 = CARTESIAN_POINT('',(-6.75,6.7,-14.25));
#793 = SURFACE_CURVE('',#794,(#798,#804),.PCURVE_S1.);
#794 = LINE('',#795,#796);
#795 = CARTESIAN_POINT('',(-13.25,6.7,-14.25));
#796 = VECTOR('',#797,1.);
#797 = DIRECTION('',(-1.,0.,0.));
#798 = PCURVE('',#386,#799);
#799 = DEFINITIONAL_REPRESENTATION('',(#800),#803);
#800 = B_SPLINE_CURVE_WITH_KNOTS('',1,(#801,#802),.UNSPECIFIED.,.F.,.F.,
  (2,2),(-6.5,-4.25),.PIECEWISE_BEZIER_KNOTS.);
#801 = CARTESIAN_POINT('',(7.5,8.5));
#802 = CARTESIAN_POINT('',(5.25,8.5));
#803 = ( GEOMETRIC_REPRESENTATION_CONTEXT(2) 
PARAMETRIC_REPRESENTATION_CONTEXT() REPRESENTATION_CONTEXT('2D SPACE',''
  ) );
#804 = PCURVE('',#360,#805);
#805 = DEFINITIONAL_REPRESENTATION('',(#806),#809);
#806 = B_SPLINE_CURVE_WITH_KNOTS('',1,(#807,#808),.UNSPECIFIED.,.F.,.F.,
  (2,2),(-6.5,-4.25),.PIECEWISE_BEZIER_KNOTS.);
#807 = CARTESIAN_POINT('',(5.5,5.5));
#808 = CARTESIAN_POINT('',(5.5,3.25));
#809 = ( GEOMETRIC_REPRESENTATION_CONTEXT(2) 
PARAMETRIC_REPRESENTATION_CONTEXT() REPRESENTATION_CONTEXT('2D SPACE',''
  ) );
#810 = ORIENTED_EDGE('',*,*,#811,.F.);
#811 = EDGE_CURVE('',#812,#791,#814,.T.);
#812 = VERTEX_POINT('',#813);
#813 = CARTESIAN_POINT('',(-5.25,5.2,-14.25));
#814 = SURFACE_CURVE('',#815,(#820,#827),.PCURVE_S1.);
#815 = CIRCLE('',#816,1.5);
#816 = AXIS2_PLACEMENT_3D('',#817,#818,#819);
#817 = CARTESIAN_POINT('',(-6.75,5.2,-14.25));
#818 = DIRECTION('',(0.,0.,1.));
#819 = DIRECTION('',(1.,0.,-0.));
#820 = PCURVE('',#386,#821);
#821 = DEFINITIONAL_REPRESENTATION('',(#822),#826);
#822 = CIRCLE('',#823,1.5);
#823 = AXIS2_PLACEMENT_2D('',#824,#825);
#824 = CARTESIAN_POINT('',(7.5,7.));
#825 = DIRECTION('',(1.,0.));
#826 = ( GEOMETRIC_REPRESENTATION_CONTEXT(2) 
PARAMETRIC_REPRESENTATION_CONTEXT() REPRESENTATION_CONTEXT('2D SPACE',''
  ) );
#827 = PCURVE('',#828,#833);
#828 = CYLINDRICAL_SURFACE('',#829,1.5);
#829 = AXIS2_PLACEMENT_3D('',#830,#831,#832);
#830 = CARTESIAN_POINT('',(-6.75,5.2,-19.75));
#831 = DIRECTION('',(0.,0.,1.));
#832 = DIRECTION('',(1.,0.,-0.));
#833 = DEFINITIONAL_REPRESENTATION('',(#834),#838);
#834 = LINE('',#835,#836);
#835 = CARTESIAN_POINT('',(0.,5.5));
#836 = VECTOR('',#837,1.);
#837 = DIRECTION('',(1.,0.));
#838 = ( GEOMETRIC_REPRESENTATION_CONTEXT(2) 
PARAMETRIC_REPRESENTATION_CONTEXT() REPRESENTATION_CONTEXT('2D SPACE',''
  ) );
#839 = ORIENTED_EDGE('',*,*,#840,.F.);
#840 = EDGE_CURVE('',#841,#812,#843,.T.);
#841 = VERTEX_POINT('',#842);
#842 = CARTESIAN_POINT('',(-5.25,-0.3,-14.25));
#843 = SURFACE_CURVE('',#844,(#848,#854),.PCURVE_S1.);
#844 = LINE('',#845,#846);
#845 = CARTESIAN_POINT('',(-5.25,-1.8,-14.25));
#846 = VECTOR('',#847,1.);
#847 = DIRECTION('',(0.,1.,0.));
#848 = PCURVE('',#386,#849);
#849 = DEFINITIONAL_REPRESENTATION('',(#850),#853);
#850 = B_SPLINE_CURVE_WITH_KNOTS('',1,(#851,#852),.UNSPECIFIED.,.F.,.F.,
  (2,2),(1.5,7.),.PIECEWISE_BEZIER_KNOTS.);
#851 = CARTESIAN_POINT('',(9.,1.5));
#852 = CARTESIAN_POINT('',(9.,7.));
#853 = ( GEOMETRIC_REPRESENTATION_CONTEXT(2) 
PARAMETRIC_REPRESENTATION_CONTEXT() REPRESENTATION_CONTEXT('2D SPACE',''
  ) );
#854 = PCURVE('',#855,#860);
#855 = PLANE('',#856);
#856 = AXIS2_PLACEMENT_3D('',#857,#858,#859);
#857 = CARTESIAN_POINT('',(-5.25,-1.8,-19.75));
#858 = DIRECTION('',(1.,0.,0.));
#859 = DIRECTION('',(0.,0.,1.));
#860 = DEFINITIONAL_REPRESENTATION('',(#861),#864);
#861 = B_SPLINE_CURVE_WITH_KNOTS('',1,(#862,#863),.UNSPECIFIED.,.F.,.F.,
  (2,2),(1.5,7.),.PIECEWISE_BEZIER_KNOTS.);
#862 = CARTESIAN_POINT('',(5.5,-1.5));
#863 = CARTESIAN_POINT('',(5.5,-7.));
#864 = ( GEOMETRIC_REPRESENTATION_CONTEXT(2) 
PARAMETRIC_REPRESENTATION_CONTEXT() REPRESENTATION_CONTEXT('2D SPACE',''
  ) );
#865 = ORIENTED_EDGE('',*,*,#866,.F.);
#866 = EDGE_CURVE('',#867,#841,#869,.T.);
#867 = VERTEX_POINT('',#868);
#868 = CARTESIAN_POINT('',(-5.335786437627,-0.8,-14.25));
#869 = SURFACE_CURVE('',#870,(#875,#882),.PCURVE_S1.);
#870 = CIRCLE('',#871,1.5);
#871 = AXIS2_PLACEMENT_3D('',#872,#873,#874);
#872 = CARTESIAN_POINT('',(-6.75,-0.3,-14.25));
#873 = DIRECTION('',(0.,0.,1.));
#874 = DIRECTION('',(1.,0.,-0.));
#875 = PCURVE('',#386,#876);
#876 = DEFINITIONAL_REPRESENTATION('',(#877),#881);
#877 = CIRCLE('',#878,1.5);
#878 = AXIS2_PLACEMENT_2D('',#879,#880);
#879 = CARTESIAN_POINT('',(7.5,1.5));
#880 = DIRECTION('',(1.,0.));
#881 = ( GEOMETRIC_REPRESENTATION_CONTEXT(2) 
PARAMETRIC_REPRESENTATION_CONTEXT() REPRESENTATION_CONTEXT('2D SPACE',''
  ) );
#882 = PCURVE('',#883,#888);
#883 = CYLINDRICAL_SURFACE('',#884,1.5);
#884 = AXIS2_PLACEMENT_3D('',#885,#886,#887);
#885 = CARTESIAN_POINT('',(-6.75,-0.3,-19.75));
#886 = DIRECTION('',(0.,0.,1.));
#887 = DIRECTION('',(1.,0.,-0.));
#888 = DEFINITIONAL_REPRESENTATION('',(#889),#893);
#889 = LINE('',#890,#891);
#890 = CARTESIAN_POINT('',(-6.28318530718,5.5));
#891 = VECTOR('',#892,1.);
#892 = DIRECTION('',(1.,-0.));
#893 = ( GEOMETRIC_REPRESENTATION_CONTEXT(2) 
PARAMETRIC_REPRESENTATION_CONTEXT() REPRESENTATION_CONTEXT('2D SPACE',''
  ) );
#894 = ORIENTED_EDGE('',*,*,#895,.T.);
#895 = EDGE_CURVE('',#867,#896,#898,.T.);
#896 = VERTEX_POINT('',#897);
#897 = CARTESIAN_POINT('',(5.335786437627,-0.8,-14.25));
#898 = SURFACE_CURVE('',#899,(#903,#910),.PCURVE_S1.);
#899 = LINE('',#900,#901);
#900 = CARTESIAN_POINT('',(-9.,-0.8,-14.25));
#901 = VECTOR('',#902,1.);
#902 = DIRECTION('',(1.,0.,0.));
#903 = PCURVE('',#386,#904);
#904 = DEFINITIONAL_REPRESENTATION('',(#905),#909);
#905 = LINE('',#906,#907);
#906 = CARTESIAN_POINT('',(5.25,1.));
#907 = VECTOR('',#908,1.);
#908 = DIRECTION('',(1.,0.));
#909 = ( GEOMETRIC_REPRESENTATION_CONTEXT(2) 
PARAMETRIC_REPRESENTATION_CONTEXT() REPRESENTATION_CONTEXT('2D SPACE',''
  ) );
#910 = PCURVE('',#911,#916);
#911 = CYLINDRICAL_SURFACE('',#912,1.);
#912 = AXIS2_PLACEMENT_3D('',#913,#914,#915);
#913 = CARTESIAN_POINT('',(-9.,-0.8,-13.25));
#914 = DIRECTION('',(1.,0.,0.));
#915 = DIRECTION('',(0.,-1.,0.));
#916 = DEFINITIONAL_REPRESENTATION('',(#917),#921);
#917 = LINE('',#918,#919);
#918 = CARTESIAN_POINT('',(1.570796326795,0.));
#919 = VECTOR('',#920,1.);
#920 = DIRECTION('',(0.,1.));
#921 = ( GEOMETRIC_REPRESENTATION_CONTEXT(2) 
PARAMETRIC_REPRESENTATION_CONTEXT() REPRESENTATION_CONTEXT('2D SPACE',''
  ) );
#922 = ORIENTED_EDGE('',*,*,#923,.F.);
#923 = EDGE_CURVE('',#924,#896,#926,.T.);
#924 = VERTEX_POINT('',#925);
#925 = CARTESIAN_POINT('',(5.25,-0.3,-14.25));
#926 = SURFACE_CURVE('',#927,(#932,#939),.PCURVE_S1.);
#927 = CIRCLE('',#928,1.5);
#928 = AXIS2_PLACEMENT_3D('',#929,#930,#931);
#929 = CARTESIAN_POINT('',(6.75,-0.3,-14.25));
#930 = DIRECTION('',(0.,0.,1.));
#931 = DIRECTION('',(-1.,-0.,0.));
#932 = PCURVE('',#386,#933);
#933 = DEFINITIONAL_REPRESENTATION('',(#934),#938);
#934 = CIRCLE('',#935,1.5);
#935 = AXIS2_PLACEMENT_2D('',#936,#937);
#936 = CARTESIAN_POINT('',(21.,1.5));
#937 = DIRECTION('',(-1.,0.));
#938 = ( GEOMETRIC_REPRESENTATION_CONTEXT(2) 
PARAMETRIC_REPRESENTATION_CONTEXT() REPRESENTATION_CONTEXT('2D SPACE',''
  ) );
#939 = PCURVE('',#940,#945);
#940 = CYLINDRICAL_SURFACE('',#941,1.5);
#941 = AXIS2_PLACEMENT_3D('',#942,#943,#944);
#942 = CARTESIAN_POINT('',(6.75,-0.3,-19.75));
#943 = DIRECTION('',(0.,0.,1.));
#944 = DIRECTION('',(-1.,-0.,0.));
#945 = DEFINITIONAL_REPRESENTATION('',(#946),#950);
#946 = LINE('',#947,#948);
#947 = CARTESIAN_POINT('',(0.,5.5));
#948 = VECTOR('',#949,1.);
#949 = DIRECTION('',(1.,0.));
#950 = ( GEOMETRIC_REPRESENTATION_CONTEXT(2) 
PARAMETRIC_REPRESENTATION_CONTEXT() REPRESENTATION_CONTEXT('2D SPACE',''
  ) );
#951 = ORIENTED_EDGE('',*,*,#952,.T.);
#952 = EDGE_CURVE('',#924,#953,#955,.T.);
#953 = VERTEX_POINT('',#954);
#954 = CARTESIAN_POINT('',(5.25,5.2,-14.25));
#955 = SURFACE_CURVE('',#956,(#960,#966),.PCURVE_S1.);
#956 = LINE('',#957,#958);
#957 = CARTESIAN_POINT('',(5.25,-1.8,-14.25));
#958 = VECTOR('',#959,1.);
#959 = DIRECTION('',(0.,1.,0.));
#960 = PCURVE('',#386,#961);
#961 = DEFINITIONAL_REPRESENTATION('',(#962),#965);
#962 = B_SPLINE_CURVE_WITH_KNOTS('',1,(#963,#964),.UNSPECIFIED.,.F.,.F.,
  (2,2),(1.5,7.),.PIECEWISE_BEZIER_KNOTS.);
#963 = CARTESIAN_POINT('',(19.5,1.5));
#964 = CARTESIAN_POINT('',(19.5,7.));
#965 = ( GEOMETRIC_REPRESENTATION_CONTEXT(2) 
PARAMETRIC_REPRESENTATION_CONTEXT() REPRESENTATION_CONTEXT('2D SPACE',''
  ) );
#966 = PCURVE('',#967,#972);
#967 = PLANE('',#968);
#968 = AXIS2_PLACEMENT_3D('',#969,#970,#971);
#969 = CARTESIAN_POINT('',(5.25,-1.8,-19.75));
#970 = DIRECTION('',(1.,0.,0.));
#971 = DIRECTION('',(0.,0.,1.));
#972 = DEFINITIONAL_REPRESENTATION('',(#973),#976);
#973 = B_SPLINE_CURVE_WITH_KNOTS('',1,(#974,#975),.UNSPECIFIED.,.F.,.F.,
  (2,2),(1.5,7.),.PIECEWISE_BEZIER_KNOTS.);
#974 = CARTESIAN_POINT('',(5.5,-1.5));
#975 = CARTESIAN_POINT('',(5.5,-7.));
#976 = ( GEOMETRIC_REPRESENTATION_CONTEXT(2) 
PARAMETRIC_REPRESENTATION_CONTEXT() REPRESENTATION_CONTEXT('2D SPACE',''
  ) );
#977 = ORIENTED_EDGE('',*,*,#978,.F.);
#978 = EDGE_CURVE('',#979,#953,#981,.T.);
#979 = VERTEX_POINT('',#980);
#980 = CARTESIAN_POINT('',(6.75,6.7,-14.25));
#981 = SURFACE_CURVE('',#982,(#987,#994),.PCURVE_S1.);
#982 = CIRCLE('',#983,1.5);
#983 = AXIS2_PLACEMENT_3D('',#984,#985,#986);
#984 = CARTESIAN_POINT('',(6.75,5.2,-14.25));
#985 = DIRECTION('',(0.,0.,1.));
#986 = DIRECTION('',(-1.,-0.,0.));
#987 = PCURVE('',#386,#988);
#988 = DEFINITIONAL_REPRESENTATION('',(#989),#993);
#989 = CIRCLE('',#990,1.5);
#990 = AXIS2_PLACEMENT_2D('',#991,#992);
#991 = CARTESIAN_POINT('',(21.,7.));
#992 = DIRECTION('',(-1.,0.));
#993 = ( GEOMETRIC_REPRESENTATION_CONTEXT(2) 
PARAMETRIC_REPRESENTATION_CONTEXT() REPRESENTATION_CONTEXT('2D SPACE',''
  ) );
#994 = PCURVE('',#995,#1000);
#995 = CYLINDRICAL_SURFACE('',#996,1.5);
#996 = AXIS2_PLACEMENT_3D('',#997,#998,#999);
#997 = CARTESIAN_POINT('',(6.75,5.2,-19.75));
#998 = DIRECTION('',(0.,0.,1.));
#999 = DIRECTION('',(-1.,-0.,0.));
#1000 = DEFINITIONAL_REPRESENTATION('',(#1001),#1005);
#1001 = LINE('',#1002,#1003);
#1002 = CARTESIAN_POINT('',(-6.28318530718,5.5));
#1003 = VECTOR('',#1004,1.);
#1004 = DIRECTION('',(1.,-0.));
#1005 = ( GEOMETRIC_REPRESENTATION_CONTEXT(2) 
PARAMETRIC_REPRESENTATION_CONTEXT() REPRESENTATION_CONTEXT('2D SPACE',''
  ) );
#1006 = ORIENTED_EDGE('',*,*,#1007,.F.);
#1007 = EDGE_CURVE('',#1008,#979,#1010,.T.);
#1008 = VERTEX_POINT('',#1009);
#1009 = CARTESIAN_POINT('',(9.,6.7,-14.25));
#1010 = SURFACE_CURVE('',#1011,(#1015,#1021),.PCURVE_S1.);
#1011 = LINE('',#1012,#1013);
#1012 = CARTESIAN_POINT('',(-4.5,6.7,-14.25));
#1013 = VECTOR('',#1014,1.);
#1014 = DIRECTION('',(-1.,0.,0.));
#1015 = PCURVE('',#386,#1016);
#1016 = DEFINITIONAL_REPRESENTATION('',(#1017),#1020);
#1017 = B_SPLINE_CURVE_WITH_KNOTS('',1,(#1018,#1019),.UNSPECIFIED.,.F.,
  .F.,(2,2),(-13.5,-11.25),.PIECEWISE_BEZIER_KNOTS.);
#1018 = CARTESIAN_POINT('',(23.25,8.5));
#1019 = CARTESIAN_POINT('',(21.,8.5));
#1020 = ( GEOMETRIC_REPRESENTATION_CONTEXT(2) 
PARAMETRIC_REPRESENTATION_CONTEXT() REPRESENTATION_CONTEXT('2D SPACE',''
  ) );
#1021 = PCURVE('',#1022,#1027);
#1022 = PLANE('',#1023);
#1023 = AXIS2_PLACEMENT_3D('',#1024,#1025,#1026);
#1024 = CARTESIAN_POINT('',(5.25,6.7,-19.75));
#1025 = DIRECTION('',(0.,1.,0.));
#1026 = DIRECTION('',(0.,0.,1.));
#1027 = DEFINITIONAL_REPRESENTATION('',(#1028),#1031);
#1028 = B_SPLINE_CURVE_WITH_KNOTS('',1,(#1029,#1030),.UNSPECIFIED.,.F.,
  .F.,(2,2),(-13.5,-11.25),.PIECEWISE_BEZIER_KNOTS.);
#1029 = CARTESIAN_POINT('',(5.5,3.75));
#1030 = CARTESIAN_POINT('',(5.5,1.5));
#1031 = ( GEOMETRIC_REPRESENTATION_CONTEXT(2) 
PARAMETRIC_REPRESENTATION_CONTEXT() REPRESENTATION_CONTEXT('2D SPACE',''
  ) );
#1032 = ORIENTED_EDGE('',*,*,#1033,.T.);
#1033 = EDGE_CURVE('',#1008,#1034,#1036,.T.);
#1034 = VERTEX_POINT('',#1035);
#1035 = CARTESIAN_POINT('',(9.,8.2,-14.25));
#1036 = SURFACE_CURVE('',#1037,(#1041,#1048),.PCURVE_S1.);
#1037 = LINE('',#1038,#1039);
#1038 = CARTESIAN_POINT('',(9.,-1.8,-14.25));
#1039 = VECTOR('',#1040,1.);
#1040 = DIRECTION('',(0.,1.,0.));
#1041 = PCURVE('',#386,#1042);
#1042 = DEFINITIONAL_REPRESENTATION('',(#1043),#1047);
#1043 = LINE('',#1044,#1045);
#1044 = CARTESIAN_POINT('',(23.25,0.));
#1045 = VECTOR('',#1046,1.);
#1046 = DIRECTION('',(0.,1.));
#1047 = ( GEOMETRIC_REPRESENTATION_CONTEXT(2) 
PARAMETRIC_REPRESENTATION_CONTEXT() REPRESENTATION_CONTEXT('2D SPACE',''
  ) );
#1048 = PCURVE('',#1049,#1054);
#1049 = CYLINDRICAL_SURFACE('',#1050,5.25);
#1050 = AXIS2_PLACEMENT_3D('',#1051,#1052,#1053);
#1051 = CARTESIAN_POINT('',(9.,-1.8,-9.));
#1052 = DIRECTION('',(0.,1.,0.));
#1053 = DIRECTION('',(1.,0.,-0.));
#1054 = DEFINITIONAL_REPRESENTATION('',(#1055),#1059);
#1055 = LINE('',#1056,#1057);
#1056 = CARTESIAN_POINT('',(1.570796326795,0.));
#1057 = VECTOR('',#1058,1.);
#1058 = DIRECTION('',(0.,1.));
#1059 = ( GEOMETRIC_REPRESENTATION_CONTEXT(2) 
PARAMETRIC_REPRESENTATION_CONTEXT() REPRESENTATION_CONTEXT('2D SPACE',''
  ) );
#1060 = ORIENTED_EDGE('',*,*,#1061,.F.);
#1061 = EDGE_CURVE('',#140,#1034,#1062,.T.);
#1062 = SURFACE_CURVE('',#1063,(#1067,#1074),.PCURVE_S1.);
#1063 = LINE('',#1064,#1065);
#1064 = CARTESIAN_POINT('',(-9.,8.2,-14.25));
#1065 = VECTOR('',#1066,1.);
#1066 = DIRECTION('',(1.,0.,0.));
#1067 = PCURVE('',#386,#1068);
#1068 = DEFINITIONAL_REPRESENTATION('',(#1069),#1073);
#1069 = LINE('',#1070,#1071);
#1070 = CARTESIAN_POINT('',(5.25,10.));
#1071 = VECTOR('',#1072,1.);
#1072 = DIRECTION('',(1.,0.));
#1073 = ( GEOMETRIC_REPRESENTATION_CONTEXT(2) 
PARAMETRIC_REPRESENTATION_CONTEXT() REPRESENTATION_CONTEXT('2D SPACE',''
  ) );
#1074 = PCURVE('',#774,#1075);
#1075 = DEFINITIONAL_REPRESENTATION('',(#1076),#1080);
#1076 = LINE('',#1077,#1078);
#1077 = CARTESIAN_POINT('',(-0.,0.212132034356));
#1078 = VECTOR('',#1079,1.);
#1079 = DIRECTION('',(-1.,0.));
#1080 = ( GEOMETRIC_REPRESENTATION_CONTEXT(2) 
PARAMETRIC_REPRESENTATION_CONTEXT() REPRESENTATION_CONTEXT('2D SPACE',''
  ) );
#1081 = ADVANCED_FACE('',(#1082),#360,.T.);
#1082 = FACE_BOUND('',#1083,.T.);
#1083 = EDGE_LOOP('',(#1084,#1114,#1135,#1136,#1137));
#1084 = ORIENTED_EDGE('',*,*,#1085,.F.);
#1085 = EDGE_CURVE('',#1086,#1088,#1090,.T.);
#1086 = VERTEX_POINT('',#1087);
#1087 = CARTESIAN_POINT('',(-10.75,6.7,-19.35));
#1088 = VERTEX_POINT('',#1089);
#1089 = CARTESIAN_POINT('',(-6.75,6.7,-19.35));
#1090 = SURFACE_CURVE('',#1091,(#1095,#1102),.PCURVE_S1.);
#1091 = LINE('',#1092,#1093);
#1092 = CARTESIAN_POINT('',(-10.75,6.7,-19.35));
#1093 = VECTOR('',#1094,1.);
#1094 = DIRECTION('',(1.,0.,0.));
#1095 = PCURVE('',#360,#1096);
#1096 = DEFINITIONAL_REPRESENTATION('',(#1097),#1101);
#1097 = LINE('',#1098,#1099);
#1098 = CARTESIAN_POINT('',(0.4,1.5));
#1099 = VECTOR('',#1100,1.);
#1100 = DIRECTION('',(0.,1.));
#1101 = ( GEOMETRIC_REPRESENTATION_CONTEXT(2) 
PARAMETRIC_REPRESENTATION_CONTEXT() REPRESENTATION_CONTEXT('2D SPACE',''
  ) );
#1102 = PCURVE('',#1103,#1108);
#1103 = PLANE('',#1104);
#1104 = AXIS2_PLACEMENT_3D('',#1105,#1106,#1107);
#1105 = CARTESIAN_POINT('',(-10.75,6.5,-19.55));
#1106 = DIRECTION('',(0.,-0.707106781187,0.707106781187));
#1107 = DIRECTION('',(-1.,-0.,-0.));
#1108 = DEFINITIONAL_REPRESENTATION('',(#1109),#1113);
#1109 = LINE('',#1110,#1111);
#1110 = CARTESIAN_POINT('',(-0.,-0.282842712475));
#1111 = VECTOR('',#1112,1.);
#1112 = DIRECTION('',(-1.,0.));
#1113 = ( GEOMETRIC_REPRESENTATION_CONTEXT(2) 
PARAMETRIC_REPRESENTATION_CONTEXT() REPRESENTATION_CONTEXT('2D SPACE',''
  ) );
#1114 = ORIENTED_EDGE('',*,*,#1115,.T.);
#1115 = EDGE_CURVE('',#1086,#265,#1116,.T.);
#1116 = SURFACE_CURVE('',#1117,(#1121,#1128),.PCURVE_S1.);
#1117 = LINE('',#1118,#1119);
#1118 = CARTESIAN_POINT('',(-10.75,6.7,-19.75));
#1119 = VECTOR('',#1120,1.);
#1120 = DIRECTION('',(0.,0.,1.));
#1121 = PCURVE('',#360,#1122);
#1122 = DEFINITIONAL_REPRESENTATION('',(#1123),#1127);
#1123 = LINE('',#1124,#1125);
#1124 = CARTESIAN_POINT('',(0.,1.5));
#1125 = VECTOR('',#1126,1.);
#1126 = DIRECTION('',(1.,0.));
#1127 = ( GEOMETRIC_REPRESENTATION_CONTEXT(2) 
PARAMETRIC_REPRESENTATION_CONTEXT() REPRESENTATION_CONTEXT('2D SPACE',''
  ) );
#1128 = PCURVE('',#314,#1129);
#1129 = DEFINITIONAL_REPRESENTATION('',(#1130),#1134);
#1130 = LINE('',#1131,#1132);
#1131 = CARTESIAN_POINT('',(-1.570796326795,0.));
#1132 = VECTOR('',#1133,1.);
#1133 = DIRECTION('',(-0.,1.));
#1134 = ( GEOMETRIC_REPRESENTATION_CONTEXT(2) 
PARAMETRIC_REPRESENTATION_CONTEXT() REPRESENTATION_CONTEXT('2D SPACE',''
  ) );
#1135 = ORIENTED_EDGE('',*,*,#343,.F.);
#1136 = ORIENTED_EDGE('',*,*,#790,.F.);
#1137 = ORIENTED_EDGE('',*,*,#1138,.F.);
#1138 = EDGE_CURVE('',#1088,#791,#1139,.T.);
#1139 = SURFACE_CURVE('',#1140,(#1144,#1151),.PCURVE_S1.);
#1140 = LINE('',#1141,#1142);
#1141 = CARTESIAN_POINT('',(-6.75,6.7,-19.75));
#1142 = VECTOR('',#1143,1.);
#1143 = DIRECTION('',(0.,0.,1.));
#1144 = PCURVE('',#360,#1145);
#1145 = DEFINITIONAL_REPRESENTATION('',(#1146),#1150);
#1146 = LINE('',#1147,#1148);
#1147 = CARTESIAN_POINT('',(0.,5.5));
#1148 = VECTOR('',#1149,1.);
#1149 = DIRECTION('',(1.,0.));
#1150 = ( GEOMETRIC_REPRESENTATION_CONTEXT(2) 
PARAMETRIC_REPRESENTATION_CONTEXT() REPRESENTATION_CONTEXT('2D SPACE',''
  ) );
#1151 = PCURVE('',#828,#1152);
#1152 = DEFINITIONAL_REPRESENTATION('',(#1153),#1157);
#1153 = LINE('',#1154,#1155);
#1154 = CARTESIAN_POINT('',(1.570796326795,0.));
#1155 = VECTOR('',#1156,1.);
#1156 = DIRECTION('',(0.,1.));
#1157 = ( GEOMETRIC_REPRESENTATION_CONTEXT(2) 
PARAMETRIC_REPRESENTATION_CONTEXT() REPRESENTATION_CONTEXT('2D SPACE',''
  ) );
#1158 = ADVANCED_FACE('',(#1159),#314,.T.);
#1159 = FACE_BOUND('',#1160,.F.);
#1160 = EDGE_LOOP('',(#1161,#1184,#1211,#1212));
#1161 = ORIENTED_EDGE('',*,*,#1162,.F.);
#1162 = EDGE_CURVE('',#1163,#239,#1165,.T.);
#1163 = VERTEX_POINT('',#1164);
#1164 = CARTESIAN_POINT('',(-12.25,5.2,-19.35));
#1165 = SURFACE_CURVE('',#1166,(#1170,#1177),.PCURVE_S1.);
#1166 = LINE('',#1167,#1168);
#1167 = CARTESIAN_POINT('',(-12.25,5.2,-19.75));
#1168 = VECTOR('',#1169,1.);
#1169 = DIRECTION('',(0.,0.,1.));
#1170 = PCURVE('',#314,#1171);
#1171 = DEFINITIONAL_REPRESENTATION('',(#1172),#1176);
#1172 = LINE('',#1173,#1174);
#1173 = CARTESIAN_POINT('',(-0.,0.));
#1174 = VECTOR('',#1175,1.);
#1175 = DIRECTION('',(-0.,1.));
#1176 = ( GEOMETRIC_REPRESENTATION_CONTEXT(2) 
PARAMETRIC_REPRESENTATION_CONTEXT() REPRESENTATION_CONTEXT('2D SPACE',''
  ) );
#1177 = PCURVE('',#253,#1178);
#1178 = DEFINITIONAL_REPRESENTATION('',(#1179),#1183);
#1179 = LINE('',#1180,#1181);
#1180 = CARTESIAN_POINT('',(0.,-7.));
#1181 = VECTOR('',#1182,1.);
#1182 = DIRECTION('',(1.,0.));
#1183 = ( GEOMETRIC_REPRESENTATION_CONTEXT(2) 
PARAMETRIC_REPRESENTATION_CONTEXT() REPRESENTATION_CONTEXT('2D SPACE',''
  ) );
#1184 = ORIENTED_EDGE('',*,*,#1185,.T.);
#1185 = EDGE_CURVE('',#1163,#1086,#1186,.T.);
#1186 = SURFACE_CURVE('',#1187,(#1192,#1199),.PCURVE_S1.);
#1187 = CIRCLE('',#1188,1.5);
#1188 = AXIS2_PLACEMENT_3D('',#1189,#1190,#1191);
#1189 = CARTESIAN_POINT('',(-10.75,5.2,-19.35));
#1190 = DIRECTION('',(-0.,0.,-1.));
#1191 = DIRECTION('',(-1.,0.,0.));
#1192 = PCURVE('',#314,#1193);
#1193 = DEFINITIONAL_REPRESENTATION('',(#1194),#1198);
#1194 = LINE('',#1195,#1196);
#1195 = CARTESIAN_POINT('',(-0.,0.4));
#1196 = VECTOR('',#1197,1.);
#1197 = DIRECTION('',(-1.,0.));
#1198 = ( GEOMETRIC_REPRESENTATION_CONTEXT(2) 
PARAMETRIC_REPRESENTATION_CONTEXT() REPRESENTATION_CONTEXT('2D SPACE',''
  ) );
#1199 = PCURVE('',#1200,#1205);
#1200 = CONICAL_SURFACE('',#1201,1.5,0.785398163397);
#1201 = AXIS2_PLACEMENT_3D('',#1202,#1203,#1204);
#1202 = CARTESIAN_POINT('',(-10.75,5.2,-19.35));
#1203 = DIRECTION('',(0.,0.,1.));
#1204 = DIRECTION('',(-1.,0.,0.));
#1205 = DEFINITIONAL_REPRESENTATION('',(#1206),#1210);
#1206 = LINE('',#1207,#1208);
#1207 = CARTESIAN_POINT('',(-0.,-0.));
#1208 = VECTOR('',#1209,1.);
#1209 = DIRECTION('',(-1.,-0.));
#1210 = ( GEOMETRIC_REPRESENTATION_CONTEXT(2) 
PARAMETRIC_REPRESENTATION_CONTEXT() REPRESENTATION_CONTEXT('2D SPACE',''
  ) );
#1211 = ORIENTED_EDGE('',*,*,#1115,.T.);
#1212 = ORIENTED_EDGE('',*,*,#264,.F.);
#1213 = ADVANCED_FACE('',(#1214),#253,.F.);
#1214 = FACE_BOUND('',#1215,.F.);
#1215 = EDGE_LOOP('',(#1216,#1239,#1265,#1266));
#1216 = ORIENTED_EDGE('',*,*,#1217,.F.);
#1217 = EDGE_CURVE('',#1218,#199,#1220,.T.);
#1218 = VERTEX_POINT('',#1219);
#1219 = CARTESIAN_POINT('',(-12.25,-0.3,-19.35));
#1220 = SURFACE_CURVE('',#1221,(#1225,#1232),.PCURVE_S1.);
#1221 = LINE('',#1222,#1223);
#1222 = CARTESIAN_POINT('',(-12.25,-0.3,-19.75));
#1223 = VECTOR('',#1224,1.);
#1224 = DIRECTION('',(0.,0.,1.));
#1225 = PCURVE('',#253,#1226);
#1226 = DEFINITIONAL_REPRESENTATION('',(#1227),#1231);
#1227 = LINE('',#1228,#1229);
#1228 = CARTESIAN_POINT('',(0.,-1.5));
#1229 = VECTOR('',#1230,1.);
#1230 = DIRECTION('',(1.,0.));
#1231 = ( GEOMETRIC_REPRESENTATION_CONTEXT(2) 
PARAMETRIC_REPRESENTATION_CONTEXT() REPRESENTATION_CONTEXT('2D SPACE',''
  ) );
#1232 = PCURVE('',#222,#1233);
#1233 = DEFINITIONAL_REPRESENTATION('',(#1234),#1238);
#1234 = LINE('',#1235,#1236);
#1235 = CARTESIAN_POINT('',(0.,0.));
#1236 = VECTOR('',#1237,1.);
#1237 = DIRECTION('',(0.,1.));
#1238 = ( GEOMETRIC_REPRESENTATION_CONTEXT(2) 
PARAMETRIC_REPRESENTATION_CONTEXT() REPRESENTATION_CONTEXT('2D SPACE',''
  ) );
#1239 = ORIENTED_EDGE('',*,*,#1240,.T.);
#1240 = EDGE_CURVE('',#1218,#1163,#1241,.T.);
#1241 = SURFACE_CURVE('',#1242,(#1246,#1253),.PCURVE_S1.);
#1242 = LINE('',#1243,#1244);
#1243 = CARTESIAN_POINT('',(-12.25,-0.3,-19.35));
#1244 = VECTOR('',#1245,1.);
#1245 = DIRECTION('',(0.,1.,0.));
#1246 = PCURVE('',#253,#1247);
#1247 = DEFINITIONAL_REPRESENTATION('',(#1248),#1252);
#1248 = LINE('',#1249,#1250);
#1249 = CARTESIAN_POINT('',(0.4,-1.5));
#1250 = VECTOR('',#1251,1.);
#1251 = DIRECTION('',(0.,-1.));
#1252 = ( GEOMETRIC_REPRESENTATION_CONTEXT(2) 
PARAMETRIC_REPRESENTATION_CONTEXT() REPRESENTATION_CONTEXT('2D SPACE',''
  ) );
#1253 = PCURVE('',#1254,#1259);
#1254 = PLANE('',#1255);
#1255 = AXIS2_PLACEMENT_3D('',#1256,#1257,#1258);
#1256 = CARTESIAN_POINT('',(-12.05,-0.3,-19.55));
#1257 = DIRECTION('',(-0.707106781187,0.,-0.707106781187));
#1258 = DIRECTION('',(0.,1.,0.));
#1259 = DEFINITIONAL_REPRESENTATION('',(#1260),#1264);
#1260 = LINE('',#1261,#1262);
#1261 = CARTESIAN_POINT('',(0.,-0.282842712475));
#1262 = VECTOR('',#1263,1.);
#1263 = DIRECTION('',(1.,0.));
#1264 = ( GEOMETRIC_REPRESENTATION_CONTEXT(2) 
PARAMETRIC_REPRESENTATION_CONTEXT() REPRESENTATION_CONTEXT('2D SPACE',''
  ) );
#1265 = ORIENTED_EDGE('',*,*,#1162,.T.);
#1266 = ORIENTED_EDGE('',*,*,#238,.F.);
#1267 = ADVANCED_FACE('',(#1268),#222,.T.);
#1268 = FACE_BOUND('',#1269,.T.);
#1269 = EDGE_LOOP('',(#1270,#1271,#1300,#1323,#1386));
#1270 = ORIENTED_EDGE('',*,*,#1217,.F.);
#1271 = ORIENTED_EDGE('',*,*,#1272,.F.);
#1272 = EDGE_CURVE('',#1273,#1218,#1275,.T.);
#1273 = VERTEX_POINT('',#1274);
#1274 = CARTESIAN_POINT('',(-10.75,-1.8,-19.35));
#1275 = SURFACE_CURVE('',#1276,(#1281,#1288),.PCURVE_S1.);
#1276 = CIRCLE('',#1277,1.5);
#1277 = AXIS2_PLACEMENT_3D('',#1278,#1279,#1280);
#1278 = CARTESIAN_POINT('',(-10.75,-0.3,-19.35));
#1279 = DIRECTION('',(-0.,-0.,-1.));
#1280 = DIRECTION('',(0.,-1.,0.));
#1281 = PCURVE('',#222,#1282);
#1282 = DEFINITIONAL_REPRESENTATION('',(#1283),#1287);
#1283 = LINE('',#1284,#1285);
#1284 = CARTESIAN_POINT('',(1.570796326795,0.4));
#1285 = VECTOR('',#1286,1.);
#1286 = DIRECTION('',(-1.,-0.));
#1287 = ( GEOMETRIC_REPRESENTATION_CONTEXT(2) 
PARAMETRIC_REPRESENTATION_CONTEXT() REPRESENTATION_CONTEXT('2D SPACE',''
  ) );
#1288 = PCURVE('',#1289,#1294);
#1289 = CONICAL_SURFACE('',#1290,1.5,0.785398163397);
#1290 = AXIS2_PLACEMENT_3D('',#1291,#1292,#1293);
#1291 = CARTESIAN_POINT('',(-10.75,-0.3,-19.35));
#1292 = DIRECTION('',(0.,0.,1.));
#1293 = DIRECTION('',(0.,-1.,0.));
#1294 = DEFINITIONAL_REPRESENTATION('',(#1295),#1299);
#1295 = LINE('',#1296,#1297);
#1296 = CARTESIAN_POINT('',(-0.,-0.));
#1297 = VECTOR('',#1298,1.);
#1298 = DIRECTION('',(-1.,-0.));
#1299 = ( GEOMETRIC_REPRESENTATION_CONTEXT(2) 
PARAMETRIC_REPRESENTATION_CONTEXT() REPRESENTATION_CONTEXT('2D SPACE',''
  ) );
#1300 = ORIENTED_EDGE('',*,*,#1301,.T.);
#1301 = EDGE_CURVE('',#1273,#1302,#1304,.T.);
#1302 = VERTEX_POINT('',#1303);
#1303 = CARTESIAN_POINT('',(-10.75,-1.8,-12.8729833462));
#1304 = SURFACE_CURVE('',#1305,(#1309,#1316),.PCURVE_S1.);
#1305 = LINE('',#1306,#1307);
#1306 = CARTESIAN_POINT('',(-10.75,-1.8,-19.75));
#1307 = VECTOR('',#1308,1.);
#1308 = DIRECTION('',(0.,0.,1.));
#1309 = PCURVE('',#222,#1310);
#1310 = DEFINITIONAL_REPRESENTATION('',(#1311),#1315);
#1311 = LINE('',#1312,#1313);
#1312 = CARTESIAN_POINT('',(1.570796326795,0.));
#1313 = VECTOR('',#1314,1.);
#1314 = DIRECTION('',(0.,1.));
#1315 = ( GEOMETRIC_REPRESENTATION_CONTEXT(2) 
PARAMETRIC_REPRESENTATION_CONTEXT() REPRESENTATION_CONTEXT('2D SPACE',''
  ) );
#1316 = PCURVE('',#419,#1317);
#1317 = DEFINITIONAL_REPRESENTATION('',(#1318),#1322);
#1318 = LINE('',#1319,#1320);
#1319 = CARTESIAN_POINT('',(-5.5,3.5));
#1320 = VECTOR('',#1321,1.);
#1321 = DIRECTION('',(1.,0.));
#1322 = ( GEOMETRIC_REPRESENTATION_CONTEXT(2) 
PARAMETRIC_REPRESENTATION_CONTEXT() REPRESENTATION_CONTEXT('2D SPACE',''
  ) );
#1323 = ORIENTED_EDGE('',*,*,#1324,.F.);
#1324 = EDGE_CURVE('',#170,#1302,#1325,.T.);
#1325 = SURFACE_CURVE('',#1326,(#1344,#1365),.PCURVE_S1.);
#1326 = B_SPLINE_CURVE_WITH_KNOTS('',6,(#1327,#1328,#1329,#1330,#1331,
    #1332,#1333,#1334,#1335,#1336,#1337,#1338,#1339,#1340,#1341,#1342,
    #1343),.UNSPECIFIED.,.F.,.F.,(7,5,5,7),(0.,0.336833868094,
    0.52805748107,1.),.UNSPECIFIED.);
#1327 = CARTESIAN_POINT('',(-12.16421356237,-0.8,-13.1893021533));
#1328 = CARTESIAN_POINT('',(-12.13067772013,-0.89485368585,
    -13.21463204429));
#1329 = CARTESIAN_POINT('',(-12.08859295132,-0.989595734152,
    -13.23238262781));
#1330 = CARTESIAN_POINT('',(-12.03777632618,-1.082252588384,
    -13.24265119586));
#1331 = CARTESIAN_POINT('',(-11.97861573316,-1.171064780577,
    -13.24583758381));
#1332 = CARTESIAN_POINT('',(-11.91190767619,-1.254615551498,
    -13.24245767305));
#1333 = CARTESIAN_POINT('',(-11.79716753748,-1.375680532118,
    -13.22785683328));
#1334 = CARTESIAN_POINT('',(-11.753516165,-1.417494980391,
    -13.22065546409));
#1335 = CARTESIAN_POINT('',(-11.70794540668,-1.457098598316,
    -13.2116522612));
#1336 = CARTESIAN_POINT('',(-11.66065000937,-1.4943510531,
    -13.20096512367));
#1337 = CARTESIAN_POINT('',(-11.61182862389,-1.529149442618,
    -13.18871352921));
#1338 = CARTESIAN_POINT('',(-11.43789343903,-1.641069797034,
    -13.14120475405));
#1339 = CARTESIAN_POINT('',(-11.30602084334,-1.705312998055,
    -13.09858520783));
#1340 = CARTESIAN_POINT('',(-11.16891295545,-1.753124462233,
    -13.04890931456));
#1341 = CARTESIAN_POINT('',(-11.02921252817,-1.7845397994,
    -12.99381291973));
#1342 = CARTESIAN_POINT('',(-10.88902119855,-1.799999704419,
    -12.93472690512));
#1343 = CARTESIAN_POINT('',(-10.75,-1.8,-12.8729833462));
#1344 = PCURVE('',#222,#1345);
#1345 = DEFINITIONAL_REPRESENTATION('',(#1346),#1364);
#1346 = B_SPLINE_CURVE_WITH_KNOTS('',6,(#1347,#1348,#1349,#1350,#1351,
    #1352,#1353,#1354,#1355,#1356,#1357,#1358,#1359,#1360,#1361,#1362,
    #1363),.UNSPECIFIED.,.F.,.F.,(7,5,5,7),(0.,0.336833868094,
    0.52805748107,1.),.UNSPECIFIED.);
#1347 = CARTESIAN_POINT('',(0.339836909454,6.560697846694));
#1348 = CARTESIAN_POINT('',(0.406908593939,6.535367955708));
#1349 = CARTESIAN_POINT('',(0.475809888592,6.517617372181));
#1350 = CARTESIAN_POINT('',(0.545883930275,6.507348804138));
#1351 = CARTESIAN_POINT('',(0.616630841377,6.504162416188));
#1352 = CARTESIAN_POINT('',(0.687651003419,6.507542326941));
#1353 = CARTESIAN_POINT('',(0.798850581686,6.522143166715));
#1354 = CARTESIAN_POINT('',(0.839101775206,6.52934453591));
#1355 = CARTESIAN_POINT('',(0.879281260397,6.538347738791));
#1356 = CARTESIAN_POINT('',(0.919348091273,6.549034876329));
#1357 = CARTESIAN_POINT('',(0.959272312715,6.561286470783));
#1358 = CARTESIAN_POINT('',(1.097160535182,6.608795245941));
#1359 = CARTESIAN_POINT('',(1.194267478164,6.651414792167));
#1360 = CARTESIAN_POINT('',(1.290085373115,6.701090685435));
#1361 = CARTESIAN_POINT('',(1.384655826799,6.756187080262));
#1362 = CARTESIAN_POINT('',(1.478115256814,6.815273094875));
#1363 = CARTESIAN_POINT('',(1.570796326795,6.877016653793));
#1364 = ( GEOMETRIC_REPRESENTATION_CONTEXT(2) 
PARAMETRIC_REPRESENTATION_CONTEXT() REPRESENTATION_CONTEXT('2D SPACE',''
  ) );
#1365 = PCURVE('',#186,#1366);
#1366 = DEFINITIONAL_REPRESENTATION('',(#1367),#1385);
#1367 = B_SPLINE_CURVE_WITH_KNOTS('',6,(#1368,#1369,#1370,#1371,#1372,
    #1373,#1374,#1375,#1376,#1377,#1378,#1379,#1380,#1381,#1382,#1383,
    #1384),.UNSPECIFIED.,.F.,.F.,(7,5,5,7),(0.,0.336833868094,
    0.52805748107,1.),.UNSPECIFIED.);
#1368 = CARTESIAN_POINT('',(-0.923906724295,6.28318530718));
#1369 = CARTESIAN_POINT('',(-0.931911838516,6.18833162133));
#1370 = CARTESIAN_POINT('',(-0.940346216091,6.093589961937));
#1371 = CARTESIAN_POINT('',(-0.949323819832,5.999394987447));
#1372 = CARTESIAN_POINT('',(-0.958919770832,5.905998105419));
#1373 = CARTESIAN_POINT('',(-0.969171540158,5.813604215011));
#1374 = CARTESIAN_POINT('',(-0.986273195433,5.670644200728));
#1375 = CARTESIAN_POINT('',(-0.99267964022,5.619247732528));
#1376 = CARTESIAN_POINT('',(-0.999301692741,5.568246698288));
#1377 = CARTESIAN_POINT('',(-1.006139561569,5.517651830968));
#1378 = CARTESIAN_POINT('',(-1.013191987145,5.46746501909));
#1379 = CARTESIAN_POINT('',(-1.038386079643,5.2948168917));
#1380 = CARTESIAN_POINT('',(-1.057604672355,5.174437635893));
#1381 = CARTESIAN_POINT('',(-1.078086360706,5.056407342712));
#1382 = CARTESIAN_POINT('',(-1.09977164859,4.940363703511));
#1383 = CARTESIAN_POINT('',(-1.122579568307,4.825899626884));
#1384 = CARTESIAN_POINT('',(-1.146406618202,4.712388980385));
#1385 = ( GEOMETRIC_REPRESENTATION_CONTEXT(2) 
PARAMETRIC_REPRESENTATION_CONTEXT() REPRESENTATION_CONTEXT('2D SPACE',''
  ) );
#1386 = ORIENTED_EDGE('',*,*,#198,.F.);
#1387 = ADVANCED_FACE('',(#1388),#186,.T.);
#1388 = FACE_BOUND('',#1389,.F.);
#1389 = EDGE_LOOP('',(#1390,#1391,#1417,#1418));
#1390 = ORIENTED_EDGE('',*,*,#458,.F.);
#1391 = ORIENTED_EDGE('',*,*,#1392,.T.);
#1392 = EDGE_CURVE('',#404,#1302,#1393,.T.);
#1393 = SURFACE_CURVE('',#1394,(#1399,#1406),.PCURVE_S1.);
#1394 = CIRCLE('',#1395,4.25);
#1395 = AXIS2_PLACEMENT_3D('',#1396,#1397,#1398);
#1396 = CARTESIAN_POINT('',(-9.,-1.8,-9.));
#1397 = DIRECTION('',(-0.,-1.,-0.));
#1398 = DIRECTION('',(-1.,0.,0.));
#1399 = PCURVE('',#186,#1400);
#1400 = DEFINITIONAL_REPRESENTATION('',(#1401),#1405);
#1401 = LINE('',#1402,#1403);
#1402 = CARTESIAN_POINT('',(-0.,4.712388980385));
#1403 = VECTOR('',#1404,1.);
#1404 = DIRECTION('',(-1.,0.));
#1405 = ( GEOMETRIC_REPRESENTATION_CONTEXT(2) 
PARAMETRIC_REPRESENTATION_CONTEXT() REPRESENTATION_CONTEXT('2D SPACE',''
  ) );
#1406 = PCURVE('',#419,#1407);
#1407 = DEFINITIONAL_REPRESENTATION('',(#1408),#1416);
#1408 = ( BOUNDED_CURVE() B_SPLINE_CURVE(2,(#1409,#1410,#1411,#1412,
#1413,#1414,#1415),.UNSPECIFIED.,.T.,.F.) B_SPLINE_CURVE_WITH_KNOTS((1,2
    ,2,2,2,1),(-2.094395102393,0.,2.094395102393,4.188790204786,
6.28318530718,8.377580409573),.UNSPECIFIED.) CURVE() 
GEOMETRIC_REPRESENTATION_ITEM() RATIONAL_B_SPLINE_CURVE((1.,0.5,1.,0.5,
1.,0.5,1.)) REPRESENTATION_ITEM('') );
#1409 = CARTESIAN_POINT('',(5.25,1.));
#1410 = CARTESIAN_POINT('',(-2.111215932168,1.));
#1411 = CARTESIAN_POINT('',(1.569392033916,7.375));
#1412 = CARTESIAN_POINT('',(5.25,13.75));
#1413 = CARTESIAN_POINT('',(8.930607966084,7.375));
#1414 = CARTESIAN_POINT('',(12.611215932168,1.));
#1415 = CARTESIAN_POINT('',(5.25,1.));
#1416 = ( GEOMETRIC_REPRESENTATION_CONTEXT(2) 
PARAMETRIC_REPRESENTATION_CONTEXT() REPRESENTATION_CONTEXT('2D SPACE',''
  ) );
#1417 = ORIENTED_EDGE('',*,*,#1324,.F.);
#1418 = ORIENTED_EDGE('',*,*,#169,.F.);
#1419 = ADVANCED_FACE('',(#1420,#1807,#1919,#2031,#2143,#2255,#2448,
    #2560,#2672,#2784,#3535),#419,.F.);
#1420 = FACE_BOUND('',#1421,.F.);
#1421 = EDGE_LOOP('',(#1422,#1447,#1470,#1496,#1497,#1498,#1499,#1500,
    #1521,#1547,#1575,#1608,#1636,#1669,#1697,#1730,#1758,#1786));
#1422 = ORIENTED_EDGE('',*,*,#1423,.F.);
#1423 = EDGE_CURVE('',#1424,#1426,#1428,.T.);
#1424 = VERTEX_POINT('',#1425);
#1425 = CARTESIAN_POINT('',(-6.75,-1.8,-13.25));
#1426 = VERTEX_POINT('',#1427);
#1427 = CARTESIAN_POINT('',(6.75,-1.8,-13.25));
#1428 = SURFACE_CURVE('',#1429,(#1433,#1440),.PCURVE_S1.);
#1429 = LINE('',#1430,#1431);
#1430 = CARTESIAN_POINT('',(-9.,-1.8,-13.25));
#1431 = VECTOR('',#1432,1.);
#1432 = DIRECTION('',(1.,0.,0.));
#1433 = PCURVE('',#419,#1434);
#1434 = DEFINITIONAL_REPRESENTATION('',(#1435),#1439);
#1435 = LINE('',#1436,#1437);
#1436 = CARTESIAN_POINT('',(1.,5.25));
#1437 = VECTOR('',#1438,1.);
#1438 = DIRECTION('',(0.,1.));
#1439 = ( GEOMETRIC_REPRESENTATION_CONTEXT(2) 
PARAMETRIC_REPRESENTATION_CONTEXT() REPRESENTATION_CONTEXT('2D SPACE',''
  ) );
#1440 = PCURVE('',#911,#1441);
#1441 = DEFINITIONAL_REPRESENTATION('',(#1442),#1446);
#1442 = LINE('',#1443,#1444);
#1443 = CARTESIAN_POINT('',(0.,0.));
#1444 = VECTOR('',#1445,1.);
#1445 = DIRECTION('',(0.,1.));
#1446 = ( GEOMETRIC_REPRESENTATION_CONTEXT(2) 
PARAMETRIC_REPRESENTATION_CONTEXT() REPRESENTATION_CONTEXT('2D SPACE',''
  ) );
#1447 = ORIENTED_EDGE('',*,*,#1448,.F.);
#1448 = EDGE_CURVE('',#1449,#1424,#1451,.T.);
#1449 = VERTEX_POINT('',#1450);
#1450 = CARTESIAN_POINT('',(-6.75,-1.8,-19.35));
#1451 = SURFACE_CURVE('',#1452,(#1456,#1463),.PCURVE_S1.);
#1452 = LINE('',#1453,#1454);
#1453 = CARTESIAN_POINT('',(-6.75,-1.8,-19.75));
#1454 = VECTOR('',#1455,1.);
#1455 = DIRECTION('',(0.,0.,1.));
#1456 = PCURVE('',#419,#1457);
#1457 = DEFINITIONAL_REPRESENTATION('',(#1458),#1462);
#1458 = LINE('',#1459,#1460);
#1459 = CARTESIAN_POINT('',(-5.5,7.5));
#1460 = VECTOR('',#1461,1.);
#1461 = DIRECTION('',(1.,0.));
#1462 = ( GEOMETRIC_REPRESENTATION_CONTEXT(2) 
PARAMETRIC_REPRESENTATION_CONTEXT() REPRESENTATION_CONTEXT('2D SPACE',''
  ) );
#1463 = PCURVE('',#883,#1464);
#1464 = DEFINITIONAL_REPRESENTATION('',(#1465),#1469);
#1465 = LINE('',#1466,#1467);
#1466 = CARTESIAN_POINT('',(-1.570796326795,0.));
#1467 = VECTOR('',#1468,1.);
#1468 = DIRECTION('',(-0.,1.));
#1469 = ( GEOMETRIC_REPRESENTATION_CONTEXT(2) 
PARAMETRIC_REPRESENTATION_CONTEXT() REPRESENTATION_CONTEXT('2D SPACE',''
  ) );
#1470 = ORIENTED_EDGE('',*,*,#1471,.T.);
#1471 = EDGE_CURVE('',#1449,#1273,#1472,.T.);
#1472 = SURFACE_CURVE('',#1473,(#1477,#1484),.PCURVE_S1.);
#1473 = LINE('',#1474,#1475);
#1474 = CARTESIAN_POINT('',(-6.75,-1.8,-19.35));
#1475 = VECTOR('',#1476,1.);
#1476 = DIRECTION('',(-1.,-0.,-0.));
#1477 = PCURVE('',#419,#1478);
#1478 = DEFINITIONAL_REPRESENTATION('',(#1479),#1483);
#1479 = LINE('',#1480,#1481);
#1480 = CARTESIAN_POINT('',(-5.1,7.5));
#1481 = VECTOR('',#1482,1.);
#1482 = DIRECTION('',(0.,-1.));
#1483 = ( GEOMETRIC_REPRESENTATION_CONTEXT(2) 
PARAMETRIC_REPRESENTATION_CONTEXT() REPRESENTATION_CONTEXT('2D SPACE',''
  ) );
#1484 = PCURVE('',#1485,#1490);
#1485 = PLANE('',#1486);
#1486 = AXIS2_PLACEMENT_3D('',#1487,#1488,#1489);
#1487 = CARTESIAN_POINT('',(-6.75,-1.6,-19.55));
#1488 = DIRECTION('',(0.,-0.707106781187,-0.707106781187));
#1489 = DIRECTION('',(-1.,-0.,0.));
#1490 = DEFINITIONAL_REPRESENTATION('',(#1491),#1495);
#1491 = LINE('',#1492,#1493);
#1492 = CARTESIAN_POINT('',(0.,-0.282842712475));
#1493 = VECTOR('',#1494,1.);
#1494 = DIRECTION('',(1.,0.));
#1495 = ( GEOMETRIC_REPRESENTATION_CONTEXT(2) 
PARAMETRIC_REPRESENTATION_CONTEXT() REPRESENTATION_CONTEXT('2D SPACE',''
  ) );
#1496 = ORIENTED_EDGE('',*,*,#1301,.T.);
#1497 = ORIENTED_EDGE('',*,*,#1392,.F.);
#1498 = ORIENTED_EDGE('',*,*,#401,.F.);
#1499 = ORIENTED_EDGE('',*,*,#481,.T.);
#1500 = ORIENTED_EDGE('',*,*,#1501,.F.);
#1501 = EDGE_CURVE('',#1502,#482,#1504,.T.);
#1502 = VERTEX_POINT('',#1503);
#1503 = CARTESIAN_POINT('',(-10.4,-1.8,7.5));
#1504 = SURFACE_CURVE('',#1505,(#1509,#1515),.PCURVE_S1.);
#1505 = LINE('',#1506,#1507);
#1506 = CARTESIAN_POINT('',(-10.4,-1.8,-10.875));
#1507 = VECTOR('',#1508,1.);
#1508 = DIRECTION('',(0.,0.,-1.));
#1509 = PCURVE('',#419,#1510);
#1510 = DEFINITIONAL_REPRESENTATION('',(#1511),#1514);
#1511 = B_SPLINE_CURVE_WITH_KNOTS('',1,(#1512,#1513),.UNSPECIFIED.,.F.,
  .F.,(2,2),(-18.375,-3.375),.PIECEWISE_BEZIER_KNOTS.);
#1512 = CARTESIAN_POINT('',(21.75,3.85));
#1513 = CARTESIAN_POINT('',(6.75,3.85));
#1514 = ( GEOMETRIC_REPRESENTATION_CONTEXT(2) 
PARAMETRIC_REPRESENTATION_CONTEXT() REPRESENTATION_CONTEXT('2D SPACE',''
  ) );
#1515 = PCURVE('',#518,#1516);
#1516 = DEFINITIONAL_REPRESENTATION('',(#1517),#1520);
#1517 = B_SPLINE_CURVE_WITH_KNOTS('',1,(#1518,#1519),.UNSPECIFIED.,.F.,
  .F.,(2,2),(-18.375,-3.375),.PIECEWISE_BEZIER_KNOTS.);
#1518 = CARTESIAN_POINT('',(15.,-2.));
#1519 = CARTESIAN_POINT('',(0.,-2.));
#1520 = ( GEOMETRIC_REPRESENTATION_CONTEXT(2) 
PARAMETRIC_REPRESENTATION_CONTEXT() REPRESENTATION_CONTEXT('2D SPACE',''
  ) );
#1521 = ORIENTED_EDGE('',*,*,#1522,.F.);
#1522 = EDGE_CURVE('',#1523,#1502,#1525,.T.);
#1523 = VERTEX_POINT('',#1524);
#1524 = CARTESIAN_POINT('',(-13.25,-1.8,7.5));
#1525 = SURFACE_CURVE('',#1526,(#1530,#1536),.PCURVE_S1.);
#1526 = LINE('',#1527,#1528);
#1527 = CARTESIAN_POINT('',(-15.25,-1.8,7.5));
#1528 = VECTOR('',#1529,1.);
#1529 = DIRECTION('',(1.,0.,0.));
#1530 = PCURVE('',#419,#1531);
#1531 = DEFINITIONAL_REPRESENTATION('',(#1532),#1535);
#1532 = B_SPLINE_CURVE_WITH_KNOTS('',1,(#1533,#1534),.UNSPECIFIED.,.F.,
  .F.,(2,2),(2.,4.85),.PIECEWISE_BEZIER_KNOTS.);
#1533 = CARTESIAN_POINT('',(21.75,1.));
#1534 = CARTESIAN_POINT('',(21.75,3.85));
#1535 = ( GEOMETRIC_REPRESENTATION_CONTEXT(2) 
PARAMETRIC_REPRESENTATION_CONTEXT() REPRESENTATION_CONTEXT('2D SPACE',''
  ) );
#1536 = PCURVE('',#1537,#1542);
#1537 = PLANE('',#1538);
#1538 = AXIS2_PLACEMENT_3D('',#1539,#1540,#1541);
#1539 = CARTESIAN_POINT('',(-16.25,-3.8,7.5));
#1540 = DIRECTION('',(0.,0.,1.));
#1541 = DIRECTION('',(1.,0.,0.));
#1542 = DEFINITIONAL_REPRESENTATION('',(#1543),#1546);
#1543 = B_SPLINE_CURVE_WITH_KNOTS('',1,(#1544,#1545),.UNSPECIFIED.,.F.,
  .F.,(2,2),(2.,4.85),.PIECEWISE_BEZIER_KNOTS.);
#1544 = CARTESIAN_POINT('',(3.,2.));
#1545 = CARTESIAN_POINT('',(5.85,2.));
#1546 = ( GEOMETRIC_REPRESENTATION_CONTEXT(2) 
PARAMETRIC_REPRESENTATION_CONTEXT() REPRESENTATION_CONTEXT('2D SPACE',''
  ) );
#1547 = ORIENTED_EDGE('',*,*,#1548,.F.);
#1548 = EDGE_CURVE('',#1549,#1523,#1551,.T.);
#1549 = VERTEX_POINT('',#1550);
#1550 = CARTESIAN_POINT('',(-13.25,-1.8,9.));
#1551 = SURFACE_CURVE('',#1552,(#1556,#1563),.PCURVE_S1.);
#1552 = LINE('',#1553,#1554);
#1553 = CARTESIAN_POINT('',(-13.25,-1.8,9.));
#1554 = VECTOR('',#1555,1.);
#1555 = DIRECTION('',(-0.,-0.,-1.));
#1556 = PCURVE('',#419,#1557);
#1557 = DEFINITIONAL_REPRESENTATION('',(#1558),#1562);
#1558 = LINE('',#1559,#1560);
#1559 = CARTESIAN_POINT('',(23.25,1.));
#1560 = VECTOR('',#1561,1.);
#1561 = DIRECTION('',(-1.,0.));
#1562 = ( GEOMETRIC_REPRESENTATION_CONTEXT(2) 
PARAMETRIC_REPRESENTATION_CONTEXT() REPRESENTATION_CONTEXT('2D SPACE',''
  ) );
#1563 = PCURVE('',#1564,#1569);
#1564 = CYLINDRICAL_SURFACE('',#1565,1.);
#1565 = AXIS2_PLACEMENT_3D('',#1566,#1567,#1568);
#1566 = CARTESIAN_POINT('',(-13.25,-0.8,9.));
#1567 = DIRECTION('',(-0.,-0.,-1.));
#1568 = DIRECTION('',(0.,-1.,0.));
#1569 = DEFINITIONAL_REPRESENTATION('',(#1570),#1574);
#1570 = LINE('',#1571,#1572);
#1571 = CARTESIAN_POINT('',(0.,0.));
#1572 = VECTOR('',#1573,1.);
#1573 = DIRECTION('',(0.,1.));
#1574 = ( GEOMETRIC_REPRESENTATION_CONTEXT(2) 
PARAMETRIC_REPRESENTATION_CONTEXT() REPRESENTATION_CONTEXT('2D SPACE',''
  ) );
#1575 = ORIENTED_EDGE('',*,*,#1576,.F.);
#1576 = EDGE_CURVE('',#1577,#1549,#1579,.T.);
#1577 = VERTEX_POINT('',#1578);
#1578 = CARTESIAN_POINT('',(-9.,-1.8,13.25));
#1579 = SURFACE_CURVE('',#1580,(#1585,#1596),.PCURVE_S1.);
#1580 = CIRCLE('',#1581,4.25);
#1581 = AXIS2_PLACEMENT_3D('',#1582,#1583,#1584);
#1582 = CARTESIAN_POINT('',(-9.,-1.8,9.));
#1583 = DIRECTION('',(-0.,-1.,0.));
#1584 = DIRECTION('',(-3.383536836953E-16,0.,1.));
#1585 = PCURVE('',#419,#1586);
#1586 = DEFINITIONAL_REPRESENTATION('',(#1587),#1595);
#1587 = ( BOUNDED_CURVE() B_SPLINE_CURVE(2,(#1588,#1589,#1590,#1591,
#1592,#1593,#1594),.UNSPECIFIED.,.T.,.F.) B_SPLINE_CURVE_WITH_KNOTS((1,2
    ,2,2,2,1),(-2.094395102393,0.,2.094395102393,4.188790204786,
6.28318530718,8.377580409573),.UNSPECIFIED.) CURVE() 
GEOMETRIC_REPRESENTATION_ITEM() RATIONAL_B_SPLINE_CURVE((1.,0.5,1.,0.5,
1.,0.5,1.)) REPRESENTATION_ITEM('') );
#1588 = CARTESIAN_POINT('',(27.5,5.25));
#1589 = CARTESIAN_POINT('',(27.5,-2.111215932168));
#1590 = CARTESIAN_POINT('',(21.125,1.569392033916));
#1591 = CARTESIAN_POINT('',(14.75,5.25));
#1592 = CARTESIAN_POINT('',(21.125,8.930607966084));
#1593 = CARTESIAN_POINT('',(27.5,12.611215932168));
#1594 = CARTESIAN_POINT('',(27.5,5.25));
#1595 = ( GEOMETRIC_REPRESENTATION_CONTEXT(2) 
PARAMETRIC_REPRESENTATION_CONTEXT() REPRESENTATION_CONTEXT('2D SPACE',''
  ) );
#1596 = PCURVE('',#1597,#1602);
#1597 = TOROIDAL_SURFACE('',#1598,4.25,1.);
#1598 = AXIS2_PLACEMENT_3D('',#1599,#1600,#1601);
#1599 = CARTESIAN_POINT('',(-9.,-0.8,9.));
#1600 = DIRECTION('',(0.,1.,0.));
#1601 = DIRECTION('',(-3.383536836953E-16,0.,1.));
#1602 = DEFINITIONAL_REPRESENTATION('',(#1603),#1607);
#1603 = LINE('',#1604,#1605);
#1604 = CARTESIAN_POINT('',(-0.,4.712388980385));
#1605 = VECTOR('',#1606,1.);
#1606 = DIRECTION('',(-1.,0.));
#1607 = ( GEOMETRIC_REPRESENTATION_CONTEXT(2) 
PARAMETRIC_REPRESENTATION_CONTEXT() REPRESENTATION_CONTEXT('2D SPACE',''
  ) );
#1608 = ORIENTED_EDGE('',*,*,#1609,.F.);
#1609 = EDGE_CURVE('',#1610,#1577,#1612,.T.);
#1610 = VERTEX_POINT('',#1611);
#1611 = CARTESIAN_POINT('',(9.,-1.8,13.25));
#1612 = SURFACE_CURVE('',#1613,(#1617,#1624),.PCURVE_S1.);
#1613 = LINE('',#1614,#1615);
#1614 = CARTESIAN_POINT('',(9.,-1.8,13.25));
#1615 = VECTOR('',#1616,1.);
#1616 = DIRECTION('',(-1.,-0.,-0.));
#1617 = PCURVE('',#419,#1618);
#1618 = DEFINITIONAL_REPRESENTATION('',(#1619),#1623);
#1619 = LINE('',#1620,#1621);
#1620 = CARTESIAN_POINT('',(27.5,23.25));
#1621 = VECTOR('',#1622,1.);
#1622 = DIRECTION('',(0.,-1.));
#1623 = ( GEOMETRIC_REPRESENTATION_CONTEXT(2) 
PARAMETRIC_REPRESENTATION_CONTEXT() REPRESENTATION_CONTEXT('2D SPACE',''
  ) );
#1624 = PCURVE('',#1625,#1630);
#1625 = CYLINDRICAL_SURFACE('',#1626,1.);
#1626 = AXIS2_PLACEMENT_3D('',#1627,#1628,#1629);
#1627 = CARTESIAN_POINT('',(9.,-0.8,13.25));
#1628 = DIRECTION('',(-1.,-0.,-0.));
#1629 = DIRECTION('',(0.,-1.,0.));
#1630 = DEFINITIONAL_REPRESENTATION('',(#1631),#1635);
#1631 = LINE('',#1632,#1633);
#1632 = CARTESIAN_POINT('',(0.,0.));
#1633 = VECTOR('',#1634,1.);
#1634 = DIRECTION('',(0.,1.));
#1635 = ( GEOMETRIC_REPRESENTATION_CONTEXT(2) 
PARAMETRIC_REPRESENTATION_CONTEXT() REPRESENTATION_CONTEXT('2D SPACE',''
  ) );
#1636 = ORIENTED_EDGE('',*,*,#1637,.F.);
#1637 = EDGE_CURVE('',#1638,#1610,#1640,.T.);
#1638 = VERTEX_POINT('',#1639);
#1639 = CARTESIAN_POINT('',(13.25,-1.8,9.));
#1640 = SURFACE_CURVE('',#1641,(#1646,#1657),.PCURVE_S1.);
#1641 = CIRCLE('',#1642,4.25);
#1642 = AXIS2_PLACEMENT_3D('',#1643,#1644,#1645);
#1643 = CARTESIAN_POINT('',(9.,-1.8,9.));
#1644 = DIRECTION('',(-0.,-1.,0.));
#1645 = DIRECTION('',(1.,-0.,0.));
#1646 = PCURVE('',#419,#1647);
#1647 = DEFINITIONAL_REPRESENTATION('',(#1648),#1656);
#1648 = ( BOUNDED_CURVE() B_SPLINE_CURVE(2,(#1649,#1650,#1651,#1652,
#1653,#1654,#1655),.UNSPECIFIED.,.T.,.F.) B_SPLINE_CURVE_WITH_KNOTS((1,2
    ,2,2,2,1),(-2.094395102393,0.,2.094395102393,4.188790204786,
6.28318530718,8.377580409573),.UNSPECIFIED.) CURVE() 
GEOMETRIC_REPRESENTATION_ITEM() RATIONAL_B_SPLINE_CURVE((1.,0.5,1.,0.5,
1.,0.5,1.)) REPRESENTATION_ITEM('') );
#1649 = CARTESIAN_POINT('',(23.25,27.5));
#1650 = CARTESIAN_POINT('',(30.611215932168,27.5));
#1651 = CARTESIAN_POINT('',(26.930607966084,21.125));
#1652 = CARTESIAN_POINT('',(23.25,14.75));
#1653 = CARTESIAN_POINT('',(19.569392033916,21.125));
#1654 = CARTESIAN_POINT('',(15.888784067832,27.5));
#1655 = CARTESIAN_POINT('',(23.25,27.5));
#1656 = ( GEOMETRIC_REPRESENTATION_CONTEXT(2) 
PARAMETRIC_REPRESENTATION_CONTEXT() REPRESENTATION_CONTEXT('2D SPACE',''
  ) );
#1657 = PCURVE('',#1658,#1663);
#1658 = TOROIDAL_SURFACE('',#1659,4.25,1.);
#1659 = AXIS2_PLACEMENT_3D('',#1660,#1661,#1662);
#1660 = CARTESIAN_POINT('',(9.,-0.8,9.));
#1661 = DIRECTION('',(0.,1.,0.));
#1662 = DIRECTION('',(1.,-0.,0.));
#1663 = DEFINITIONAL_REPRESENTATION('',(#1664),#1668);
#1664 = LINE('',#1665,#1666);
#1665 = CARTESIAN_POINT('',(-0.,4.712388980385));
#1666 = VECTOR('',#1667,1.);
#1667 = DIRECTION('',(-1.,0.));
#1668 = ( GEOMETRIC_REPRESENTATION_CONTEXT(2) 
PARAMETRIC_REPRESENTATION_CONTEXT() REPRESENTATION_CONTEXT('2D SPACE',''
  ) );
#1669 = ORIENTED_EDGE('',*,*,#1670,.F.);
#1670 = EDGE_CURVE('',#1671,#1638,#1673,.T.);
#1671 = VERTEX_POINT('',#1672);
#1672 = CARTESIAN_POINT('',(13.25,-1.8,-9.));
#1673 = SURFACE_CURVE('',#1674,(#1678,#1685),.PCURVE_S1.);
#1674 = LINE('',#1675,#1676);
#1675 = CARTESIAN_POINT('',(13.25,-1.8,-9.));
#1676 = VECTOR('',#1677,1.);
#1677 = DIRECTION('',(0.,0.,1.));
#1678 = PCURVE('',#419,#1679);
#1679 = DEFINITIONAL_REPRESENTATION('',(#1680),#1684);
#1680 = LINE('',#1681,#1682);
#1681 = CARTESIAN_POINT('',(5.25,27.5));
#1682 = VECTOR('',#1683,1.);
#1683 = DIRECTION('',(1.,0.));
#1684 = ( GEOMETRIC_REPRESENTATION_CONTEXT(2) 
PARAMETRIC_REPRESENTATION_CONTEXT() REPRESENTATION_CONTEXT('2D SPACE',''
  ) );
#1685 = PCURVE('',#1686,#1691);
#1686 = CYLINDRICAL_SURFACE('',#1687,1.);
#1687 = AXIS2_PLACEMENT_3D('',#1688,#1689,#1690);
#1688 = CARTESIAN_POINT('',(13.25,-0.8,-9.));
#1689 = DIRECTION('',(0.,0.,1.));
#1690 = DIRECTION('',(0.,-1.,0.));
#1691 = DEFINITIONAL_REPRESENTATION('',(#1692),#1696);
#1692 = LINE('',#1693,#1694);
#1693 = CARTESIAN_POINT('',(0.,0.));
#1694 = VECTOR('',#1695,1.);
#1695 = DIRECTION('',(0.,1.));
#1696 = ( GEOMETRIC_REPRESENTATION_CONTEXT(2) 
PARAMETRIC_REPRESENTATION_CONTEXT() REPRESENTATION_CONTEXT('2D SPACE',''
  ) );
#1697 = ORIENTED_EDGE('',*,*,#1698,.F.);
#1698 = EDGE_CURVE('',#1699,#1671,#1701,.T.);
#1699 = VERTEX_POINT('',#1700);
#1700 = CARTESIAN_POINT('',(10.75,-1.8,-12.8729833462));
#1701 = SURFACE_CURVE('',#1702,(#1707,#1718),.PCURVE_S1.);
#1702 = CIRCLE('',#1703,4.25);
#1703 = AXIS2_PLACEMENT_3D('',#1704,#1705,#1706);
#1704 = CARTESIAN_POINT('',(9.,-1.8,-9.));
#1705 = DIRECTION('',(0.,-1.,-0.));
#1706 = DIRECTION('',(0.,0.,-1.));
#1707 = PCURVE('',#419,#1708);
#1708 = DEFINITIONAL_REPRESENTATION('',(#1709),#1717);
#1709 = ( BOUNDED_CURVE() B_SPLINE_CURVE(2,(#1710,#1711,#1712,#1713,
#1714,#1715,#1716),.UNSPECIFIED.,.T.,.F.) B_SPLINE_CURVE_WITH_KNOTS((1,2
    ,2,2,2,1),(-2.094395102393,0.,2.094395102393,4.188790204786,
6.28318530718,8.377580409573),.UNSPECIFIED.) CURVE() 
GEOMETRIC_REPRESENTATION_ITEM() RATIONAL_B_SPLINE_CURVE((1.,0.5,1.,0.5,
1.,0.5,1.)) REPRESENTATION_ITEM('') );
#1710 = CARTESIAN_POINT('',(1.,23.25));
#1711 = CARTESIAN_POINT('',(1.,30.611215932168));
#1712 = CARTESIAN_POINT('',(7.375,26.930607966084));
#1713 = CARTESIAN_POINT('',(13.75,23.25));
#1714 = CARTESIAN_POINT('',(7.375,19.569392033916));
#1715 = CARTESIAN_POINT('',(1.,15.888784067832));
#1716 = CARTESIAN_POINT('',(1.,23.25));
#1717 = ( GEOMETRIC_REPRESENTATION_CONTEXT(2) 
PARAMETRIC_REPRESENTATION_CONTEXT() REPRESENTATION_CONTEXT('2D SPACE',''
  ) );
#1718 = PCURVE('',#1719,#1724);
#1719 = TOROIDAL_SURFACE('',#1720,4.25,1.);
#1720 = AXIS2_PLACEMENT_3D('',#1721,#1722,#1723);
#1721 = CARTESIAN_POINT('',(9.,-0.8,-9.));
#1722 = DIRECTION('',(0.,1.,0.));
#1723 = DIRECTION('',(0.,0.,-1.));
#1724 = DEFINITIONAL_REPRESENTATION('',(#1725),#1729);
#1725 = LINE('',#1726,#1727);
#1726 = CARTESIAN_POINT('',(-0.,4.712388980385));
#1727 = VECTOR('',#1728,1.);
#1728 = DIRECTION('',(-1.,0.));
#1729 = ( GEOMETRIC_REPRESENTATION_CONTEXT(2) 
PARAMETRIC_REPRESENTATION_CONTEXT() REPRESENTATION_CONTEXT('2D SPACE',''
  ) );
#1730 = ORIENTED_EDGE('',*,*,#1731,.F.);
#1731 = EDGE_CURVE('',#1732,#1699,#1734,.T.);
#1732 = VERTEX_POINT('',#1733);
#1733 = CARTESIAN_POINT('',(10.75,-1.8,-19.35));
#1734 = SURFACE_CURVE('',#1735,(#1739,#1746),.PCURVE_S1.);
#1735 = LINE('',#1736,#1737);
#1736 = CARTESIAN_POINT('',(10.75,-1.8,-19.75));
#1737 = VECTOR('',#1738,1.);
#1738 = DIRECTION('',(0.,0.,1.));
#1739 = PCURVE('',#419,#1740);
#1740 = DEFINITIONAL_REPRESENTATION('',(#1741),#1745);
#1741 = LINE('',#1742,#1743);
#1742 = CARTESIAN_POINT('',(-5.5,25.));
#1743 = VECTOR('',#1744,1.);
#1744 = DIRECTION('',(1.,0.));
#1745 = ( GEOMETRIC_REPRESENTATION_CONTEXT(2) 
PARAMETRIC_REPRESENTATION_CONTEXT() REPRESENTATION_CONTEXT('2D SPACE',''
  ) );
#1746 = PCURVE('',#1747,#1752);
#1747 = CYLINDRICAL_SURFACE('',#1748,1.5);
#1748 = AXIS2_PLACEMENT_3D('',#1749,#1750,#1751);
#1749 = CARTESIAN_POINT('',(10.75,-0.3,-19.75));
#1750 = DIRECTION('',(0.,0.,1.));
#1751 = DIRECTION('',(1.,0.,-0.));
#1752 = DEFINITIONAL_REPRESENTATION('',(#1753),#1757);
#1753 = LINE('',#1754,#1755);
#1754 = CARTESIAN_POINT('',(-1.570796326795,0.));
#1755 = VECTOR('',#1756,1.);
#1756 = DIRECTION('',(-0.,1.));
#1757 = ( GEOMETRIC_REPRESENTATION_CONTEXT(2) 
PARAMETRIC_REPRESENTATION_CONTEXT() REPRESENTATION_CONTEXT('2D SPACE',''
  ) );
#1758 = ORIENTED_EDGE('',*,*,#1759,.T.);
#1759 = EDGE_CURVE('',#1732,#1760,#1762,.T.);
#1760 = VERTEX_POINT('',#1761);
#1761 = CARTESIAN_POINT('',(6.75,-1.8,-19.35));
#1762 = SURFACE_CURVE('',#1763,(#1767,#1774),.PCURVE_S1.);
#1763 = LINE('',#1764,#1765);
#1764 = CARTESIAN_POINT('',(10.75,-1.8,-19.35));
#1765 = VECTOR('',#1766,1.);
#1766 = DIRECTION('',(-1.,-0.,-0.));
#1767 = PCURVE('',#419,#1768);
#1768 = DEFINITIONAL_REPRESENTATION('',(#1769),#1773);
#1769 = LINE('',#1770,#1771);
#1770 = CARTESIAN_POINT('',(-5.1,25.));
#1771 = VECTOR('',#1772,1.);
#1772 = DIRECTION('',(0.,-1.));
#1773 = ( GEOMETRIC_REPRESENTATION_CONTEXT(2) 
PARAMETRIC_REPRESENTATION_CONTEXT() REPRESENTATION_CONTEXT('2D SPACE',''
  ) );
#1774 = PCURVE('',#1775,#1780);
#1775 = PLANE('',#1776);
#1776 = AXIS2_PLACEMENT_3D('',#1777,#1778,#1779);
#1777 = CARTESIAN_POINT('',(10.75,-1.6,-19.55));
#1778 = DIRECTION('',(0.,-0.707106781187,-0.707106781187));
#1779 = DIRECTION('',(-1.,-0.,0.));
#1780 = DEFINITIONAL_REPRESENTATION('',(#1781),#1785);
#1781 = LINE('',#1782,#1783);
#1782 = CARTESIAN_POINT('',(0.,-0.282842712475));
#1783 = VECTOR('',#1784,1.);
#1784 = DIRECTION('',(1.,0.));
#1785 = ( GEOMETRIC_REPRESENTATION_CONTEXT(2) 
PARAMETRIC_REPRESENTATION_CONTEXT() REPRESENTATION_CONTEXT('2D SPACE',''
  ) );
#1786 = ORIENTED_EDGE('',*,*,#1787,.T.);
#1787 = EDGE_CURVE('',#1760,#1426,#1788,.T.);
#1788 = SURFACE_CURVE('',#1789,(#1793,#1800),.PCURVE_S1.);
#1789 = LINE('',#1790,#1791);
#1790 = CARTESIAN_POINT('',(6.75,-1.8,-19.75));
#1791 = VECTOR('',#1792,1.);
#1792 = DIRECTION('',(0.,0.,1.));
#1793 = PCURVE('',#419,#1794);
#1794 = DEFINITIONAL_REPRESENTATION('',(#1795),#1799);
#1795 = LINE('',#1796,#1797);
#1796 = CARTESIAN_POINT('',(-5.5,21.));
#1797 = VECTOR('',#1798,1.);
#1798 = DIRECTION('',(1.,0.));
#1799 = ( GEOMETRIC_REPRESENTATION_CONTEXT(2) 
PARAMETRIC_REPRESENTATION_CONTEXT() REPRESENTATION_CONTEXT('2D SPACE',''
  ) );
#1800 = PCURVE('',#940,#1801);
#1801 = DEFINITIONAL_REPRESENTATION('',(#1802),#1806);
#1802 = LINE('',#1803,#1804);
#1803 = CARTESIAN_POINT('',(1.570796326795,0.));
#1804 = VECTOR('',#1805,1.);
#1805 = DIRECTION('',(0.,1.));
#1806 = ( GEOMETRIC_REPRESENTATION_CONTEXT(2) 
PARAMETRIC_REPRESENTATION_CONTEXT() REPRESENTATION_CONTEXT('2D SPACE',''
  ) );
#1807 = FACE_BOUND('',#1808,.F.);
#1808 = EDGE_LOOP('',(#1809,#1837,#1866,#1892));
#1809 = ORIENTED_EDGE('',*,*,#1810,.F.);
#1810 = EDGE_CURVE('',#1811,#1813,#1815,.T.);
#1811 = VERTEX_POINT('',#1812);
#1812 = CARTESIAN_POINT('',(-7.50249223595,-1.8,-4.401246117975));
#1813 = VERTEX_POINT('',#1814);
#1814 = CARTESIAN_POINT('',(-8.20249223595,-1.8,-3.001246117975));
#1815 = SURFACE_CURVE('',#1816,(#1820,#1826),.PCURVE_S1.);
#1816 = LINE('',#1817,#1818);
#1817 = CARTESIAN_POINT('',(-6.20749223595,-1.8,-6.991246117975));
#1818 = VECTOR('',#1819,1.);
#1819 = DIRECTION('',(-0.4472135955,0.,0.894427191));
#1820 = PCURVE('',#419,#1821);
#1821 = DEFINITIONAL_REPRESENTATION('',(#1822),#1825);
#1822 = B_SPLINE_CURVE_WITH_KNOTS('',1,(#1823,#1824),.UNSPECIFIED.,.F.,
  .F.,(2,2),(2.895708030862,4.460955615112),.PIECEWISE_BEZIER_KNOTS.);
#1823 = CARTESIAN_POINT('',(9.848753882025,6.74750776405));
#1824 = CARTESIAN_POINT('',(11.248753882025,6.04750776405));
#1825 = ( GEOMETRIC_REPRESENTATION_CONTEXT(2) 
PARAMETRIC_REPRESENTATION_CONTEXT() REPRESENTATION_CONTEXT('2D SPACE',''
  ) );
#1826 = PCURVE('',#1827,#1832);
#1827 = PLANE('',#1828);
#1828 = AXIS2_PLACEMENT_3D('',#1829,#1830,#1831);
#1829 = CARTESIAN_POINT('',(-7.50249223595,-1.3,-4.401246117975));
#1830 = DIRECTION('',(-0.894427191,-0.,-0.4472135955));
#1831 = DIRECTION('',(-0.4472135955,0.,0.894427191));
#1832 = DEFINITIONAL_REPRESENTATION('',(#1833),#1836);
#1833 = B_SPLINE_CURVE_WITH_KNOTS('',1,(#1834,#1835),.UNSPECIFIED.,.F.,
  .F.,(2,2),(2.895708030862,4.460955615112),.PIECEWISE_BEZIER_KNOTS.);
#1834 = CARTESIAN_POINT('',(0.,-0.5));
#1835 = CARTESIAN_POINT('',(1.56524758425,-0.5));
#1836 = ( GEOMETRIC_REPRESENTATION_CONTEXT(2) 
PARAMETRIC_REPRESENTATION_CONTEXT() REPRESENTATION_CONTEXT('2D SPACE',''
  ) );
#1837 = ORIENTED_EDGE('',*,*,#1838,.F.);
#1838 = EDGE_CURVE('',#1839,#1811,#1841,.T.);
#1839 = VERTEX_POINT('',#1840);
#1840 = CARTESIAN_POINT('',(-6.69750776405,-1.8,-3.998753882025));
#1841 = SURFACE_CURVE('',#1842,(#1847,#1854),.PCURVE_S1.);
#1842 = CIRCLE('',#1843,0.45);
#1843 = AXIS2_PLACEMENT_3D('',#1844,#1845,#1846);
#1844 = CARTESIAN_POINT('',(-7.1,-1.8,-4.2));
#1845 = DIRECTION('',(-0.,1.,0.));
#1846 = DIRECTION('',(0.894427191,0.,0.4472135955));
#1847 = PCURVE('',#419,#1848);
#1848 = DEFINITIONAL_REPRESENTATION('',(#1849),#1853);
#1849 = CIRCLE('',#1850,0.45);
#1850 = AXIS2_PLACEMENT_2D('',#1851,#1852);
#1851 = CARTESIAN_POINT('',(10.05,7.15));
#1852 = DIRECTION('',(0.4472135955,0.894427191));
#1853 = ( GEOMETRIC_REPRESENTATION_CONTEXT(2) 
PARAMETRIC_REPRESENTATION_CONTEXT() REPRESENTATION_CONTEXT('2D SPACE',''
  ) );
#1854 = PCURVE('',#1855,#1860);
#1855 = CYLINDRICAL_SURFACE('',#1856,0.45);
#1856 = AXIS2_PLACEMENT_3D('',#1857,#1858,#1859);
#1857 = CARTESIAN_POINT('',(-7.1,-1.3,-4.2));
#1858 = DIRECTION('',(-0.,1.,0.));
#1859 = DIRECTION('',(0.894427191,0.,0.4472135955));
#1860 = DEFINITIONAL_REPRESENTATION('',(#1861),#1865);
#1861 = LINE('',#1862,#1863);
#1862 = CARTESIAN_POINT('',(0.,-0.5));
#1863 = VECTOR('',#1864,1.);
#1864 = DIRECTION('',(1.,0.));
#1865 = ( GEOMETRIC_REPRESENTATION_CONTEXT(2) 
PARAMETRIC_REPRESENTATION_CONTEXT() REPRESENTATION_CONTEXT('2D SPACE',''
  ) );
#1866 = ORIENTED_EDGE('',*,*,#1867,.F.);
#1867 = EDGE_CURVE('',#1868,#1839,#1870,.T.);
#1868 = VERTEX_POINT('',#1869);
#1869 = CARTESIAN_POINT('',(-7.39750776405,-1.8,-2.598753882025));
#1870 = SURFACE_CURVE('',#1871,(#1875,#1881),.PCURVE_S1.);
#1871 = LINE('',#1872,#1873);
#1872 = CARTESIAN_POINT('',(-5.75250776405,-1.8,-5.888753882025));
#1873 = VECTOR('',#1874,1.);
#1874 = DIRECTION('',(0.4472135955,0.,-0.894427191));
#1875 = PCURVE('',#419,#1876);
#1876 = DEFINITIONAL_REPRESENTATION('',(#1877),#1880);
#1877 = B_SPLINE_CURVE_WITH_KNOTS('',1,(#1878,#1879),.UNSPECIFIED.,.F.,
  .F.,(2,2),(-3.678331822987,-2.113084238737),.PIECEWISE_BEZIER_KNOTS.);
#1878 = CARTESIAN_POINT('',(11.651246117975,6.85249223595));
#1879 = CARTESIAN_POINT('',(10.251246117975,7.55249223595));
#1880 = ( GEOMETRIC_REPRESENTATION_CONTEXT(2) 
PARAMETRIC_REPRESENTATION_CONTEXT() REPRESENTATION_CONTEXT('2D SPACE',''
  ) );
#1881 = PCURVE('',#1882,#1887);
#1882 = PLANE('',#1883);
#1883 = AXIS2_PLACEMENT_3D('',#1884,#1885,#1886);
#1884 = CARTESIAN_POINT('',(-7.39750776405,-1.3,-2.598753882025));
#1885 = DIRECTION('',(0.894427191,0.,0.4472135955));
#1886 = DIRECTION('',(0.4472135955,0.,-0.894427191));
#1887 = DEFINITIONAL_REPRESENTATION('',(#1888),#1891);
#1888 = B_SPLINE_CURVE_WITH_KNOTS('',1,(#1889,#1890),.UNSPECIFIED.,.F.,
  .F.,(2,2),(-3.678331822987,-2.113084238737),.PIECEWISE_BEZIER_KNOTS.);
#1889 = CARTESIAN_POINT('',(0.,-0.5));
#1890 = CARTESIAN_POINT('',(1.56524758425,-0.5));
#1891 = ( GEOMETRIC_REPRESENTATION_CONTEXT(2) 
PARAMETRIC_REPRESENTATION_CONTEXT() REPRESENTATION_CONTEXT('2D SPACE',''
  ) );
#1892 = ORIENTED_EDGE('',*,*,#1893,.F.);
#1893 = EDGE_CURVE('',#1813,#1868,#1894,.T.);
#1894 = SURFACE_CURVE('',#1895,(#1900,#1907),.PCURVE_S1.);
#1895 = CIRCLE('',#1896,0.45);
#1896 = AXIS2_PLACEMENT_3D('',#1897,#1898,#1899);
#1897 = CARTESIAN_POINT('',(-7.8,-1.8,-2.8));
#1898 = DIRECTION('',(0.,1.,0.));
#1899 = DIRECTION('',(-0.894427191,0.,-0.4472135955));
#1900 = PCURVE('',#419,#1901);
#1901 = DEFINITIONAL_REPRESENTATION('',(#1902),#1906);
#1902 = CIRCLE('',#1903,0.45);
#1903 = AXIS2_PLACEMENT_2D('',#1904,#1905);
#1904 = CARTESIAN_POINT('',(11.45,6.45));
#1905 = DIRECTION('',(-0.4472135955,-0.894427191));
#1906 = ( GEOMETRIC_REPRESENTATION_CONTEXT(2) 
PARAMETRIC_REPRESENTATION_CONTEXT() REPRESENTATION_CONTEXT('2D SPACE',''
  ) );
#1907 = PCURVE('',#1908,#1913);
#1908 = CYLINDRICAL_SURFACE('',#1909,0.45);
#1909 = AXIS2_PLACEMENT_3D('',#1910,#1911,#1912);
#1910 = CARTESIAN_POINT('',(-7.8,-1.3,-2.8));
#1911 = DIRECTION('',(0.,1.,-0.));
#1912 = DIRECTION('',(-0.894427191,-0.,-0.4472135955));
#1913 = DEFINITIONAL_REPRESENTATION('',(#1914),#1918);
#1914 = LINE('',#1915,#1916);
#1915 = CARTESIAN_POINT('',(0.,-0.5));
#1916 = VECTOR('',#1917,1.);
#1917 = DIRECTION('',(1.,0.));
#1918 = ( GEOMETRIC_REPRESENTATION_CONTEXT(2) 
PARAMETRIC_REPRESENTATION_CONTEXT() REPRESENTATION_CONTEXT('2D SPACE',''
  ) );
#1919 = FACE_BOUND('',#1920,.F.);
#1920 = EDGE_LOOP('',(#1921,#1949,#1978,#2004));
#1921 = ORIENTED_EDGE('',*,*,#1922,.F.);
#1922 = EDGE_CURVE('',#1923,#1925,#1927,.T.);
#1923 = VERTEX_POINT('',#1924);
#1924 = CARTESIAN_POINT('',(-6.30249223595,-1.8,-4.401246117975));
#1925 = VERTEX_POINT('',#1926);
#1926 = CARTESIAN_POINT('',(-7.00249223595,-1.8,-3.001246117975));
#1927 = SURFACE_CURVE('',#1928,(#1932,#1938),.PCURVE_S1.);
#1928 = LINE('',#1929,#1930);
#1929 = CARTESIAN_POINT('',(-5.12749223595,-1.8,-6.751246117975));
#1930 = VECTOR('',#1931,1.);
#1931 = DIRECTION('',(-0.4472135955,0.,0.894427191));
#1932 = PCURVE('',#419,#1933);
#1933 = DEFINITIONAL_REPRESENTATION('',(#1934),#1937);
#1934 = B_SPLINE_CURVE_WITH_KNOTS('',1,(#1935,#1936),.UNSPECIFIED.,.F.,
  .F.,(2,2),(2.627379873562,4.192627457812),.PIECEWISE_BEZIER_KNOTS.);
#1935 = CARTESIAN_POINT('',(9.848753882025,7.94750776405));
#1936 = CARTESIAN_POINT('',(11.248753882025,7.24750776405));
#1937 = ( GEOMETRIC_REPRESENTATION_CONTEXT(2) 
PARAMETRIC_REPRESENTATION_CONTEXT() REPRESENTATION_CONTEXT('2D SPACE',''
  ) );
#1938 = PCURVE('',#1939,#1944);
#1939 = PLANE('',#1940);
#1940 = AXIS2_PLACEMENT_3D('',#1941,#1942,#1943);
#1941 = CARTESIAN_POINT('',(-6.30249223595,-1.3,-4.401246117975));
#1942 = DIRECTION('',(-0.894427191,-0.,-0.4472135955));
#1943 = DIRECTION('',(-0.4472135955,0.,0.894427191));
#1944 = DEFINITIONAL_REPRESENTATION('',(#1945),#1948);
#1945 = B_SPLINE_CURVE_WITH_KNOTS('',1,(#1946,#1947),.UNSPECIFIED.,.F.,
  .F.,(2,2),(2.627379873562,4.192627457812),.PIECEWISE_BEZIER_KNOTS.);
#1946 = CARTESIAN_POINT('',(0.,-0.5));
#1947 = CARTESIAN_POINT('',(1.56524758425,-0.5));
#1948 = ( GEOMETRIC_REPRESENTATION_CONTEXT(2) 
PARAMETRIC_REPRESENTATION_CONTEXT() REPRESENTATION_CONTEXT('2D SPACE',''
  ) );
#1949 = ORIENTED_EDGE('',*,*,#1950,.F.);
#1950 = EDGE_CURVE('',#1951,#1923,#1953,.T.);
#1951 = VERTEX_POINT('',#1952);
#1952 = CARTESIAN_POINT('',(-5.49750776405,-1.8,-3.998753882025));
#1953 = SURFACE_CURVE('',#1954,(#1959,#1966),.PCURVE_S1.);
#1954 = CIRCLE('',#1955,0.45);
#1955 = AXIS2_PLACEMENT_3D('',#1956,#1957,#1958);
#1956 = CARTESIAN_POINT('',(-5.9,-1.8,-4.2));
#1957 = DIRECTION('',(-0.,1.,0.));
#1958 = DIRECTION('',(0.894427191,0.,0.4472135955));
#1959 = PCURVE('',#419,#1960);
#1960 = DEFINITIONAL_REPRESENTATION('',(#1961),#1965);
#1961 = CIRCLE('',#1962,0.45);
#1962 = AXIS2_PLACEMENT_2D('',#1963,#1964);
#1963 = CARTESIAN_POINT('',(10.05,8.35));
#1964 = DIRECTION('',(0.4472135955,0.894427191));
#1965 = ( GEOMETRIC_REPRESENTATION_CONTEXT(2) 
PARAMETRIC_REPRESENTATION_CONTEXT() REPRESENTATION_CONTEXT('2D SPACE',''
  ) );
#1966 = PCURVE('',#1967,#1972);
#1967 = CYLINDRICAL_SURFACE('',#1968,0.45);
#1968 = AXIS2_PLACEMENT_3D('',#1969,#1970,#1971);
#1969 = CARTESIAN_POINT('',(-5.9,-1.3,-4.2));
#1970 = DIRECTION('',(-0.,1.,0.));
#1971 = DIRECTION('',(0.894427191,0.,0.4472135955));
#1972 = DEFINITIONAL_REPRESENTATION('',(#1973),#1977);
#1973 = LINE('',#1974,#1975);
#1974 = CARTESIAN_POINT('',(0.,-0.5));
#1975 = VECTOR('',#1976,1.);
#1976 = DIRECTION('',(1.,0.));
#1977 = ( GEOMETRIC_REPRESENTATION_CONTEXT(2) 
PARAMETRIC_REPRESENTATION_CONTEXT() REPRESENTATION_CONTEXT('2D SPACE',''
  ) );
#1978 = ORIENTED_EDGE('',*,*,#1979,.F.);
#1979 = EDGE_CURVE('',#1980,#1951,#1982,.T.);
#1980 = VERTEX_POINT('',#1981);
#1981 = CARTESIAN_POINT('',(-6.19750776405,-1.8,-2.598753882025));
#1982 = SURFACE_CURVE('',#1983,(#1987,#1993),.PCURVE_S1.);
#1983 = LINE('',#1984,#1985);
#1984 = CARTESIAN_POINT('',(-4.67250776405,-1.8,-5.648753882025));
#1985 = VECTOR('',#1986,1.);
#1986 = DIRECTION('',(0.4472135955,0.,-0.894427191));
#1987 = PCURVE('',#419,#1988);
#1988 = DEFINITIONAL_REPRESENTATION('',(#1989),#1992);
#1989 = B_SPLINE_CURVE_WITH_KNOTS('',1,(#1990,#1991),.UNSPECIFIED.,.F.,
  .F.,(2,2),(-3.410003665687,-1.844756081437),.PIECEWISE_BEZIER_KNOTS.);
#1990 = CARTESIAN_POINT('',(11.651246117975,8.05249223595));
#1991 = CARTESIAN_POINT('',(10.251246117975,8.75249223595));
#1992 = ( GEOMETRIC_REPRESENTATION_CONTEXT(2) 
PARAMETRIC_REPRESENTATION_CONTEXT() REPRESENTATION_CONTEXT('2D SPACE',''
  ) );
#1993 = PCURVE('',#1994,#1999);
#1994 = PLANE('',#1995);
#1995 = AXIS2_PLACEMENT_3D('',#1996,#1997,#1998);
#1996 = CARTESIAN_POINT('',(-6.19750776405,-1.3,-2.598753882025));
#1997 = DIRECTION('',(0.894427191,0.,0.4472135955));
#1998 = DIRECTION('',(0.4472135955,0.,-0.894427191));
#1999 = DEFINITIONAL_REPRESENTATION('',(#2000),#2003);
#2000 = B_SPLINE_CURVE_WITH_KNOTS('',1,(#2001,#2002),.UNSPECIFIED.,.F.,
  .F.,(2,2),(-3.410003665687,-1.844756081437),.PIECEWISE_BEZIER_KNOTS.);
#2001 = CARTESIAN_POINT('',(0.,-0.5));
#2002 = CARTESIAN_POINT('',(1.56524758425,-0.5));
#2003 = ( GEOMETRIC_REPRESENTATION_CONTEXT(2) 
PARAMETRIC_REPRESENTATION_CONTEXT() REPRESENTATION_CONTEXT('2D SPACE',''
  ) );
#2004 = ORIENTED_EDGE('',*,*,#2005,.F.);
#2005 = EDGE_CURVE('',#1925,#1980,#2006,.T.);
#2006 = SURFACE_CURVE('',#2007,(#2012,#2019),.PCURVE_S1.);
#2007 = CIRCLE('',#2008,0.45);
#2008 = AXIS2_PLACEMENT_3D('',#2009,#2010,#2011);
#2009 = CARTESIAN_POINT('',(-6.6,-1.8,-2.8));
#2010 = DIRECTION('',(0.,1.,0.));
#2011 = DIRECTION('',(-0.894427191,0.,-0.4472135955));
#2012 = PCURVE('',#419,#2013);
#2013 = DEFINITIONAL_REPRESENTATION('',(#2014),#2018);
#2014 = CIRCLE('',#2015,0.45);
#2015 = AXIS2_PLACEMENT_2D('',#2016,#2017);
#2016 = CARTESIAN_POINT('',(11.45,7.65));
#2017 = DIRECTION('',(-0.4472135955,-0.894427191));
#2018 = ( GEOMETRIC_REPRESENTATION_CONTEXT(2) 
PARAMETRIC_REPRESENTATION_CONTEXT() REPRESENTATION_CONTEXT('2D SPACE',''
  ) );
#2019 = PCURVE('',#2020,#2025);
#2020 = CYLINDRICAL_SURFACE('',#2021,0.45);
#2021 = AXIS2_PLACEMENT_3D('',#2022,#2023,#2024);
#2022 = CARTESIAN_POINT('',(-6.6,-1.3,-2.8));
#2023 = DIRECTION('',(0.,1.,-0.));
#2024 = DIRECTION('',(-0.894427191,-0.,-0.4472135955));
#2025 = DEFINITIONAL_REPRESENTATION('',(#2026),#2030);
#2026 = LINE('',#2027,#2028);
#2027 = CARTESIAN_POINT('',(0.,-0.5));
#2028 = VECTOR('',#2029,1.);
#2029 = DIRECTION('',(1.,0.));
#2030 = ( GEOMETRIC_REPRESENTATION_CONTEXT(2) 
PARAMETRIC_REPRESENTATION_CONTEXT() REPRESENTATION_CONTEXT('2D SPACE',''
  ) );
#2031 = FACE_BOUND('',#2032,.F.);
#2032 = EDGE_LOOP('',(#2033,#2061,#2090,#2116));
#2033 = ORIENTED_EDGE('',*,*,#2034,.F.);
#2034 = EDGE_CURVE('',#2035,#2037,#2039,.T.);
#2035 = VERTEX_POINT('',#2036);
#2036 = CARTESIAN_POINT('',(-5.10249223595,-1.8,-4.401246117975));
#2037 = VERTEX_POINT('',#2038);
#2038 = CARTESIAN_POINT('',(-5.80249223595,-1.8,-3.001246117975));
#2039 = SURFACE_CURVE('',#2040,(#2044,#2050),.PCURVE_S1.);
#2040 = LINE('',#2041,#2042);
#2041 = CARTESIAN_POINT('',(-4.04749223595,-1.8,-6.511246117975));
#2042 = VECTOR('',#2043,1.);
#2043 = DIRECTION('',(-0.4472135955,0.,0.894427191));
#2044 = PCURVE('',#419,#2045);
#2045 = DEFINITIONAL_REPRESENTATION('',(#2046),#2049);
#2046 = B_SPLINE_CURVE_WITH_KNOTS('',1,(#2047,#2048),.UNSPECIFIED.,.F.,
  .F.,(2,2),(2.359051716262,3.924299300512),.PIECEWISE_BEZIER_KNOTS.);
#2047 = CARTESIAN_POINT('',(9.848753882025,9.14750776405));
#2048 = CARTESIAN_POINT('',(11.248753882025,8.44750776405));
#2049 = ( GEOMETRIC_REPRESENTATION_CONTEXT(2) 
PARAMETRIC_REPRESENTATION_CONTEXT() REPRESENTATION_CONTEXT('2D SPACE',''
  ) );
#2050 = PCURVE('',#2051,#2056);
#2051 = PLANE('',#2052);
#2052 = AXIS2_PLACEMENT_3D('',#2053,#2054,#2055);
#2053 = CARTESIAN_POINT('',(-5.10249223595,-1.3,-4.401246117975));
#2054 = DIRECTION('',(-0.894427191,-0.,-0.4472135955));
#2055 = DIRECTION('',(-0.4472135955,0.,0.894427191));
#2056 = DEFINITIONAL_REPRESENTATION('',(#2057),#2060);
#2057 = B_SPLINE_CURVE_WITH_KNOTS('',1,(#2058,#2059),.UNSPECIFIED.,.F.,
  .F.,(2,2),(2.359051716262,3.924299300512),.PIECEWISE_BEZIER_KNOTS.);
#2058 = CARTESIAN_POINT('',(0.,-0.5));
#2059 = CARTESIAN_POINT('',(1.56524758425,-0.5));
#2060 = ( GEOMETRIC_REPRESENTATION_CONTEXT(2) 
PARAMETRIC_REPRESENTATION_CONTEXT() REPRESENTATION_CONTEXT('2D SPACE',''
  ) );
#2061 = ORIENTED_EDGE('',*,*,#2062,.F.);
#2062 = EDGE_CURVE('',#2063,#2035,#2065,.T.);
#2063 = VERTEX_POINT('',#2064);
#2064 = CARTESIAN_POINT('',(-4.29750776405,-1.8,-3.998753882025));
#2065 = SURFACE_CURVE('',#2066,(#2071,#2078),.PCURVE_S1.);
#2066 = CIRCLE('',#2067,0.45);
#2067 = AXIS2_PLACEMENT_3D('',#2068,#2069,#2070);
#2068 = CARTESIAN_POINT('',(-4.7,-1.8,-4.2));
#2069 = DIRECTION('',(-0.,1.,0.));
#2070 = DIRECTION('',(0.894427191,0.,0.4472135955));
#2071 = PCURVE('',#419,#2072);
#2072 = DEFINITIONAL_REPRESENTATION('',(#2073),#2077);
#2073 = CIRCLE('',#2074,0.45);
#2074 = AXIS2_PLACEMENT_2D('',#2075,#2076);
#2075 = CARTESIAN_POINT('',(10.05,9.55));
#2076 = DIRECTION('',(0.4472135955,0.894427191));
#2077 = ( GEOMETRIC_REPRESENTATION_CONTEXT(2) 
PARAMETRIC_REPRESENTATION_CONTEXT() REPRESENTATION_CONTEXT('2D SPACE',''
  ) );
#2078 = PCURVE('',#2079,#2084);
#2079 = CYLINDRICAL_SURFACE('',#2080,0.45);
#2080 = AXIS2_PLACEMENT_3D('',#2081,#2082,#2083);
#2081 = CARTESIAN_POINT('',(-4.7,-1.3,-4.2));
#2082 = DIRECTION('',(-0.,1.,0.));
#2083 = DIRECTION('',(0.894427191,0.,0.4472135955));
#2084 = DEFINITIONAL_REPRESENTATION('',(#2085),#2089);
#2085 = LINE('',#2086,#2087);
#2086 = CARTESIAN_POINT('',(0.,-0.5));
#2087 = VECTOR('',#2088,1.);
#2088 = DIRECTION('',(1.,0.));
#2089 = ( GEOMETRIC_REPRESENTATION_CONTEXT(2) 
PARAMETRIC_REPRESENTATION_CONTEXT() REPRESENTATION_CONTEXT('2D SPACE',''
  ) );
#2090 = ORIENTED_EDGE('',*,*,#2091,.F.);
#2091 = EDGE_CURVE('',#2092,#2063,#2094,.T.);
#2092 = VERTEX_POINT('',#2093);
#2093 = CARTESIAN_POINT('',(-4.99750776405,-1.8,-2.598753882025));
#2094 = SURFACE_CURVE('',#2095,(#2099,#2105),.PCURVE_S1.);
#2095 = LINE('',#2096,#2097);
#2096 = CARTESIAN_POINT('',(-3.59250776405,-1.8,-5.408753882025));
#2097 = VECTOR('',#2098,1.);
#2098 = DIRECTION('',(0.4472135955,0.,-0.894427191));
#2099 = PCURVE('',#419,#2100);
#2100 = DEFINITIONAL_REPRESENTATION('',(#2101),#2104);
#2101 = B_SPLINE_CURVE_WITH_KNOTS('',1,(#2102,#2103),.UNSPECIFIED.,.F.,
  .F.,(2,2),(-3.141675508387,-1.576427924137),.PIECEWISE_BEZIER_KNOTS.);
#2102 = CARTESIAN_POINT('',(11.651246117975,9.25249223595));
#2103 = CARTESIAN_POINT('',(10.251246117975,9.95249223595));
#2104 = ( GEOMETRIC_REPRESENTATION_CONTEXT(2) 
PARAMETRIC_REPRESENTATION_CONTEXT() REPRESENTATION_CONTEXT('2D SPACE',''
  ) );
#2105 = PCURVE('',#2106,#2111);
#2106 = PLANE('',#2107);
#2107 = AXIS2_PLACEMENT_3D('',#2108,#2109,#2110);
#2108 = CARTESIAN_POINT('',(-4.99750776405,-1.3,-2.598753882025));
#2109 = DIRECTION('',(0.894427191,0.,0.4472135955));
#2110 = DIRECTION('',(0.4472135955,0.,-0.894427191));
#2111 = DEFINITIONAL_REPRESENTATION('',(#2112),#2115);
#2112 = B_SPLINE_CURVE_WITH_KNOTS('',1,(#2113,#2114),.UNSPECIFIED.,.F.,
  .F.,(2,2),(-3.141675508387,-1.576427924137),.PIECEWISE_BEZIER_KNOTS.);
#2113 = CARTESIAN_POINT('',(0.,-0.5));
#2114 = CARTESIAN_POINT('',(1.56524758425,-0.5));
#2115 = ( GEOMETRIC_REPRESENTATION_CONTEXT(2) 
PARAMETRIC_REPRESENTATION_CONTEXT() REPRESENTATION_CONTEXT('2D SPACE',''
  ) );
#2116 = ORIENTED_EDGE('',*,*,#2117,.F.);
#2117 = EDGE_CURVE('',#2037,#2092,#2118,.T.);
#2118 = SURFACE_CURVE('',#2119,(#2124,#2131),.PCURVE_S1.);
#2119 = CIRCLE('',#2120,0.45);
#2120 = AXIS2_PLACEMENT_3D('',#2121,#2122,#2123);
#2121 = CARTESIAN_POINT('',(-5.4,-1.8,-2.8));
#2122 = DIRECTION('',(0.,1.,0.));
#2123 = DIRECTION('',(-0.894427191,0.,-0.4472135955));
#2124 = PCURVE('',#419,#2125);
#2125 = DEFINITIONAL_REPRESENTATION('',(#2126),#2130);
#2126 = CIRCLE('',#2127,0.45);
#2127 = AXIS2_PLACEMENT_2D('',#2128,#2129);
#2128 = CARTESIAN_POINT('',(11.45,8.85));
#2129 = DIRECTION('',(-0.4472135955,-0.894427191));
#2130 = ( GEOMETRIC_REPRESENTATION_CONTEXT(2) 
PARAMETRIC_REPRESENTATION_CONTEXT() REPRESENTATION_CONTEXT('2D SPACE',''
  ) );
#2131 = PCURVE('',#2132,#2137);
#2132 = CYLINDRICAL_SURFACE('',#2133,0.45);
#2133 = AXIS2_PLACEMENT_3D('',#2134,#2135,#2136);
#2134 = CARTESIAN_POINT('',(-5.4,-1.3,-2.8));
#2135 = DIRECTION('',(0.,1.,-0.));
#2136 = DIRECTION('',(-0.894427191,-0.,-0.4472135955));
#2137 = DEFINITIONAL_REPRESENTATION('',(#2138),#2142);
#2138 = LINE('',#2139,#2140);
#2139 = CARTESIAN_POINT('',(0.,-0.5));
#2140 = VECTOR('',#2141,1.);
#2141 = DIRECTION('',(1.,0.));
#2142 = ( GEOMETRIC_REPRESENTATION_CONTEXT(2) 
PARAMETRIC_REPRESENTATION_CONTEXT() REPRESENTATION_CONTEXT('2D SPACE',''
  ) );
#2143 = FACE_BOUND('',#2144,.F.);
#2144 = EDGE_LOOP('',(#2145,#2173,#2202,#2228));
#2145 = ORIENTED_EDGE('',*,*,#2146,.F.);
#2146 = EDGE_CURVE('',#2147,#2149,#2151,.T.);
#2147 = VERTEX_POINT('',#2148);
#2148 = CARTESIAN_POINT('',(-4.8,-1.8,-0.4));
#2149 = VERTEX_POINT('',#2150);
#2150 = CARTESIAN_POINT('',(-4.8,-1.8,2.8));
#2151 = SURFACE_CURVE('',#2152,(#2156,#2162),.PCURVE_S1.);
#2152 = LINE('',#2153,#2154);
#2153 = CARTESIAN_POINT('',(-4.8,-1.8,-7.325));
#2154 = VECTOR('',#2155,1.);
#2155 = DIRECTION('',(1.110223024625E-16,-0.,1.));
#2156 = PCURVE('',#419,#2157);
#2157 = DEFINITIONAL_REPRESENTATION('',(#2158),#2161);
#2158 = B_SPLINE_CURVE_WITH_KNOTS('',1,(#2159,#2160),.UNSPECIFIED.,.F.,
  .F.,(2,2),(6.925,10.125),.PIECEWISE_BEZIER_KNOTS.);
#2159 = CARTESIAN_POINT('',(13.85,9.45));
#2160 = CARTESIAN_POINT('',(17.05,9.45));
#2161 = ( GEOMETRIC_REPRESENTATION_CONTEXT(2) 
PARAMETRIC_REPRESENTATION_CONTEXT() REPRESENTATION_CONTEXT('2D SPACE',''
  ) );
#2162 = PCURVE('',#2163,#2168);
#2163 = PLANE('',#2164);
#2164 = AXIS2_PLACEMENT_3D('',#2165,#2166,#2167);
#2165 = CARTESIAN_POINT('',(-4.8,-1.3,-0.4));
#2166 = DIRECTION('',(-1.,0.,1.110223024625E-16));
#2167 = DIRECTION('',(1.110223024625E-16,0.,1.));
#2168 = DEFINITIONAL_REPRESENTATION('',(#2169),#2172);
#2169 = B_SPLINE_CURVE_WITH_KNOTS('',1,(#2170,#2171),.UNSPECIFIED.,.F.,
  .F.,(2,2),(6.925,10.125),.PIECEWISE_BEZIER_KNOTS.);
#2170 = CARTESIAN_POINT('',(0.,-0.5));
#2171 = CARTESIAN_POINT('',(3.2,-0.5));
#2172 = ( GEOMETRIC_REPRESENTATION_CONTEXT(2) 
PARAMETRIC_REPRESENTATION_CONTEXT() REPRESENTATION_CONTEXT('2D SPACE',''
  ) );
#2173 = ORIENTED_EDGE('',*,*,#2174,.F.);
#2174 = EDGE_CURVE('',#2175,#2147,#2177,.T.);
#2175 = VERTEX_POINT('',#2176);
#2176 = CARTESIAN_POINT('',(-2.8,-1.8,-0.4));
#2177 = SURFACE_CURVE('',#2178,(#2183,#2190),.PCURVE_S1.);
#2178 = CIRCLE('',#2179,1.);
#2179 = AXIS2_PLACEMENT_3D('',#2180,#2181,#2182);
#2180 = CARTESIAN_POINT('',(-3.8,-1.8,-0.4));
#2181 = DIRECTION('',(0.,1.,0.));
#2182 = DIRECTION('',(1.,0.,-1.110223024625E-16));
#2183 = PCURVE('',#419,#2184);
#2184 = DEFINITIONAL_REPRESENTATION('',(#2185),#2189);
#2185 = CIRCLE('',#2186,1.);
#2186 = AXIS2_PLACEMENT_2D('',#2187,#2188);
#2187 = CARTESIAN_POINT('',(13.85,10.45));
#2188 = DIRECTION('',(-1.110223024625E-16,1.));
#2189 = ( GEOMETRIC_REPRESENTATION_CONTEXT(2) 
PARAMETRIC_REPRESENTATION_CONTEXT() REPRESENTATION_CONTEXT('2D SPACE',''
  ) );
#2190 = PCURVE('',#2191,#2196);
#2191 = CYLINDRICAL_SURFACE('',#2192,1.);
#2192 = AXIS2_PLACEMENT_3D('',#2193,#2194,#2195);
#2193 = CARTESIAN_POINT('',(-3.8,-1.3,-0.4));
#2194 = DIRECTION('',(0.,1.,0.));
#2195 = DIRECTION('',(1.,0.,-1.110223024625E-16));
#2196 = DEFINITIONAL_REPRESENTATION('',(#2197),#2201);
#2197 = LINE('',#2198,#2199);
#2198 = CARTESIAN_POINT('',(0.,-0.5));
#2199 = VECTOR('',#2200,1.);
#2200 = DIRECTION('',(1.,0.));
#2201 = ( GEOMETRIC_REPRESENTATION_CONTEXT(2) 
PARAMETRIC_REPRESENTATION_CONTEXT() REPRESENTATION_CONTEXT('2D SPACE',''
  ) );
#2202 = ORIENTED_EDGE('',*,*,#2203,.F.);
#2203 = EDGE_CURVE('',#2204,#2175,#2206,.T.);
#2204 = VERTEX_POINT('',#2205);
#2205 = CARTESIAN_POINT('',(-2.8,-1.8,2.8));
#2206 = SURFACE_CURVE('',#2207,(#2211,#2217),.PCURVE_S1.);
#2207 = LINE('',#2208,#2209);
#2208 = CARTESIAN_POINT('',(-2.8,-1.8,-5.725));
#2209 = VECTOR('',#2210,1.);
#2210 = DIRECTION('',(-1.110223024625E-16,0.,-1.));
#2211 = PCURVE('',#419,#2212);
#2212 = DEFINITIONAL_REPRESENTATION('',(#2213),#2216);
#2213 = B_SPLINE_CURVE_WITH_KNOTS('',1,(#2214,#2215),.UNSPECIFIED.,.F.,
  .F.,(2,2),(-8.525,-5.325),.PIECEWISE_BEZIER_KNOTS.);
#2214 = CARTESIAN_POINT('',(17.05,11.45));
#2215 = CARTESIAN_POINT('',(13.85,11.45));
#2216 = ( GEOMETRIC_REPRESENTATION_CONTEXT(2) 
PARAMETRIC_REPRESENTATION_CONTEXT() REPRESENTATION_CONTEXT('2D SPACE',''
  ) );
#2217 = PCURVE('',#2218,#2223);
#2218 = PLANE('',#2219);
#2219 = AXIS2_PLACEMENT_3D('',#2220,#2221,#2222);
#2220 = CARTESIAN_POINT('',(-2.8,-1.3,2.8));
#2221 = DIRECTION('',(1.,0.,-1.110223024625E-16));
#2222 = DIRECTION('',(-1.110223024625E-16,-0.,-1.));
#2223 = DEFINITIONAL_REPRESENTATION('',(#2224),#2227);
#2224 = B_SPLINE_CURVE_WITH_KNOTS('',1,(#2225,#2226),.UNSPECIFIED.,.F.,
  .F.,(2,2),(-8.525,-5.325),.PIECEWISE_BEZIER_KNOTS.);
#2225 = CARTESIAN_POINT('',(0.,-0.5));
#2226 = CARTESIAN_POINT('',(3.2,-0.5));
#2227 = ( GEOMETRIC_REPRESENTATION_CONTEXT(2) 
PARAMETRIC_REPRESENTATION_CONTEXT() REPRESENTATION_CONTEXT('2D SPACE',''
  ) );
#2228 = ORIENTED_EDGE('',*,*,#2229,.F.);
#2229 = EDGE_CURVE('',#2149,#2204,#2230,.T.);
#2230 = SURFACE_CURVE('',#2231,(#2236,#2243),.PCURVE_S1.);
#2231 = CIRCLE('',#2232,1.);
#2232 = AXIS2_PLACEMENT_3D('',#2233,#2234,#2235);
#2233 = CARTESIAN_POINT('',(-3.8,-1.8,2.8));
#2234 = DIRECTION('',(0.,1.,-0.));
#2235 = DIRECTION('',(-1.,0.,1.110223024625E-16));
#2236 = PCURVE('',#419,#2237);
#2237 = DEFINITIONAL_REPRESENTATION('',(#2238),#2242);
#2238 = CIRCLE('',#2239,1.);
#2239 = AXIS2_PLACEMENT_2D('',#2240,#2241);
#2240 = CARTESIAN_POINT('',(17.05,10.45));
#2241 = DIRECTION('',(1.110223024625E-16,-1.));
#2242 = ( GEOMETRIC_REPRESENTATION_CONTEXT(2) 
PARAMETRIC_REPRESENTATION_CONTEXT() REPRESENTATION_CONTEXT('2D SPACE',''
  ) );
#2243 = PCURVE('',#2244,#2249);
#2244 = CYLINDRICAL_SURFACE('',#2245,1.);
#2245 = AXIS2_PLACEMENT_3D('',#2246,#2247,#2248);
#2246 = CARTESIAN_POINT('',(-3.8,-1.3,2.8));
#2247 = DIRECTION('',(0.,1.,-0.));
#2248 = DIRECTION('',(-1.,0.,1.110223024625E-16));
#2249 = DEFINITIONAL_REPRESENTATION('',(#2250),#2254);
#2250 = LINE('',#2251,#2252);
#2251 = CARTESIAN_POINT('',(0.,-0.5));
#2252 = VECTOR('',#2253,1.);
#2253 = DIRECTION('',(1.,0.));
#2254 = ( GEOMETRIC_REPRESENTATION_CONTEXT(2) 
PARAMETRIC_REPRESENTATION_CONTEXT() REPRESENTATION_CONTEXT('2D SPACE',''
  ) );
#2255 = FACE_BOUND('',#2256,.F.);
#2256 = EDGE_LOOP('',(#2257,#2285,#2314,#2340,#2369,#2395,#2424));
#2257 = ORIENTED_EDGE('',*,*,#2258,.F.);
#2258 = EDGE_CURVE('',#2259,#2261,#2263,.T.);
#2259 = VERTEX_POINT('',#2260);
#2260 = CARTESIAN_POINT('',(-0.551719215359,-1.8,-2.715042994384));
#2261 = VERTEX_POINT('',#2262);
#2262 = CARTESIAN_POINT('',(8.326672684689E-17,-1.8,-3.389366479822));
#2263 = SURFACE_CURVE('',#2264,(#2268,#2274),.PCURVE_S1.);
#2264 = LINE('',#2265,#2266);
#2265 = CARTESIAN_POINT('',(-0.471521195557,-1.8,-2.813062796364));
#2266 = VECTOR('',#2267,1.);
#2267 = DIRECTION('',(0.633237790257,0.,-0.773957299203));
#2268 = PCURVE('',#419,#2269);
#2269 = DEFINITIONAL_REPRESENTATION('',(#2270),#2273);
#2270 = B_SPLINE_CURVE_WITH_KNOTS('',1,(#2271,#2272),.UNSPECIFIED.,.F.,
  .F.,(2,2),(-0.126647558051,0.744619482304),.PIECEWISE_BEZIER_KNOTS.);
#2271 = CARTESIAN_POINT('',(11.534957005616,13.698280784641));
#2272 = CARTESIAN_POINT('',(10.860633520178,14.25));
#2273 = ( GEOMETRIC_REPRESENTATION_CONTEXT(2) 
PARAMETRIC_REPRESENTATION_CONTEXT() REPRESENTATION_CONTEXT('2D SPACE',''
  ) );
#2274 = PCURVE('',#2275,#2280);
#2275 = PLANE('',#2276);
#2276 = AXIS2_PLACEMENT_3D('',#2277,#2278,#2279);
#2277 = CARTESIAN_POINT('',(-0.551719215359,-1.3,-2.715042994384));
#2278 = DIRECTION('',(0.773957299203,0.,0.633237790257));
#2279 = DIRECTION('',(0.633237790257,0.,-0.773957299203));
#2280 = DEFINITIONAL_REPRESENTATION('',(#2281),#2284);
#2281 = B_SPLINE_CURVE_WITH_KNOTS('',1,(#2282,#2283),.UNSPECIFIED.,.F.,
  .F.,(2,2),(-0.126647558051,0.744619482304),.PIECEWISE_BEZIER_KNOTS.);
#2282 = CARTESIAN_POINT('',(0.,-0.5));
#2283 = CARTESIAN_POINT('',(0.871267040355,-0.5));
#2284 = ( GEOMETRIC_REPRESENTATION_CONTEXT(2) 
PARAMETRIC_REPRESENTATION_CONTEXT() REPRESENTATION_CONTEXT('2D SPACE',''
  ) );
#2285 = ORIENTED_EDGE('',*,*,#2286,.F.);
#2286 = EDGE_CURVE('',#2287,#2259,#2289,.T.);
#2287 = VERTEX_POINT('',#2288);
#2288 = CARTESIAN_POINT('',(-1.248280784641,-1.8,-3.284957005616));
#2289 = SURFACE_CURVE('',#2290,(#2295,#2302),.PCURVE_S1.);
#2290 = CIRCLE('',#2291,0.45);
#2291 = AXIS2_PLACEMENT_3D('',#2292,#2293,#2294);
#2292 = CARTESIAN_POINT('',(-0.9,-1.8,-3.));
#2293 = DIRECTION('',(0.,1.,0.));
#2294 = DIRECTION('',(-0.773957299203,0.,-0.633237790257));
#2295 = PCURVE('',#419,#2296);
#2296 = DEFINITIONAL_REPRESENTATION('',(#2297),#2301);
#2297 = CIRCLE('',#2298,0.45);
#2298 = AXIS2_PLACEMENT_2D('',#2299,#2300);
#2299 = CARTESIAN_POINT('',(11.25,13.35));
#2300 = DIRECTION('',(-0.633237790257,-0.773957299203));
#2301 = ( GEOMETRIC_REPRESENTATION_CONTEXT(2) 
PARAMETRIC_REPRESENTATION_CONTEXT() REPRESENTATION_CONTEXT('2D SPACE',''
  ) );
#2302 = PCURVE('',#2303,#2308);
#2303 = CYLINDRICAL_SURFACE('',#2304,0.45);
#2304 = AXIS2_PLACEMENT_3D('',#2305,#2306,#2307);
#2305 = CARTESIAN_POINT('',(-0.9,-1.3,-3.));
#2306 = DIRECTION('',(0.,1.,-0.));
#2307 = DIRECTION('',(-0.773957299203,-0.,-0.633237790257));
#2308 = DEFINITIONAL_REPRESENTATION('',(#2309),#2313);
#2309 = LINE('',#2310,#2311);
#2310 = CARTESIAN_POINT('',(0.,-0.5));
#2311 = VECTOR('',#2312,1.);
#2312 = DIRECTION('',(1.,0.));
#2313 = ( GEOMETRIC_REPRESENTATION_CONTEXT(2) 
PARAMETRIC_REPRESENTATION_CONTEXT() REPRESENTATION_CONTEXT('2D SPACE',''
  ) );
#2314 = ORIENTED_EDGE('',*,*,#2315,.F.);
#2315 = EDGE_CURVE('',#2316,#2287,#2318,.T.);
#2316 = VERTEX_POINT('',#2317);
#2317 = CARTESIAN_POINT('',(-0.348280784641,-1.8,-4.384957005616));
#2318 = SURFACE_CURVE('',#2319,(#2323,#2329),.PCURVE_S1.);
#2319 = LINE('',#2320,#2321);
#2320 = CARTESIAN_POINT('',(-0.71808276484,-1.8,-3.932976807596));
#2321 = VECTOR('',#2322,1.);
#2322 = DIRECTION('',(-0.633237790257,0.,0.773957299203));
#2323 = PCURVE('',#419,#2324);
#2324 = DEFINITIONAL_REPRESENTATION('',(#2325),#2328);
#2325 = B_SPLINE_CURVE_WITH_KNOTS('',1,(#2326,#2327),.UNSPECIFIED.,.F.,
  .F.,(2,2),(-0.583985962126,0.837281078229),.PIECEWISE_BEZIER_KNOTS.);
#2326 = CARTESIAN_POINT('',(9.865042994384,13.901719215359));
#2327 = CARTESIAN_POINT('',(10.965042994384,13.001719215359));
#2328 = ( GEOMETRIC_REPRESENTATION_CONTEXT(2) 
PARAMETRIC_REPRESENTATION_CONTEXT() REPRESENTATION_CONTEXT('2D SPACE',''
  ) );
#2329 = PCURVE('',#2330,#2335);
#2330 = PLANE('',#2331);
#2331 = AXIS2_PLACEMENT_3D('',#2332,#2333,#2334);
#2332 = CARTESIAN_POINT('',(-0.348280784641,-1.3,-4.384957005616));
#2333 = DIRECTION('',(-0.773957299203,-0.,-0.633237790257));
#2334 = DIRECTION('',(-0.633237790257,0.,0.773957299203));
#2335 = DEFINITIONAL_REPRESENTATION('',(#2336),#2339);
#2336 = B_SPLINE_CURVE_WITH_KNOTS('',1,(#2337,#2338),.UNSPECIFIED.,.F.,
  .F.,(2,2),(-0.583985962126,0.837281078229),.PIECEWISE_BEZIER_KNOTS.);
#2337 = CARTESIAN_POINT('',(0.,-0.5));
#2338 = CARTESIAN_POINT('',(1.421267040355,-0.5));
#2339 = ( GEOMETRIC_REPRESENTATION_CONTEXT(2) 
PARAMETRIC_REPRESENTATION_CONTEXT() REPRESENTATION_CONTEXT('2D SPACE',''
  ) );
#2340 = ORIENTED_EDGE('',*,*,#2341,.F.);
#2341 = EDGE_CURVE('',#2342,#2316,#2344,.T.);
#2342 = VERTEX_POINT('',#2343);
#2343 = CARTESIAN_POINT('',(0.348280784641,-1.8,-4.384957005616));
#2344 = SURFACE_CURVE('',#2345,(#2350,#2357),.PCURVE_S1.);
#2345 = CIRCLE('',#2346,0.45);
#2346 = AXIS2_PLACEMENT_3D('',#2347,#2348,#2349);
#2347 = CARTESIAN_POINT('',(0.,-1.8,-4.1));
#2348 = DIRECTION('',(-0.,1.,0.));
#2349 = DIRECTION('',(0.773957299203,0.,0.633237790257));
#2350 = PCURVE('',#419,#2351);
#2351 = DEFINITIONAL_REPRESENTATION('',(#2352),#2356);
#2352 = CIRCLE('',#2353,0.45);
#2353 = AXIS2_PLACEMENT_2D('',#2354,#2355);
#2354 = CARTESIAN_POINT('',(10.15,14.25));
#2355 = DIRECTION('',(0.633237790257,0.773957299203));
#2356 = ( GEOMETRIC_REPRESENTATION_CONTEXT(2) 
PARAMETRIC_REPRESENTATION_CONTEXT() REPRESENTATION_CONTEXT('2D SPACE',''
  ) );
#2357 = PCURVE('',#2358,#2363);
#2358 = CYLINDRICAL_SURFACE('',#2359,0.45);
#2359 = AXIS2_PLACEMENT_3D('',#2360,#2361,#2362);
#2360 = CARTESIAN_POINT('',(0.,-1.3,-4.1));
#2361 = DIRECTION('',(-0.,1.,0.));
#2362 = DIRECTION('',(0.773957299203,0.,0.633237790257));
#2363 = DEFINITIONAL_REPRESENTATION('',(#2364),#2368);
#2364 = LINE('',#2365,#2366);
#2365 = CARTESIAN_POINT('',(0.,-0.5));
#2366 = VECTOR('',#2367,1.);
#2367 = DIRECTION('',(1.,0.));
#2368 = ( GEOMETRIC_REPRESENTATION_CONTEXT(2) 
PARAMETRIC_REPRESENTATION_CONTEXT() REPRESENTATION_CONTEXT('2D SPACE',''
  ) );
#2369 = ORIENTED_EDGE('',*,*,#2370,.F.);
#2370 = EDGE_CURVE('',#2371,#2342,#2373,.T.);
#2371 = VERTEX_POINT('',#2372);
#2372 = CARTESIAN_POINT('',(1.248280784641,-1.8,-3.284957005616));
#2373 = SURFACE_CURVE('',#2374,(#2378,#2384),.PCURVE_S1.);
#2374 = LINE('',#2375,#2376);
#2375 = CARTESIAN_POINT('',(-4.546026146052,-1.8,-10.36688769868));
#2376 = VECTOR('',#2377,1.);
#2377 = DIRECTION('',(-0.633237790257,0.,-0.773957299203));
#2378 = PCURVE('',#419,#2379);
#2379 = DEFINITIONAL_REPRESENTATION('',(#2380),#2383);
#2380 = B_SPLINE_CURVE_WITH_KNOTS('',1,(#2381,#2382),.UNSPECIFIED.,.F.,
  .F.,(2,2),(-9.150286069217,-7.729019028862),.PIECEWISE_BEZIER_KNOTS.);
#2381 = CARTESIAN_POINT('',(10.965042994384,15.498280784641));
#2382 = CARTESIAN_POINT('',(9.865042994384,14.598280784641));
#2383 = ( GEOMETRIC_REPRESENTATION_CONTEXT(2) 
PARAMETRIC_REPRESENTATION_CONTEXT() REPRESENTATION_CONTEXT('2D SPACE',''
  ) );
#2384 = PCURVE('',#2385,#2390);
#2385 = PLANE('',#2386);
#2386 = AXIS2_PLACEMENT_3D('',#2387,#2388,#2389);
#2387 = CARTESIAN_POINT('',(1.248280784641,-1.3,-3.284957005616));
#2388 = DIRECTION('',(0.773957299203,0.,-0.633237790257));
#2389 = DIRECTION('',(-0.633237790257,-0.,-0.773957299203));
#2390 = DEFINITIONAL_REPRESENTATION('',(#2391),#2394);
#2391 = B_SPLINE_CURVE_WITH_KNOTS('',1,(#2392,#2393),.UNSPECIFIED.,.F.,
  .F.,(2,2),(-9.150286069217,-7.729019028862),.PIECEWISE_BEZIER_KNOTS.);
#2392 = CARTESIAN_POINT('',(0.,-0.5));
#2393 = CARTESIAN_POINT('',(1.421267040355,-0.5));
#2394 = ( GEOMETRIC_REPRESENTATION_CONTEXT(2) 
PARAMETRIC_REPRESENTATION_CONTEXT() REPRESENTATION_CONTEXT('2D SPACE',''
  ) );
#2395 = ORIENTED_EDGE('',*,*,#2396,.F.);
#2396 = EDGE_CURVE('',#2397,#2371,#2399,.T.);
#2397 = VERTEX_POINT('',#2398);
#2398 = CARTESIAN_POINT('',(0.551719215359,-1.8,-2.715042994384));
#2399 = SURFACE_CURVE('',#2400,(#2405,#2412),.PCURVE_S1.);
#2400 = CIRCLE('',#2401,0.45);
#2401 = AXIS2_PLACEMENT_3D('',#2402,#2403,#2404);
#2402 = CARTESIAN_POINT('',(0.9,-1.8,-3.));
#2403 = DIRECTION('',(0.,1.,-0.));
#2404 = DIRECTION('',(-0.773957299203,0.,0.633237790257));
#2405 = PCURVE('',#419,#2406);
#2406 = DEFINITIONAL_REPRESENTATION('',(#2407),#2411);
#2407 = CIRCLE('',#2408,0.45);
#2408 = AXIS2_PLACEMENT_2D('',#2409,#2410);
#2409 = CARTESIAN_POINT('',(11.25,15.15));
#2410 = DIRECTION('',(0.633237790257,-0.773957299203));
#2411 = ( GEOMETRIC_REPRESENTATION_CONTEXT(2) 
PARAMETRIC_REPRESENTATION_CONTEXT() REPRESENTATION_CONTEXT('2D SPACE',''
  ) );
#2412 = PCURVE('',#2413,#2418);
#2413 = CYLINDRICAL_SURFACE('',#2414,0.45);
#2414 = AXIS2_PLACEMENT_3D('',#2415,#2416,#2417);
#2415 = CARTESIAN_POINT('',(0.9,-1.3,-3.));
#2416 = DIRECTION('',(0.,1.,-0.));
#2417 = DIRECTION('',(-0.773957299203,0.,0.633237790257));
#2418 = DEFINITIONAL_REPRESENTATION('',(#2419),#2423);
#2419 = LINE('',#2420,#2421);
#2420 = CARTESIAN_POINT('',(0.,-0.5));
#2421 = VECTOR('',#2422,1.);
#2422 = DIRECTION('',(1.,0.));
#2423 = ( GEOMETRIC_REPRESENTATION_CONTEXT(2) 
PARAMETRIC_REPRESENTATION_CONTEXT() REPRESENTATION_CONTEXT('2D SPACE',''
  ) );
#2424 = ORIENTED_EDGE('',*,*,#2425,.F.);
#2425 = EDGE_CURVE('',#2261,#2397,#2426,.T.);
#2426 = SURFACE_CURVE('',#2427,(#2431,#2437),.PCURVE_S1.);
#2427 = LINE('',#2428,#2429);
#2428 = CARTESIAN_POINT('',(-5.692587715335,-1.8,-10.34697368745));
#2429 = VECTOR('',#2430,1.);
#2430 = DIRECTION('',(0.633237790257,-0.,0.773957299203));
#2431 = PCURVE('',#419,#2432);
#2432 = DEFINITIONAL_REPRESENTATION('',(#2433),#2436);
#2433 = B_SPLINE_CURVE_WITH_KNOTS('',1,(#2434,#2435),.UNSPECIFIED.,.F.,
  .F.,(2,2),(8.98965254904,9.860919589395),.PIECEWISE_BEZIER_KNOTS.);
#2434 = CARTESIAN_POINT('',(10.860633520178,14.25));
#2435 = CARTESIAN_POINT('',(11.534957005616,14.801719215359));
#2436 = ( GEOMETRIC_REPRESENTATION_CONTEXT(2) 
PARAMETRIC_REPRESENTATION_CONTEXT() REPRESENTATION_CONTEXT('2D SPACE',''
  ) );
#2437 = PCURVE('',#2438,#2443);
#2438 = PLANE('',#2439);
#2439 = AXIS2_PLACEMENT_3D('',#2440,#2441,#2442);
#2440 = CARTESIAN_POINT('',(-0.348280784641,-1.3,-3.815042994384));
#2441 = DIRECTION('',(-0.773957299203,0.,0.633237790257));
#2442 = DIRECTION('',(0.633237790257,0.,0.773957299203));
#2443 = DEFINITIONAL_REPRESENTATION('',(#2444),#2447);
#2444 = B_SPLINE_CURVE_WITH_KNOTS('',1,(#2445,#2446),.UNSPECIFIED.,.F.,
  .F.,(2,2),(8.98965254904,9.860919589395),.PIECEWISE_BEZIER_KNOTS.);
#2445 = CARTESIAN_POINT('',(0.55,-0.5));
#2446 = CARTESIAN_POINT('',(1.421267040355,-0.5));
#2447 = ( GEOMETRIC_REPRESENTATION_CONTEXT(2) 
PARAMETRIC_REPRESENTATION_CONTEXT() REPRESENTATION_CONTEXT('2D SPACE',''
  ) );
#2448 = FACE_BOUND('',#2449,.F.);
#2449 = EDGE_LOOP('',(#2450,#2478,#2507,#2533));
#2450 = ORIENTED_EDGE('',*,*,#2451,.F.);
#2451 = EDGE_CURVE('',#2452,#2454,#2456,.T.);
#2452 = VERTEX_POINT('',#2453);
#2453 = CARTESIAN_POINT('',(4.29750776405,-1.8,-3.998753882025));
#2454 = VERTEX_POINT('',#2455);
#2455 = CARTESIAN_POINT('',(4.99750776405,-1.8,-2.598753882025));
#2456 = SURFACE_CURVE('',#2457,(#2461,#2467),.PCURVE_S1.);
#2457 = LINE('',#2458,#2459);
#2458 = CARTESIAN_POINT('',(0.39250776405,-1.8,-11.80875388202));
#2459 = VECTOR('',#2460,1.);
#2460 = DIRECTION('',(0.4472135955,-0.,0.894427191));
#2461 = PCURVE('',#419,#2462);
#2462 = DEFINITIONAL_REPRESENTATION('',(#2463),#2466);
#2463 = B_SPLINE_CURVE_WITH_KNOTS('',1,(#2464,#2465),.UNSPECIFIED.,.F.,
  .F.,(2,2),(8.731845452137,10.297093036387),.PIECEWISE_BEZIER_KNOTS.);
#2464 = CARTESIAN_POINT('',(10.251246117975,18.54750776405));
#2465 = CARTESIAN_POINT('',(11.651246117975,19.24750776405));
#2466 = ( GEOMETRIC_REPRESENTATION_CONTEXT(2) 
PARAMETRIC_REPRESENTATION_CONTEXT() REPRESENTATION_CONTEXT('2D SPACE',''
  ) );
#2467 = PCURVE('',#2468,#2473);
#2468 = PLANE('',#2469);
#2469 = AXIS2_PLACEMENT_3D('',#2470,#2471,#2472);
#2470 = CARTESIAN_POINT('',(4.29750776405,-1.3,-3.998753882025));
#2471 = DIRECTION('',(-0.894427191,0.,0.4472135955));
#2472 = DIRECTION('',(0.4472135955,0.,0.894427191));
#2473 = DEFINITIONAL_REPRESENTATION('',(#2474),#2477);
#2474 = B_SPLINE_CURVE_WITH_KNOTS('',1,(#2475,#2476),.UNSPECIFIED.,.F.,
  .F.,(2,2),(8.731845452137,10.297093036387),.PIECEWISE_BEZIER_KNOTS.);
#2475 = CARTESIAN_POINT('',(0.,-0.5));
#2476 = CARTESIAN_POINT('',(1.56524758425,-0.5));
#2477 = ( GEOMETRIC_REPRESENTATION_CONTEXT(2) 
PARAMETRIC_REPRESENTATION_CONTEXT() REPRESENTATION_CONTEXT('2D SPACE',''
  ) );
#2478 = ORIENTED_EDGE('',*,*,#2479,.F.);
#2479 = EDGE_CURVE('',#2480,#2452,#2482,.T.);
#2480 = VERTEX_POINT('',#2481);
#2481 = CARTESIAN_POINT('',(5.10249223595,-1.8,-4.401246117975));
#2482 = SURFACE_CURVE('',#2483,(#2488,#2495),.PCURVE_S1.);
#2483 = CIRCLE('',#2484,0.45);
#2484 = AXIS2_PLACEMENT_3D('',#2485,#2486,#2487);
#2485 = CARTESIAN_POINT('',(4.7,-1.8,-4.2));
#2486 = DIRECTION('',(0.,1.,0.));
#2487 = DIRECTION('',(0.894427191,0.,-0.4472135955));
#2488 = PCURVE('',#419,#2489);
#2489 = DEFINITIONAL_REPRESENTATION('',(#2490),#2494);
#2490 = CIRCLE('',#2491,0.45);
#2491 = AXIS2_PLACEMENT_2D('',#2492,#2493);
#2492 = CARTESIAN_POINT('',(10.05,18.95));
#2493 = DIRECTION('',(-0.4472135955,0.894427191));
#2494 = ( GEOMETRIC_REPRESENTATION_CONTEXT(2) 
PARAMETRIC_REPRESENTATION_CONTEXT() REPRESENTATION_CONTEXT('2D SPACE',''
  ) );
#2495 = PCURVE('',#2496,#2501);
#2496 = CYLINDRICAL_SURFACE('',#2497,0.45);
#2497 = AXIS2_PLACEMENT_3D('',#2498,#2499,#2500);
#2498 = CARTESIAN_POINT('',(4.7,-1.3,-4.2));
#2499 = DIRECTION('',(0.,1.,0.));
#2500 = DIRECTION('',(0.894427191,0.,-0.4472135955));
#2501 = DEFINITIONAL_REPRESENTATION('',(#2502),#2506);
#2502 = LINE('',#2503,#2504);
#2503 = CARTESIAN_POINT('',(0.,-0.5));
#2504 = VECTOR('',#2505,1.);
#2505 = DIRECTION('',(1.,0.));
#2506 = ( GEOMETRIC_REPRESENTATION_CONTEXT(2) 
PARAMETRIC_REPRESENTATION_CONTEXT() REPRESENTATION_CONTEXT('2D SPACE',''
  ) );
#2507 = ORIENTED_EDGE('',*,*,#2508,.F.);
#2508 = EDGE_CURVE('',#2509,#2480,#2511,.T.);
#2509 = VERTEX_POINT('',#2510);
#2510 = CARTESIAN_POINT('',(5.80249223595,-1.8,-3.001246117975));
#2511 = SURFACE_CURVE('',#2512,(#2516,#2522),.PCURVE_S1.);
#2512 = LINE('',#2513,#2514);
#2513 = CARTESIAN_POINT('',(1.54749223595,-1.8,-11.51124611797));
#2514 = VECTOR('',#2515,1.);
#2515 = DIRECTION('',(-0.4472135955,0.,-0.894427191));
#2516 = PCURVE('',#419,#2517);
#2517 = DEFINITIONAL_REPRESENTATION('',(#2518),#2521);
#2518 = B_SPLINE_CURVE_WITH_KNOTS('',1,(#2519,#2520),.UNSPECIFIED.,.F.,
  .F.,(2,2),(-9.514469244262,-7.949221660012),.PIECEWISE_BEZIER_KNOTS.);
#2519 = CARTESIAN_POINT('',(11.248753882025,20.05249223595));
#2520 = CARTESIAN_POINT('',(9.848753882025,19.35249223595));
#2521 = ( GEOMETRIC_REPRESENTATION_CONTEXT(2) 
PARAMETRIC_REPRESENTATION_CONTEXT() REPRESENTATION_CONTEXT('2D SPACE',''
  ) );
#2522 = PCURVE('',#2523,#2528);
#2523 = PLANE('',#2524);
#2524 = AXIS2_PLACEMENT_3D('',#2525,#2526,#2527);
#2525 = CARTESIAN_POINT('',(5.80249223595,-1.3,-3.001246117975));
#2526 = DIRECTION('',(0.894427191,0.,-0.4472135955));
#2527 = DIRECTION('',(-0.4472135955,-0.,-0.894427191));
#2528 = DEFINITIONAL_REPRESENTATION('',(#2529),#2532);
#2529 = B_SPLINE_CURVE_WITH_KNOTS('',1,(#2530,#2531),.UNSPECIFIED.,.F.,
  .F.,(2,2),(-9.514469244262,-7.949221660012),.PIECEWISE_BEZIER_KNOTS.);
#2530 = CARTESIAN_POINT('',(0.,-0.5));
#2531 = CARTESIAN_POINT('',(1.56524758425,-0.5));
#2532 = ( GEOMETRIC_REPRESENTATION_CONTEXT(2) 
PARAMETRIC_REPRESENTATION_CONTEXT() REPRESENTATION_CONTEXT('2D SPACE',''
  ) );
#2533 = ORIENTED_EDGE('',*,*,#2534,.F.);
#2534 = EDGE_CURVE('',#2454,#2509,#2535,.T.);
#2535 = SURFACE_CURVE('',#2536,(#2541,#2548),.PCURVE_S1.);
#2536 = CIRCLE('',#2537,0.45);
#2537 = AXIS2_PLACEMENT_3D('',#2538,#2539,#2540);
#2538 = CARTESIAN_POINT('',(5.4,-1.8,-2.8));
#2539 = DIRECTION('',(0.,1.,-0.));
#2540 = DIRECTION('',(-0.894427191,0.,0.4472135955));
#2541 = PCURVE('',#419,#2542);
#2542 = DEFINITIONAL_REPRESENTATION('',(#2543),#2547);
#2543 = CIRCLE('',#2544,0.45);
#2544 = AXIS2_PLACEMENT_2D('',#2545,#2546);
#2545 = CARTESIAN_POINT('',(11.45,19.65));
#2546 = DIRECTION('',(0.4472135955,-0.894427191));
#2547 = ( GEOMETRIC_REPRESENTATION_CONTEXT(2) 
PARAMETRIC_REPRESENTATION_CONTEXT() REPRESENTATION_CONTEXT('2D SPACE',''
  ) );
#2548 = PCURVE('',#2549,#2554);
#2549 = CYLINDRICAL_SURFACE('',#2550,0.45);
#2550 = AXIS2_PLACEMENT_3D('',#2551,#2552,#2553);
#2551 = CARTESIAN_POINT('',(5.4,-1.3,-2.8));
#2552 = DIRECTION('',(0.,1.,-0.));
#2553 = DIRECTION('',(-0.894427191,0.,0.4472135955));
#2554 = DEFINITIONAL_REPRESENTATION('',(#2555),#2559);
#2555 = LINE('',#2556,#2557);
#2556 = CARTESIAN_POINT('',(0.,-0.5));
#2557 = VECTOR('',#2558,1.);
#2558 = DIRECTION('',(1.,0.));
#2559 = ( GEOMETRIC_REPRESENTATION_CONTEXT(2) 
PARAMETRIC_REPRESENTATION_CONTEXT() REPRESENTATION_CONTEXT('2D SPACE',''
  ) );
#2560 = FACE_BOUND('',#2561,.F.);
#2561 = EDGE_LOOP('',(#2562,#2590,#2619,#2645));
#2562 = ORIENTED_EDGE('',*,*,#2563,.F.);
#2563 = EDGE_CURVE('',#2564,#2566,#2568,.T.);
#2564 = VERTEX_POINT('',#2565);
#2565 = CARTESIAN_POINT('',(5.49750776405,-1.8,-3.998753882025));
#2566 = VERTEX_POINT('',#2567);
#2567 = CARTESIAN_POINT('',(6.19750776405,-1.8,-2.598753882025));
#2568 = SURFACE_CURVE('',#2569,(#2573,#2579),.PCURVE_S1.);
#2569 = LINE('',#2570,#2571);
#2570 = CARTESIAN_POINT('',(1.47250776405,-1.8,-12.04875388202));
#2571 = VECTOR('',#2572,1.);
#2572 = DIRECTION('',(0.4472135955,-0.,0.894427191));
#2573 = PCURVE('',#419,#2574);
#2574 = DEFINITIONAL_REPRESENTATION('',(#2575),#2578);
#2575 = B_SPLINE_CURVE_WITH_KNOTS('',1,(#2576,#2577),.UNSPECIFIED.,.F.,
  .F.,(2,2),(9.000173609437,10.565421193687),.PIECEWISE_BEZIER_KNOTS.);
#2576 = CARTESIAN_POINT('',(10.251246117975,19.74750776405));
#2577 = CARTESIAN_POINT('',(11.651246117975,20.44750776405));
#2578 = ( GEOMETRIC_REPRESENTATION_CONTEXT(2) 
PARAMETRIC_REPRESENTATION_CONTEXT() REPRESENTATION_CONTEXT('2D SPACE',''
  ) );
#2579 = PCURVE('',#2580,#2585);
#2580 = PLANE('',#2581);
#2581 = AXIS2_PLACEMENT_3D('',#2582,#2583,#2584);
#2582 = CARTESIAN_POINT('',(5.49750776405,-1.3,-3.998753882025));
#2583 = DIRECTION('',(-0.894427191,0.,0.4472135955));
#2584 = DIRECTION('',(0.4472135955,0.,0.894427191));
#2585 = DEFINITIONAL_REPRESENTATION('',(#2586),#2589);
#2586 = B_SPLINE_CURVE_WITH_KNOTS('',1,(#2587,#2588),.UNSPECIFIED.,.F.,
  .F.,(2,2),(9.000173609437,10.565421193687),.PIECEWISE_BEZIER_KNOTS.);
#2587 = CARTESIAN_POINT('',(0.,-0.5));
#2588 = CARTESIAN_POINT('',(1.56524758425,-0.5));
#2589 = ( GEOMETRIC_REPRESENTATION_CONTEXT(2) 
PARAMETRIC_REPRESENTATION_CONTEXT() REPRESENTATION_CONTEXT('2D SPACE',''
  ) );
#2590 = ORIENTED_EDGE('',*,*,#2591,.F.);
#2591 = EDGE_CURVE('',#2592,#2564,#2594,.T.);
#2592 = VERTEX_POINT('',#2593);
#2593 = CARTESIAN_POINT('',(6.30249223595,-1.8,-4.401246117975));
#2594 = SURFACE_CURVE('',#2595,(#2600,#2607),.PCURVE_S1.);
#2595 = CIRCLE('',#2596,0.45);
#2596 = AXIS2_PLACEMENT_3D('',#2597,#2598,#2599);
#2597 = CARTESIAN_POINT('',(5.9,-1.8,-4.2));
#2598 = DIRECTION('',(0.,1.,0.));
#2599 = DIRECTION('',(0.894427191,0.,-0.4472135955));
#2600 = PCURVE('',#419,#2601);
#2601 = DEFINITIONAL_REPRESENTATION('',(#2602),#2606);
#2602 = CIRCLE('',#2603,0.45);
#2603 = AXIS2_PLACEMENT_2D('',#2604,#2605);
#2604 = CARTESIAN_POINT('',(10.05,20.15));
#2605 = DIRECTION('',(-0.4472135955,0.894427191));
#2606 = ( GEOMETRIC_REPRESENTATION_CONTEXT(2) 
PARAMETRIC_REPRESENTATION_CONTEXT() REPRESENTATION_CONTEXT('2D SPACE',''
  ) );
#2607 = PCURVE('',#2608,#2613);
#2608 = CYLINDRICAL_SURFACE('',#2609,0.45);
#2609 = AXIS2_PLACEMENT_3D('',#2610,#2611,#2612);
#2610 = CARTESIAN_POINT('',(5.9,-1.3,-4.2));
#2611 = DIRECTION('',(0.,1.,0.));
#2612 = DIRECTION('',(0.894427191,0.,-0.4472135955));
#2613 = DEFINITIONAL_REPRESENTATION('',(#2614),#2618);
#2614 = LINE('',#2615,#2616);
#2615 = CARTESIAN_POINT('',(0.,-0.5));
#2616 = VECTOR('',#2617,1.);
#2617 = DIRECTION('',(1.,0.));
#2618 = ( GEOMETRIC_REPRESENTATION_CONTEXT(2) 
PARAMETRIC_REPRESENTATION_CONTEXT() REPRESENTATION_CONTEXT('2D SPACE',''
  ) );
#2619 = ORIENTED_EDGE('',*,*,#2620,.F.);
#2620 = EDGE_CURVE('',#2621,#2592,#2623,.T.);
#2621 = VERTEX_POINT('',#2622);
#2622 = CARTESIAN_POINT('',(7.00249223595,-1.8,-3.001246117975));
#2623 = SURFACE_CURVE('',#2624,(#2628,#2634),.PCURVE_S1.);
#2624 = LINE('',#2625,#2626);
#2625 = CARTESIAN_POINT('',(2.62749223595,-1.8,-11.75124611797));
#2626 = VECTOR('',#2627,1.);
#2627 = DIRECTION('',(-0.4472135955,0.,-0.894427191));
#2628 = PCURVE('',#419,#2629);
#2629 = DEFINITIONAL_REPRESENTATION('',(#2630),#2633);
#2630 = B_SPLINE_CURVE_WITH_KNOTS('',1,(#2631,#2632),.UNSPECIFIED.,.F.,
  .F.,(2,2),(-9.782797401562,-8.217549817312),.PIECEWISE_BEZIER_KNOTS.);
#2631 = CARTESIAN_POINT('',(11.248753882025,21.25249223595));
#2632 = CARTESIAN_POINT('',(9.848753882025,20.55249223595));
#2633 = ( GEOMETRIC_REPRESENTATION_CONTEXT(2) 
PARAMETRIC_REPRESENTATION_CONTEXT() REPRESENTATION_CONTEXT('2D SPACE',''
  ) );
#2634 = PCURVE('',#2635,#2640);
#2635 = PLANE('',#2636);
#2636 = AXIS2_PLACEMENT_3D('',#2637,#2638,#2639);
#2637 = CARTESIAN_POINT('',(7.00249223595,-1.3,-3.001246117975));
#2638 = DIRECTION('',(0.894427191,0.,-0.4472135955));
#2639 = DIRECTION('',(-0.4472135955,-0.,-0.894427191));
#2640 = DEFINITIONAL_REPRESENTATION('',(#2641),#2644);
#2641 = B_SPLINE_CURVE_WITH_KNOTS('',1,(#2642,#2643),.UNSPECIFIED.,.F.,
  .F.,(2,2),(-9.782797401562,-8.217549817312),.PIECEWISE_BEZIER_KNOTS.);
#2642 = CARTESIAN_POINT('',(0.,-0.5));
#2643 = CARTESIAN_POINT('',(1.56524758425,-0.5));
#2644 = ( GEOMETRIC_REPRESENTATION_CONTEXT(2) 
PARAMETRIC_REPRESENTATION_CONTEXT() REPRESENTATION_CONTEXT('2D SPACE',''
  ) );
#2645 = ORIENTED_EDGE('',*,*,#2646,.F.);
#2646 = EDGE_CURVE('',#2566,#2621,#2647,.T.);
#2647 = SURFACE_CURVE('',#2648,(#2653,#2660),.PCURVE_S1.);
#2648 = CIRCLE('',#2649,0.45);
#2649 = AXIS2_PLACEMENT_3D('',#2650,#2651,#2652);
#2650 = CARTESIAN_POINT('',(6.6,-1.8,-2.8));
#2651 = DIRECTION('',(0.,1.,-0.));
#2652 = DIRECTION('',(-0.894427191,0.,0.4472135955));
#2653 = PCURVE('',#419,#2654);
#2654 = DEFINITIONAL_REPRESENTATION('',(#2655),#2659);
#2655 = CIRCLE('',#2656,0.45);
#2656 = AXIS2_PLACEMENT_2D('',#2657,#2658);
#2657 = CARTESIAN_POINT('',(11.45,20.85));
#2658 = DIRECTION('',(0.4472135955,-0.894427191));
#2659 = ( GEOMETRIC_REPRESENTATION_CONTEXT(2) 
PARAMETRIC_REPRESENTATION_CONTEXT() REPRESENTATION_CONTEXT('2D SPACE',''
  ) );
#2660 = PCURVE('',#2661,#2666);
#2661 = CYLINDRICAL_SURFACE('',#2662,0.45);
#2662 = AXIS2_PLACEMENT_3D('',#2663,#2664,#2665);
#2663 = CARTESIAN_POINT('',(6.6,-1.3,-2.8));
#2664 = DIRECTION('',(0.,1.,-0.));
#2665 = DIRECTION('',(-0.894427191,0.,0.4472135955));
#2666 = DEFINITIONAL_REPRESENTATION('',(#2667),#2671);
#2667 = LINE('',#2668,#2669);
#2668 = CARTESIAN_POINT('',(0.,-0.5));
#2669 = VECTOR('',#2670,1.);
#2670 = DIRECTION('',(1.,0.));
#2671 = ( GEOMETRIC_REPRESENTATION_CONTEXT(2) 
PARAMETRIC_REPRESENTATION_CONTEXT() REPRESENTATION_CONTEXT('2D SPACE',''
  ) );
#2672 = FACE_BOUND('',#2673,.F.);
#2673 = EDGE_LOOP('',(#2674,#2702,#2731,#2757));
#2674 = ORIENTED_EDGE('',*,*,#2675,.F.);
#2675 = EDGE_CURVE('',#2676,#2678,#2680,.T.);
#2676 = VERTEX_POINT('',#2677);
#2677 = CARTESIAN_POINT('',(6.69750776405,-1.8,-3.998753882025));
#2678 = VERTEX_POINT('',#2679);
#2679 = CARTESIAN_POINT('',(7.39750776405,-1.8,-2.598753882025));
#2680 = SURFACE_CURVE('',#2681,(#2685,#2691),.PCURVE_S1.);
#2681 = LINE('',#2682,#2683);
#2682 = CARTESIAN_POINT('',(2.55250776405,-1.8,-12.28875388202));
#2683 = VECTOR('',#2684,1.);
#2684 = DIRECTION('',(0.4472135955,-0.,0.894427191));
#2685 = PCURVE('',#419,#2686);
#2686 = DEFINITIONAL_REPRESENTATION('',(#2687),#2690);
#2687 = B_SPLINE_CURVE_WITH_KNOTS('',1,(#2688,#2689),.UNSPECIFIED.,.F.,
  .F.,(2,2),(9.268501766737,10.833749350986),.PIECEWISE_BEZIER_KNOTS.);
#2688 = CARTESIAN_POINT('',(10.251246117975,20.94750776405));
#2689 = CARTESIAN_POINT('',(11.651246117975,21.64750776405));
#2690 = ( GEOMETRIC_REPRESENTATION_CONTEXT(2) 
PARAMETRIC_REPRESENTATION_CONTEXT() REPRESENTATION_CONTEXT('2D SPACE',''
  ) );
#2691 = PCURVE('',#2692,#2697);
#2692 = PLANE('',#2693);
#2693 = AXIS2_PLACEMENT_3D('',#2694,#2695,#2696);
#2694 = CARTESIAN_POINT('',(6.69750776405,-1.3,-3.998753882025));
#2695 = DIRECTION('',(-0.894427191,0.,0.4472135955));
#2696 = DIRECTION('',(0.4472135955,0.,0.894427191));
#2697 = DEFINITIONAL_REPRESENTATION('',(#2698),#2701);
#2698 = B_SPLINE_CURVE_WITH_KNOTS('',1,(#2699,#2700),.UNSPECIFIED.,.F.,
  .F.,(2,2),(9.268501766737,10.833749350986),.PIECEWISE_BEZIER_KNOTS.);
#2699 = CARTESIAN_POINT('',(0.,-0.5));
#2700 = CARTESIAN_POINT('',(1.56524758425,-0.5));
#2701 = ( GEOMETRIC_REPRESENTATION_CONTEXT(2) 
PARAMETRIC_REPRESENTATION_CONTEXT() REPRESENTATION_CONTEXT('2D SPACE',''
  ) );
#2702 = ORIENTED_EDGE('',*,*,#2703,.F.);
#2703 = EDGE_CURVE('',#2704,#2676,#2706,.T.);
#2704 = VERTEX_POINT('',#2705);
#2705 = CARTESIAN_POINT('',(7.50249223595,-1.8,-4.401246117975));
#2706 = SURFACE_CURVE('',#2707,(#2712,#2719),.PCURVE_S1.);
#2707 = CIRCLE('',#2708,0.45);
#2708 = AXIS2_PLACEMENT_3D('',#2709,#2710,#2711);
#2709 = CARTESIAN_POINT('',(7.1,-1.8,-4.2));
#2710 = DIRECTION('',(0.,1.,0.));
#2711 = DIRECTION('',(0.894427191,0.,-0.4472135955));
#2712 = PCURVE('',#419,#2713);
#2713 = DEFINITIONAL_REPRESENTATION('',(#2714),#2718);
#2714 = CIRCLE('',#2715,0.45);
#2715 = AXIS2_PLACEMENT_2D('',#2716,#2717);
#2716 = CARTESIAN_POINT('',(10.05,21.35));
#2717 = DIRECTION('',(-0.4472135955,0.894427191));
#2718 = ( GEOMETRIC_REPRESENTATION_CONTEXT(2) 
PARAMETRIC_REPRESENTATION_CONTEXT() REPRESENTATION_CONTEXT('2D SPACE',''
  ) );
#2719 = PCURVE('',#2720,#2725);
#2720 = CYLINDRICAL_SURFACE('',#2721,0.45);
#2721 = AXIS2_PLACEMENT_3D('',#2722,#2723,#2724);
#2722 = CARTESIAN_POINT('',(7.1,-1.3,-4.2));
#2723 = DIRECTION('',(-0.,1.,0.));
#2724 = DIRECTION('',(0.894427191,0.,-0.4472135955));
#2725 = DEFINITIONAL_REPRESENTATION('',(#2726),#2730);
#2726 = LINE('',#2727,#2728);
#2727 = CARTESIAN_POINT('',(0.,-0.5));
#2728 = VECTOR('',#2729,1.);
#2729 = DIRECTION('',(1.,0.));
#2730 = ( GEOMETRIC_REPRESENTATION_CONTEXT(2) 
PARAMETRIC_REPRESENTATION_CONTEXT() REPRESENTATION_CONTEXT('2D SPACE',''
  ) );
#2731 = ORIENTED_EDGE('',*,*,#2732,.F.);
#2732 = EDGE_CURVE('',#2733,#2704,#2735,.T.);
#2733 = VERTEX_POINT('',#2734);
#2734 = CARTESIAN_POINT('',(8.20249223595,-1.8,-3.001246117975));
#2735 = SURFACE_CURVE('',#2736,(#2740,#2746),.PCURVE_S1.);
#2736 = LINE('',#2737,#2738);
#2737 = CARTESIAN_POINT('',(3.70749223595,-1.8,-11.99124611797));
#2738 = VECTOR('',#2739,1.);
#2739 = DIRECTION('',(-0.4472135955,0.,-0.894427191));
#2740 = PCURVE('',#419,#2741);
#2741 = DEFINITIONAL_REPRESENTATION('',(#2742),#2745);
#2742 = B_SPLINE_CURVE_WITH_KNOTS('',1,(#2743,#2744),.UNSPECIFIED.,.F.,
  .F.,(2,2),(-10.05112555886,-8.485877974612),.PIECEWISE_BEZIER_KNOTS.);
#2743 = CARTESIAN_POINT('',(11.248753882025,22.45249223595));
#2744 = CARTESIAN_POINT('',(9.848753882025,21.75249223595));
#2745 = ( GEOMETRIC_REPRESENTATION_CONTEXT(2) 
PARAMETRIC_REPRESENTATION_CONTEXT() REPRESENTATION_CONTEXT('2D SPACE',''
  ) );
#2746 = PCURVE('',#2747,#2752);
#2747 = PLANE('',#2748);
#2748 = AXIS2_PLACEMENT_3D('',#2749,#2750,#2751);
#2749 = CARTESIAN_POINT('',(8.20249223595,-1.3,-3.001246117975));
#2750 = DIRECTION('',(0.894427191,0.,-0.4472135955));
#2751 = DIRECTION('',(-0.4472135955,-0.,-0.894427191));
#2752 = DEFINITIONAL_REPRESENTATION('',(#2753),#2756);
#2753 = B_SPLINE_CURVE_WITH_KNOTS('',1,(#2754,#2755),.UNSPECIFIED.,.F.,
  .F.,(2,2),(-10.05112555886,-8.485877974612),.PIECEWISE_BEZIER_KNOTS.);
#2754 = CARTESIAN_POINT('',(0.,-0.5));
#2755 = CARTESIAN_POINT('',(1.56524758425,-0.5));
#2756 = ( GEOMETRIC_REPRESENTATION_CONTEXT(2) 
PARAMETRIC_REPRESENTATION_CONTEXT() REPRESENTATION_CONTEXT('2D SPACE',''
  ) );
#2757 = ORIENTED_EDGE('',*,*,#2758,.F.);
#2758 = EDGE_CURVE('',#2678,#2733,#2759,.T.);
#2759 = SURFACE_CURVE('',#2760,(#2765,#2772),.PCURVE_S1.);
#2760 = CIRCLE('',#2761,0.45);
#2761 = AXIS2_PLACEMENT_3D('',#2762,#2763,#2764);
#2762 = CARTESIAN_POINT('',(7.8,-1.8,-2.8));
#2763 = DIRECTION('',(0.,1.,-0.));
#2764 = DIRECTION('',(-0.894427191,0.,0.4472135955));
#2765 = PCURVE('',#419,#2766);
#2766 = DEFINITIONAL_REPRESENTATION('',(#2767),#2771);
#2767 = CIRCLE('',#2768,0.45);
#2768 = AXIS2_PLACEMENT_2D('',#2769,#2770);
#2769 = CARTESIAN_POINT('',(11.45,22.05));
#2770 = DIRECTION('',(0.4472135955,-0.894427191));
#2771 = ( GEOMETRIC_REPRESENTATION_CONTEXT(2) 
PARAMETRIC_REPRESENTATION_CONTEXT() REPRESENTATION_CONTEXT('2D SPACE',''
  ) );
#2772 = PCURVE('',#2773,#2778);
#2773 = CYLINDRICAL_SURFACE('',#2774,0.45);
#2774 = AXIS2_PLACEMENT_3D('',#2775,#2776,#2777);
#2775 = CARTESIAN_POINT('',(7.8,-1.3,-2.8));
#2776 = DIRECTION('',(0.,1.,-0.));
#2777 = DIRECTION('',(-0.894427191,0.,0.4472135955));
#2778 = DEFINITIONAL_REPRESENTATION('',(#2779),#2783);
#2779 = LINE('',#2780,#2781);
#2780 = CARTESIAN_POINT('',(0.,-0.5));
#2781 = VECTOR('',#2782,1.);
#2782 = DIRECTION('',(1.,0.));
#2783 = ( GEOMETRIC_REPRESENTATION_CONTEXT(2) 
PARAMETRIC_REPRESENTATION_CONTEXT() REPRESENTATION_CONTEXT('2D SPACE',''
  ) );
#2784 = FACE_BOUND('',#2785,.F.);
#2785 = EDGE_LOOP('',(#2786,#2817,#2843,#2872,#2898,#2927,#2953,#2982,
    #3008,#3034,#3061,#3087,#3113,#3139,#3165,#3194,#3220,#3249,#3275,
    #3304,#3330,#3359,#3385,#3411,#3437,#3463,#3485,#3511));
#2786 = ORIENTED_EDGE('',*,*,#2787,.F.);
#2787 = EDGE_CURVE('',#2788,#2790,#2792,.T.);
#2788 = VERTEX_POINT('',#2789);
#2789 = CARTESIAN_POINT('',(-9.3,-1.8,6.1));
#2790 = VERTEX_POINT('',#2791);
#2791 = CARTESIAN_POINT('',(-6.1,-1.8,9.3));
#2792 = SURFACE_CURVE('',#2793,(#2798,#2805),.PCURVE_S1.);
#2793 = CIRCLE('',#2794,3.2);
#2794 = AXIS2_PLACEMENT_3D('',#2795,#2796,#2797);
#2795 = CARTESIAN_POINT('',(-6.1,-1.8,6.1));
#2796 = DIRECTION('',(0.,1.,0.));
#2797 = DIRECTION('',(-1.,0.,0.));
#2798 = PCURVE('',#419,#2799);
#2799 = DEFINITIONAL_REPRESENTATION('',(#2800),#2804);
#2800 = CIRCLE('',#2801,3.2);
#2801 = AXIS2_PLACEMENT_2D('',#2802,#2803);
#2802 = CARTESIAN_POINT('',(20.35,8.15));
#2803 = DIRECTION('',(0.,-1.));
#2804 = ( GEOMETRIC_REPRESENTATION_CONTEXT(2) 
PARAMETRIC_REPRESENTATION_CONTEXT() REPRESENTATION_CONTEXT('2D SPACE',''
  ) );
#2805 = PCURVE('',#2806,#2811);
#2806 = CYLINDRICAL_SURFACE('',#2807,3.2);
#2807 = AXIS2_PLACEMENT_3D('',#2808,#2809,#2810);
#2808 = CARTESIAN_POINT('',(-6.1,-2.8,6.1));
#2809 = DIRECTION('',(0.,1.,0.));
#2810 = DIRECTION('',(-1.,0.,0.));
#2811 = DEFINITIONAL_REPRESENTATION('',(#2812),#2816);
#2812 = LINE('',#2813,#2814);
#2813 = CARTESIAN_POINT('',(0.,1.));
#2814 = VECTOR('',#2815,1.);
#2815 = DIRECTION('',(1.,0.));
#2816 = ( GEOMETRIC_REPRESENTATION_CONTEXT(2) 
PARAMETRIC_REPRESENTATION_CONTEXT() REPRESENTATION_CONTEXT('2D SPACE',''
  ) );
#2817 = ORIENTED_EDGE('',*,*,#2818,.T.);
#2818 = EDGE_CURVE('',#2788,#2819,#2821,.T.);
#2819 = VERTEX_POINT('',#2820);
#2820 = CARTESIAN_POINT('',(-9.3,-1.8,-6.1));
#2821 = SURFACE_CURVE('',#2822,(#2826,#2832),.PCURVE_S1.);
#2822 = LINE('',#2823,#2824);
#2823 = CARTESIAN_POINT('',(-9.3,-1.8,-11.775));
#2824 = VECTOR('',#2825,1.);
#2825 = DIRECTION('',(0.,0.,-1.));
#2826 = PCURVE('',#419,#2827);
#2827 = DEFINITIONAL_REPRESENTATION('',(#2828),#2831);
#2828 = B_SPLINE_CURVE_WITH_KNOTS('',1,(#2829,#2830),.UNSPECIFIED.,.F.,
  .F.,(2,2),(-17.875,-5.675),.PIECEWISE_BEZIER_KNOTS.);
#2829 = CARTESIAN_POINT('',(20.35,4.95));
#2830 = CARTESIAN_POINT('',(8.15,4.95));
#2831 = ( GEOMETRIC_REPRESENTATION_CONTEXT(2) 
PARAMETRIC_REPRESENTATION_CONTEXT() REPRESENTATION_CONTEXT('2D SPACE',''
  ) );
#2832 = PCURVE('',#2833,#2838);
#2833 = PLANE('',#2834);
#2834 = AXIS2_PLACEMENT_3D('',#2835,#2836,#2837);
#2835 = CARTESIAN_POINT('',(-9.3,-2.8,-9.3));
#2836 = DIRECTION('',(1.,0.,0.));
#2837 = DIRECTION('',(0.,0.,1.));
#2838 = DEFINITIONAL_REPRESENTATION('',(#2839),#2842);
#2839 = B_SPLINE_CURVE_WITH_KNOTS('',1,(#2840,#2841),.UNSPECIFIED.,.F.,
  .F.,(2,2),(-17.875,-5.675),.PIECEWISE_BEZIER_KNOTS.);
#2840 = CARTESIAN_POINT('',(15.4,-1.));
#2841 = CARTESIAN_POINT('',(3.2,-1.));
#2842 = ( GEOMETRIC_REPRESENTATION_CONTEXT(2) 
PARAMETRIC_REPRESENTATION_CONTEXT() REPRESENTATION_CONTEXT('2D SPACE',''
  ) );
#2843 = ORIENTED_EDGE('',*,*,#2844,.F.);
#2844 = EDGE_CURVE('',#2845,#2819,#2847,.T.);
#2845 = VERTEX_POINT('',#2846);
#2846 = CARTESIAN_POINT('',(-6.1,-1.8,-9.3));
#2847 = SURFACE_CURVE('',#2848,(#2853,#2860),.PCURVE_S1.);
#2848 = CIRCLE('',#2849,3.2);
#2849 = AXIS2_PLACEMENT_3D('',#2850,#2851,#2852);
#2850 = CARTESIAN_POINT('',(-6.1,-1.8,-6.1));
#2851 = DIRECTION('',(0.,1.,0.));
#2852 = DIRECTION('',(-1.,0.,0.));
#2853 = PCURVE('',#419,#2854);
#2854 = DEFINITIONAL_REPRESENTATION('',(#2855),#2859);
#2855 = CIRCLE('',#2856,3.2);
#2856 = AXIS2_PLACEMENT_2D('',#2857,#2858);
#2857 = CARTESIAN_POINT('',(8.15,8.15));
#2858 = DIRECTION('',(0.,-1.));
#2859 = ( GEOMETRIC_REPRESENTATION_CONTEXT(2) 
PARAMETRIC_REPRESENTATION_CONTEXT() REPRESENTATION_CONTEXT('2D SPACE',''
  ) );
#2860 = PCURVE('',#2861,#2866);
#2861 = CYLINDRICAL_SURFACE('',#2862,3.2);
#2862 = AXIS2_PLACEMENT_3D('',#2863,#2864,#2865);
#2863 = CARTESIAN_POINT('',(-6.1,-2.8,-6.1));
#2864 = DIRECTION('',(0.,1.,0.));
#2865 = DIRECTION('',(-1.,0.,0.));
#2866 = DEFINITIONAL_REPRESENTATION('',(#2867),#2871);
#2867 = LINE('',#2868,#2869);
#2868 = CARTESIAN_POINT('',(-6.28318530718,1.));
#2869 = VECTOR('',#2870,1.);
#2870 = DIRECTION('',(1.,-0.));
#2871 = ( GEOMETRIC_REPRESENTATION_CONTEXT(2) 
PARAMETRIC_REPRESENTATION_CONTEXT() REPRESENTATION_CONTEXT('2D SPACE',''
  ) );
#2872 = ORIENTED_EDGE('',*,*,#2873,.T.);
#2873 = EDGE_CURVE('',#2845,#2874,#2876,.T.);
#2874 = VERTEX_POINT('',#2875);
#2875 = CARTESIAN_POINT('',(6.1,-1.8,-9.3));
#2876 = SURFACE_CURVE('',#2877,(#2881,#2887),.PCURVE_S1.);
#2877 = LINE('',#2878,#2879);
#2878 = CARTESIAN_POINT('',(-11.775,-1.8,-9.3));
#2879 = VECTOR('',#2880,1.);
#2880 = DIRECTION('',(1.,0.,0.));
#2881 = PCURVE('',#419,#2882);
#2882 = DEFINITIONAL_REPRESENTATION('',(#2883),#2886);
#2883 = B_SPLINE_CURVE_WITH_KNOTS('',1,(#2884,#2885),.UNSPECIFIED.,.F.,
  .F.,(2,2),(5.675,17.875),.PIECEWISE_BEZIER_KNOTS.);
#2884 = CARTESIAN_POINT('',(4.95,8.15));
#2885 = CARTESIAN_POINT('',(4.95,20.35));
#2886 = ( GEOMETRIC_REPRESENTATION_CONTEXT(2) 
PARAMETRIC_REPRESENTATION_CONTEXT() REPRESENTATION_CONTEXT('2D SPACE',''
  ) );
#2887 = PCURVE('',#2888,#2893);
#2888 = PLANE('',#2889);
#2889 = AXIS2_PLACEMENT_3D('',#2890,#2891,#2892);
#2890 = CARTESIAN_POINT('',(-9.3,-2.8,-9.3));
#2891 = DIRECTION('',(0.,0.,1.));
#2892 = DIRECTION('',(1.,0.,0.));
#2893 = DEFINITIONAL_REPRESENTATION('',(#2894),#2897);
#2894 = B_SPLINE_CURVE_WITH_KNOTS('',1,(#2895,#2896),.UNSPECIFIED.,.F.,
  .F.,(2,2),(5.675,17.875),.PIECEWISE_BEZIER_KNOTS.);
#2895 = CARTESIAN_POINT('',(3.2,1.));
#2896 = CARTESIAN_POINT('',(15.4,1.));
#2897 = ( GEOMETRIC_REPRESENTATION_CONTEXT(2) 
PARAMETRIC_REPRESENTATION_CONTEXT() REPRESENTATION_CONTEXT('2D SPACE',''
  ) );
#2898 = ORIENTED_EDGE('',*,*,#2899,.F.);
#2899 = EDGE_CURVE('',#2900,#2874,#2902,.T.);
#2900 = VERTEX_POINT('',#2901);
#2901 = CARTESIAN_POINT('',(9.3,-1.8,-6.1));
#2902 = SURFACE_CURVE('',#2903,(#2908,#2915),.PCURVE_S1.);
#2903 = CIRCLE('',#2904,3.2);
#2904 = AXIS2_PLACEMENT_3D('',#2905,#2906,#2907);
#2905 = CARTESIAN_POINT('',(6.1,-1.8,-6.1));
#2906 = DIRECTION('',(0.,1.,0.));
#2907 = DIRECTION('',(1.,0.,-0.));
#2908 = PCURVE('',#419,#2909);
#2909 = DEFINITIONAL_REPRESENTATION('',(#2910),#2914);
#2910 = CIRCLE('',#2911,3.2);
#2911 = AXIS2_PLACEMENT_2D('',#2912,#2913);
#2912 = CARTESIAN_POINT('',(8.15,20.35));
#2913 = DIRECTION('',(0.,1.));
#2914 = ( GEOMETRIC_REPRESENTATION_CONTEXT(2) 
PARAMETRIC_REPRESENTATION_CONTEXT() REPRESENTATION_CONTEXT('2D SPACE',''
  ) );
#2915 = PCURVE('',#2916,#2921);
#2916 = CYLINDRICAL_SURFACE('',#2917,3.2);
#2917 = AXIS2_PLACEMENT_3D('',#2918,#2919,#2920);
#2918 = CARTESIAN_POINT('',(6.1,-2.8,-6.1));
#2919 = DIRECTION('',(0.,1.,0.));
#2920 = DIRECTION('',(1.,0.,-0.));
#2921 = DEFINITIONAL_REPRESENTATION('',(#2922),#2926);
#2922 = LINE('',#2923,#2924);
#2923 = CARTESIAN_POINT('',(0.,1.));
#2924 = VECTOR('',#2925,1.);
#2925 = DIRECTION('',(1.,0.));
#2926 = ( GEOMETRIC_REPRESENTATION_CONTEXT(2) 
PARAMETRIC_REPRESENTATION_CONTEXT() REPRESENTATION_CONTEXT('2D SPACE',''
  ) );
#2927 = ORIENTED_EDGE('',*,*,#2928,.F.);
#2928 = EDGE_CURVE('',#2929,#2900,#2931,.T.);
#2929 = VERTEX_POINT('',#2930);
#2930 = CARTESIAN_POINT('',(9.3,-1.8,6.1));
#2931 = SURFACE_CURVE('',#2932,(#2936,#2942),.PCURVE_S1.);
#2932 = LINE('',#2933,#2934);
#2933 = CARTESIAN_POINT('',(9.3,-1.8,-11.775));
#2934 = VECTOR('',#2935,1.);
#2935 = DIRECTION('',(0.,0.,-1.));
#2936 = PCURVE('',#419,#2937);
#2937 = DEFINITIONAL_REPRESENTATION('',(#2938),#2941);
#2938 = B_SPLINE_CURVE_WITH_KNOTS('',1,(#2939,#2940),.UNSPECIFIED.,.F.,
  .F.,(2,2),(-17.875,-5.675),.PIECEWISE_BEZIER_KNOTS.);
#2939 = CARTESIAN_POINT('',(20.35,23.55));
#2940 = CARTESIAN_POINT('',(8.15,23.55));
#2941 = ( GEOMETRIC_REPRESENTATION_CONTEXT(2) 
PARAMETRIC_REPRESENTATION_CONTEXT() REPRESENTATION_CONTEXT('2D SPACE',''
  ) );
#2942 = PCURVE('',#2943,#2948);
#2943 = PLANE('',#2944);
#2944 = AXIS2_PLACEMENT_3D('',#2945,#2946,#2947);
#2945 = CARTESIAN_POINT('',(9.3,-2.8,-9.3));
#2946 = DIRECTION('',(1.,0.,0.));
#2947 = DIRECTION('',(0.,0.,1.));
#2948 = DEFINITIONAL_REPRESENTATION('',(#2949),#2952);
#2949 = B_SPLINE_CURVE_WITH_KNOTS('',1,(#2950,#2951),.UNSPECIFIED.,.F.,
  .F.,(2,2),(-17.875,-5.675),.PIECEWISE_BEZIER_KNOTS.);
#2950 = CARTESIAN_POINT('',(15.4,-1.));
#2951 = CARTESIAN_POINT('',(3.2,-1.));
#2952 = ( GEOMETRIC_REPRESENTATION_CONTEXT(2) 
PARAMETRIC_REPRESENTATION_CONTEXT() REPRESENTATION_CONTEXT('2D SPACE',''
  ) );
#2953 = ORIENTED_EDGE('',*,*,#2954,.F.);
#2954 = EDGE_CURVE('',#2955,#2929,#2957,.T.);
#2955 = VERTEX_POINT('',#2956);
#2956 = CARTESIAN_POINT('',(6.1,-1.8,9.3));
#2957 = SURFACE_CURVE('',#2958,(#2963,#2970),.PCURVE_S1.);
#2958 = CIRCLE('',#2959,3.2);
#2959 = AXIS2_PLACEMENT_3D('',#2960,#2961,#2962);
#2960 = CARTESIAN_POINT('',(6.1,-1.8,6.1));
#2961 = DIRECTION('',(0.,1.,0.));
#2962 = DIRECTION('',(1.,0.,-0.));
#2963 = PCURVE('',#419,#2964);
#2964 = DEFINITIONAL_REPRESENTATION('',(#2965),#2969);
#2965 = CIRCLE('',#2966,3.2);
#2966 = AXIS2_PLACEMENT_2D('',#2967,#2968);
#2967 = CARTESIAN_POINT('',(20.35,20.35));
#2968 = DIRECTION('',(0.,1.));
#2969 = ( GEOMETRIC_REPRESENTATION_CONTEXT(2) 
PARAMETRIC_REPRESENTATION_CONTEXT() REPRESENTATION_CONTEXT('2D SPACE',''
  ) );
#2970 = PCURVE('',#2971,#2976);
#2971 = CYLINDRICAL_SURFACE('',#2972,3.2);
#2972 = AXIS2_PLACEMENT_3D('',#2973,#2974,#2975);
#2973 = CARTESIAN_POINT('',(6.1,-2.8,6.1));
#2974 = DIRECTION('',(0.,1.,0.));
#2975 = DIRECTION('',(1.,0.,-0.));
#2976 = DEFINITIONAL_REPRESENTATION('',(#2977),#2981);
#2977 = LINE('',#2978,#2979);
#2978 = CARTESIAN_POINT('',(-6.28318530718,1.));
#2979 = VECTOR('',#2980,1.);
#2980 = DIRECTION('',(1.,-0.));
#2981 = ( GEOMETRIC_REPRESENTATION_CONTEXT(2) 
PARAMETRIC_REPRESENTATION_CONTEXT() REPRESENTATION_CONTEXT('2D SPACE',''
  ) );
#2982 = ORIENTED_EDGE('',*,*,#2983,.F.);
#2983 = EDGE_CURVE('',#2984,#2955,#2986,.T.);
#2984 = VERTEX_POINT('',#2985);
#2985 = CARTESIAN_POINT('',(3.7,-1.8,9.3));
#2986 = SURFACE_CURVE('',#2987,(#2991,#2997),.PCURVE_S1.);
#2987 = LINE('',#2988,#2989);
#2988 = CARTESIAN_POINT('',(-11.775,-1.8,9.3));
#2989 = VECTOR('',#2990,1.);
#2990 = DIRECTION('',(1.,0.,0.));
#2991 = PCURVE('',#419,#2992);
#2992 = DEFINITIONAL_REPRESENTATION('',(#2993),#2996);
#2993 = B_SPLINE_CURVE_WITH_KNOTS('',1,(#2994,#2995),.UNSPECIFIED.,.F.,
  .F.,(2,2),(15.475,17.875),.PIECEWISE_BEZIER_KNOTS.);
#2994 = CARTESIAN_POINT('',(23.55,17.95));
#2995 = CARTESIAN_POINT('',(23.55,20.35));
#2996 = ( GEOMETRIC_REPRESENTATION_CONTEXT(2) 
PARAMETRIC_REPRESENTATION_CONTEXT() REPRESENTATION_CONTEXT('2D SPACE',''
  ) );
#2997 = PCURVE('',#2998,#3003);
#2998 = PLANE('',#2999);
#2999 = AXIS2_PLACEMENT_3D('',#3000,#3001,#3002);
#3000 = CARTESIAN_POINT('',(-9.3,-2.8,9.3));
#3001 = DIRECTION('',(0.,0.,1.));
#3002 = DIRECTION('',(1.,0.,0.));
#3003 = DEFINITIONAL_REPRESENTATION('',(#3004),#3007);
#3004 = B_SPLINE_CURVE_WITH_KNOTS('',1,(#3005,#3006),.UNSPECIFIED.,.F.,
  .F.,(2,2),(15.475,17.875),.PIECEWISE_BEZIER_KNOTS.);
#3005 = CARTESIAN_POINT('',(13.,1.));
#3006 = CARTESIAN_POINT('',(15.4,1.));
#3007 = ( GEOMETRIC_REPRESENTATION_CONTEXT(2) 
PARAMETRIC_REPRESENTATION_CONTEXT() REPRESENTATION_CONTEXT('2D SPACE',''
  ) );
#3008 = ORIENTED_EDGE('',*,*,#3009,.F.);
#3009 = EDGE_CURVE('',#3010,#2984,#3012,.T.);
#3010 = VERTEX_POINT('',#3011);
#3011 = CARTESIAN_POINT('',(3.7,-1.8,11.2));
#3012 = SURFACE_CURVE('',#3013,(#3017,#3023),.PCURVE_S1.);
#3013 = LINE('',#3014,#3015);
#3014 = CARTESIAN_POINT('',(3.7,-1.8,-3.325));
#3015 = VECTOR('',#3016,1.);
#3016 = DIRECTION('',(0.,0.,-1.));
#3017 = PCURVE('',#419,#3018);
#3018 = DEFINITIONAL_REPRESENTATION('',(#3019),#3022);
#3019 = B_SPLINE_CURVE_WITH_KNOTS('',1,(#3020,#3021),.UNSPECIFIED.,.F.,
  .F.,(2,2),(-14.525,-12.625),.PIECEWISE_BEZIER_KNOTS.);
#3020 = CARTESIAN_POINT('',(25.45,17.95));
#3021 = CARTESIAN_POINT('',(23.55,17.95));
#3022 = ( GEOMETRIC_REPRESENTATION_CONTEXT(2) 
PARAMETRIC_REPRESENTATION_CONTEXT() REPRESENTATION_CONTEXT('2D SPACE',''
  ) );
#3023 = PCURVE('',#3024,#3029);
#3024 = PLANE('',#3025);
#3025 = AXIS2_PLACEMENT_3D('',#3026,#3027,#3028);
#3026 = CARTESIAN_POINT('',(3.7,-2.8,7.6));
#3027 = DIRECTION('',(1.,0.,0.));
#3028 = DIRECTION('',(0.,0.,1.));
#3029 = DEFINITIONAL_REPRESENTATION('',(#3030),#3033);
#3030 = B_SPLINE_CURVE_WITH_KNOTS('',1,(#3031,#3032),.UNSPECIFIED.,.F.,
  .F.,(2,2),(-14.525,-12.625),.PIECEWISE_BEZIER_KNOTS.);
#3031 = CARTESIAN_POINT('',(3.6,-1.));
#3032 = CARTESIAN_POINT('',(1.7,-1.));
#3033 = ( GEOMETRIC_REPRESENTATION_CONTEXT(2) 
PARAMETRIC_REPRESENTATION_CONTEXT() REPRESENTATION_CONTEXT('2D SPACE',''
  ) );
#3034 = ORIENTED_EDGE('',*,*,#3035,.F.);
#3035 = EDGE_CURVE('',#3036,#3010,#3038,.T.);
#3036 = VERTEX_POINT('',#3037);
#3037 = CARTESIAN_POINT('',(3.,-1.8,11.2));
#3038 = SURFACE_CURVE('',#3039,(#3043,#3049),.PCURVE_S1.);
#3039 = LINE('',#3040,#3041);
#3040 = CARTESIAN_POINT('',(-5.625,-1.8,11.2));
#3041 = VECTOR('',#3042,1.);
#3042 = DIRECTION('',(1.,0.,0.));
#3043 = PCURVE('',#419,#3044);
#3044 = DEFINITIONAL_REPRESENTATION('',(#3045),#3048);
#3045 = B_SPLINE_CURVE_WITH_KNOTS('',1,(#3046,#3047),.UNSPECIFIED.,.F.,
  .F.,(2,2),(8.625,9.325),.PIECEWISE_BEZIER_KNOTS.);
#3046 = CARTESIAN_POINT('',(25.45,17.25));
#3047 = CARTESIAN_POINT('',(25.45,17.95));
#3048 = ( GEOMETRIC_REPRESENTATION_CONTEXT(2) 
PARAMETRIC_REPRESENTATION_CONTEXT() REPRESENTATION_CONTEXT('2D SPACE',''
  ) );
#3049 = PCURVE('',#3050,#3055);
#3050 = PLANE('',#3051);
#3051 = AXIS2_PLACEMENT_3D('',#3052,#3053,#3054);
#3052 = CARTESIAN_POINT('',(-3.7,-2.8,11.2));
#3053 = DIRECTION('',(0.,0.,1.));
#3054 = DIRECTION('',(1.,0.,0.));
#3055 = DEFINITIONAL_REPRESENTATION('',(#3056),#3060);
#3056 = LINE('',#3057,#3058);
#3057 = CARTESIAN_POINT('',(-1.925,1.));
#3058 = VECTOR('',#3059,1.);
#3059 = DIRECTION('',(1.,0.));
#3060 = ( GEOMETRIC_REPRESENTATION_CONTEXT(2) 
PARAMETRIC_REPRESENTATION_CONTEXT() REPRESENTATION_CONTEXT('2D SPACE',''
  ) );
#3061 = ORIENTED_EDGE('',*,*,#3062,.T.);
#3062 = EDGE_CURVE('',#3036,#3063,#3065,.T.);
#3063 = VERTEX_POINT('',#3064);
#3064 = CARTESIAN_POINT('',(3.,-1.8,7.6));
#3065 = SURFACE_CURVE('',#3066,(#3070,#3076),.PCURVE_S1.);
#3066 = LINE('',#3067,#3068);
#3067 = CARTESIAN_POINT('',(3.,-1.8,-7.125));
#3068 = VECTOR('',#3069,1.);
#3069 = DIRECTION('',(0.,0.,-1.));
#3070 = PCURVE('',#419,#3071);
#3071 = DEFINITIONAL_REPRESENTATION('',(#3072),#3075);
#3072 = B_SPLINE_CURVE_WITH_KNOTS('',1,(#3073,#3074),.UNSPECIFIED.,.F.,
  .F.,(2,2),(-18.325,-14.725),.PIECEWISE_BEZIER_KNOTS.);
#3073 = CARTESIAN_POINT('',(25.45,17.25));
#3074 = CARTESIAN_POINT('',(21.85,17.25));
#3075 = ( GEOMETRIC_REPRESENTATION_CONTEXT(2) 
PARAMETRIC_REPRESENTATION_CONTEXT() REPRESENTATION_CONTEXT('2D SPACE',''
  ) );
#3076 = PCURVE('',#3077,#3082);
#3077 = PLANE('',#3078);
#3078 = AXIS2_PLACEMENT_3D('',#3079,#3080,#3081);
#3079 = CARTESIAN_POINT('',(3.,-3.8,0.));
#3080 = DIRECTION('',(1.,0.,0.));
#3081 = DIRECTION('',(0.,0.,1.));
#3082 = DEFINITIONAL_REPRESENTATION('',(#3083),#3086);
#3083 = B_SPLINE_CURVE_WITH_KNOTS('',1,(#3084,#3085),.UNSPECIFIED.,.F.,
  .F.,(2,2),(-18.325,-14.725),.PIECEWISE_BEZIER_KNOTS.);
#3084 = CARTESIAN_POINT('',(11.2,-2.));
#3085 = CARTESIAN_POINT('',(7.6,-2.));
#3086 = ( GEOMETRIC_REPRESENTATION_CONTEXT(2) 
PARAMETRIC_REPRESENTATION_CONTEXT() REPRESENTATION_CONTEXT('2D SPACE',''
  ) );
#3087 = ORIENTED_EDGE('',*,*,#3088,.T.);
#3088 = EDGE_CURVE('',#3063,#3089,#3091,.T.);
#3089 = VERTEX_POINT('',#3090);
#3090 = CARTESIAN_POINT('',(3.7,-1.8,7.6));
#3091 = SURFACE_CURVE('',#3092,(#3096,#3102),.PCURVE_S1.);
#3092 = LINE('',#3093,#3094);
#3093 = CARTESIAN_POINT('',(-5.625,-1.8,7.6));
#3094 = VECTOR('',#3095,1.);
#3095 = DIRECTION('',(1.,0.,0.));
#3096 = PCURVE('',#419,#3097);
#3097 = DEFINITIONAL_REPRESENTATION('',(#3098),#3101);
#3098 = B_SPLINE_CURVE_WITH_KNOTS('',1,(#3099,#3100),.UNSPECIFIED.,.F.,
  .F.,(2,2),(8.625,9.325),.PIECEWISE_BEZIER_KNOTS.);
#3099 = CARTESIAN_POINT('',(21.85,17.25));
#3100 = CARTESIAN_POINT('',(21.85,17.95));
#3101 = ( GEOMETRIC_REPRESENTATION_CONTEXT(2) 
PARAMETRIC_REPRESENTATION_CONTEXT() REPRESENTATION_CONTEXT('2D SPACE',''
  ) );
#3102 = PCURVE('',#3103,#3108);
#3103 = PLANE('',#3104);
#3104 = AXIS2_PLACEMENT_3D('',#3105,#3106,#3107);
#3105 = CARTESIAN_POINT('',(3.,-2.8,7.6));
#3106 = DIRECTION('',(0.,0.,1.));
#3107 = DIRECTION('',(1.,0.,0.));
#3108 = DEFINITIONAL_REPRESENTATION('',(#3109),#3112);
#3109 = B_SPLINE_CURVE_WITH_KNOTS('',1,(#3110,#3111),.UNSPECIFIED.,.F.,
  .F.,(2,2),(8.625,9.325),.PIECEWISE_BEZIER_KNOTS.);
#3110 = CARTESIAN_POINT('',(0.,1.));
#3111 = CARTESIAN_POINT('',(0.7,1.));
#3112 = ( GEOMETRIC_REPRESENTATION_CONTEXT(2) 
PARAMETRIC_REPRESENTATION_CONTEXT() REPRESENTATION_CONTEXT('2D SPACE',''
  ) );
#3113 = ORIENTED_EDGE('',*,*,#3114,.F.);
#3114 = EDGE_CURVE('',#3115,#3089,#3117,.T.);
#3115 = VERTEX_POINT('',#3116);
#3116 = CARTESIAN_POINT('',(3.7,-1.8,8.6));
#3117 = SURFACE_CURVE('',#3118,(#3122,#3128),.PCURVE_S1.);
#3118 = LINE('',#3119,#3120);
#3119 = CARTESIAN_POINT('',(3.7,-1.8,-3.325));
#3120 = VECTOR('',#3121,1.);
#3121 = DIRECTION('',(0.,0.,-1.));
#3122 = PCURVE('',#419,#3123);
#3123 = DEFINITIONAL_REPRESENTATION('',(#3124),#3127);
#3124 = B_SPLINE_CURVE_WITH_KNOTS('',1,(#3125,#3126),.UNSPECIFIED.,.F.,
  .F.,(2,2),(-11.925,-10.925),.PIECEWISE_BEZIER_KNOTS.);
#3125 = CARTESIAN_POINT('',(22.85,17.95));
#3126 = CARTESIAN_POINT('',(21.85,17.95));
#3127 = ( GEOMETRIC_REPRESENTATION_CONTEXT(2) 
PARAMETRIC_REPRESENTATION_CONTEXT() REPRESENTATION_CONTEXT('2D SPACE',''
  ) );
#3128 = PCURVE('',#3129,#3134);
#3129 = PLANE('',#3130);
#3130 = AXIS2_PLACEMENT_3D('',#3131,#3132,#3133);
#3131 = CARTESIAN_POINT('',(3.7,-2.8,7.6));
#3132 = DIRECTION('',(1.,0.,0.));
#3133 = DIRECTION('',(0.,0.,1.));
#3134 = DEFINITIONAL_REPRESENTATION('',(#3135),#3138);
#3135 = B_SPLINE_CURVE_WITH_KNOTS('',1,(#3136,#3137),.UNSPECIFIED.,.F.,
  .F.,(2,2),(-11.925,-10.925),.PIECEWISE_BEZIER_KNOTS.);
#3136 = CARTESIAN_POINT('',(1.,-1.));
#3137 = CARTESIAN_POINT('',(0.,-1.));
#3138 = ( GEOMETRIC_REPRESENTATION_CONTEXT(2) 
PARAMETRIC_REPRESENTATION_CONTEXT() REPRESENTATION_CONTEXT('2D SPACE',''
  ) );
#3139 = ORIENTED_EDGE('',*,*,#3140,.T.);
#3140 = EDGE_CURVE('',#3115,#3141,#3143,.T.);
#3141 = VERTEX_POINT('',#3142);
#3142 = CARTESIAN_POINT('',(6.1,-1.8,8.6));
#3143 = SURFACE_CURVE('',#3144,(#3148,#3154),.PCURVE_S1.);
#3144 = LINE('',#3145,#3146);
#3145 = CARTESIAN_POINT('',(-11.425,-1.8,8.6));
#3146 = VECTOR('',#3147,1.);
#3147 = DIRECTION('',(1.,0.,0.));
#3148 = PCURVE('',#419,#3149);
#3149 = DEFINITIONAL_REPRESENTATION('',(#3150),#3153);
#3150 = B_SPLINE_CURVE_WITH_KNOTS('',1,(#3151,#3152),.UNSPECIFIED.,.F.,
  .F.,(2,2),(15.125,17.525),.PIECEWISE_BEZIER_KNOTS.);
#3151 = CARTESIAN_POINT('',(22.85,17.95));
#3152 = CARTESIAN_POINT('',(22.85,20.35));
#3153 = ( GEOMETRIC_REPRESENTATION_CONTEXT(2) 
PARAMETRIC_REPRESENTATION_CONTEXT() REPRESENTATION_CONTEXT('2D SPACE',''
  ) );
#3154 = PCURVE('',#3155,#3160);
#3155 = PLANE('',#3156);
#3156 = AXIS2_PLACEMENT_3D('',#3157,#3158,#3159);
#3157 = CARTESIAN_POINT('',(-8.6,-3.8,8.6));
#3158 = DIRECTION('',(0.,0.,1.));
#3159 = DIRECTION('',(1.,0.,0.));
#3160 = DEFINITIONAL_REPRESENTATION('',(#3161),#3164);
#3161 = B_SPLINE_CURVE_WITH_KNOTS('',1,(#3162,#3163),.UNSPECIFIED.,.F.,
  .F.,(2,2),(15.125,17.525),.PIECEWISE_BEZIER_KNOTS.);
#3162 = CARTESIAN_POINT('',(12.3,2.));
#3163 = CARTESIAN_POINT('',(14.7,2.));
#3164 = ( GEOMETRIC_REPRESENTATION_CONTEXT(2) 
PARAMETRIC_REPRESENTATION_CONTEXT() REPRESENTATION_CONTEXT('2D SPACE',''
  ) );
#3165 = ORIENTED_EDGE('',*,*,#3166,.T.);
#3166 = EDGE_CURVE('',#3141,#3167,#3169,.T.);
#3167 = VERTEX_POINT('',#3168);
#3168 = CARTESIAN_POINT('',(8.6,-1.8,6.1));
#3169 = SURFACE_CURVE('',#3170,(#3175,#3182),.PCURVE_S1.);
#3170 = CIRCLE('',#3171,2.5);
#3171 = AXIS2_PLACEMENT_3D('',#3172,#3173,#3174);
#3172 = CARTESIAN_POINT('',(6.1,-1.8,6.1));
#3173 = DIRECTION('',(0.,1.,0.));
#3174 = DIRECTION('',(1.,0.,-0.));
#3175 = PCURVE('',#419,#3176);
#3176 = DEFINITIONAL_REPRESENTATION('',(#3177),#3181);
#3177 = CIRCLE('',#3178,2.5);
#3178 = AXIS2_PLACEMENT_2D('',#3179,#3180);
#3179 = CARTESIAN_POINT('',(20.35,20.35));
#3180 = DIRECTION('',(0.,1.));
#3181 = ( GEOMETRIC_REPRESENTATION_CONTEXT(2) 
PARAMETRIC_REPRESENTATION_CONTEXT() REPRESENTATION_CONTEXT('2D SPACE',''
  ) );
#3182 = PCURVE('',#3183,#3188);
#3183 = CYLINDRICAL_SURFACE('',#3184,2.5);
#3184 = AXIS2_PLACEMENT_3D('',#3185,#3186,#3187);
#3185 = CARTESIAN_POINT('',(6.1,-3.8,6.1));
#3186 = DIRECTION('',(0.,1.,0.));
#3187 = DIRECTION('',(1.,0.,-0.));
#3188 = DEFINITIONAL_REPRESENTATION('',(#3189),#3193);
#3189 = LINE('',#3190,#3191);
#3190 = CARTESIAN_POINT('',(-6.28318530718,2.));
#3191 = VECTOR('',#3192,1.);
#3192 = DIRECTION('',(1.,-0.));
#3193 = ( GEOMETRIC_REPRESENTATION_CONTEXT(2) 
PARAMETRIC_REPRESENTATION_CONTEXT() REPRESENTATION_CONTEXT('2D SPACE',''
  ) );
#3194 = ORIENTED_EDGE('',*,*,#3195,.T.);
#3195 = EDGE_CURVE('',#3167,#3196,#3198,.T.);
#3196 = VERTEX_POINT('',#3197);
#3197 = CARTESIAN_POINT('',(8.6,-1.8,-6.1));
#3198 = SURFACE_CURVE('',#3199,(#3203,#3209),.PCURVE_S1.);
#3199 = LINE('',#3200,#3201);
#3200 = CARTESIAN_POINT('',(8.6,-1.8,-11.425));
#3201 = VECTOR('',#3202,1.);
#3202 = DIRECTION('',(0.,0.,-1.));
#3203 = PCURVE('',#419,#3204);
#3204 = DEFINITIONAL_REPRESENTATION('',(#3205),#3208);
#3205 = B_SPLINE_CURVE_WITH_KNOTS('',1,(#3206,#3207),.UNSPECIFIED.,.F.,
  .F.,(2,2),(-17.525,-5.325),.PIECEWISE_BEZIER_KNOTS.);
#3206 = CARTESIAN_POINT('',(20.35,22.85));
#3207 = CARTESIAN_POINT('',(8.15,22.85));
#3208 = ( GEOMETRIC_REPRESENTATION_CONTEXT(2) 
PARAMETRIC_REPRESENTATION_CONTEXT() REPRESENTATION_CONTEXT('2D SPACE',''
  ) );
#3209 = PCURVE('',#3210,#3215);
#3210 = PLANE('',#3211);
#3211 = AXIS2_PLACEMENT_3D('',#3212,#3213,#3214);
#3212 = CARTESIAN_POINT('',(8.6,-3.8,-8.6));
#3213 = DIRECTION('',(1.,0.,0.));
#3214 = DIRECTION('',(0.,0.,1.));
#3215 = DEFINITIONAL_REPRESENTATION('',(#3216),#3219);
#3216 = B_SPLINE_CURVE_WITH_KNOTS('',1,(#3217,#3218),.UNSPECIFIED.,.F.,
  .F.,(2,2),(-17.525,-5.325),.PIECEWISE_BEZIER_KNOTS.);
#3217 = CARTESIAN_POINT('',(14.7,-2.));
#3218 = CARTESIAN_POINT('',(2.5,-2.));
#3219 = ( GEOMETRIC_REPRESENTATION_CONTEXT(2) 
PARAMETRIC_REPRESENTATION_CONTEXT() REPRESENTATION_CONTEXT('2D SPACE',''
  ) );
#3220 = ORIENTED_EDGE('',*,*,#3221,.T.);
#3221 = EDGE_CURVE('',#3196,#3222,#3224,.T.);
#3222 = VERTEX_POINT('',#3223);
#3223 = CARTESIAN_POINT('',(6.1,-1.8,-8.6));
#3224 = SURFACE_CURVE('',#3225,(#3230,#3237),.PCURVE_S1.);
#3225 = CIRCLE('',#3226,2.5);
#3226 = AXIS2_PLACEMENT_3D('',#3227,#3228,#3229);
#3227 = CARTESIAN_POINT('',(6.1,-1.8,-6.1));
#3228 = DIRECTION('',(0.,1.,0.));
#3229 = DIRECTION('',(1.,0.,-0.));
#3230 = PCURVE('',#419,#3231);
#3231 = DEFINITIONAL_REPRESENTATION('',(#3232),#3236);
#3232 = CIRCLE('',#3233,2.5);
#3233 = AXIS2_PLACEMENT_2D('',#3234,#3235);
#3234 = CARTESIAN_POINT('',(8.15,20.35));
#3235 = DIRECTION('',(0.,1.));
#3236 = ( GEOMETRIC_REPRESENTATION_CONTEXT(2) 
PARAMETRIC_REPRESENTATION_CONTEXT() REPRESENTATION_CONTEXT('2D SPACE',''
  ) );
#3237 = PCURVE('',#3238,#3243);
#3238 = CYLINDRICAL_SURFACE('',#3239,2.5);
#3239 = AXIS2_PLACEMENT_3D('',#3240,#3241,#3242);
#3240 = CARTESIAN_POINT('',(6.1,-3.8,-6.1));
#3241 = DIRECTION('',(0.,1.,0.));
#3242 = DIRECTION('',(1.,0.,-0.));
#3243 = DEFINITIONAL_REPRESENTATION('',(#3244),#3248);
#3244 = LINE('',#3245,#3246);
#3245 = CARTESIAN_POINT('',(0.,2.));
#3246 = VECTOR('',#3247,1.);
#3247 = DIRECTION('',(1.,0.));
#3248 = ( GEOMETRIC_REPRESENTATION_CONTEXT(2) 
PARAMETRIC_REPRESENTATION_CONTEXT() REPRESENTATION_CONTEXT('2D SPACE',''
  ) );
#3249 = ORIENTED_EDGE('',*,*,#3250,.F.);
#3250 = EDGE_CURVE('',#3251,#3222,#3253,.T.);
#3251 = VERTEX_POINT('',#3252);
#3252 = CARTESIAN_POINT('',(-6.1,-1.8,-8.6));
#3253 = SURFACE_CURVE('',#3254,(#3258,#3264),.PCURVE_S1.);
#3254 = LINE('',#3255,#3256);
#3255 = CARTESIAN_POINT('',(-11.425,-1.8,-8.6));
#3256 = VECTOR('',#3257,1.);
#3257 = DIRECTION('',(1.,0.,0.));
#3258 = PCURVE('',#419,#3259);
#3259 = DEFINITIONAL_REPRESENTATION('',(#3260),#3263);
#3260 = B_SPLINE_CURVE_WITH_KNOTS('',1,(#3261,#3262),.UNSPECIFIED.,.F.,
  .F.,(2,2),(5.325,17.525),.PIECEWISE_BEZIER_KNOTS.);
#3261 = CARTESIAN_POINT('',(5.65,8.15));
#3262 = CARTESIAN_POINT('',(5.65,20.35));
#3263 = ( GEOMETRIC_REPRESENTATION_CONTEXT(2) 
PARAMETRIC_REPRESENTATION_CONTEXT() REPRESENTATION_CONTEXT('2D SPACE',''
  ) );
#3264 = PCURVE('',#3265,#3270);
#3265 = PLANE('',#3266);
#3266 = AXIS2_PLACEMENT_3D('',#3267,#3268,#3269);
#3267 = CARTESIAN_POINT('',(-8.6,-3.8,-8.6));
#3268 = DIRECTION('',(0.,0.,1.));
#3269 = DIRECTION('',(1.,0.,0.));
#3270 = DEFINITIONAL_REPRESENTATION('',(#3271),#3274);
#3271 = B_SPLINE_CURVE_WITH_KNOTS('',1,(#3272,#3273),.UNSPECIFIED.,.F.,
  .F.,(2,2),(5.325,17.525),.PIECEWISE_BEZIER_KNOTS.);
#3272 = CARTESIAN_POINT('',(2.5,2.));
#3273 = CARTESIAN_POINT('',(14.7,2.));
#3274 = ( GEOMETRIC_REPRESENTATION_CONTEXT(2) 
PARAMETRIC_REPRESENTATION_CONTEXT() REPRESENTATION_CONTEXT('2D SPACE',''
  ) );
#3275 = ORIENTED_EDGE('',*,*,#3276,.T.);
#3276 = EDGE_CURVE('',#3251,#3277,#3279,.T.);
#3277 = VERTEX_POINT('',#3278);
#3278 = CARTESIAN_POINT('',(-8.6,-1.8,-6.1));
#3279 = SURFACE_CURVE('',#3280,(#3285,#3292),.PCURVE_S1.);
#3280 = CIRCLE('',#3281,2.5);
#3281 = AXIS2_PLACEMENT_3D('',#3282,#3283,#3284);
#3282 = CARTESIAN_POINT('',(-6.1,-1.8,-6.1));
#3283 = DIRECTION('',(0.,1.,0.));
#3284 = DIRECTION('',(-1.,0.,0.));
#3285 = PCURVE('',#419,#3286);
#3286 = DEFINITIONAL_REPRESENTATION('',(#3287),#3291);
#3287 = CIRCLE('',#3288,2.5);
#3288 = AXIS2_PLACEMENT_2D('',#3289,#3290);
#3289 = CARTESIAN_POINT('',(8.15,8.15));
#3290 = DIRECTION('',(0.,-1.));
#3291 = ( GEOMETRIC_REPRESENTATION_CONTEXT(2) 
PARAMETRIC_REPRESENTATION_CONTEXT() REPRESENTATION_CONTEXT('2D SPACE',''
  ) );
#3292 = PCURVE('',#3293,#3298);
#3293 = CYLINDRICAL_SURFACE('',#3294,2.5);
#3294 = AXIS2_PLACEMENT_3D('',#3295,#3296,#3297);
#3295 = CARTESIAN_POINT('',(-6.1,-3.8,-6.1));
#3296 = DIRECTION('',(0.,1.,0.));
#3297 = DIRECTION('',(-1.,0.,0.));
#3298 = DEFINITIONAL_REPRESENTATION('',(#3299),#3303);
#3299 = LINE('',#3300,#3301);
#3300 = CARTESIAN_POINT('',(-6.28318530718,2.));
#3301 = VECTOR('',#3302,1.);
#3302 = DIRECTION('',(1.,-0.));
#3303 = ( GEOMETRIC_REPRESENTATION_CONTEXT(2) 
PARAMETRIC_REPRESENTATION_CONTEXT() REPRESENTATION_CONTEXT('2D SPACE',''
  ) );
#3304 = ORIENTED_EDGE('',*,*,#3305,.F.);
#3305 = EDGE_CURVE('',#3306,#3277,#3308,.T.);
#3306 = VERTEX_POINT('',#3307);
#3307 = CARTESIAN_POINT('',(-8.6,-1.8,6.1));
#3308 = SURFACE_CURVE('',#3309,(#3313,#3319),.PCURVE_S1.);
#3309 = LINE('',#3310,#3311);
#3310 = CARTESIAN_POINT('',(-8.6,-1.8,-11.425));
#3311 = VECTOR('',#3312,1.);
#3312 = DIRECTION('',(0.,0.,-1.));
#3313 = PCURVE('',#419,#3314);
#3314 = DEFINITIONAL_REPRESENTATION('',(#3315),#3318);
#3315 = B_SPLINE_CURVE_WITH_KNOTS('',1,(#3316,#3317),.UNSPECIFIED.,.F.,
  .F.,(2,2),(-17.525,-5.325),.PIECEWISE_BEZIER_KNOTS.);
#3316 = CARTESIAN_POINT('',(20.35,5.65));
#3317 = CARTESIAN_POINT('',(8.15,5.65));
#3318 = ( GEOMETRIC_REPRESENTATION_CONTEXT(2) 
PARAMETRIC_REPRESENTATION_CONTEXT() REPRESENTATION_CONTEXT('2D SPACE',''
  ) );
#3319 = PCURVE('',#3320,#3325);
#3320 = PLANE('',#3321);
#3321 = AXIS2_PLACEMENT_3D('',#3322,#3323,#3324);
#3322 = CARTESIAN_POINT('',(-8.6,-3.8,-8.6));
#3323 = DIRECTION('',(1.,0.,0.));
#3324 = DIRECTION('',(0.,0.,1.));
#3325 = DEFINITIONAL_REPRESENTATION('',(#3326),#3329);
#3326 = B_SPLINE_CURVE_WITH_KNOTS('',1,(#3327,#3328),.UNSPECIFIED.,.F.,
  .F.,(2,2),(-17.525,-5.325),.PIECEWISE_BEZIER_KNOTS.);
#3327 = CARTESIAN_POINT('',(14.7,-2.));
#3328 = CARTESIAN_POINT('',(2.5,-2.));
#3329 = ( GEOMETRIC_REPRESENTATION_CONTEXT(2) 
PARAMETRIC_REPRESENTATION_CONTEXT() REPRESENTATION_CONTEXT('2D SPACE',''
  ) );
#3330 = ORIENTED_EDGE('',*,*,#3331,.T.);
#3331 = EDGE_CURVE('',#3306,#3332,#3334,.T.);
#3332 = VERTEX_POINT('',#3333);
#3333 = CARTESIAN_POINT('',(-6.1,-1.8,8.6));
#3334 = SURFACE_CURVE('',#3335,(#3340,#3347),.PCURVE_S1.);
#3335 = CIRCLE('',#3336,2.5);
#3336 = AXIS2_PLACEMENT_3D('',#3337,#3338,#3339);
#3337 = CARTESIAN_POINT('',(-6.1,-1.8,6.1));
#3338 = DIRECTION('',(0.,1.,0.));
#3339 = DIRECTION('',(-1.,0.,0.));
#3340 = PCURVE('',#419,#3341);
#3341 = DEFINITIONAL_REPRESENTATION('',(#3342),#3346);
#3342 = CIRCLE('',#3343,2.5);
#3343 = AXIS2_PLACEMENT_2D('',#3344,#3345);
#3344 = CARTESIAN_POINT('',(20.35,8.15));
#3345 = DIRECTION('',(0.,-1.));
#3346 = ( GEOMETRIC_REPRESENTATION_CONTEXT(2) 
PARAMETRIC_REPRESENTATION_CONTEXT() REPRESENTATION_CONTEXT('2D SPACE',''
  ) );
#3347 = PCURVE('',#3348,#3353);
#3348 = CYLINDRICAL_SURFACE('',#3349,2.5);
#3349 = AXIS2_PLACEMENT_3D('',#3350,#3351,#3352);
#3350 = CARTESIAN_POINT('',(-6.1,-3.8,6.1));
#3351 = DIRECTION('',(0.,1.,0.));
#3352 = DIRECTION('',(-1.,0.,0.));
#3353 = DEFINITIONAL_REPRESENTATION('',(#3354),#3358);
#3354 = LINE('',#3355,#3356);
#3355 = CARTESIAN_POINT('',(0.,2.));
#3356 = VECTOR('',#3357,1.);
#3357 = DIRECTION('',(1.,0.));
#3358 = ( GEOMETRIC_REPRESENTATION_CONTEXT(2) 
PARAMETRIC_REPRESENTATION_CONTEXT() REPRESENTATION_CONTEXT('2D SPACE',''
  ) );
#3359 = ORIENTED_EDGE('',*,*,#3360,.T.);
#3360 = EDGE_CURVE('',#3332,#3361,#3363,.T.);
#3361 = VERTEX_POINT('',#3362);
#3362 = CARTESIAN_POINT('',(-3.7,-1.8,8.6));
#3363 = SURFACE_CURVE('',#3364,(#3368,#3374),.PCURVE_S1.);
#3364 = LINE('',#3365,#3366);
#3365 = CARTESIAN_POINT('',(-11.425,-1.8,8.6));
#3366 = VECTOR('',#3367,1.);
#3367 = DIRECTION('',(1.,0.,0.));
#3368 = PCURVE('',#419,#3369);
#3369 = DEFINITIONAL_REPRESENTATION('',(#3370),#3373);
#3370 = B_SPLINE_CURVE_WITH_KNOTS('',1,(#3371,#3372),.UNSPECIFIED.,.F.,
  .F.,(2,2),(5.325,7.725),.PIECEWISE_BEZIER_KNOTS.);
#3371 = CARTESIAN_POINT('',(22.85,8.15));
#3372 = CARTESIAN_POINT('',(22.85,10.55));
#3373 = ( GEOMETRIC_REPRESENTATION_CONTEXT(2) 
PARAMETRIC_REPRESENTATION_CONTEXT() REPRESENTATION_CONTEXT('2D SPACE',''
  ) );
#3374 = PCURVE('',#3375,#3380);
#3375 = PLANE('',#3376);
#3376 = AXIS2_PLACEMENT_3D('',#3377,#3378,#3379);
#3377 = CARTESIAN_POINT('',(-8.6,-3.8,8.6));
#3378 = DIRECTION('',(0.,0.,1.));
#3379 = DIRECTION('',(1.,0.,0.));
#3380 = DEFINITIONAL_REPRESENTATION('',(#3381),#3384);
#3381 = B_SPLINE_CURVE_WITH_KNOTS('',1,(#3382,#3383),.UNSPECIFIED.,.F.,
  .F.,(2,2),(5.325,7.725),.PIECEWISE_BEZIER_KNOTS.);
#3382 = CARTESIAN_POINT('',(2.5,2.));
#3383 = CARTESIAN_POINT('',(4.9,2.));
#3384 = ( GEOMETRIC_REPRESENTATION_CONTEXT(2) 
PARAMETRIC_REPRESENTATION_CONTEXT() REPRESENTATION_CONTEXT('2D SPACE',''
  ) );
#3385 = ORIENTED_EDGE('',*,*,#3386,.T.);
#3386 = EDGE_CURVE('',#3361,#3387,#3389,.T.);
#3387 = VERTEX_POINT('',#3388);
#3388 = CARTESIAN_POINT('',(-3.7,-1.8,7.6));
#3389 = SURFACE_CURVE('',#3390,(#3394,#3400),.PCURVE_S1.);
#3390 = LINE('',#3391,#3392);
#3391 = CARTESIAN_POINT('',(-3.7,-1.8,-3.325));
#3392 = VECTOR('',#3393,1.);
#3393 = DIRECTION('',(0.,0.,-1.));
#3394 = PCURVE('',#419,#3395);
#3395 = DEFINITIONAL_REPRESENTATION('',(#3396),#3399);
#3396 = B_SPLINE_CURVE_WITH_KNOTS('',1,(#3397,#3398),.UNSPECIFIED.,.F.,
  .F.,(2,2),(-11.925,-10.925),.PIECEWISE_BEZIER_KNOTS.);
#3397 = CARTESIAN_POINT('',(22.85,10.55));
#3398 = CARTESIAN_POINT('',(21.85,10.55));
#3399 = ( GEOMETRIC_REPRESENTATION_CONTEXT(2) 
PARAMETRIC_REPRESENTATION_CONTEXT() REPRESENTATION_CONTEXT('2D SPACE',''
  ) );
#3400 = PCURVE('',#3401,#3406);
#3401 = PLANE('',#3402);
#3402 = AXIS2_PLACEMENT_3D('',#3403,#3404,#3405);
#3403 = CARTESIAN_POINT('',(-3.7,-2.8,7.6));
#3404 = DIRECTION('',(1.,0.,0.));
#3405 = DIRECTION('',(0.,0.,1.));
#3406 = DEFINITIONAL_REPRESENTATION('',(#3407),#3410);
#3407 = B_SPLINE_CURVE_WITH_KNOTS('',1,(#3408,#3409),.UNSPECIFIED.,.F.,
  .F.,(2,2),(-11.925,-10.925),.PIECEWISE_BEZIER_KNOTS.);
#3408 = CARTESIAN_POINT('',(1.,-1.));
#3409 = CARTESIAN_POINT('',(0.,-1.));
#3410 = ( GEOMETRIC_REPRESENTATION_CONTEXT(2) 
PARAMETRIC_REPRESENTATION_CONTEXT() REPRESENTATION_CONTEXT('2D SPACE',''
  ) );
#3411 = ORIENTED_EDGE('',*,*,#3412,.T.);
#3412 = EDGE_CURVE('',#3387,#3413,#3415,.T.);
#3413 = VERTEX_POINT('',#3414);
#3414 = CARTESIAN_POINT('',(-3.,-1.8,7.6));
#3415 = SURFACE_CURVE('',#3416,(#3420,#3426),.PCURVE_S1.);
#3416 = LINE('',#3417,#3418);
#3417 = CARTESIAN_POINT('',(-8.975,-1.8,7.6));
#3418 = VECTOR('',#3419,1.);
#3419 = DIRECTION('',(1.,0.,0.));
#3420 = PCURVE('',#419,#3421);
#3421 = DEFINITIONAL_REPRESENTATION('',(#3422),#3425);
#3422 = B_SPLINE_CURVE_WITH_KNOTS('',1,(#3423,#3424),.UNSPECIFIED.,.F.,
  .F.,(2,2),(5.275,5.975),.PIECEWISE_BEZIER_KNOTS.);
#3423 = CARTESIAN_POINT('',(21.85,10.55));
#3424 = CARTESIAN_POINT('',(21.85,11.25));
#3425 = ( GEOMETRIC_REPRESENTATION_CONTEXT(2) 
PARAMETRIC_REPRESENTATION_CONTEXT() REPRESENTATION_CONTEXT('2D SPACE',''
  ) );
#3426 = PCURVE('',#3427,#3432);
#3427 = PLANE('',#3428);
#3428 = AXIS2_PLACEMENT_3D('',#3429,#3430,#3431);
#3429 = CARTESIAN_POINT('',(-3.7,-2.8,7.6));
#3430 = DIRECTION('',(0.,0.,1.));
#3431 = DIRECTION('',(1.,0.,0.));
#3432 = DEFINITIONAL_REPRESENTATION('',(#3433),#3436);
#3433 = B_SPLINE_CURVE_WITH_KNOTS('',1,(#3434,#3435),.UNSPECIFIED.,.F.,
  .F.,(2,2),(5.275,5.975),.PIECEWISE_BEZIER_KNOTS.);
#3434 = CARTESIAN_POINT('',(0.,1.));
#3435 = CARTESIAN_POINT('',(0.7,1.));
#3436 = ( GEOMETRIC_REPRESENTATION_CONTEXT(2) 
PARAMETRIC_REPRESENTATION_CONTEXT() REPRESENTATION_CONTEXT('2D SPACE',''
  ) );
#3437 = ORIENTED_EDGE('',*,*,#3438,.F.);
#3438 = EDGE_CURVE('',#3439,#3413,#3441,.T.);
#3439 = VERTEX_POINT('',#3440);
#3440 = CARTESIAN_POINT('',(-3.,-1.8,11.2));
#3441 = SURFACE_CURVE('',#3442,(#3446,#3452),.PCURVE_S1.);
#3442 = LINE('',#3443,#3444);
#3443 = CARTESIAN_POINT('',(-3.,-1.8,-7.125));
#3444 = VECTOR('',#3445,1.);
#3445 = DIRECTION('',(0.,0.,-1.));
#3446 = PCURVE('',#419,#3447);
#3447 = DEFINITIONAL_REPRESENTATION('',(#3448),#3451);
#3448 = B_SPLINE_CURVE_WITH_KNOTS('',1,(#3449,#3450),.UNSPECIFIED.,.F.,
  .F.,(2,2),(-18.325,-14.725),.PIECEWISE_BEZIER_KNOTS.);
#3449 = CARTESIAN_POINT('',(25.45,11.25));
#3450 = CARTESIAN_POINT('',(21.85,11.25));
#3451 = ( GEOMETRIC_REPRESENTATION_CONTEXT(2) 
PARAMETRIC_REPRESENTATION_CONTEXT() REPRESENTATION_CONTEXT('2D SPACE',''
  ) );
#3452 = PCURVE('',#3453,#3458);
#3453 = PLANE('',#3454);
#3454 = AXIS2_PLACEMENT_3D('',#3455,#3456,#3457);
#3455 = CARTESIAN_POINT('',(-3.,-3.8,0.));
#3456 = DIRECTION('',(1.,0.,0.));
#3457 = DIRECTION('',(0.,0.,1.));
#3458 = DEFINITIONAL_REPRESENTATION('',(#3459),#3462);
#3459 = B_SPLINE_CURVE_WITH_KNOTS('',1,(#3460,#3461),.UNSPECIFIED.,.F.,
  .F.,(2,2),(-18.325,-14.725),.PIECEWISE_BEZIER_KNOTS.);
#3460 = CARTESIAN_POINT('',(11.2,-2.));
#3461 = CARTESIAN_POINT('',(7.6,-2.));
#3462 = ( GEOMETRIC_REPRESENTATION_CONTEXT(2) 
PARAMETRIC_REPRESENTATION_CONTEXT() REPRESENTATION_CONTEXT('2D SPACE',''
  ) );
#3463 = ORIENTED_EDGE('',*,*,#3464,.F.);
#3464 = EDGE_CURVE('',#3465,#3439,#3467,.T.);
#3465 = VERTEX_POINT('',#3466);
#3466 = CARTESIAN_POINT('',(-3.7,-1.8,11.2));
#3467 = SURFACE_CURVE('',#3468,(#3472,#3478),.PCURVE_S1.);
#3468 = LINE('',#3469,#3470);
#3469 = CARTESIAN_POINT('',(-8.975,-1.8,11.2));
#3470 = VECTOR('',#3471,1.);
#3471 = DIRECTION('',(1.,0.,0.));
#3472 = PCURVE('',#419,#3473);
#3473 = DEFINITIONAL_REPRESENTATION('',(#3474),#3477);
#3474 = B_SPLINE_CURVE_WITH_KNOTS('',1,(#3475,#3476),.UNSPECIFIED.,.F.,
  .F.,(2,2),(5.275,5.975),.PIECEWISE_BEZIER_KNOTS.);
#3475 = CARTESIAN_POINT('',(25.45,10.55));
#3476 = CARTESIAN_POINT('',(25.45,11.25));
#3477 = ( GEOMETRIC_REPRESENTATION_CONTEXT(2) 
PARAMETRIC_REPRESENTATION_CONTEXT() REPRESENTATION_CONTEXT('2D SPACE',''
  ) );
#3478 = PCURVE('',#3050,#3479);
#3479 = DEFINITIONAL_REPRESENTATION('',(#3480),#3484);
#3480 = LINE('',#3481,#3482);
#3481 = CARTESIAN_POINT('',(-5.275,1.));
#3482 = VECTOR('',#3483,1.);
#3483 = DIRECTION('',(1.,0.));
#3484 = ( GEOMETRIC_REPRESENTATION_CONTEXT(2) 
PARAMETRIC_REPRESENTATION_CONTEXT() REPRESENTATION_CONTEXT('2D SPACE',''
  ) );
#3485 = ORIENTED_EDGE('',*,*,#3486,.T.);
#3486 = EDGE_CURVE('',#3465,#3487,#3489,.T.);
#3487 = VERTEX_POINT('',#3488);
#3488 = CARTESIAN_POINT('',(-3.7,-1.8,9.3));
#3489 = SURFACE_CURVE('',#3490,(#3494,#3500),.PCURVE_S1.);
#3490 = LINE('',#3491,#3492);
#3491 = CARTESIAN_POINT('',(-3.7,-1.8,-3.325));
#3492 = VECTOR('',#3493,1.);
#3493 = DIRECTION('',(0.,0.,-1.));
#3494 = PCURVE('',#419,#3495);
#3495 = DEFINITIONAL_REPRESENTATION('',(#3496),#3499);
#3496 = B_SPLINE_CURVE_WITH_KNOTS('',1,(#3497,#3498),.UNSPECIFIED.,.F.,
  .F.,(2,2),(-14.525,-12.625),.PIECEWISE_BEZIER_KNOTS.);
#3497 = CARTESIAN_POINT('',(25.45,10.55));
#3498 = CARTESIAN_POINT('',(23.55,10.55));
#3499 = ( GEOMETRIC_REPRESENTATION_CONTEXT(2) 
PARAMETRIC_REPRESENTATION_CONTEXT() REPRESENTATION_CONTEXT('2D SPACE',''
  ) );
#3500 = PCURVE('',#3501,#3506);
#3501 = PLANE('',#3502);
#3502 = AXIS2_PLACEMENT_3D('',#3503,#3504,#3505);
#3503 = CARTESIAN_POINT('',(-3.7,-2.8,7.6));
#3504 = DIRECTION('',(1.,0.,0.));
#3505 = DIRECTION('',(0.,0.,1.));
#3506 = DEFINITIONAL_REPRESENTATION('',(#3507),#3510);
#3507 = B_SPLINE_CURVE_WITH_KNOTS('',1,(#3508,#3509),.UNSPECIFIED.,.F.,
  .F.,(2,2),(-14.525,-12.625),.PIECEWISE_BEZIER_KNOTS.);
#3508 = CARTESIAN_POINT('',(3.6,-1.));
#3509 = CARTESIAN_POINT('',(1.7,-1.));
#3510 = ( GEOMETRIC_REPRESENTATION_CONTEXT(2) 
PARAMETRIC_REPRESENTATION_CONTEXT() REPRESENTATION_CONTEXT('2D SPACE',''
  ) );
#3511 = ORIENTED_EDGE('',*,*,#3512,.F.);
#3512 = EDGE_CURVE('',#2790,#3487,#3513,.T.);
#3513 = SURFACE_CURVE('',#3514,(#3518,#3524),.PCURVE_S1.);
#3514 = LINE('',#3515,#3516);
#3515 = CARTESIAN_POINT('',(-11.775,-1.8,9.3));
#3516 = VECTOR('',#3517,1.);
#3517 = DIRECTION('',(1.,0.,0.));
#3518 = PCURVE('',#419,#3519);
#3519 = DEFINITIONAL_REPRESENTATION('',(#3520),#3523);
#3520 = B_SPLINE_CURVE_WITH_KNOTS('',1,(#3521,#3522),.UNSPECIFIED.,.F.,
  .F.,(2,2),(5.675,8.075),.PIECEWISE_BEZIER_KNOTS.);
#3521 = CARTESIAN_POINT('',(23.55,8.15));
#3522 = CARTESIAN_POINT('',(23.55,10.55));
#3523 = ( GEOMETRIC_REPRESENTATION_CONTEXT(2) 
PARAMETRIC_REPRESENTATION_CONTEXT() REPRESENTATION_CONTEXT('2D SPACE',''
  ) );
#3524 = PCURVE('',#3525,#3530);
#3525 = PLANE('',#3526);
#3526 = AXIS2_PLACEMENT_3D('',#3527,#3528,#3529);
#3527 = CARTESIAN_POINT('',(-9.3,-2.8,9.3));
#3528 = DIRECTION('',(0.,0.,1.));
#3529 = DIRECTION('',(1.,0.,0.));
#3530 = DEFINITIONAL_REPRESENTATION('',(#3531),#3534);
#3531 = B_SPLINE_CURVE_WITH_KNOTS('',1,(#3532,#3533),.UNSPECIFIED.,.F.,
  .F.,(2,2),(5.675,8.075),.PIECEWISE_BEZIER_KNOTS.);
#3532 = CARTESIAN_POINT('',(3.2,1.));
#3533 = CARTESIAN_POINT('',(5.6,1.));
#3534 = ( GEOMETRIC_REPRESENTATION_CONTEXT(2) 
PARAMETRIC_REPRESENTATION_CONTEXT() REPRESENTATION_CONTEXT('2D SPACE',''
  ) );
#3535 = FACE_BOUND('',#3536,.F.);
#3536 = EDGE_LOOP('',(#3537,#3565,#3594,#3620));
#3537 = ORIENTED_EDGE('',*,*,#3538,.F.);
#3538 = EDGE_CURVE('',#3539,#3541,#3543,.T.);
#3539 = VERTEX_POINT('',#3540);
#3540 = CARTESIAN_POINT('',(2.8,-1.8,-0.4));
#3541 = VERTEX_POINT('',#3542);
#3542 = CARTESIAN_POINT('',(2.8,-1.8,2.8));
#3543 = SURFACE_CURVE('',#3544,(#3548,#3554),.PCURVE_S1.);
#3544 = LINE('',#3545,#3546);
#3545 = CARTESIAN_POINT('',(2.8,-1.8,-7.325));
#3546 = VECTOR('',#3547,1.);
#3547 = DIRECTION('',(1.110223024625E-16,-0.,1.));
#3548 = PCURVE('',#419,#3549);
#3549 = DEFINITIONAL_REPRESENTATION('',(#3550),#3553);
#3550 = B_SPLINE_CURVE_WITH_KNOTS('',1,(#3551,#3552),.UNSPECIFIED.,.F.,
  .F.,(2,2),(6.925,10.125),.PIECEWISE_BEZIER_KNOTS.);
#3551 = CARTESIAN_POINT('',(13.85,17.05));
#3552 = CARTESIAN_POINT('',(17.05,17.05));
#3553 = ( GEOMETRIC_REPRESENTATION_CONTEXT(2) 
PARAMETRIC_REPRESENTATION_CONTEXT() REPRESENTATION_CONTEXT('2D SPACE',''
  ) );
#3554 = PCURVE('',#3555,#3560);
#3555 = PLANE('',#3556);
#3556 = AXIS2_PLACEMENT_3D('',#3557,#3558,#3559);
#3557 = CARTESIAN_POINT('',(2.8,-1.3,-0.4));
#3558 = DIRECTION('',(-1.,0.,1.110223024625E-16));
#3559 = DIRECTION('',(1.110223024625E-16,0.,1.));
#3560 = DEFINITIONAL_REPRESENTATION('',(#3561),#3564);
#3561 = B_SPLINE_CURVE_WITH_KNOTS('',1,(#3562,#3563),.UNSPECIFIED.,.F.,
  .F.,(2,2),(6.925,10.125),.PIECEWISE_BEZIER_KNOTS.);
#3562 = CARTESIAN_POINT('',(0.,-0.5));
#3563 = CARTESIAN_POINT('',(3.2,-0.5));
#3564 = ( GEOMETRIC_REPRESENTATION_CONTEXT(2) 
PARAMETRIC_REPRESENTATION_CONTEXT() REPRESENTATION_CONTEXT('2D SPACE',''
  ) );
#3565 = ORIENTED_EDGE('',*,*,#3566,.F.);
#3566 = EDGE_CURVE('',#3567,#3539,#3569,.T.);
#3567 = VERTEX_POINT('',#3568);
#3568 = CARTESIAN_POINT('',(4.8,-1.8,-0.4));
#3569 = SURFACE_CURVE('',#3570,(#3575,#3582),.PCURVE_S1.);
#3570 = CIRCLE('',#3571,1.);
#3571 = AXIS2_PLACEMENT_3D('',#3572,#3573,#3574);
#3572 = CARTESIAN_POINT('',(3.8,-1.8,-0.4));
#3573 = DIRECTION('',(0.,1.,0.));
#3574 = DIRECTION('',(1.,0.,-1.110223024625E-16));
#3575 = PCURVE('',#419,#3576);
#3576 = DEFINITIONAL_REPRESENTATION('',(#3577),#3581);
#3577 = CIRCLE('',#3578,1.);
#3578 = AXIS2_PLACEMENT_2D('',#3579,#3580);
#3579 = CARTESIAN_POINT('',(13.85,18.05));
#3580 = DIRECTION('',(-1.110223024625E-16,1.));
#3581 = ( GEOMETRIC_REPRESENTATION_CONTEXT(2) 
PARAMETRIC_REPRESENTATION_CONTEXT() REPRESENTATION_CONTEXT('2D SPACE',''
  ) );
#3582 = PCURVE('',#3583,#3588);
#3583 = CYLINDRICAL_SURFACE('',#3584,1.);
#3584 = AXIS2_PLACEMENT_3D('',#3585,#3586,#3587);
#3585 = CARTESIAN_POINT('',(3.8,-1.3,-0.4));
#3586 = DIRECTION('',(0.,1.,0.));
#3587 = DIRECTION('',(1.,0.,-1.110223024625E-16));
#3588 = DEFINITIONAL_REPRESENTATION('',(#3589),#3593);
#3589 = LINE('',#3590,#3591);
#3590 = CARTESIAN_POINT('',(0.,-0.5));
#3591 = VECTOR('',#3592,1.);
#3592 = DIRECTION('',(1.,0.));
#3593 = ( GEOMETRIC_REPRESENTATION_CONTEXT(2) 
PARAMETRIC_REPRESENTATION_CONTEXT() REPRESENTATION_CONTEXT('2D SPACE',''
  ) );
#3594 = ORIENTED_EDGE('',*,*,#3595,.F.);
#3595 = EDGE_CURVE('',#3596,#3567,#3598,.T.);
#3596 = VERTEX_POINT('',#3597);
#3597 = CARTESIAN_POINT('',(4.8,-1.8,2.8));
#3598 = SURFACE_CURVE('',#3599,(#3603,#3609),.PCURVE_S1.);
#3599 = LINE('',#3600,#3601);
#3600 = CARTESIAN_POINT('',(4.8,-1.8,-5.725));
#3601 = VECTOR('',#3602,1.);
#3602 = DIRECTION('',(-1.110223024625E-16,0.,-1.));
#3603 = PCURVE('',#419,#3604);
#3604 = DEFINITIONAL_REPRESENTATION('',(#3605),#3608);
#3605 = B_SPLINE_CURVE_WITH_KNOTS('',1,(#3606,#3607),.UNSPECIFIED.,.F.,
  .F.,(2,2),(-8.525,-5.325),.PIECEWISE_BEZIER_KNOTS.);
#3606 = CARTESIAN_POINT('',(17.05,19.05));
#3607 = CARTESIAN_POINT('',(13.85,19.05));
#3608 = ( GEOMETRIC_REPRESENTATION_CONTEXT(2) 
PARAMETRIC_REPRESENTATION_CONTEXT() REPRESENTATION_CONTEXT('2D SPACE',''
  ) );
#3609 = PCURVE('',#3610,#3615);
#3610 = PLANE('',#3611);
#3611 = AXIS2_PLACEMENT_3D('',#3612,#3613,#3614);
#3612 = CARTESIAN_POINT('',(4.8,-1.3,2.8));
#3613 = DIRECTION('',(1.,0.,-1.110223024625E-16));
#3614 = DIRECTION('',(-1.110223024625E-16,-0.,-1.));
#3615 = DEFINITIONAL_REPRESENTATION('',(#3616),#3619);
#3616 = B_SPLINE_CURVE_WITH_KNOTS('',1,(#3617,#3618),.UNSPECIFIED.,.F.,
  .F.,(2,2),(-8.525,-5.325),.PIECEWISE_BEZIER_KNOTS.);
#3617 = CARTESIAN_POINT('',(0.,-0.5));
#3618 = CARTESIAN_POINT('',(3.2,-0.5));
#3619 = ( GEOMETRIC_REPRESENTATION_CONTEXT(2) 
PARAMETRIC_REPRESENTATION_CONTEXT() REPRESENTATION_CONTEXT('2D SPACE',''
  ) );
#3620 = ORIENTED_EDGE('',*,*,#3621,.F.);
#3621 = EDGE_CURVE('',#3541,#3596,#3622,.T.);
#3622 = SURFACE_CURVE('',#3623,(#3628,#3635),.PCURVE_S1.);
#3623 = CIRCLE('',#3624,1.);
#3624 = AXIS2_PLACEMENT_3D('',#3625,#3626,#3627);
#3625 = CARTESIAN_POINT('',(3.8,-1.8,2.8));
#3626 = DIRECTION('',(0.,1.,-0.));
#3627 = DIRECTION('',(-1.,0.,1.110223024625E-16));
#3628 = PCURVE('',#419,#3629);
#3629 = DEFINITIONAL_REPRESENTATION('',(#3630),#3634);
#3630 = CIRCLE('',#3631,1.);
#3631 = AXIS2_PLACEMENT_2D('',#3632,#3633);
#3632 = CARTESIAN_POINT('',(17.05,18.05));
#3633 = DIRECTION('',(1.110223024625E-16,-1.));
#3634 = ( GEOMETRIC_REPRESENTATION_CONTEXT(2) 
PARAMETRIC_REPRESENTATION_CONTEXT() REPRESENTATION_CONTEXT('2D SPACE',''
  ) );
#3635 = PCURVE('',#3636,#3641);
#3636 = CYLINDRICAL_SURFACE('',#3637,1.);
#3637 = AXIS2_PLACEMENT_3D('',#3638,#3639,#3640);
#3638 = CARTESIAN_POINT('',(3.8,-1.3,2.8));
#3639 = DIRECTION('',(0.,1.,-0.));
#3640 = DIRECTION('',(-1.,0.,1.110223024625E-16));
#3641 = DEFINITIONAL_REPRESENTATION('',(#3642),#3646);
#3642 = LINE('',#3643,#3644);
#3643 = CARTESIAN_POINT('',(0.,-0.5));
#3644 = VECTOR('',#3645,1.);
#3645 = DIRECTION('',(1.,0.));
#3646 = ( GEOMETRIC_REPRESENTATION_CONTEXT(2) 
PARAMETRIC_REPRESENTATION_CONTEXT() REPRESENTATION_CONTEXT('2D SPACE',''
  ) );
#3647 = ADVANCED_FACE('',(#3648),#650,.T.);
#3648 = FACE_BOUND('',#3649,.T.);
#3649 = EDGE_LOOP('',(#3650,#3673,#3674,#3675,#3676,#3697,#3726,#3752,
    #3781,#3807,#3836,#3862,#3891,#3917,#3938,#3966,#3999,#4027,#4060,
    #4088));
#3650 = ORIENTED_EDGE('',*,*,#3651,.F.);
#3651 = EDGE_CURVE('',#734,#3652,#3654,.T.);
#3652 = VERTEX_POINT('',#3653);
#3653 = CARTESIAN_POINT('',(9.,8.5,-13.95));
#3654 = SURFACE_CURVE('',#3655,(#3659,#3666),.PCURVE_S1.);
#3655 = LINE('',#3656,#3657);
#3656 = CARTESIAN_POINT('',(-9.,8.5,-13.95));
#3657 = VECTOR('',#3658,1.);
#3658 = DIRECTION('',(1.,0.,0.));
#3659 = PCURVE('',#650,#3660);
#3660 = DEFINITIONAL_REPRESENTATION('',(#3661),#3665);
#3661 = LINE('',#3662,#3663);
#3662 = CARTESIAN_POINT('',(0.3,5.25));
#3663 = VECTOR('',#3664,1.);
#3664 = DIRECTION('',(0.,1.));
#3665 = ( GEOMETRIC_REPRESENTATION_CONTEXT(2) 
PARAMETRIC_REPRESENTATION_CONTEXT() REPRESENTATION_CONTEXT('2D SPACE',''
  ) );
#3666 = PCURVE('',#774,#3667);
#3667 = DEFINITIONAL_REPRESENTATION('',(#3668),#3672);
#3668 = LINE('',#3669,#3670);
#3669 = CARTESIAN_POINT('',(-0.,-0.212132034356));
#3670 = VECTOR('',#3671,1.);
#3671 = DIRECTION('',(-1.,0.));
#3672 = ( GEOMETRIC_REPRESENTATION_CONTEXT(2) 
PARAMETRIC_REPRESENTATION_CONTEXT() REPRESENTATION_CONTEXT('2D SPACE',''
  ) );
#3673 = ORIENTED_EDGE('',*,*,#733,.F.);
#3674 = ORIENTED_EDGE('',*,*,#686,.F.);
#3675 = ORIENTED_EDGE('',*,*,#635,.T.);
#3676 = ORIENTED_EDGE('',*,*,#3677,.T.);
#3677 = EDGE_CURVE('',#610,#3678,#3680,.T.);
#3678 = VERTEX_POINT('',#3679);
#3679 = CARTESIAN_POINT('',(-13.15,8.5,-9.));
#3680 = SURFACE_CURVE('',#3681,(#3685,#3691),.PCURVE_S1.);
#3681 = LINE('',#3682,#3683);
#3682 = CARTESIAN_POINT('',(-13.15,8.5,-13.7));
#3683 = VECTOR('',#3684,1.);
#3684 = DIRECTION('',(0.,0.,-1.));
#3685 = PCURVE('',#650,#3686);
#3686 = DEFINITIONAL_REPRESENTATION('',(#3687),#3690);
#3687 = B_SPLINE_CURVE_WITH_KNOTS('',1,(#3688,#3689),.UNSPECIFIED.,.F.,
  .F.,(2,2),(-22.7,-4.7),.PIECEWISE_BEZIER_KNOTS.);
#3688 = CARTESIAN_POINT('',(23.25,1.1));
#3689 = CARTESIAN_POINT('',(5.25,1.1));
#3690 = ( GEOMETRIC_REPRESENTATION_CONTEXT(2) 
PARAMETRIC_REPRESENTATION_CONTEXT() REPRESENTATION_CONTEXT('2D SPACE',''
  ) );
#3691 = PCURVE('',#624,#3692);
#3692 = DEFINITIONAL_REPRESENTATION('',(#3693),#3696);
#3693 = B_SPLINE_CURVE_WITH_KNOTS('',1,(#3694,#3695),.UNSPECIFIED.,.F.,
  .F.,(2,2),(-22.7,-4.7),.PIECEWISE_BEZIER_KNOTS.);
#3694 = CARTESIAN_POINT('',(22.15,-0.5));
#3695 = CARTESIAN_POINT('',(4.15,-0.5));
#3696 = ( GEOMETRIC_REPRESENTATION_CONTEXT(2) 
PARAMETRIC_REPRESENTATION_CONTEXT() REPRESENTATION_CONTEXT('2D SPACE',''
  ) );
#3697 = ORIENTED_EDGE('',*,*,#3698,.F.);
#3698 = EDGE_CURVE('',#3699,#3678,#3701,.T.);
#3699 = VERTEX_POINT('',#3700);
#3700 = CARTESIAN_POINT('',(-9.,8.5,-13.15));
#3701 = SURFACE_CURVE('',#3702,(#3707,#3714),.PCURVE_S1.);
#3702 = CIRCLE('',#3703,4.15);
#3703 = AXIS2_PLACEMENT_3D('',#3704,#3705,#3706);
#3704 = CARTESIAN_POINT('',(-9.,8.5,-9.));
#3705 = DIRECTION('',(0.,1.,0.));
#3706 = DIRECTION('',(-1.,0.,0.));
#3707 = PCURVE('',#650,#3708);
#3708 = DEFINITIONAL_REPRESENTATION('',(#3709),#3713);
#3709 = CIRCLE('',#3710,4.15);
#3710 = AXIS2_PLACEMENT_2D('',#3711,#3712);
#3711 = CARTESIAN_POINT('',(5.25,5.25));
#3712 = DIRECTION('',(0.,-1.));
#3713 = ( GEOMETRIC_REPRESENTATION_CONTEXT(2) 
PARAMETRIC_REPRESENTATION_CONTEXT() REPRESENTATION_CONTEXT('2D SPACE',''
  ) );
#3714 = PCURVE('',#3715,#3720);
#3715 = CYLINDRICAL_SURFACE('',#3716,4.15);
#3716 = AXIS2_PLACEMENT_3D('',#3717,#3718,#3719);
#3717 = CARTESIAN_POINT('',(-9.,8.,-9.));
#3718 = DIRECTION('',(0.,1.,0.));
#3719 = DIRECTION('',(-1.,0.,0.));
#3720 = DEFINITIONAL_REPRESENTATION('',(#3721),#3725);
#3721 = LINE('',#3722,#3723);
#3722 = CARTESIAN_POINT('',(-6.28318530718,0.5));
#3723 = VECTOR('',#3724,1.);
#3724 = DIRECTION('',(1.,-0.));
#3725 = ( GEOMETRIC_REPRESENTATION_CONTEXT(2) 
PARAMETRIC_REPRESENTATION_CONTEXT() REPRESENTATION_CONTEXT('2D SPACE',''
  ) );
#3726 = ORIENTED_EDGE('',*,*,#3727,.T.);
#3727 = EDGE_CURVE('',#3699,#3728,#3730,.T.);
#3728 = VERTEX_POINT('',#3729);
#3729 = CARTESIAN_POINT('',(9.,8.5,-13.15));
#3730 = SURFACE_CURVE('',#3731,(#3735,#3741),.PCURVE_S1.);
#3731 = LINE('',#3732,#3733);
#3732 = CARTESIAN_POINT('',(-13.7,8.5,-13.15));
#3733 = VECTOR('',#3734,1.);
#3734 = DIRECTION('',(1.,0.,0.));
#3735 = PCURVE('',#650,#3736);
#3736 = DEFINITIONAL_REPRESENTATION('',(#3737),#3740);
#3737 = B_SPLINE_CURVE_WITH_KNOTS('',1,(#3738,#3739),.UNSPECIFIED.,.F.,
  .F.,(2,2),(4.7,22.7),.PIECEWISE_BEZIER_KNOTS.);
#3738 = CARTESIAN_POINT('',(1.1,5.25));
#3739 = CARTESIAN_POINT('',(1.1,23.25));
#3740 = ( GEOMETRIC_REPRESENTATION_CONTEXT(2) 
PARAMETRIC_REPRESENTATION_CONTEXT() REPRESENTATION_CONTEXT('2D SPACE',''
  ) );
#3741 = PCURVE('',#3742,#3747);
#3742 = PLANE('',#3743);
#3743 = AXIS2_PLACEMENT_3D('',#3744,#3745,#3746);
#3744 = CARTESIAN_POINT('',(-13.15,8.,-13.15));
#3745 = DIRECTION('',(0.,0.,1.));
#3746 = DIRECTION('',(1.,0.,0.));
#3747 = DEFINITIONAL_REPRESENTATION('',(#3748),#3751);
#3748 = B_SPLINE_CURVE_WITH_KNOTS('',1,(#3749,#3750),.UNSPECIFIED.,.F.,
  .F.,(2,2),(4.7,22.7),.PIECEWISE_BEZIER_KNOTS.);
#3749 = CARTESIAN_POINT('',(4.15,0.5));
#3750 = CARTESIAN_POINT('',(22.15,0.5));
#3751 = ( GEOMETRIC_REPRESENTATION_CONTEXT(2) 
PARAMETRIC_REPRESENTATION_CONTEXT() REPRESENTATION_CONTEXT('2D SPACE',''
  ) );
#3752 = ORIENTED_EDGE('',*,*,#3753,.F.);
#3753 = EDGE_CURVE('',#3754,#3728,#3756,.T.);
#3754 = VERTEX_POINT('',#3755);
#3755 = CARTESIAN_POINT('',(13.15,8.5,-9.));
#3756 = SURFACE_CURVE('',#3757,(#3762,#3769),.PCURVE_S1.);
#3757 = CIRCLE('',#3758,4.15);
#3758 = AXIS2_PLACEMENT_3D('',#3759,#3760,#3761);
#3759 = CARTESIAN_POINT('',(9.,8.5,-9.));
#3760 = DIRECTION('',(0.,1.,0.));
#3761 = DIRECTION('',(1.,0.,-0.));
#3762 = PCURVE('',#650,#3763);
#3763 = DEFINITIONAL_REPRESENTATION('',(#3764),#3768);
#3764 = CIRCLE('',#3765,4.15);
#3765 = AXIS2_PLACEMENT_2D('',#3766,#3767);
#3766 = CARTESIAN_POINT('',(5.25,23.25));
#3767 = DIRECTION('',(0.,1.));
#3768 = ( GEOMETRIC_REPRESENTATION_CONTEXT(2) 
PARAMETRIC_REPRESENTATION_CONTEXT() REPRESENTATION_CONTEXT('2D SPACE',''
  ) );
#3769 = PCURVE('',#3770,#3775);
#3770 = CYLINDRICAL_SURFACE('',#3771,4.15);
#3771 = AXIS2_PLACEMENT_3D('',#3772,#3773,#3774);
#3772 = CARTESIAN_POINT('',(9.,8.,-9.));
#3773 = DIRECTION('',(0.,1.,0.));
#3774 = DIRECTION('',(1.,0.,-0.));
#3775 = DEFINITIONAL_REPRESENTATION('',(#3776),#3780);
#3776 = LINE('',#3777,#3778);
#3777 = CARTESIAN_POINT('',(0.,0.5));
#3778 = VECTOR('',#3779,1.);
#3779 = DIRECTION('',(1.,0.));
#3780 = ( GEOMETRIC_REPRESENTATION_CONTEXT(2) 
PARAMETRIC_REPRESENTATION_CONTEXT() REPRESENTATION_CONTEXT('2D SPACE',''
  ) );
#3781 = ORIENTED_EDGE('',*,*,#3782,.F.);
#3782 = EDGE_CURVE('',#3783,#3754,#3785,.T.);
#3783 = VERTEX_POINT('',#3784);
#3784 = CARTESIAN_POINT('',(13.15,8.5,9.));
#3785 = SURFACE_CURVE('',#3786,(#3790,#3796),.PCURVE_S1.);
#3786 = LINE('',#3787,#3788);
#3787 = CARTESIAN_POINT('',(13.15,8.5,-13.7));
#3788 = VECTOR('',#3789,1.);
#3789 = DIRECTION('',(0.,0.,-1.));
#3790 = PCURVE('',#650,#3791);
#3791 = DEFINITIONAL_REPRESENTATION('',(#3792),#3795);
#3792 = B_SPLINE_CURVE_WITH_KNOTS('',1,(#3793,#3794),.UNSPECIFIED.,.F.,
  .F.,(2,2),(-22.7,-4.7),.PIECEWISE_BEZIER_KNOTS.);
#3793 = CARTESIAN_POINT('',(23.25,27.4));
#3794 = CARTESIAN_POINT('',(5.25,27.4));
#3795 = ( GEOMETRIC_REPRESENTATION_CONTEXT(2) 
PARAMETRIC_REPRESENTATION_CONTEXT() REPRESENTATION_CONTEXT('2D SPACE',''
  ) );
#3796 = PCURVE('',#3797,#3802);
#3797 = PLANE('',#3798);
#3798 = AXIS2_PLACEMENT_3D('',#3799,#3800,#3801);
#3799 = CARTESIAN_POINT('',(13.15,8.,-13.15));
#3800 = DIRECTION('',(1.,0.,0.));
#3801 = DIRECTION('',(0.,0.,1.));
#3802 = DEFINITIONAL_REPRESENTATION('',(#3803),#3806);
#3803 = B_SPLINE_CURVE_WITH_KNOTS('',1,(#3804,#3805),.UNSPECIFIED.,.F.,
  .F.,(2,2),(-22.7,-4.7),.PIECEWISE_BEZIER_KNOTS.);
#3804 = CARTESIAN_POINT('',(22.15,-0.5));
#3805 = CARTESIAN_POINT('',(4.15,-0.5));
#3806 = ( GEOMETRIC_REPRESENTATION_CONTEXT(2) 
PARAMETRIC_REPRESENTATION_CONTEXT() REPRESENTATION_CONTEXT('2D SPACE',''
  ) );
#3807 = ORIENTED_EDGE('',*,*,#3808,.F.);
#3808 = EDGE_CURVE('',#3809,#3783,#3811,.T.);
#3809 = VERTEX_POINT('',#3810);
#3810 = CARTESIAN_POINT('',(9.,8.5,13.15));
#3811 = SURFACE_CURVE('',#3812,(#3817,#3824),.PCURVE_S1.);
#3812 = CIRCLE('',#3813,4.15);
#3813 = AXIS2_PLACEMENT_3D('',#3814,#3815,#3816);
#3814 = CARTESIAN_POINT('',(9.,8.5,9.));
#3815 = DIRECTION('',(0.,1.,0.));
#3816 = DIRECTION('',(1.,0.,-0.));
#3817 = PCURVE('',#650,#3818);
#3818 = DEFINITIONAL_REPRESENTATION('',(#3819),#3823);
#3819 = CIRCLE('',#3820,4.15);
#3820 = AXIS2_PLACEMENT_2D('',#3821,#3822);
#3821 = CARTESIAN_POINT('',(23.25,23.25));
#3822 = DIRECTION('',(0.,1.));
#3823 = ( GEOMETRIC_REPRESENTATION_CONTEXT(2) 
PARAMETRIC_REPRESENTATION_CONTEXT() REPRESENTATION_CONTEXT('2D SPACE',''
  ) );
#3824 = PCURVE('',#3825,#3830);
#3825 = CYLINDRICAL_SURFACE('',#3826,4.15);
#3826 = AXIS2_PLACEMENT_3D('',#3827,#3828,#3829);
#3827 = CARTESIAN_POINT('',(9.,8.,9.));
#3828 = DIRECTION('',(0.,1.,0.));
#3829 = DIRECTION('',(1.,0.,-0.));
#3830 = DEFINITIONAL_REPRESENTATION('',(#3831),#3835);
#3831 = LINE('',#3832,#3833);
#3832 = CARTESIAN_POINT('',(-6.28318530718,0.5));
#3833 = VECTOR('',#3834,1.);
#3834 = DIRECTION('',(1.,-0.));
#3835 = ( GEOMETRIC_REPRESENTATION_CONTEXT(2) 
PARAMETRIC_REPRESENTATION_CONTEXT() REPRESENTATION_CONTEXT('2D SPACE',''
  ) );
#3836 = ORIENTED_EDGE('',*,*,#3837,.F.);
#3837 = EDGE_CURVE('',#3838,#3809,#3840,.T.);
#3838 = VERTEX_POINT('',#3839);
#3839 = CARTESIAN_POINT('',(-9.,8.5,13.15));
#3840 = SURFACE_CURVE('',#3841,(#3845,#3851),.PCURVE_S1.);
#3841 = LINE('',#3842,#3843);
#3842 = CARTESIAN_POINT('',(-13.7,8.5,13.15));
#3843 = VECTOR('',#3844,1.);
#3844 = DIRECTION('',(1.,0.,0.));
#3845 = PCURVE('',#650,#3846);
#3846 = DEFINITIONAL_REPRESENTATION('',(#3847),#3850);
#3847 = B_SPLINE_CURVE_WITH_KNOTS('',1,(#3848,#3849),.UNSPECIFIED.,.F.,
  .F.,(2,2),(4.7,22.7),.PIECEWISE_BEZIER_KNOTS.);
#3848 = CARTESIAN_POINT('',(27.4,5.25));
#3849 = CARTESIAN_POINT('',(27.4,23.25));
#3850 = ( GEOMETRIC_REPRESENTATION_CONTEXT(2) 
PARAMETRIC_REPRESENTATION_CONTEXT() REPRESENTATION_CONTEXT('2D SPACE',''
  ) );
#3851 = PCURVE('',#3852,#3857);
#3852 = PLANE('',#3853);
#3853 = AXIS2_PLACEMENT_3D('',#3854,#3855,#3856);
#3854 = CARTESIAN_POINT('',(-13.15,8.,13.15));
#3855 = DIRECTION('',(0.,0.,1.));
#3856 = DIRECTION('',(1.,0.,0.));
#3857 = DEFINITIONAL_REPRESENTATION('',(#3858),#3861);
#3858 = B_SPLINE_CURVE_WITH_KNOTS('',1,(#3859,#3860),.UNSPECIFIED.,.F.,
  .F.,(2,2),(4.7,22.7),.PIECEWISE_BEZIER_KNOTS.);
#3859 = CARTESIAN_POINT('',(4.15,0.5));
#3860 = CARTESIAN_POINT('',(22.15,0.5));
#3861 = ( GEOMETRIC_REPRESENTATION_CONTEXT(2) 
PARAMETRIC_REPRESENTATION_CONTEXT() REPRESENTATION_CONTEXT('2D SPACE',''
  ) );
#3862 = ORIENTED_EDGE('',*,*,#3863,.F.);
#3863 = EDGE_CURVE('',#3864,#3838,#3866,.T.);
#3864 = VERTEX_POINT('',#3865);
#3865 = CARTESIAN_POINT('',(-13.15,8.5,9.));
#3866 = SURFACE_CURVE('',#3867,(#3872,#3879),.PCURVE_S1.);
#3867 = CIRCLE('',#3868,4.15);
#3868 = AXIS2_PLACEMENT_3D('',#3869,#3870,#3871);
#3869 = CARTESIAN_POINT('',(-9.,8.5,9.));
#3870 = DIRECTION('',(0.,1.,0.));
#3871 = DIRECTION('',(-1.,0.,0.));
#3872 = PCURVE('',#650,#3873);
#3873 = DEFINITIONAL_REPRESENTATION('',(#3874),#3878);
#3874 = CIRCLE('',#3875,4.15);
#3875 = AXIS2_PLACEMENT_2D('',#3876,#3877);
#3876 = CARTESIAN_POINT('',(23.25,5.25));
#3877 = DIRECTION('',(0.,-1.));
#3878 = ( GEOMETRIC_REPRESENTATION_CONTEXT(2) 
PARAMETRIC_REPRESENTATION_CONTEXT() REPRESENTATION_CONTEXT('2D SPACE',''
  ) );
#3879 = PCURVE('',#3880,#3885);
#3880 = CYLINDRICAL_SURFACE('',#3881,4.15);
#3881 = AXIS2_PLACEMENT_3D('',#3882,#3883,#3884);
#3882 = CARTESIAN_POINT('',(-9.,8.,9.));
#3883 = DIRECTION('',(0.,1.,0.));
#3884 = DIRECTION('',(-1.,0.,0.));
#3885 = DEFINITIONAL_REPRESENTATION('',(#3886),#3890);
#3886 = LINE('',#3887,#3888);
#3887 = CARTESIAN_POINT('',(0.,0.5));
#3888 = VECTOR('',#3889,1.);
#3889 = DIRECTION('',(1.,0.));
#3890 = ( GEOMETRIC_REPRESENTATION_CONTEXT(2) 
PARAMETRIC_REPRESENTATION_CONTEXT() REPRESENTATION_CONTEXT('2D SPACE',''
  ) );
#3891 = ORIENTED_EDGE('',*,*,#3892,.T.);
#3892 = EDGE_CURVE('',#3864,#3893,#3895,.T.);
#3893 = VERTEX_POINT('',#3894);
#3894 = CARTESIAN_POINT('',(-13.15,8.5,7.5));
#3895 = SURFACE_CURVE('',#3896,(#3900,#3906),.PCURVE_S1.);
#3896 = LINE('',#3897,#3898);
#3897 = CARTESIAN_POINT('',(-13.15,8.5,-13.7));
#3898 = VECTOR('',#3899,1.);
#3899 = DIRECTION('',(0.,0.,-1.));
#3900 = PCURVE('',#650,#3901);
#3901 = DEFINITIONAL_REPRESENTATION('',(#3902),#3905);
#3902 = B_SPLINE_CURVE_WITH_KNOTS('',1,(#3903,#3904),.UNSPECIFIED.,.F.,
  .F.,(2,2),(-22.7,-4.7),.PIECEWISE_BEZIER_KNOTS.);
#3903 = CARTESIAN_POINT('',(23.25,1.1));
#3904 = CARTESIAN_POINT('',(5.25,1.1));
#3905 = ( GEOMETRIC_REPRESENTATION_CONTEXT(2) 
PARAMETRIC_REPRESENTATION_CONTEXT() REPRESENTATION_CONTEXT('2D SPACE',''
  ) );
#3906 = PCURVE('',#3907,#3912);
#3907 = PLANE('',#3908);
#3908 = AXIS2_PLACEMENT_3D('',#3909,#3910,#3911);
#3909 = CARTESIAN_POINT('',(-13.15,8.,-13.15));
#3910 = DIRECTION('',(1.,0.,0.));
#3911 = DIRECTION('',(0.,0.,1.));
#3912 = DEFINITIONAL_REPRESENTATION('',(#3913),#3916);
#3913 = B_SPLINE_CURVE_WITH_KNOTS('',1,(#3914,#3915),.UNSPECIFIED.,.F.,
  .F.,(2,2),(-22.7,-4.7),.PIECEWISE_BEZIER_KNOTS.);
#3914 = CARTESIAN_POINT('',(22.15,-0.5));
#3915 = CARTESIAN_POINT('',(4.15,-0.5));
#3916 = ( GEOMETRIC_REPRESENTATION_CONTEXT(2) 
PARAMETRIC_REPRESENTATION_CONTEXT() REPRESENTATION_CONTEXT('2D SPACE',''
  ) );
#3917 = ORIENTED_EDGE('',*,*,#3918,.F.);
#3918 = EDGE_CURVE('',#3919,#3893,#3921,.T.);
#3919 = VERTEX_POINT('',#3920);
#3920 = CARTESIAN_POINT('',(-13.95,8.5,7.5));
#3921 = SURFACE_CURVE('',#3922,(#3926,#3932),.PCURVE_S1.);
#3922 = LINE('',#3923,#3924);
#3923 = CARTESIAN_POINT('',(-15.25,8.5,7.5));
#3924 = VECTOR('',#3925,1.);
#3925 = DIRECTION('',(1.,0.,0.));
#3926 = PCURVE('',#650,#3927);
#3927 = DEFINITIONAL_REPRESENTATION('',(#3928),#3931);
#3928 = B_SPLINE_CURVE_WITH_KNOTS('',1,(#3929,#3930),.UNSPECIFIED.,.F.,
  .F.,(2,2),(1.3,4.85),.PIECEWISE_BEZIER_KNOTS.);
#3929 = CARTESIAN_POINT('',(21.75,0.3));
#3930 = CARTESIAN_POINT('',(21.75,3.85));
#3931 = ( GEOMETRIC_REPRESENTATION_CONTEXT(2) 
PARAMETRIC_REPRESENTATION_CONTEXT() REPRESENTATION_CONTEXT('2D SPACE',''
  ) );
#3932 = PCURVE('',#1537,#3933);
#3933 = DEFINITIONAL_REPRESENTATION('',(#3934),#3937);
#3934 = B_SPLINE_CURVE_WITH_KNOTS('',1,(#3935,#3936),.UNSPECIFIED.,.F.,
  .F.,(2,2),(1.3,4.85),.PIECEWISE_BEZIER_KNOTS.);
#3935 = CARTESIAN_POINT('',(2.3,12.3));
#3936 = CARTESIAN_POINT('',(5.85,12.3));
#3937 = ( GEOMETRIC_REPRESENTATION_CONTEXT(2) 
PARAMETRIC_REPRESENTATION_CONTEXT() REPRESENTATION_CONTEXT('2D SPACE',''
  ) );
#3938 = ORIENTED_EDGE('',*,*,#3939,.F.);
#3939 = EDGE_CURVE('',#3940,#3919,#3942,.T.);
#3940 = VERTEX_POINT('',#3941);
#3941 = CARTESIAN_POINT('',(-13.95,8.5,9.));
#3942 = SURFACE_CURVE('',#3943,(#3947,#3954),.PCURVE_S1.);
#3943 = LINE('',#3944,#3945);
#3944 = CARTESIAN_POINT('',(-13.95,8.5,9.));
#3945 = VECTOR('',#3946,1.);
#3946 = DIRECTION('',(-0.,-0.,-1.));
#3947 = PCURVE('',#650,#3948);
#3948 = DEFINITIONAL_REPRESENTATION('',(#3949),#3953);
#3949 = LINE('',#3950,#3951);
#3950 = CARTESIAN_POINT('',(23.25,0.3));
#3951 = VECTOR('',#3952,1.);
#3952 = DIRECTION('',(-1.,-0.));
#3953 = ( GEOMETRIC_REPRESENTATION_CONTEXT(2) 
PARAMETRIC_REPRESENTATION_CONTEXT() REPRESENTATION_CONTEXT('2D SPACE',''
  ) );
#3954 = PCURVE('',#3955,#3960);
#3955 = PLANE('',#3956);
#3956 = AXIS2_PLACEMENT_3D('',#3957,#3958,#3959);
#3957 = CARTESIAN_POINT('',(-14.1,8.35,9.));
#3958 = DIRECTION('',(0.707106781187,-0.707106781187,0.));
#3959 = DIRECTION('',(-0.,0.,1.));
#3960 = DEFINITIONAL_REPRESENTATION('',(#3961),#3965);
#3961 = LINE('',#3962,#3963);
#3962 = CARTESIAN_POINT('',(-0.,-0.212132034356));
#3963 = VECTOR('',#3964,1.);
#3964 = DIRECTION('',(-1.,0.));
#3965 = ( GEOMETRIC_REPRESENTATION_CONTEXT(2) 
PARAMETRIC_REPRESENTATION_CONTEXT() REPRESENTATION_CONTEXT('2D SPACE',''
  ) );
#3966 = ORIENTED_EDGE('',*,*,#3967,.F.);
#3967 = EDGE_CURVE('',#3968,#3940,#3970,.T.);
#3968 = VERTEX_POINT('',#3969);
#3969 = CARTESIAN_POINT('',(-9.,8.5,13.95));
#3970 = SURFACE_CURVE('',#3971,(#3976,#3987),.PCURVE_S1.);
#3971 = CIRCLE('',#3972,4.95);
#3972 = AXIS2_PLACEMENT_3D('',#3973,#3974,#3975);
#3973 = CARTESIAN_POINT('',(-9.,8.5,9.));
#3974 = DIRECTION('',(-0.,-1.,0.));
#3975 = DIRECTION('',(-3.383536836953E-16,0.,1.));
#3976 = PCURVE('',#650,#3977);
#3977 = DEFINITIONAL_REPRESENTATION('',(#3978),#3986);
#3978 = ( BOUNDED_CURVE() B_SPLINE_CURVE(2,(#3979,#3980,#3981,#3982,
#3983,#3984,#3985),.UNSPECIFIED.,.T.,.F.) B_SPLINE_CURVE_WITH_KNOTS((1,2
    ,2,2,2,1),(-2.094395102393,0.,2.094395102393,4.188790204786,
6.28318530718,8.377580409573),.UNSPECIFIED.) CURVE() 
GEOMETRIC_REPRESENTATION_ITEM() RATIONAL_B_SPLINE_CURVE((1.,0.5,1.,0.5,
1.,0.5,1.)) REPRESENTATION_ITEM('') );
#3979 = CARTESIAN_POINT('',(28.2,5.25));
#3980 = CARTESIAN_POINT('',(28.2,-3.323651497466));
#3981 = CARTESIAN_POINT('',(20.775,0.963174251267));
#3982 = CARTESIAN_POINT('',(13.35,5.25));
#3983 = CARTESIAN_POINT('',(20.775,9.536825748733));
#3984 = CARTESIAN_POINT('',(28.2,13.823651497466));
#3985 = CARTESIAN_POINT('',(28.2,5.25));
#3986 = ( GEOMETRIC_REPRESENTATION_CONTEXT(2) 
PARAMETRIC_REPRESENTATION_CONTEXT() REPRESENTATION_CONTEXT('2D SPACE',''
  ) );
#3987 = PCURVE('',#3988,#3993);
#3988 = CONICAL_SURFACE('',#3989,5.25,0.785398163397);
#3989 = AXIS2_PLACEMENT_3D('',#3990,#3991,#3992);
#3990 = CARTESIAN_POINT('',(-9.,8.2,9.));
#3991 = DIRECTION('',(-0.,-1.,-0.));
#3992 = DIRECTION('',(-3.383536836953E-16,0.,1.));
#3993 = DEFINITIONAL_REPRESENTATION('',(#3994),#3998);
#3994 = LINE('',#3995,#3996);
#3995 = CARTESIAN_POINT('',(0.,-0.3));
#3996 = VECTOR('',#3997,1.);
#3997 = DIRECTION('',(1.,0.));
#3998 = ( GEOMETRIC_REPRESENTATION_CONTEXT(2) 
PARAMETRIC_REPRESENTATION_CONTEXT() REPRESENTATION_CONTEXT('2D SPACE',''
  ) );
#3999 = ORIENTED_EDGE('',*,*,#4000,.F.);
#4000 = EDGE_CURVE('',#4001,#3968,#4003,.T.);
#4001 = VERTEX_POINT('',#4002);
#4002 = CARTESIAN_POINT('',(9.,8.5,13.95));
#4003 = SURFACE_CURVE('',#4004,(#4008,#4015),.PCURVE_S1.);
#4004 = LINE('',#4005,#4006);
#4005 = CARTESIAN_POINT('',(9.,8.5,13.95));
#4006 = VECTOR('',#4007,1.);
#4007 = DIRECTION('',(-1.,-0.,-0.));
#4008 = PCURVE('',#650,#4009);
#4009 = DEFINITIONAL_REPRESENTATION('',(#4010),#4014);
#4010 = LINE('',#4011,#4012);
#4011 = CARTESIAN_POINT('',(28.2,23.25));
#4012 = VECTOR('',#4013,1.);
#4013 = DIRECTION('',(-0.,-1.));
#4014 = ( GEOMETRIC_REPRESENTATION_CONTEXT(2) 
PARAMETRIC_REPRESENTATION_CONTEXT() REPRESENTATION_CONTEXT('2D SPACE',''
  ) );
#4015 = PCURVE('',#4016,#4021);
#4016 = PLANE('',#4017);
#4017 = AXIS2_PLACEMENT_3D('',#4018,#4019,#4020);
#4018 = CARTESIAN_POINT('',(9.,8.35,14.1));
#4019 = DIRECTION('',(0.,0.707106781187,0.707106781187));
#4020 = DIRECTION('',(-1.,0.,0.));
#4021 = DEFINITIONAL_REPRESENTATION('',(#4022),#4026);
#4022 = LINE('',#4023,#4024);
#4023 = CARTESIAN_POINT('',(0.,-0.212132034356));
#4024 = VECTOR('',#4025,1.);
#4025 = DIRECTION('',(1.,0.));
#4026 = ( GEOMETRIC_REPRESENTATION_CONTEXT(2) 
PARAMETRIC_REPRESENTATION_CONTEXT() REPRESENTATION_CONTEXT('2D SPACE',''
  ) );
#4027 = ORIENTED_EDGE('',*,*,#4028,.F.);
#4028 = EDGE_CURVE('',#4029,#4001,#4031,.T.);
#4029 = VERTEX_POINT('',#4030);
#4030 = CARTESIAN_POINT('',(13.95,8.5,9.));
#4031 = SURFACE_CURVE('',#4032,(#4037,#4048),.PCURVE_S1.);
#4032 = CIRCLE('',#4033,4.95);
#4033 = AXIS2_PLACEMENT_3D('',#4034,#4035,#4036);
#4034 = CARTESIAN_POINT('',(9.,8.5,9.));
#4035 = DIRECTION('',(0.,-1.,-0.));
#4036 = DIRECTION('',(1.,0.,-3.383536836953E-16));
#4037 = PCURVE('',#650,#4038);
#4038 = DEFINITIONAL_REPRESENTATION('',(#4039),#4047);
#4039 = ( BOUNDED_CURVE() B_SPLINE_CURVE(2,(#4040,#4041,#4042,#4043,
#4044,#4045,#4046),.UNSPECIFIED.,.T.,.F.) B_SPLINE_CURVE_WITH_KNOTS((1,2
    ,2,2,2,1),(-2.094395102393,0.,2.094395102393,4.188790204786,
6.28318530718,8.377580409573),.UNSPECIFIED.) CURVE() 
GEOMETRIC_REPRESENTATION_ITEM() RATIONAL_B_SPLINE_CURVE((1.,0.5,1.,0.5,
1.,0.5,1.)) REPRESENTATION_ITEM('') );
#4040 = CARTESIAN_POINT('',(23.25,28.2));
#4041 = CARTESIAN_POINT('',(31.823651497466,28.2));
#4042 = CARTESIAN_POINT('',(27.536825748733,20.775));
#4043 = CARTESIAN_POINT('',(23.25,13.35));
#4044 = CARTESIAN_POINT('',(18.963174251267,20.775));
#4045 = CARTESIAN_POINT('',(14.676348502534,28.2));
#4046 = CARTESIAN_POINT('',(23.25,28.2));
#4047 = ( GEOMETRIC_REPRESENTATION_CONTEXT(2) 
PARAMETRIC_REPRESENTATION_CONTEXT() REPRESENTATION_CONTEXT('2D SPACE',''
  ) );
#4048 = PCURVE('',#4049,#4054);
#4049 = CONICAL_SURFACE('',#4050,5.25,0.785398163397);
#4050 = AXIS2_PLACEMENT_3D('',#4051,#4052,#4053);
#4051 = CARTESIAN_POINT('',(9.,8.2,9.));
#4052 = DIRECTION('',(-0.,-1.,-0.));
#4053 = DIRECTION('',(1.,0.,-3.383536836953E-16));
#4054 = DEFINITIONAL_REPRESENTATION('',(#4055),#4059);
#4055 = LINE('',#4056,#4057);
#4056 = CARTESIAN_POINT('',(0.,-0.3));
#4057 = VECTOR('',#4058,1.);
#4058 = DIRECTION('',(1.,0.));
#4059 = ( GEOMETRIC_REPRESENTATION_CONTEXT(2) 
PARAMETRIC_REPRESENTATION_CONTEXT() REPRESENTATION_CONTEXT('2D SPACE',''
  ) );
#4060 = ORIENTED_EDGE('',*,*,#4061,.F.);
#4061 = EDGE_CURVE('',#4062,#4029,#4064,.T.);
#4062 = VERTEX_POINT('',#4063);
#4063 = CARTESIAN_POINT('',(13.95,8.5,-9.));
#4064 = SURFACE_CURVE('',#4065,(#4069,#4076),.PCURVE_S1.);
#4065 = LINE('',#4066,#4067);
#4066 = CARTESIAN_POINT('',(13.95,8.5,-9.));
#4067 = VECTOR('',#4068,1.);
#4068 = DIRECTION('',(0.,0.,1.));
#4069 = PCURVE('',#650,#4070);
#4070 = DEFINITIONAL_REPRESENTATION('',(#4071),#4075);
#4071 = LINE('',#4072,#4073);
#4072 = CARTESIAN_POINT('',(5.25,28.2));
#4073 = VECTOR('',#4074,1.);
#4074 = DIRECTION('',(1.,0.));
#4075 = ( GEOMETRIC_REPRESENTATION_CONTEXT(2) 
PARAMETRIC_REPRESENTATION_CONTEXT() REPRESENTATION_CONTEXT('2D SPACE',''
  ) );
#4076 = PCURVE('',#4077,#4082);
#4077 = PLANE('',#4078);
#4078 = AXIS2_PLACEMENT_3D('',#4079,#4080,#4081);
#4079 = CARTESIAN_POINT('',(14.1,8.35,-9.));
#4080 = DIRECTION('',(0.707106781187,0.707106781187,0.));
#4081 = DIRECTION('',(0.,-0.,1.));
#4082 = DEFINITIONAL_REPRESENTATION('',(#4083),#4087);
#4083 = LINE('',#4084,#4085);
#4084 = CARTESIAN_POINT('',(0.,-0.212132034356));
#4085 = VECTOR('',#4086,1.);
#4086 = DIRECTION('',(1.,0.));
#4087 = ( GEOMETRIC_REPRESENTATION_CONTEXT(2) 
PARAMETRIC_REPRESENTATION_CONTEXT() REPRESENTATION_CONTEXT('2D SPACE',''
  ) );
#4088 = ORIENTED_EDGE('',*,*,#4089,.F.);
#4089 = EDGE_CURVE('',#3652,#4062,#4090,.T.);
#4090 = SURFACE_CURVE('',#4091,(#4096,#4107),.PCURVE_S1.);
#4091 = CIRCLE('',#4092,4.95);
#4092 = AXIS2_PLACEMENT_3D('',#4093,#4094,#4095);
#4093 = CARTESIAN_POINT('',(9.,8.5,-9.));
#4094 = DIRECTION('',(0.,-1.,-0.));
#4095 = DIRECTION('',(0.,0.,-1.));
#4096 = PCURVE('',#650,#4097);
#4097 = DEFINITIONAL_REPRESENTATION('',(#4098),#4106);
#4098 = ( BOUNDED_CURVE() B_SPLINE_CURVE(2,(#4099,#4100,#4101,#4102,
#4103,#4104,#4105),.UNSPECIFIED.,.T.,.F.) B_SPLINE_CURVE_WITH_KNOTS((1,2
    ,2,2,2,1),(-2.094395102393,0.,2.094395102393,4.188790204786,
6.28318530718,8.377580409573),.UNSPECIFIED.) CURVE() 
GEOMETRIC_REPRESENTATION_ITEM() RATIONAL_B_SPLINE_CURVE((1.,0.5,1.,0.5,
1.,0.5,1.)) REPRESENTATION_ITEM('') );
#4099 = CARTESIAN_POINT('',(0.3,23.25));
#4100 = CARTESIAN_POINT('',(0.3,31.823651497466));
#4101 = CARTESIAN_POINT('',(7.725,27.536825748733));
#4102 = CARTESIAN_POINT('',(15.15,23.25));
#4103 = CARTESIAN_POINT('',(7.725,18.963174251267));
#4104 = CARTESIAN_POINT('',(0.3,14.676348502534));
#4105 = CARTESIAN_POINT('',(0.3,23.25));
#4106 = ( GEOMETRIC_REPRESENTATION_CONTEXT(2) 
PARAMETRIC_REPRESENTATION_CONTEXT() REPRESENTATION_CONTEXT('2D SPACE',''
  ) );
#4107 = PCURVE('',#4108,#4113);
#4108 = CONICAL_SURFACE('',#4109,5.25,0.785398163397);
#4109 = AXIS2_PLACEMENT_3D('',#4110,#4111,#4112);
#4110 = CARTESIAN_POINT('',(9.,8.2,-9.));
#4111 = DIRECTION('',(-0.,-1.,-0.));
#4112 = DIRECTION('',(0.,0.,-1.));
#4113 = DEFINITIONAL_REPRESENTATION('',(#4114),#4118);
#4114 = LINE('',#4115,#4116);
#4115 = CARTESIAN_POINT('',(0.,-0.3));
#4116 = VECTOR('',#4117,1.);
#4117 = DIRECTION('',(1.,0.));
#4118 = ( GEOMETRIC_REPRESENTATION_CONTEXT(2) 
PARAMETRIC_REPRESENTATION_CONTEXT() REPRESENTATION_CONTEXT('2D SPACE',''
  ) );
#4119 = ADVANCED_FACE('',(#4120),#624,.F.);
#4120 = FACE_BOUND('',#4121,.F.);
#4121 = EDGE_LOOP('',(#4122,#4123,#4124,#4147));
#4122 = ORIENTED_EDGE('',*,*,#609,.T.);
#4123 = ORIENTED_EDGE('',*,*,#3677,.T.);
#4124 = ORIENTED_EDGE('',*,*,#4125,.T.);
#4125 = EDGE_CURVE('',#3678,#4126,#4128,.T.);
#4126 = VERTEX_POINT('',#4127);
#4127 = CARTESIAN_POINT('',(-13.15,10.15,-9.));
#4128 = SURFACE_CURVE('',#4129,(#4133,#4140),.PCURVE_S1.);
#4129 = LINE('',#4130,#4131);
#4130 = CARTESIAN_POINT('',(-13.15,8.,-9.));
#4131 = VECTOR('',#4132,1.);
#4132 = DIRECTION('',(0.,1.,0.));
#4133 = PCURVE('',#624,#4134);
#4134 = DEFINITIONAL_REPRESENTATION('',(#4135),#4139);
#4135 = LINE('',#4136,#4137);
#4136 = CARTESIAN_POINT('',(4.15,0.));
#4137 = VECTOR('',#4138,1.);
#4138 = DIRECTION('',(0.,-1.));
#4139 = ( GEOMETRIC_REPRESENTATION_CONTEXT(2) 
PARAMETRIC_REPRESENTATION_CONTEXT() REPRESENTATION_CONTEXT('2D SPACE',''
  ) );
#4140 = PCURVE('',#3715,#4141);
#4141 = DEFINITIONAL_REPRESENTATION('',(#4142),#4146);
#4142 = LINE('',#4143,#4144);
#4143 = CARTESIAN_POINT('',(-0.,0.));
#4144 = VECTOR('',#4145,1.);
#4145 = DIRECTION('',(-0.,1.));
#4146 = ( GEOMETRIC_REPRESENTATION_CONTEXT(2) 
PARAMETRIC_REPRESENTATION_CONTEXT() REPRESENTATION_CONTEXT('2D SPACE',''
  ) );
#4147 = ORIENTED_EDGE('',*,*,#4148,.T.);
#4148 = EDGE_CURVE('',#4126,#584,#4149,.T.);
#4149 = SURFACE_CURVE('',#4150,(#4154,#4161),.PCURVE_S1.);
#4150 = LINE('',#4151,#4152);
#4151 = CARTESIAN_POINT('',(-13.15,10.15,-13.15));
#4152 = VECTOR('',#4153,1.);
#4153 = DIRECTION('',(0.,0.,1.));
#4154 = PCURVE('',#624,#4155);
#4155 = DEFINITIONAL_REPRESENTATION('',(#4156),#4160);
#4156 = LINE('',#4157,#4158);
#4157 = CARTESIAN_POINT('',(0.,-2.15));
#4158 = VECTOR('',#4159,1.);
#4159 = DIRECTION('',(1.,0.));
#4160 = ( GEOMETRIC_REPRESENTATION_CONTEXT(2) 
PARAMETRIC_REPRESENTATION_CONTEXT() REPRESENTATION_CONTEXT('2D SPACE',''
  ) );
#4161 = PCURVE('',#598,#4162);
#4162 = DEFINITIONAL_REPRESENTATION('',(#4163),#4167);
#4163 = LINE('',#4164,#4165);
#4164 = CARTESIAN_POINT('',(0.,0.));
#4165 = VECTOR('',#4166,1.);
#4166 = DIRECTION('',(1.,0.));
#4167 = ( GEOMETRIC_REPRESENTATION_CONTEXT(2) 
PARAMETRIC_REPRESENTATION_CONTEXT() REPRESENTATION_CONTEXT('2D SPACE',''
  ) );
#4168 = ADVANCED_FACE('',(#4169),#598,.T.);
#4169 = FACE_BOUND('',#4170,.T.);
#4170 = EDGE_LOOP('',(#4171,#4196,#4222,#4223,#4224,#4245,#4274,#4301,
    #4330,#4356,#4385,#4411,#4440,#4466,#4487,#4510,#4534,#4557,#4585,
    #4608));
#4171 = ORIENTED_EDGE('',*,*,#4172,.F.);
#4172 = EDGE_CURVE('',#4173,#4175,#4177,.T.);
#4173 = VERTEX_POINT('',#4174);
#4174 = CARTESIAN_POINT('',(-9.,10.15,-13.15));
#4175 = VERTEX_POINT('',#4176);
#4176 = CARTESIAN_POINT('',(9.,10.15,-13.15));
#4177 = SURFACE_CURVE('',#4178,(#4182,#4189),.PCURVE_S1.);
#4178 = LINE('',#4179,#4180);
#4179 = CARTESIAN_POINT('',(-13.15,10.15,-13.15));
#4180 = VECTOR('',#4181,1.);
#4181 = DIRECTION('',(1.,0.,0.));
#4182 = PCURVE('',#598,#4183);
#4183 = DEFINITIONAL_REPRESENTATION('',(#4184),#4188);
#4184 = LINE('',#4185,#4186);
#4185 = CARTESIAN_POINT('',(0.,0.));
#4186 = VECTOR('',#4187,1.);
#4187 = DIRECTION('',(0.,1.));
#4188 = ( GEOMETRIC_REPRESENTATION_CONTEXT(2) 
PARAMETRIC_REPRESENTATION_CONTEXT() REPRESENTATION_CONTEXT('2D SPACE',''
  ) );
#4189 = PCURVE('',#3742,#4190);
#4190 = DEFINITIONAL_REPRESENTATION('',(#4191),#4195);
#4191 = LINE('',#4192,#4193);
#4192 = CARTESIAN_POINT('',(0.,2.15));
#4193 = VECTOR('',#4194,1.);
#4194 = DIRECTION('',(1.,0.));
#4195 = ( GEOMETRIC_REPRESENTATION_CONTEXT(2) 
PARAMETRIC_REPRESENTATION_CONTEXT() REPRESENTATION_CONTEXT('2D SPACE',''
  ) );
#4196 = ORIENTED_EDGE('',*,*,#4197,.F.);
#4197 = EDGE_CURVE('',#4126,#4173,#4198,.T.);
#4198 = SURFACE_CURVE('',#4199,(#4204,#4215),.PCURVE_S1.);
#4199 = CIRCLE('',#4200,4.15);
#4200 = AXIS2_PLACEMENT_3D('',#4201,#4202,#4203);
#4201 = CARTESIAN_POINT('',(-9.,10.15,-9.));
#4202 = DIRECTION('',(-0.,-1.,0.));
#4203 = DIRECTION('',(0.,-0.,1.));
#4204 = PCURVE('',#598,#4205);
#4205 = DEFINITIONAL_REPRESENTATION('',(#4206),#4214);
#4206 = ( BOUNDED_CURVE() B_SPLINE_CURVE(2,(#4207,#4208,#4209,#4210,
#4211,#4212,#4213),.UNSPECIFIED.,.T.,.F.) B_SPLINE_CURVE_WITH_KNOTS((1,2
    ,2,2,2,1),(-2.094395102393,0.,2.094395102393,4.188790204786,
6.28318530718,8.377580409573),.UNSPECIFIED.) CURVE() 
GEOMETRIC_REPRESENTATION_ITEM() RATIONAL_B_SPLINE_CURVE((1.,0.5,1.,0.5,
1.,0.5,1.)) REPRESENTATION_ITEM('') );
#4207 = CARTESIAN_POINT('',(8.3,4.15));
#4208 = CARTESIAN_POINT('',(8.3,-3.038010851411));
#4209 = CARTESIAN_POINT('',(2.075,0.555994574295));
#4210 = CARTESIAN_POINT('',(-4.15,4.15));
#4211 = CARTESIAN_POINT('',(2.075,7.744005425705));
#4212 = CARTESIAN_POINT('',(8.3,11.338010851411));
#4213 = CARTESIAN_POINT('',(8.3,4.15));
#4214 = ( GEOMETRIC_REPRESENTATION_CONTEXT(2) 
PARAMETRIC_REPRESENTATION_CONTEXT() REPRESENTATION_CONTEXT('2D SPACE',''
  ) );
#4215 = PCURVE('',#3715,#4216);
#4216 = DEFINITIONAL_REPRESENTATION('',(#4217),#4221);
#4217 = LINE('',#4218,#4219);
#4218 = CARTESIAN_POINT('',(1.570796326795,2.15));
#4219 = VECTOR('',#4220,1.);
#4220 = DIRECTION('',(-1.,0.));
#4221 = ( GEOMETRIC_REPRESENTATION_CONTEXT(2) 
PARAMETRIC_REPRESENTATION_CONTEXT() REPRESENTATION_CONTEXT('2D SPACE',''
  ) );
#4222 = ORIENTED_EDGE('',*,*,#4148,.T.);
#4223 = ORIENTED_EDGE('',*,*,#583,.T.);
#4224 = ORIENTED_EDGE('',*,*,#4225,.T.);
#4225 = EDGE_CURVE('',#558,#4226,#4228,.T.);
#4226 = VERTEX_POINT('',#4227);
#4227 = CARTESIAN_POINT('',(-12.25,10.15,-9.));
#4228 = SURFACE_CURVE('',#4229,(#4233,#4239),.PCURVE_S1.);
#4229 = LINE('',#4230,#4231);
#4230 = CARTESIAN_POINT('',(-12.25,10.15,-12.7));
#4231 = VECTOR('',#4232,1.);
#4232 = DIRECTION('',(0.,0.,-1.));
#4233 = PCURVE('',#598,#4234);
#4234 = DEFINITIONAL_REPRESENTATION('',(#4235),#4238);
#4235 = B_SPLINE_CURVE_WITH_KNOTS('',1,(#4236,#4237),.UNSPECIFIED.,.F.,
  .F.,(2,2),(-21.7,-3.7),.PIECEWISE_BEZIER_KNOTS.);
#4236 = CARTESIAN_POINT('',(22.15,0.9));
#4237 = CARTESIAN_POINT('',(4.15,0.9));
#4238 = ( GEOMETRIC_REPRESENTATION_CONTEXT(2) 
PARAMETRIC_REPRESENTATION_CONTEXT() REPRESENTATION_CONTEXT('2D SPACE',''
  ) );
#4239 = PCURVE('',#572,#4240);
#4240 = DEFINITIONAL_REPRESENTATION('',(#4241),#4244);
#4241 = B_SPLINE_CURVE_WITH_KNOTS('',1,(#4242,#4243),.UNSPECIFIED.,.F.,
  .F.,(2,2),(-21.7,-3.7),.PIECEWISE_BEZIER_KNOTS.);
#4242 = CARTESIAN_POINT('',(21.25,-10.15));
#4243 = CARTESIAN_POINT('',(3.25,-10.15));
#4244 = ( GEOMETRIC_REPRESENTATION_CONTEXT(2) 
PARAMETRIC_REPRESENTATION_CONTEXT() REPRESENTATION_CONTEXT('2D SPACE',''
  ) );
#4245 = ORIENTED_EDGE('',*,*,#4246,.F.);
#4246 = EDGE_CURVE('',#4247,#4226,#4249,.T.);
#4247 = VERTEX_POINT('',#4248);
#4248 = CARTESIAN_POINT('',(-9.,10.15,-12.25));
#4249 = SURFACE_CURVE('',#4250,(#4255,#4262),.PCURVE_S1.);
#4250 = CIRCLE('',#4251,3.25);
#4251 = AXIS2_PLACEMENT_3D('',#4252,#4253,#4254);
#4252 = CARTESIAN_POINT('',(-9.,10.15,-9.));
#4253 = DIRECTION('',(0.,1.,0.));
#4254 = DIRECTION('',(-1.,0.,0.));
#4255 = PCURVE('',#598,#4256);
#4256 = DEFINITIONAL_REPRESENTATION('',(#4257),#4261);
#4257 = CIRCLE('',#4258,3.25);
#4258 = AXIS2_PLACEMENT_2D('',#4259,#4260);
#4259 = CARTESIAN_POINT('',(4.15,4.15));
#4260 = DIRECTION('',(0.,-1.));
#4261 = ( GEOMETRIC_REPRESENTATION_CONTEXT(2) 
PARAMETRIC_REPRESENTATION_CONTEXT() REPRESENTATION_CONTEXT('2D SPACE',''
  ) );
#4262 = PCURVE('',#4263,#4268);
#4263 = CYLINDRICAL_SURFACE('',#4264,3.25);
#4264 = AXIS2_PLACEMENT_3D('',#4265,#4266,#4267);
#4265 = CARTESIAN_POINT('',(-9.,0.,-9.));
#4266 = DIRECTION('',(0.,1.,0.));
#4267 = DIRECTION('',(-1.,0.,0.));
#4268 = DEFINITIONAL_REPRESENTATION('',(#4269),#4273);
#4269 = LINE('',#4270,#4271);
#4270 = CARTESIAN_POINT('',(-6.28318530718,10.15));
#4271 = VECTOR('',#4272,1.);
#4272 = DIRECTION('',(1.,-0.));
#4273 = ( GEOMETRIC_REPRESENTATION_CONTEXT(2) 
PARAMETRIC_REPRESENTATION_CONTEXT() REPRESENTATION_CONTEXT('2D SPACE',''
  ) );
#4274 = ORIENTED_EDGE('',*,*,#4275,.T.);
#4275 = EDGE_CURVE('',#4247,#4276,#4278,.T.);
#4276 = VERTEX_POINT('',#4277);
#4277 = CARTESIAN_POINT('',(9.,10.15,-12.25));
#4278 = SURFACE_CURVE('',#4279,(#4283,#4289),.PCURVE_S1.);
#4279 = LINE('',#4280,#4281);
#4280 = CARTESIAN_POINT('',(-12.7,10.15,-12.25));
#4281 = VECTOR('',#4282,1.);
#4282 = DIRECTION('',(1.,0.,0.));
#4283 = PCURVE('',#598,#4284);
#4284 = DEFINITIONAL_REPRESENTATION('',(#4285),#4288);
#4285 = B_SPLINE_CURVE_WITH_KNOTS('',1,(#4286,#4287),.UNSPECIFIED.,.F.,
  .F.,(2,2),(3.7,21.7),.PIECEWISE_BEZIER_KNOTS.);
#4286 = CARTESIAN_POINT('',(0.9,4.15));
#4287 = CARTESIAN_POINT('',(0.9,22.15));
#4288 = ( GEOMETRIC_REPRESENTATION_CONTEXT(2) 
PARAMETRIC_REPRESENTATION_CONTEXT() REPRESENTATION_CONTEXT('2D SPACE',''
  ) );
#4289 = PCURVE('',#4290,#4295);
#4290 = PLANE('',#4291);
#4291 = AXIS2_PLACEMENT_3D('',#4292,#4293,#4294);
#4292 = CARTESIAN_POINT('',(-12.25,0.,-12.25));
#4293 = DIRECTION('',(0.,0.,1.));
#4294 = DIRECTION('',(1.,0.,0.));
#4295 = DEFINITIONAL_REPRESENTATION('',(#4296),#4300);
#4296 = LINE('',#4297,#4298);
#4297 = CARTESIAN_POINT('',(-0.45,10.15));
#4298 = VECTOR('',#4299,1.);
#4299 = DIRECTION('',(1.,0.));
#4300 = ( GEOMETRIC_REPRESENTATION_CONTEXT(2) 
PARAMETRIC_REPRESENTATION_CONTEXT() REPRESENTATION_CONTEXT('2D SPACE',''
  ) );
#4301 = ORIENTED_EDGE('',*,*,#4302,.F.);
#4302 = EDGE_CURVE('',#4303,#4276,#4305,.T.);
#4303 = VERTEX_POINT('',#4304);
#4304 = CARTESIAN_POINT('',(12.25,10.15,-9.));
#4305 = SURFACE_CURVE('',#4306,(#4311,#4318),.PCURVE_S1.);
#4306 = CIRCLE('',#4307,3.25);
#4307 = AXIS2_PLACEMENT_3D('',#4308,#4309,#4310);
#4308 = CARTESIAN_POINT('',(9.,10.15,-9.));
#4309 = DIRECTION('',(0.,1.,0.));
#4310 = DIRECTION('',(1.,0.,-0.));
#4311 = PCURVE('',#598,#4312);
#4312 = DEFINITIONAL_REPRESENTATION('',(#4313),#4317);
#4313 = CIRCLE('',#4314,3.25);
#4314 = AXIS2_PLACEMENT_2D('',#4315,#4316);
#4315 = CARTESIAN_POINT('',(4.15,22.15));
#4316 = DIRECTION('',(0.,1.));
#4317 = ( GEOMETRIC_REPRESENTATION_CONTEXT(2) 
PARAMETRIC_REPRESENTATION_CONTEXT() REPRESENTATION_CONTEXT('2D SPACE',''
  ) );
#4318 = PCURVE('',#4319,#4324);
#4319 = CYLINDRICAL_SURFACE('',#4320,3.25);
#4320 = AXIS2_PLACEMENT_3D('',#4321,#4322,#4323);
#4321 = CARTESIAN_POINT('',(9.,0.,-9.));
#4322 = DIRECTION('',(0.,1.,0.));
#4323 = DIRECTION('',(1.,0.,-0.));
#4324 = DEFINITIONAL_REPRESENTATION('',(#4325),#4329);
#4325 = LINE('',#4326,#4327);
#4326 = CARTESIAN_POINT('',(0.,10.15));
#4327 = VECTOR('',#4328,1.);
#4328 = DIRECTION('',(1.,0.));
#4329 = ( GEOMETRIC_REPRESENTATION_CONTEXT(2) 
PARAMETRIC_REPRESENTATION_CONTEXT() REPRESENTATION_CONTEXT('2D SPACE',''
  ) );
#4330 = ORIENTED_EDGE('',*,*,#4331,.F.);
#4331 = EDGE_CURVE('',#4332,#4303,#4334,.T.);
#4332 = VERTEX_POINT('',#4333);
#4333 = CARTESIAN_POINT('',(12.25,10.15,9.));
#4334 = SURFACE_CURVE('',#4335,(#4339,#4345),.PCURVE_S1.);
#4335 = LINE('',#4336,#4337);
#4336 = CARTESIAN_POINT('',(12.25,10.15,-12.7));
#4337 = VECTOR('',#4338,1.);
#4338 = DIRECTION('',(0.,0.,-1.));
#4339 = PCURVE('',#598,#4340);
#4340 = DEFINITIONAL_REPRESENTATION('',(#4341),#4344);
#4341 = B_SPLINE_CURVE_WITH_KNOTS('',1,(#4342,#4343),.UNSPECIFIED.,.F.,
  .F.,(2,2),(-21.7,-3.7),.PIECEWISE_BEZIER_KNOTS.);
#4342 = CARTESIAN_POINT('',(22.15,25.4));
#4343 = CARTESIAN_POINT('',(4.15,25.4));
#4344 = ( GEOMETRIC_REPRESENTATION_CONTEXT(2) 
PARAMETRIC_REPRESENTATION_CONTEXT() REPRESENTATION_CONTEXT('2D SPACE',''
  ) );
#4345 = PCURVE('',#4346,#4351);
#4346 = PLANE('',#4347);
#4347 = AXIS2_PLACEMENT_3D('',#4348,#4349,#4350);
#4348 = CARTESIAN_POINT('',(12.25,0.,-12.25));
#4349 = DIRECTION('',(1.,0.,0.));
#4350 = DIRECTION('',(0.,0.,1.));
#4351 = DEFINITIONAL_REPRESENTATION('',(#4352),#4355);
#4352 = B_SPLINE_CURVE_WITH_KNOTS('',1,(#4353,#4354),.UNSPECIFIED.,.F.,
  .F.,(2,2),(-21.7,-3.7),.PIECEWISE_BEZIER_KNOTS.);
#4353 = CARTESIAN_POINT('',(21.25,-10.15));
#4354 = CARTESIAN_POINT('',(3.25,-10.15));
#4355 = ( GEOMETRIC_REPRESENTATION_CONTEXT(2) 
PARAMETRIC_REPRESENTATION_CONTEXT() REPRESENTATION_CONTEXT('2D SPACE',''
  ) );
#4356 = ORIENTED_EDGE('',*,*,#4357,.F.);
#4357 = EDGE_CURVE('',#4358,#4332,#4360,.T.);
#4358 = VERTEX_POINT('',#4359);
#4359 = CARTESIAN_POINT('',(9.,10.15,12.25));
#4360 = SURFACE_CURVE('',#4361,(#4366,#4373),.PCURVE_S1.);
#4361 = CIRCLE('',#4362,3.25);
#4362 = AXIS2_PLACEMENT_3D('',#4363,#4364,#4365);
#4363 = CARTESIAN_POINT('',(9.,10.15,9.));
#4364 = DIRECTION('',(0.,1.,0.));
#4365 = DIRECTION('',(1.,0.,-0.));
#4366 = PCURVE('',#598,#4367);
#4367 = DEFINITIONAL_REPRESENTATION('',(#4368),#4372);
#4368 = CIRCLE('',#4369,3.25);
#4369 = AXIS2_PLACEMENT_2D('',#4370,#4371);
#4370 = CARTESIAN_POINT('',(22.15,22.15));
#4371 = DIRECTION('',(0.,1.));
#4372 = ( GEOMETRIC_REPRESENTATION_CONTEXT(2) 
PARAMETRIC_REPRESENTATION_CONTEXT() REPRESENTATION_CONTEXT('2D SPACE',''
  ) );
#4373 = PCURVE('',#4374,#4379);
#4374 = CYLINDRICAL_SURFACE('',#4375,3.25);
#4375 = AXIS2_PLACEMENT_3D('',#4376,#4377,#4378);
#4376 = CARTESIAN_POINT('',(9.,0.,9.));
#4377 = DIRECTION('',(0.,1.,0.));
#4378 = DIRECTION('',(1.,0.,-0.));
#4379 = DEFINITIONAL_REPRESENTATION('',(#4380),#4384);
#4380 = LINE('',#4381,#4382);
#4381 = CARTESIAN_POINT('',(-6.28318530718,10.15));
#4382 = VECTOR('',#4383,1.);
#4383 = DIRECTION('',(1.,-0.));
#4384 = ( GEOMETRIC_REPRESENTATION_CONTEXT(2) 
PARAMETRIC_REPRESENTATION_CONTEXT() REPRESENTATION_CONTEXT('2D SPACE',''
  ) );
#4385 = ORIENTED_EDGE('',*,*,#4386,.F.);
#4386 = EDGE_CURVE('',#4387,#4358,#4389,.T.);
#4387 = VERTEX_POINT('',#4388);
#4388 = CARTESIAN_POINT('',(-9.,10.15,12.25));
#4389 = SURFACE_CURVE('',#4390,(#4394,#4400),.PCURVE_S1.);
#4390 = LINE('',#4391,#4392);
#4391 = CARTESIAN_POINT('',(-12.7,10.15,12.25));
#4392 = VECTOR('',#4393,1.);
#4393 = DIRECTION('',(1.,0.,0.));
#4394 = PCURVE('',#598,#4395);
#4395 = DEFINITIONAL_REPRESENTATION('',(#4396),#4399);
#4396 = B_SPLINE_CURVE_WITH_KNOTS('',1,(#4397,#4398),.UNSPECIFIED.,.F.,
  .F.,(2,2),(3.7,21.7),.PIECEWISE_BEZIER_KNOTS.);
#4397 = CARTESIAN_POINT('',(25.4,4.15));
#4398 = CARTESIAN_POINT('',(25.4,22.15));
#4399 = ( GEOMETRIC_REPRESENTATION_CONTEXT(2) 
PARAMETRIC_REPRESENTATION_CONTEXT() REPRESENTATION_CONTEXT('2D SPACE',''
  ) );
#4400 = PCURVE('',#4401,#4406);
#4401 = PLANE('',#4402);
#4402 = AXIS2_PLACEMENT_3D('',#4403,#4404,#4405);
#4403 = CARTESIAN_POINT('',(-12.25,0.,12.25));
#4404 = DIRECTION('',(0.,0.,1.));
#4405 = DIRECTION('',(1.,0.,0.));
#4406 = DEFINITIONAL_REPRESENTATION('',(#4407),#4410);
#4407 = B_SPLINE_CURVE_WITH_KNOTS('',1,(#4408,#4409),.UNSPECIFIED.,.F.,
  .F.,(2,2),(3.7,21.7),.PIECEWISE_BEZIER_KNOTS.);
#4408 = CARTESIAN_POINT('',(3.25,10.15));
#4409 = CARTESIAN_POINT('',(21.25,10.15));
#4410 = ( GEOMETRIC_REPRESENTATION_CONTEXT(2) 
PARAMETRIC_REPRESENTATION_CONTEXT() REPRESENTATION_CONTEXT('2D SPACE',''
  ) );
#4411 = ORIENTED_EDGE('',*,*,#4412,.F.);
#4412 = EDGE_CURVE('',#4413,#4387,#4415,.T.);
#4413 = VERTEX_POINT('',#4414);
#4414 = CARTESIAN_POINT('',(-12.25,10.15,9.));
#4415 = SURFACE_CURVE('',#4416,(#4421,#4428),.PCURVE_S1.);
#4416 = CIRCLE('',#4417,3.25);
#4417 = AXIS2_PLACEMENT_3D('',#4418,#4419,#4420);
#4418 = CARTESIAN_POINT('',(-9.,10.15,9.));
#4419 = DIRECTION('',(0.,1.,0.));
#4420 = DIRECTION('',(-1.,0.,0.));
#4421 = PCURVE('',#598,#4422);
#4422 = DEFINITIONAL_REPRESENTATION('',(#4423),#4427);
#4423 = CIRCLE('',#4424,3.25);
#4424 = AXIS2_PLACEMENT_2D('',#4425,#4426);
#4425 = CARTESIAN_POINT('',(22.15,4.15));
#4426 = DIRECTION('',(0.,-1.));
#4427 = ( GEOMETRIC_REPRESENTATION_CONTEXT(2) 
PARAMETRIC_REPRESENTATION_CONTEXT() REPRESENTATION_CONTEXT('2D SPACE',''
  ) );
#4428 = PCURVE('',#4429,#4434);
#4429 = CYLINDRICAL_SURFACE('',#4430,3.25);
#4430 = AXIS2_PLACEMENT_3D('',#4431,#4432,#4433);
#4431 = CARTESIAN_POINT('',(-9.,0.,9.));
#4432 = DIRECTION('',(0.,1.,0.));
#4433 = DIRECTION('',(-1.,0.,0.));
#4434 = DEFINITIONAL_REPRESENTATION('',(#4435),#4439);
#4435 = LINE('',#4436,#4437);
#4436 = CARTESIAN_POINT('',(0.,10.15));
#4437 = VECTOR('',#4438,1.);
#4438 = DIRECTION('',(1.,0.));
#4439 = ( GEOMETRIC_REPRESENTATION_CONTEXT(2) 
PARAMETRIC_REPRESENTATION_CONTEXT() REPRESENTATION_CONTEXT('2D SPACE',''
  ) );
#4440 = ORIENTED_EDGE('',*,*,#4441,.T.);
#4441 = EDGE_CURVE('',#4413,#4442,#4444,.T.);
#4442 = VERTEX_POINT('',#4443);
#4443 = CARTESIAN_POINT('',(-12.25,10.15,7.5));
#4444 = SURFACE_CURVE('',#4445,(#4449,#4455),.PCURVE_S1.);
#4445 = LINE('',#4446,#4447);
#4446 = CARTESIAN_POINT('',(-12.25,10.15,-12.7));
#4447 = VECTOR('',#4448,1.);
#4448 = DIRECTION('',(0.,0.,-1.));
#4449 = PCURVE('',#598,#4450);
#4450 = DEFINITIONAL_REPRESENTATION('',(#4451),#4454);
#4451 = B_SPLINE_CURVE_WITH_KNOTS('',1,(#4452,#4453),.UNSPECIFIED.,.F.,
  .F.,(2,2),(-21.7,-3.7),.PIECEWISE_BEZIER_KNOTS.);
#4452 = CARTESIAN_POINT('',(22.15,0.9));
#4453 = CARTESIAN_POINT('',(4.15,0.9));
#4454 = ( GEOMETRIC_REPRESENTATION_CONTEXT(2) 
PARAMETRIC_REPRESENTATION_CONTEXT() REPRESENTATION_CONTEXT('2D SPACE',''
  ) );
#4455 = PCURVE('',#4456,#4461);
#4456 = PLANE('',#4457);
#4457 = AXIS2_PLACEMENT_3D('',#4458,#4459,#4460);
#4458 = CARTESIAN_POINT('',(-12.25,0.,-12.25));
#4459 = DIRECTION('',(1.,0.,0.));
#4460 = DIRECTION('',(0.,0.,1.));
#4461 = DEFINITIONAL_REPRESENTATION('',(#4462),#4465);
#4462 = B_SPLINE_CURVE_WITH_KNOTS('',1,(#4463,#4464),.UNSPECIFIED.,.F.,
  .F.,(2,2),(-21.7,-3.7),.PIECEWISE_BEZIER_KNOTS.);
#4463 = CARTESIAN_POINT('',(21.25,-10.15));
#4464 = CARTESIAN_POINT('',(3.25,-10.15));
#4465 = ( GEOMETRIC_REPRESENTATION_CONTEXT(2) 
PARAMETRIC_REPRESENTATION_CONTEXT() REPRESENTATION_CONTEXT('2D SPACE',''
  ) );
#4466 = ORIENTED_EDGE('',*,*,#4467,.F.);
#4467 = EDGE_CURVE('',#4468,#4442,#4470,.T.);
#4468 = VERTEX_POINT('',#4469);
#4469 = CARTESIAN_POINT('',(-13.15,10.15,7.5));
#4470 = SURFACE_CURVE('',#4471,(#4475,#4481),.PCURVE_S1.);
#4471 = LINE('',#4472,#4473);
#4472 = CARTESIAN_POINT('',(-14.7,10.15,7.5));
#4473 = VECTOR('',#4474,1.);
#4474 = DIRECTION('',(1.,0.,0.));
#4475 = PCURVE('',#598,#4476);
#4476 = DEFINITIONAL_REPRESENTATION('',(#4477),#4480);
#4477 = B_SPLINE_CURVE_WITH_KNOTS('',1,(#4478,#4479),.UNSPECIFIED.,.F.,
  .F.,(2,2),(1.55,4.3),.PIECEWISE_BEZIER_KNOTS.);
#4478 = CARTESIAN_POINT('',(20.65,0.));
#4479 = CARTESIAN_POINT('',(20.65,2.75));
#4480 = ( GEOMETRIC_REPRESENTATION_CONTEXT(2) 
PARAMETRIC_REPRESENTATION_CONTEXT() REPRESENTATION_CONTEXT('2D SPACE',''
  ) );
#4481 = PCURVE('',#1537,#4482);
#4482 = DEFINITIONAL_REPRESENTATION('',(#4483),#4486);
#4483 = B_SPLINE_CURVE_WITH_KNOTS('',1,(#4484,#4485),.UNSPECIFIED.,.F.,
  .F.,(2,2),(1.55,4.3),.PIECEWISE_BEZIER_KNOTS.);
#4484 = CARTESIAN_POINT('',(3.1,13.95));
#4485 = CARTESIAN_POINT('',(5.85,13.95));
#4486 = ( GEOMETRIC_REPRESENTATION_CONTEXT(2) 
PARAMETRIC_REPRESENTATION_CONTEXT() REPRESENTATION_CONTEXT('2D SPACE',''
  ) );
#4487 = ORIENTED_EDGE('',*,*,#4488,.T.);
#4488 = EDGE_CURVE('',#4468,#4489,#4491,.T.);
#4489 = VERTEX_POINT('',#4490);
#4490 = CARTESIAN_POINT('',(-13.15,10.15,9.));
#4491 = SURFACE_CURVE('',#4492,(#4496,#4503),.PCURVE_S1.);
#4492 = LINE('',#4493,#4494);
#4493 = CARTESIAN_POINT('',(-13.15,10.15,-13.15));
#4494 = VECTOR('',#4495,1.);
#4495 = DIRECTION('',(0.,0.,1.));
#4496 = PCURVE('',#598,#4497);
#4497 = DEFINITIONAL_REPRESENTATION('',(#4498),#4502);
#4498 = LINE('',#4499,#4500);
#4499 = CARTESIAN_POINT('',(0.,0.));
#4500 = VECTOR('',#4501,1.);
#4501 = DIRECTION('',(1.,0.));
#4502 = ( GEOMETRIC_REPRESENTATION_CONTEXT(2) 
PARAMETRIC_REPRESENTATION_CONTEXT() REPRESENTATION_CONTEXT('2D SPACE',''
  ) );
#4503 = PCURVE('',#3907,#4504);
#4504 = DEFINITIONAL_REPRESENTATION('',(#4505),#4509);
#4505 = LINE('',#4506,#4507);
#4506 = CARTESIAN_POINT('',(0.,-2.15));
#4507 = VECTOR('',#4508,1.);
#4508 = DIRECTION('',(1.,0.));
#4509 = ( GEOMETRIC_REPRESENTATION_CONTEXT(2) 
PARAMETRIC_REPRESENTATION_CONTEXT() REPRESENTATION_CONTEXT('2D SPACE',''
  ) );
#4510 = ORIENTED_EDGE('',*,*,#4511,.T.);
#4511 = EDGE_CURVE('',#4489,#4512,#4514,.T.);
#4512 = VERTEX_POINT('',#4513);
#4513 = CARTESIAN_POINT('',(-9.,10.15,13.15));
#4514 = SURFACE_CURVE('',#4515,(#4520,#4527),.PCURVE_S1.);
#4515 = CIRCLE('',#4516,4.15);
#4516 = AXIS2_PLACEMENT_3D('',#4517,#4518,#4519);
#4517 = CARTESIAN_POINT('',(-9.,10.15,9.));
#4518 = DIRECTION('',(0.,1.,0.));
#4519 = DIRECTION('',(0.,-0.,1.));
#4520 = PCURVE('',#598,#4521);
#4521 = DEFINITIONAL_REPRESENTATION('',(#4522),#4526);
#4522 = CIRCLE('',#4523,4.15);
#4523 = AXIS2_PLACEMENT_2D('',#4524,#4525);
#4524 = CARTESIAN_POINT('',(22.15,4.15));
#4525 = DIRECTION('',(1.,0.));
#4526 = ( GEOMETRIC_REPRESENTATION_CONTEXT(2) 
PARAMETRIC_REPRESENTATION_CONTEXT() REPRESENTATION_CONTEXT('2D SPACE',''
  ) );
#4527 = PCURVE('',#3880,#4528);
#4528 = DEFINITIONAL_REPRESENTATION('',(#4529),#4533);
#4529 = LINE('',#4530,#4531);
#4530 = CARTESIAN_POINT('',(-4.712388980385,2.15));
#4531 = VECTOR('',#4532,1.);
#4532 = DIRECTION('',(1.,0.));
#4533 = ( GEOMETRIC_REPRESENTATION_CONTEXT(2) 
PARAMETRIC_REPRESENTATION_CONTEXT() REPRESENTATION_CONTEXT('2D SPACE',''
  ) );
#4534 = ORIENTED_EDGE('',*,*,#4535,.T.);
#4535 = EDGE_CURVE('',#4512,#4536,#4538,.T.);
#4536 = VERTEX_POINT('',#4537);
#4537 = CARTESIAN_POINT('',(9.,10.15,13.15));
#4538 = SURFACE_CURVE('',#4539,(#4543,#4550),.PCURVE_S1.);
#4539 = LINE('',#4540,#4541);
#4540 = CARTESIAN_POINT('',(-13.15,10.15,13.15));
#4541 = VECTOR('',#4542,1.);
#4542 = DIRECTION('',(1.,0.,0.));
#4543 = PCURVE('',#598,#4544);
#4544 = DEFINITIONAL_REPRESENTATION('',(#4545),#4549);
#4545 = LINE('',#4546,#4547);
#4546 = CARTESIAN_POINT('',(26.3,0.));
#4547 = VECTOR('',#4548,1.);
#4548 = DIRECTION('',(0.,1.));
#4549 = ( GEOMETRIC_REPRESENTATION_CONTEXT(2) 
PARAMETRIC_REPRESENTATION_CONTEXT() REPRESENTATION_CONTEXT('2D SPACE',''
  ) );
#4550 = PCURVE('',#3852,#4551);
#4551 = DEFINITIONAL_REPRESENTATION('',(#4552),#4556);
#4552 = LINE('',#4553,#4554);
#4553 = CARTESIAN_POINT('',(0.,2.15));
#4554 = VECTOR('',#4555,1.);
#4555 = DIRECTION('',(1.,0.));
#4556 = ( GEOMETRIC_REPRESENTATION_CONTEXT(2) 
PARAMETRIC_REPRESENTATION_CONTEXT() REPRESENTATION_CONTEXT('2D SPACE',''
  ) );
#4557 = ORIENTED_EDGE('',*,*,#4558,.F.);
#4558 = EDGE_CURVE('',#4559,#4536,#4561,.T.);
#4559 = VERTEX_POINT('',#4560);
#4560 = CARTESIAN_POINT('',(13.15,10.15,9.));
#4561 = SURFACE_CURVE('',#4562,(#4567,#4578),.PCURVE_S1.);
#4562 = CIRCLE('',#4563,4.15);
#4563 = AXIS2_PLACEMENT_3D('',#4564,#4565,#4566);
#4564 = CARTESIAN_POINT('',(9.,10.15,9.));
#4565 = DIRECTION('',(-0.,-1.,0.));
#4566 = DIRECTION('',(0.,-0.,1.));
#4567 = PCURVE('',#598,#4568);
#4568 = DEFINITIONAL_REPRESENTATION('',(#4569),#4577);
#4569 = ( BOUNDED_CURVE() B_SPLINE_CURVE(2,(#4570,#4571,#4572,#4573,
#4574,#4575,#4576),.UNSPECIFIED.,.T.,.F.) B_SPLINE_CURVE_WITH_KNOTS((1,2
    ,2,2,2,1),(-2.094395102393,0.,2.094395102393,4.188790204786,
6.28318530718,8.377580409573),.UNSPECIFIED.) CURVE() 
GEOMETRIC_REPRESENTATION_ITEM() RATIONAL_B_SPLINE_CURVE((1.,0.5,1.,0.5,
1.,0.5,1.)) REPRESENTATION_ITEM('') );
#4570 = CARTESIAN_POINT('',(26.3,22.15));
#4571 = CARTESIAN_POINT('',(26.3,14.961989148589));
#4572 = CARTESIAN_POINT('',(20.075,18.555994574295));
#4573 = CARTESIAN_POINT('',(13.85,22.15));
#4574 = CARTESIAN_POINT('',(20.075,25.744005425705));
#4575 = CARTESIAN_POINT('',(26.3,29.338010851411));
#4576 = CARTESIAN_POINT('',(26.3,22.15));
#4577 = ( GEOMETRIC_REPRESENTATION_CONTEXT(2) 
PARAMETRIC_REPRESENTATION_CONTEXT() REPRESENTATION_CONTEXT('2D SPACE',''
  ) );
#4578 = PCURVE('',#3825,#4579);
#4579 = DEFINITIONAL_REPRESENTATION('',(#4580),#4584);
#4580 = LINE('',#4581,#4582);
#4581 = CARTESIAN_POINT('',(4.712388980385,2.15));
#4582 = VECTOR('',#4583,1.);
#4583 = DIRECTION('',(-1.,0.));
#4584 = ( GEOMETRIC_REPRESENTATION_CONTEXT(2) 
PARAMETRIC_REPRESENTATION_CONTEXT() REPRESENTATION_CONTEXT('2D SPACE',''
  ) );
#4585 = ORIENTED_EDGE('',*,*,#4586,.F.);
#4586 = EDGE_CURVE('',#4587,#4559,#4589,.T.);
#4587 = VERTEX_POINT('',#4588);
#4588 = CARTESIAN_POINT('',(13.15,10.15,-9.));
#4589 = SURFACE_CURVE('',#4590,(#4594,#4601),.PCURVE_S1.);
#4590 = LINE('',#4591,#4592);
#4591 = CARTESIAN_POINT('',(13.15,10.15,-13.15));
#4592 = VECTOR('',#4593,1.);
#4593 = DIRECTION('',(0.,0.,1.));
#4594 = PCURVE('',#598,#4595);
#4595 = DEFINITIONAL_REPRESENTATION('',(#4596),#4600);
#4596 = LINE('',#4597,#4598);
#4597 = CARTESIAN_POINT('',(0.,26.3));
#4598 = VECTOR('',#4599,1.);
#4599 = DIRECTION('',(1.,0.));
#4600 = ( GEOMETRIC_REPRESENTATION_CONTEXT(2) 
PARAMETRIC_REPRESENTATION_CONTEXT() REPRESENTATION_CONTEXT('2D SPACE',''
  ) );
#4601 = PCURVE('',#3797,#4602);
#4602 = DEFINITIONAL_REPRESENTATION('',(#4603),#4607);
#4603 = LINE('',#4604,#4605);
#4604 = CARTESIAN_POINT('',(0.,-2.15));
#4605 = VECTOR('',#4606,1.);
#4606 = DIRECTION('',(1.,0.));
#4607 = ( GEOMETRIC_REPRESENTATION_CONTEXT(2) 
PARAMETRIC_REPRESENTATION_CONTEXT() REPRESENTATION_CONTEXT('2D SPACE',''
  ) );
#4608 = ORIENTED_EDGE('',*,*,#4609,.T.);
#4609 = EDGE_CURVE('',#4587,#4175,#4610,.T.);
#4610 = SURFACE_CURVE('',#4611,(#4616,#4623),.PCURVE_S1.);
#4611 = CIRCLE('',#4612,4.15);
#4612 = AXIS2_PLACEMENT_3D('',#4613,#4614,#4615);
#4613 = CARTESIAN_POINT('',(9.,10.15,-9.));
#4614 = DIRECTION('',(0.,1.,0.));
#4615 = DIRECTION('',(0.,-0.,1.));
#4616 = PCURVE('',#598,#4617);
#4617 = DEFINITIONAL_REPRESENTATION('',(#4618),#4622);
#4618 = CIRCLE('',#4619,4.15);
#4619 = AXIS2_PLACEMENT_2D('',#4620,#4621);
#4620 = CARTESIAN_POINT('',(4.15,22.15));
#4621 = DIRECTION('',(1.,0.));
#4622 = ( GEOMETRIC_REPRESENTATION_CONTEXT(2) 
PARAMETRIC_REPRESENTATION_CONTEXT() REPRESENTATION_CONTEXT('2D SPACE',''
  ) );
#4623 = PCURVE('',#3770,#4624);
#4624 = DEFINITIONAL_REPRESENTATION('',(#4625),#4629);
#4625 = LINE('',#4626,#4627);
#4626 = CARTESIAN_POINT('',(-1.570796326795,2.15));
#4627 = VECTOR('',#4628,1.);
#4628 = DIRECTION('',(1.,0.));
#4629 = ( GEOMETRIC_REPRESENTATION_CONTEXT(2) 
PARAMETRIC_REPRESENTATION_CONTEXT() REPRESENTATION_CONTEXT('2D SPACE',''
  ) );
#4630 = ADVANCED_FACE('',(#4631),#572,.T.);
#4631 = FACE_BOUND('',#4632,.T.);
#4632 = EDGE_LOOP('',(#4633,#4656,#4677,#4678));
#4633 = ORIENTED_EDGE('',*,*,#4634,.F.);
#4634 = EDGE_CURVE('',#4635,#531,#4637,.T.);
#4635 = VERTEX_POINT('',#4636);
#4636 = CARTESIAN_POINT('',(-12.25,0.,-9.));
#4637 = SURFACE_CURVE('',#4638,(#4642,#4649),.PCURVE_S1.);
#4638 = LINE('',#4639,#4640);
#4639 = CARTESIAN_POINT('',(-12.25,0.,-12.25));
#4640 = VECTOR('',#4641,1.);
#4641 = DIRECTION('',(0.,0.,1.));
#4642 = PCURVE('',#572,#4643);
#4643 = DEFINITIONAL_REPRESENTATION('',(#4644),#4648);
#4644 = LINE('',#4645,#4646);
#4645 = CARTESIAN_POINT('',(0.,0.));
#4646 = VECTOR('',#4647,1.);
#4647 = DIRECTION('',(1.,0.));
#4648 = ( GEOMETRIC_REPRESENTATION_CONTEXT(2) 
PARAMETRIC_REPRESENTATION_CONTEXT() REPRESENTATION_CONTEXT('2D SPACE',''
  ) );
#4649 = PCURVE('',#545,#4650);
#4650 = DEFINITIONAL_REPRESENTATION('',(#4651),#4655);
#4651 = LINE('',#4652,#4653);
#4652 = CARTESIAN_POINT('',(0.,0.));
#4653 = VECTOR('',#4654,1.);
#4654 = DIRECTION('',(1.,0.));
#4655 = ( GEOMETRIC_REPRESENTATION_CONTEXT(2) 
PARAMETRIC_REPRESENTATION_CONTEXT() REPRESENTATION_CONTEXT('2D SPACE',''
  ) );
#4656 = ORIENTED_EDGE('',*,*,#4657,.T.);
#4657 = EDGE_CURVE('',#4635,#4226,#4658,.T.);
#4658 = SURFACE_CURVE('',#4659,(#4663,#4670),.PCURVE_S1.);
#4659 = LINE('',#4660,#4661);
#4660 = CARTESIAN_POINT('',(-12.25,0.,-9.));
#4661 = VECTOR('',#4662,1.);
#4662 = DIRECTION('',(0.,1.,0.));
#4663 = PCURVE('',#572,#4664);
#4664 = DEFINITIONAL_REPRESENTATION('',(#4665),#4669);
#4665 = LINE('',#4666,#4667);
#4666 = CARTESIAN_POINT('',(3.25,0.));
#4667 = VECTOR('',#4668,1.);
#4668 = DIRECTION('',(0.,-1.));
#4669 = ( GEOMETRIC_REPRESENTATION_CONTEXT(2) 
PARAMETRIC_REPRESENTATION_CONTEXT() REPRESENTATION_CONTEXT('2D SPACE',''
  ) );
#4670 = PCURVE('',#4263,#4671);
#4671 = DEFINITIONAL_REPRESENTATION('',(#4672),#4676);
#4672 = LINE('',#4673,#4674);
#4673 = CARTESIAN_POINT('',(-0.,0.));
#4674 = VECTOR('',#4675,1.);
#4675 = DIRECTION('',(-0.,1.));
#4676 = ( GEOMETRIC_REPRESENTATION_CONTEXT(2) 
PARAMETRIC_REPRESENTATION_CONTEXT() REPRESENTATION_CONTEXT('2D SPACE',''
  ) );
#4677 = ORIENTED_EDGE('',*,*,#4225,.F.);
#4678 = ORIENTED_EDGE('',*,*,#557,.T.);
#4679 = ADVANCED_FACE('',(#4680,#5032),#545,.T.);
#4680 = FACE_BOUND('',#4681,.T.);
#4681 = EDGE_LOOP('',(#4682,#4707,#4733,#4734,#4735,#4757,#4779,#4802,
    #4826,#4849,#4877,#4904,#4932,#4955,#4983,#5006));
#4682 = ORIENTED_EDGE('',*,*,#4683,.F.);
#4683 = EDGE_CURVE('',#4684,#4686,#4688,.T.);
#4684 = VERTEX_POINT('',#4685);
#4685 = CARTESIAN_POINT('',(-9.,0.,-12.25));
#4686 = VERTEX_POINT('',#4687);
#4687 = CARTESIAN_POINT('',(9.,0.,-12.25));
#4688 = SURFACE_CURVE('',#4689,(#4693,#4700),.PCURVE_S1.);
#4689 = LINE('',#4690,#4691);
#4690 = CARTESIAN_POINT('',(-9.,0.,-12.25));
#4691 = VECTOR('',#4692,1.);
#4692 = DIRECTION('',(1.,0.,0.));
#4693 = PCURVE('',#545,#4694);
#4694 = DEFINITIONAL_REPRESENTATION('',(#4695),#4699);
#4695 = LINE('',#4696,#4697);
#4696 = CARTESIAN_POINT('',(0.,3.25));
#4697 = VECTOR('',#4698,1.);
#4698 = DIRECTION('',(0.,1.));
#4699 = ( GEOMETRIC_REPRESENTATION_CONTEXT(2) 
PARAMETRIC_REPRESENTATION_CONTEXT() REPRESENTATION_CONTEXT('2D SPACE',''
  ) );
#4700 = PCURVE('',#4290,#4701);
#4701 = DEFINITIONAL_REPRESENTATION('',(#4702),#4706);
#4702 = LINE('',#4703,#4704);
#4703 = CARTESIAN_POINT('',(3.25,0.));
#4704 = VECTOR('',#4705,1.);
#4705 = DIRECTION('',(1.,0.));
#4706 = ( GEOMETRIC_REPRESENTATION_CONTEXT(2) 
PARAMETRIC_REPRESENTATION_CONTEXT() REPRESENTATION_CONTEXT('2D SPACE',''
  ) );
#4707 = ORIENTED_EDGE('',*,*,#4708,.F.);
#4708 = EDGE_CURVE('',#4635,#4684,#4709,.T.);
#4709 = SURFACE_CURVE('',#4710,(#4715,#4726),.PCURVE_S1.);
#4710 = CIRCLE('',#4711,3.25);
#4711 = AXIS2_PLACEMENT_3D('',#4712,#4713,#4714);
#4712 = CARTESIAN_POINT('',(-9.,0.,-9.));
#4713 = DIRECTION('',(-0.,-1.,0.));
#4714 = DIRECTION('',(-1.,0.,0.));
#4715 = PCURVE('',#545,#4716);
#4716 = DEFINITIONAL_REPRESENTATION('',(#4717),#4725);
#4717 = ( BOUNDED_CURVE() B_SPLINE_CURVE(2,(#4718,#4719,#4720,#4721,
#4722,#4723,#4724),.UNSPECIFIED.,.T.,.F.) B_SPLINE_CURVE_WITH_KNOTS((1,2
    ,2,2,2,1),(-2.094395102393,0.,2.094395102393,4.188790204786,
6.28318530718,8.377580409573),.UNSPECIFIED.) CURVE() 
GEOMETRIC_REPRESENTATION_ITEM() RATIONAL_B_SPLINE_CURVE((1.,0.5,1.,0.5,
1.,0.5,1.)) REPRESENTATION_ITEM('') );
#4718 = CARTESIAN_POINT('',(3.25,0.));
#4719 = CARTESIAN_POINT('',(-2.379165124599,0.));
#4720 = CARTESIAN_POINT('',(0.435417437701,4.875));
#4721 = CARTESIAN_POINT('',(3.25,9.75));
#4722 = CARTESIAN_POINT('',(6.064582562299,4.875));
#4723 = CARTESIAN_POINT('',(8.879165124599,4.884981308351E-15));
#4724 = CARTESIAN_POINT('',(3.25,0.));
#4725 = ( GEOMETRIC_REPRESENTATION_CONTEXT(2) 
PARAMETRIC_REPRESENTATION_CONTEXT() REPRESENTATION_CONTEXT('2D SPACE',''
  ) );
#4726 = PCURVE('',#4263,#4727);
#4727 = DEFINITIONAL_REPRESENTATION('',(#4728),#4732);
#4728 = LINE('',#4729,#4730);
#4729 = CARTESIAN_POINT('',(-0.,0.));
#4730 = VECTOR('',#4731,1.);
#4731 = DIRECTION('',(-1.,0.));
#4732 = ( GEOMETRIC_REPRESENTATION_CONTEXT(2) 
PARAMETRIC_REPRESENTATION_CONTEXT() REPRESENTATION_CONTEXT('2D SPACE',''
  ) );
#4733 = ORIENTED_EDGE('',*,*,#4634,.T.);
#4734 = ORIENTED_EDGE('',*,*,#530,.T.);
#4735 = ORIENTED_EDGE('',*,*,#4736,.F.);
#4736 = EDGE_CURVE('',#4737,#503,#4739,.T.);
#4737 = VERTEX_POINT('',#4738);
#4738 = CARTESIAN_POINT('',(-10.4,0.,7.5));
#4739 = SURFACE_CURVE('',#4740,(#4744,#4751),.PCURVE_S1.);
#4740 = LINE('',#4741,#4742);
#4741 = CARTESIAN_POINT('',(-10.4,0.,-9.875));
#4742 = VECTOR('',#4743,1.);
#4743 = DIRECTION('',(0.,0.,-1.));
#4744 = PCURVE('',#545,#4745);
#4745 = DEFINITIONAL_REPRESENTATION('',(#4746),#4750);
#4746 = LINE('',#4747,#4748);
#4747 = CARTESIAN_POINT('',(2.375,1.85));
#4748 = VECTOR('',#4749,1.);
#4749 = DIRECTION('',(-1.,0.));
#4750 = ( GEOMETRIC_REPRESENTATION_CONTEXT(2) 
PARAMETRIC_REPRESENTATION_CONTEXT() REPRESENTATION_CONTEXT('2D SPACE',''
  ) );
#4751 = PCURVE('',#518,#4752);
#4752 = DEFINITIONAL_REPRESENTATION('',(#4753),#4756);
#4753 = B_SPLINE_CURVE_WITH_KNOTS('',1,(#4754,#4755),.UNSPECIFIED.,.F.,
  .F.,(2,2),(-17.375,-2.375),.PIECEWISE_BEZIER_KNOTS.);
#4754 = CARTESIAN_POINT('',(15.,-3.8));
#4755 = CARTESIAN_POINT('',(0.,-3.8));
#4756 = ( GEOMETRIC_REPRESENTATION_CONTEXT(2) 
PARAMETRIC_REPRESENTATION_CONTEXT() REPRESENTATION_CONTEXT('2D SPACE',''
  ) );
#4757 = ORIENTED_EDGE('',*,*,#4758,.F.);
#4758 = EDGE_CURVE('',#4759,#4737,#4761,.T.);
#4759 = VERTEX_POINT('',#4760);
#4760 = CARTESIAN_POINT('',(-12.25,0.,7.5));
#4761 = SURFACE_CURVE('',#4762,(#4766,#4773),.PCURVE_S1.);
#4762 = LINE('',#4763,#4764);
#4763 = CARTESIAN_POINT('',(-14.25,0.,7.5));
#4764 = VECTOR('',#4765,1.);
#4765 = DIRECTION('',(1.,0.,0.));
#4766 = PCURVE('',#545,#4767);
#4767 = DEFINITIONAL_REPRESENTATION('',(#4768),#4772);
#4768 = LINE('',#4769,#4770);
#4769 = CARTESIAN_POINT('',(19.75,-2.));
#4770 = VECTOR('',#4771,1.);
#4771 = DIRECTION('',(0.,1.));
#4772 = ( GEOMETRIC_REPRESENTATION_CONTEXT(2) 
PARAMETRIC_REPRESENTATION_CONTEXT() REPRESENTATION_CONTEXT('2D SPACE',''
  ) );
#4773 = PCURVE('',#1537,#4774);
#4774 = DEFINITIONAL_REPRESENTATION('',(#4775),#4778);
#4775 = B_SPLINE_CURVE_WITH_KNOTS('',1,(#4776,#4777),.UNSPECIFIED.,.F.,
  .F.,(2,2),(2.,3.85),.PIECEWISE_BEZIER_KNOTS.);
#4776 = CARTESIAN_POINT('',(4.,3.8));
#4777 = CARTESIAN_POINT('',(5.85,3.8));
#4778 = ( GEOMETRIC_REPRESENTATION_CONTEXT(2) 
PARAMETRIC_REPRESENTATION_CONTEXT() REPRESENTATION_CONTEXT('2D SPACE',''
  ) );
#4779 = ORIENTED_EDGE('',*,*,#4780,.T.);
#4780 = EDGE_CURVE('',#4759,#4781,#4783,.T.);
#4781 = VERTEX_POINT('',#4782);
#4782 = CARTESIAN_POINT('',(-12.25,0.,9.));
#4783 = SURFACE_CURVE('',#4784,(#4788,#4795),.PCURVE_S1.);
#4784 = LINE('',#4785,#4786);
#4785 = CARTESIAN_POINT('',(-12.25,0.,-12.25));
#4786 = VECTOR('',#4787,1.);
#4787 = DIRECTION('',(0.,0.,1.));
#4788 = PCURVE('',#545,#4789);
#4789 = DEFINITIONAL_REPRESENTATION('',(#4790),#4794);
#4790 = LINE('',#4791,#4792);
#4791 = CARTESIAN_POINT('',(0.,0.));
#4792 = VECTOR('',#4793,1.);
#4793 = DIRECTION('',(1.,0.));
#4794 = ( GEOMETRIC_REPRESENTATION_CONTEXT(2) 
PARAMETRIC_REPRESENTATION_CONTEXT() REPRESENTATION_CONTEXT('2D SPACE',''
  ) );
#4795 = PCURVE('',#4456,#4796);
#4796 = DEFINITIONAL_REPRESENTATION('',(#4797),#4801);
#4797 = LINE('',#4798,#4799);
#4798 = CARTESIAN_POINT('',(0.,0.));
#4799 = VECTOR('',#4800,1.);
#4800 = DIRECTION('',(1.,0.));
#4801 = ( GEOMETRIC_REPRESENTATION_CONTEXT(2) 
PARAMETRIC_REPRESENTATION_CONTEXT() REPRESENTATION_CONTEXT('2D SPACE',''
  ) );
#4802 = ORIENTED_EDGE('',*,*,#4803,.T.);
#4803 = EDGE_CURVE('',#4781,#4804,#4806,.T.);
#4804 = VERTEX_POINT('',#4805);
#4805 = CARTESIAN_POINT('',(-9.,0.,12.25));
#4806 = SURFACE_CURVE('',#4807,(#4812,#4819),.PCURVE_S1.);
#4807 = CIRCLE('',#4808,3.25);
#4808 = AXIS2_PLACEMENT_3D('',#4809,#4810,#4811);
#4809 = CARTESIAN_POINT('',(-9.,0.,9.));
#4810 = DIRECTION('',(0.,1.,0.));
#4811 = DIRECTION('',(0.,-0.,1.));
#4812 = PCURVE('',#545,#4813);
#4813 = DEFINITIONAL_REPRESENTATION('',(#4814),#4818);
#4814 = CIRCLE('',#4815,3.25);
#4815 = AXIS2_PLACEMENT_2D('',#4816,#4817);
#4816 = CARTESIAN_POINT('',(21.25,3.25));
#4817 = DIRECTION('',(1.,0.));
#4818 = ( GEOMETRIC_REPRESENTATION_CONTEXT(2) 
PARAMETRIC_REPRESENTATION_CONTEXT() REPRESENTATION_CONTEXT('2D SPACE',''
  ) );
#4819 = PCURVE('',#4429,#4820);
#4820 = DEFINITIONAL_REPRESENTATION('',(#4821),#4825);
#4821 = LINE('',#4822,#4823);
#4822 = CARTESIAN_POINT('',(-4.712388980385,0.));
#4823 = VECTOR('',#4824,1.);
#4824 = DIRECTION('',(1.,0.));
#4825 = ( GEOMETRIC_REPRESENTATION_CONTEXT(2) 
PARAMETRIC_REPRESENTATION_CONTEXT() REPRESENTATION_CONTEXT('2D SPACE',''
  ) );
#4826 = ORIENTED_EDGE('',*,*,#4827,.T.);
#4827 = EDGE_CURVE('',#4804,#4828,#4830,.T.);
#4828 = VERTEX_POINT('',#4829);
#4829 = CARTESIAN_POINT('',(1.3,-1.110223024625E-16,12.25));
#4830 = SURFACE_CURVE('',#4831,(#4835,#4842),.PCURVE_S1.);
#4831 = LINE('',#4832,#4833);
#4832 = CARTESIAN_POINT('',(-12.25,0.,12.25));
#4833 = VECTOR('',#4834,1.);
#4834 = DIRECTION('',(1.,0.,0.));
#4835 = PCURVE('',#545,#4836);
#4836 = DEFINITIONAL_REPRESENTATION('',(#4837),#4841);
#4837 = LINE('',#4838,#4839);
#4838 = CARTESIAN_POINT('',(24.5,0.));
#4839 = VECTOR('',#4840,1.);
#4840 = DIRECTION('',(0.,1.));
#4841 = ( GEOMETRIC_REPRESENTATION_CONTEXT(2) 
PARAMETRIC_REPRESENTATION_CONTEXT() REPRESENTATION_CONTEXT('2D SPACE',''
  ) );
#4842 = PCURVE('',#4401,#4843);
#4843 = DEFINITIONAL_REPRESENTATION('',(#4844),#4848);
#4844 = LINE('',#4845,#4846);
#4845 = CARTESIAN_POINT('',(0.,0.));
#4846 = VECTOR('',#4847,1.);
#4847 = DIRECTION('',(1.,0.));
#4848 = ( GEOMETRIC_REPRESENTATION_CONTEXT(2) 
PARAMETRIC_REPRESENTATION_CONTEXT() REPRESENTATION_CONTEXT('2D SPACE',''
  ) );
#4849 = ORIENTED_EDGE('',*,*,#4850,.T.);
#4850 = EDGE_CURVE('',#4828,#4851,#4853,.T.);
#4851 = VERTEX_POINT('',#4852);
#4852 = CARTESIAN_POINT('',(1.3,-2.22044604925E-16,14.25));
#4853 = SURFACE_CURVE('',#4854,(#4858,#4865),.PCURVE_S1.);
#4854 = LINE('',#4855,#4856);
#4855 = CARTESIAN_POINT('',(1.3,-2.22044604925E-16,10.));
#4856 = VECTOR('',#4857,1.);
#4857 = DIRECTION('',(0.,0.,1.));
#4858 = PCURVE('',#545,#4859);
#4859 = DEFINITIONAL_REPRESENTATION('',(#4860),#4864);
#4860 = LINE('',#4861,#4862);
#4861 = CARTESIAN_POINT('',(22.25,13.55));
#4862 = VECTOR('',#4863,1.);
#4863 = DIRECTION('',(1.,0.));
#4864 = ( GEOMETRIC_REPRESENTATION_CONTEXT(2) 
PARAMETRIC_REPRESENTATION_CONTEXT() REPRESENTATION_CONTEXT('2D SPACE',''
  ) );
#4865 = PCURVE('',#4866,#4871);
#4866 = CYLINDRICAL_SURFACE('',#4867,1.);
#4867 = AXIS2_PLACEMENT_3D('',#4868,#4869,#4870);
#4868 = CARTESIAN_POINT('',(1.3,1.,10.));
#4869 = DIRECTION('',(0.,0.,1.));
#4870 = DIRECTION('',(-1.,-0.,0.));
#4871 = DEFINITIONAL_REPRESENTATION('',(#4872),#4876);
#4872 = LINE('',#4873,#4874);
#4873 = CARTESIAN_POINT('',(1.570796326795,0.));
#4874 = VECTOR('',#4875,1.);
#4875 = DIRECTION('',(0.,1.));
#4876 = ( GEOMETRIC_REPRESENTATION_CONTEXT(2) 
PARAMETRIC_REPRESENTATION_CONTEXT() REPRESENTATION_CONTEXT('2D SPACE',''
  ) );
#4877 = ORIENTED_EDGE('',*,*,#4878,.F.);
#4878 = EDGE_CURVE('',#4879,#4851,#4881,.T.);
#4879 = VERTEX_POINT('',#4880);
#4880 = CARTESIAN_POINT('',(6.7,-2.22044604925E-16,14.25));
#4881 = SURFACE_CURVE('',#4882,(#4886,#4893),.PCURVE_S1.);
#4882 = LINE('',#4883,#4884);
#4883 = CARTESIAN_POINT('',(-6.975,0.,14.25));
#4884 = VECTOR('',#4885,1.);
#4885 = DIRECTION('',(-1.,0.,0.));
#4886 = PCURVE('',#545,#4887);
#4887 = DEFINITIONAL_REPRESENTATION('',(#4888),#4892);
#4888 = LINE('',#4889,#4890);
#4889 = CARTESIAN_POINT('',(26.5,5.275));
#4890 = VECTOR('',#4891,1.);
#4891 = DIRECTION('',(0.,-1.));
#4892 = ( GEOMETRIC_REPRESENTATION_CONTEXT(2) 
PARAMETRIC_REPRESENTATION_CONTEXT() REPRESENTATION_CONTEXT('2D SPACE',''
  ) );
#4893 = PCURVE('',#4894,#4899);
#4894 = PLANE('',#4895);
#4895 = AXIS2_PLACEMENT_3D('',#4896,#4897,#4898);
#4896 = CARTESIAN_POINT('',(-14.25,-1.8,14.25));
#4897 = DIRECTION('',(0.,0.,1.));
#4898 = DIRECTION('',(1.,0.,0.));
#4899 = DEFINITIONAL_REPRESENTATION('',(#4900),#4903);
#4900 = B_SPLINE_CURVE_WITH_KNOTS('',1,(#4901,#4902),.UNSPECIFIED.,.F.,
  .F.,(2,2),(-13.675,-8.275),.PIECEWISE_BEZIER_KNOTS.);
#4901 = CARTESIAN_POINT('',(20.95,1.8));
#4902 = CARTESIAN_POINT('',(15.55,1.8));
#4903 = ( GEOMETRIC_REPRESENTATION_CONTEXT(2) 
PARAMETRIC_REPRESENTATION_CONTEXT() REPRESENTATION_CONTEXT('2D SPACE',''
  ) );
#4904 = ORIENTED_EDGE('',*,*,#4905,.F.);
#4905 = EDGE_CURVE('',#4906,#4879,#4908,.T.);
#4906 = VERTEX_POINT('',#4907);
#4907 = CARTESIAN_POINT('',(6.7,-1.110223024625E-16,12.25));
#4908 = SURFACE_CURVE('',#4909,(#4913,#4920),.PCURVE_S1.);
#4909 = LINE('',#4910,#4911);
#4910 = CARTESIAN_POINT('',(6.7,-2.22044604925E-16,10.));
#4911 = VECTOR('',#4912,1.);
#4912 = DIRECTION('',(0.,0.,1.));
#4913 = PCURVE('',#545,#4914);
#4914 = DEFINITIONAL_REPRESENTATION('',(#4915),#4919);
#4915 = LINE('',#4916,#4917);
#4916 = CARTESIAN_POINT('',(22.25,18.95));
#4917 = VECTOR('',#4918,1.);
#4918 = DIRECTION('',(1.,0.));
#4919 = ( GEOMETRIC_REPRESENTATION_CONTEXT(2) 
PARAMETRIC_REPRESENTATION_CONTEXT() REPRESENTATION_CONTEXT('2D SPACE',''
  ) );
#4920 = PCURVE('',#4921,#4926);
#4921 = CYLINDRICAL_SURFACE('',#4922,1.);
#4922 = AXIS2_PLACEMENT_3D('',#4923,#4924,#4925);
#4923 = CARTESIAN_POINT('',(6.7,1.,10.));
#4924 = DIRECTION('',(0.,0.,1.));
#4925 = DIRECTION('',(1.,0.,-0.));
#4926 = DEFINITIONAL_REPRESENTATION('',(#4927),#4931);
#4927 = LINE('',#4928,#4929);
#4928 = CARTESIAN_POINT('',(-1.570796326795,0.));
#4929 = VECTOR('',#4930,1.);
#4930 = DIRECTION('',(-0.,1.));
#4931 = ( GEOMETRIC_REPRESENTATION_CONTEXT(2) 
PARAMETRIC_REPRESENTATION_CONTEXT() REPRESENTATION_CONTEXT('2D SPACE',''
  ) );
#4932 = ORIENTED_EDGE('',*,*,#4933,.T.);
#4933 = EDGE_CURVE('',#4906,#4934,#4936,.T.);
#4934 = VERTEX_POINT('',#4935);
#4935 = CARTESIAN_POINT('',(9.,0.,12.25));
#4936 = SURFACE_CURVE('',#4937,(#4941,#4948),.PCURVE_S1.);
#4937 = LINE('',#4938,#4939);
#4938 = CARTESIAN_POINT('',(-12.25,0.,12.25));
#4939 = VECTOR('',#4940,1.);
#4940 = DIRECTION('',(1.,0.,0.));
#4941 = PCURVE('',#545,#4942);
#4942 = DEFINITIONAL_REPRESENTATION('',(#4943),#4947);
#4943 = LINE('',#4944,#4945);
#4944 = CARTESIAN_POINT('',(24.5,0.));
#4945 = VECTOR('',#4946,1.);
#4946 = DIRECTION('',(0.,1.));
#4947 = ( GEOMETRIC_REPRESENTATION_CONTEXT(2) 
PARAMETRIC_REPRESENTATION_CONTEXT() REPRESENTATION_CONTEXT('2D SPACE',''
  ) );
#4948 = PCURVE('',#4401,#4949);
#4949 = DEFINITIONAL_REPRESENTATION('',(#4950),#4954);
#4950 = LINE('',#4951,#4952);
#4951 = CARTESIAN_POINT('',(0.,0.));
#4952 = VECTOR('',#4953,1.);
#4953 = DIRECTION('',(1.,0.));
#4954 = ( GEOMETRIC_REPRESENTATION_CONTEXT(2) 
PARAMETRIC_REPRESENTATION_CONTEXT() REPRESENTATION_CONTEXT('2D SPACE',''
  ) );
#4955 = ORIENTED_EDGE('',*,*,#4956,.F.);
#4956 = EDGE_CURVE('',#4957,#4934,#4959,.T.);
#4957 = VERTEX_POINT('',#4958);
#4958 = CARTESIAN_POINT('',(12.25,0.,9.));
#4959 = SURFACE_CURVE('',#4960,(#4965,#4976),.PCURVE_S1.);
#4960 = CIRCLE('',#4961,3.25);
#4961 = AXIS2_PLACEMENT_3D('',#4962,#4963,#4964);
#4962 = CARTESIAN_POINT('',(9.,0.,9.));
#4963 = DIRECTION('',(-0.,-1.,0.));
#4964 = DIRECTION('',(0.,-0.,1.));
#4965 = PCURVE('',#545,#4966);
#4966 = DEFINITIONAL_REPRESENTATION('',(#4967),#4975);
#4967 = ( BOUNDED_CURVE() B_SPLINE_CURVE(2,(#4968,#4969,#4970,#4971,
#4972,#4973,#4974),.UNSPECIFIED.,.T.,.F.) B_SPLINE_CURVE_WITH_KNOTS((1,2
    ,2,2,2,1),(-2.094395102393,0.,2.094395102393,4.188790204786,
6.28318530718,8.377580409573),.UNSPECIFIED.) CURVE() 
GEOMETRIC_REPRESENTATION_ITEM() RATIONAL_B_SPLINE_CURVE((1.,0.5,1.,0.5,
1.,0.5,1.)) REPRESENTATION_ITEM('') );
#4968 = CARTESIAN_POINT('',(24.5,21.25));
#4969 = CARTESIAN_POINT('',(24.5,15.620834875401));
#4970 = CARTESIAN_POINT('',(19.625,18.435417437701));
#4971 = CARTESIAN_POINT('',(14.75,21.25));
#4972 = CARTESIAN_POINT('',(19.625,24.064582562299));
#4973 = CARTESIAN_POINT('',(24.5,26.879165124599));
#4974 = CARTESIAN_POINT('',(24.5,21.25));
#4975 = ( GEOMETRIC_REPRESENTATION_CONTEXT(2) 
PARAMETRIC_REPRESENTATION_CONTEXT() REPRESENTATION_CONTEXT('2D SPACE',''
  ) );
#4976 = PCURVE('',#4374,#4977);
#4977 = DEFINITIONAL_REPRESENTATION('',(#4978),#4982);
#4978 = LINE('',#4979,#4980);
#4979 = CARTESIAN_POINT('',(4.712388980385,-0.));
#4980 = VECTOR('',#4981,1.);
#4981 = DIRECTION('',(-1.,0.));
#4982 = ( GEOMETRIC_REPRESENTATION_CONTEXT(2) 
PARAMETRIC_REPRESENTATION_CONTEXT() REPRESENTATION_CONTEXT('2D SPACE',''
  ) );
#4983 = ORIENTED_EDGE('',*,*,#4984,.F.);
#4984 = EDGE_CURVE('',#4985,#4957,#4987,.T.);
#4985 = VERTEX_POINT('',#4986);
#4986 = CARTESIAN_POINT('',(12.25,0.,-9.));
#4987 = SURFACE_CURVE('',#4988,(#4992,#4999),.PCURVE_S1.);
#4988 = LINE('',#4989,#4990);
#4989 = CARTESIAN_POINT('',(12.25,0.,-12.25));
#4990 = VECTOR('',#4991,1.);
#4991 = DIRECTION('',(0.,0.,1.));
#4992 = PCURVE('',#545,#4993);
#4993 = DEFINITIONAL_REPRESENTATION('',(#4994),#4998);
#4994 = LINE('',#4995,#4996);
#4995 = CARTESIAN_POINT('',(0.,24.5));
#4996 = VECTOR('',#4997,1.);
#4997 = DIRECTION('',(1.,0.));
#4998 = ( GEOMETRIC_REPRESENTATION_CONTEXT(2) 
PARAMETRIC_REPRESENTATION_CONTEXT() REPRESENTATION_CONTEXT('2D SPACE',''
  ) );
#4999 = PCURVE('',#4346,#5000);
#5000 = DEFINITIONAL_REPRESENTATION('',(#5001),#5005);
#5001 = LINE('',#5002,#5003);
#5002 = CARTESIAN_POINT('',(0.,0.));
#5003 = VECTOR('',#5004,1.);
#5004 = DIRECTION('',(1.,0.));
#5005 = ( GEOMETRIC_REPRESENTATION_CONTEXT(2) 
PARAMETRIC_REPRESENTATION_CONTEXT() REPRESENTATION_CONTEXT('2D SPACE',''
  ) );
#5006 = ORIENTED_EDGE('',*,*,#5007,.F.);
#5007 = EDGE_CURVE('',#4686,#4985,#5008,.T.);
#5008 = SURFACE_CURVE('',#5009,(#5014,#5025),.PCURVE_S1.);
#5009 = CIRCLE('',#5010,3.25);
#5010 = AXIS2_PLACEMENT_3D('',#5011,#5012,#5013);
#5011 = CARTESIAN_POINT('',(9.,0.,-9.));
#5012 = DIRECTION('',(0.,-1.,0.));
#5013 = DIRECTION('',(0.,0.,-1.));
#5014 = PCURVE('',#545,#5015);
#5015 = DEFINITIONAL_REPRESENTATION('',(#5016),#5024);
#5016 = ( BOUNDED_CURVE() B_SPLINE_CURVE(2,(#5017,#5018,#5019,#5020,
#5021,#5022,#5023),.UNSPECIFIED.,.T.,.F.) B_SPLINE_CURVE_WITH_KNOTS((1,2
    ,2,2,2,1),(-2.094395102393,0.,2.094395102393,4.188790204786,
6.28318530718,8.377580409573),.UNSPECIFIED.) CURVE() 
GEOMETRIC_REPRESENTATION_ITEM() RATIONAL_B_SPLINE_CURVE((1.,0.5,1.,0.5,
1.,0.5,1.)) REPRESENTATION_ITEM('') );
#5017 = CARTESIAN_POINT('',(0.,21.25));
#5018 = CARTESIAN_POINT('',(0.,26.879165124599));
#5019 = CARTESIAN_POINT('',(4.875,24.064582562299));
#5020 = CARTESIAN_POINT('',(9.75,21.25));
#5021 = CARTESIAN_POINT('',(4.875,18.435417437701));
#5022 = CARTESIAN_POINT('',(4.884981308351E-15,15.620834875401));
#5023 = CARTESIAN_POINT('',(0.,21.25));
#5024 = ( GEOMETRIC_REPRESENTATION_CONTEXT(2) 
PARAMETRIC_REPRESENTATION_CONTEXT() REPRESENTATION_CONTEXT('2D SPACE',''
  ) );
#5025 = PCURVE('',#4319,#5026);
#5026 = DEFINITIONAL_REPRESENTATION('',(#5027),#5031);
#5027 = LINE('',#5028,#5029);
#5028 = CARTESIAN_POINT('',(1.570796326795,0.));
#5029 = VECTOR('',#5030,1.);
#5030 = DIRECTION('',(-1.,-0.));
#5031 = ( GEOMETRIC_REPRESENTATION_CONTEXT(2) 
PARAMETRIC_REPRESENTATION_CONTEXT() REPRESENTATION_CONTEXT('2D SPACE',''
  ) );
#5032 = FACE_BOUND('',#5033,.T.);
#5033 = EDGE_LOOP('',(#5034,#5059,#5082,#5104,#5126,#5150,#5172,#5196,
    #5218,#5242,#5264,#5288));
#5034 = ORIENTED_EDGE('',*,*,#5035,.T.);
#5035 = EDGE_CURVE('',#5036,#5038,#5040,.T.);
#5036 = VERTEX_POINT('',#5037);
#5037 = CARTESIAN_POINT('',(3.7,0.,9.3));
#5038 = VERTEX_POINT('',#5039);
#5039 = CARTESIAN_POINT('',(3.7,0.,11.2));
#5040 = SURFACE_CURVE('',#5041,(#5045,#5052),.PCURVE_S1.);
#5041 = LINE('',#5042,#5043);
#5042 = CARTESIAN_POINT('',(3.7,0.,9.3));
#5043 = VECTOR('',#5044,1.);
#5044 = DIRECTION('',(-2.33731163079E-16,0.,1.));
#5045 = PCURVE('',#545,#5046);
#5046 = DEFINITIONAL_REPRESENTATION('',(#5047),#5051);
#5047 = LINE('',#5048,#5049);
#5048 = CARTESIAN_POINT('',(21.55,15.95));
#5049 = VECTOR('',#5050,1.);
#5050 = DIRECTION('',(1.,-2.33731163079E-16));
#5051 = ( GEOMETRIC_REPRESENTATION_CONTEXT(2) 
PARAMETRIC_REPRESENTATION_CONTEXT() REPRESENTATION_CONTEXT('2D SPACE',''
  ) );
#5052 = PCURVE('',#3024,#5053);
#5053 = DEFINITIONAL_REPRESENTATION('',(#5054),#5058);
#5054 = LINE('',#5055,#5056);
#5055 = CARTESIAN_POINT('',(1.7,-2.8));
#5056 = VECTOR('',#5057,1.);
#5057 = DIRECTION('',(1.,0.));
#5058 = ( GEOMETRIC_REPRESENTATION_CONTEXT(2) 
PARAMETRIC_REPRESENTATION_CONTEXT() REPRESENTATION_CONTEXT('2D SPACE',''
  ) );
#5059 = ORIENTED_EDGE('',*,*,#5060,.T.);
#5060 = EDGE_CURVE('',#5038,#5061,#5063,.T.);
#5061 = VERTEX_POINT('',#5062);
#5062 = CARTESIAN_POINT('',(-3.7,0.,11.2));
#5063 = SURFACE_CURVE('',#5064,(#5068,#5075),.PCURVE_S1.);
#5064 = LINE('',#5065,#5066);
#5065 = CARTESIAN_POINT('',(3.7,0.,11.2));
#5066 = VECTOR('',#5067,1.);
#5067 = DIRECTION('',(-1.,0.,0.));
#5068 = PCURVE('',#545,#5069);
#5069 = DEFINITIONAL_REPRESENTATION('',(#5070),#5074);
#5070 = LINE('',#5071,#5072);
#5071 = CARTESIAN_POINT('',(23.45,15.95));
#5072 = VECTOR('',#5073,1.);
#5073 = DIRECTION('',(0.,-1.));
#5074 = ( GEOMETRIC_REPRESENTATION_CONTEXT(2) 
PARAMETRIC_REPRESENTATION_CONTEXT() REPRESENTATION_CONTEXT('2D SPACE',''
  ) );
#5075 = PCURVE('',#3050,#5076);
#5076 = DEFINITIONAL_REPRESENTATION('',(#5077),#5081);
#5077 = LINE('',#5078,#5079);
#5078 = CARTESIAN_POINT('',(7.4,2.8));
#5079 = VECTOR('',#5080,1.);
#5080 = DIRECTION('',(-1.,0.));
#5081 = ( GEOMETRIC_REPRESENTATION_CONTEXT(2) 
PARAMETRIC_REPRESENTATION_CONTEXT() REPRESENTATION_CONTEXT('2D SPACE',''
  ) );
#5082 = ORIENTED_EDGE('',*,*,#5083,.T.);
#5083 = EDGE_CURVE('',#5061,#5084,#5086,.T.);
#5084 = VERTEX_POINT('',#5085);
#5085 = CARTESIAN_POINT('',(-3.7,0.,9.3));
#5086 = SURFACE_CURVE('',#5087,(#5091,#5098),.PCURVE_S1.);
#5087 = LINE('',#5088,#5089);
#5088 = CARTESIAN_POINT('',(-3.7,0.,-2.325));
#5089 = VECTOR('',#5090,1.);
#5090 = DIRECTION('',(0.,0.,-1.));
#5091 = PCURVE('',#545,#5092);
#5092 = DEFINITIONAL_REPRESENTATION('',(#5093),#5097);
#5093 = LINE('',#5094,#5095);
#5094 = CARTESIAN_POINT('',(9.925,8.55));
#5095 = VECTOR('',#5096,1.);
#5096 = DIRECTION('',(-1.,0.));
#5097 = ( GEOMETRIC_REPRESENTATION_CONTEXT(2) 
PARAMETRIC_REPRESENTATION_CONTEXT() REPRESENTATION_CONTEXT('2D SPACE',''
  ) );
#5098 = PCURVE('',#3501,#5099);
#5099 = DEFINITIONAL_REPRESENTATION('',(#5100),#5103);
#5100 = B_SPLINE_CURVE_WITH_KNOTS('',1,(#5101,#5102),.UNSPECIFIED.,.F.,
  .F.,(2,2),(-13.525,-11.625),.PIECEWISE_BEZIER_KNOTS.);
#5101 = CARTESIAN_POINT('',(3.6,-2.8));
#5102 = CARTESIAN_POINT('',(1.7,-2.8));
#5103 = ( GEOMETRIC_REPRESENTATION_CONTEXT(2) 
PARAMETRIC_REPRESENTATION_CONTEXT() REPRESENTATION_CONTEXT('2D SPACE',''
  ) );
#5104 = ORIENTED_EDGE('',*,*,#5105,.F.);
#5105 = EDGE_CURVE('',#5106,#5084,#5108,.T.);
#5106 = VERTEX_POINT('',#5107);
#5107 = CARTESIAN_POINT('',(-6.1,0.,9.3));
#5108 = SURFACE_CURVE('',#5109,(#5113,#5120),.PCURVE_S1.);
#5109 = LINE('',#5110,#5111);
#5110 = CARTESIAN_POINT('',(-10.775,0.,9.3));
#5111 = VECTOR('',#5112,1.);
#5112 = DIRECTION('',(1.,0.,0.));
#5113 = PCURVE('',#545,#5114);
#5114 = DEFINITIONAL_REPRESENTATION('',(#5115),#5119);
#5115 = LINE('',#5116,#5117);
#5116 = CARTESIAN_POINT('',(21.55,1.475));
#5117 = VECTOR('',#5118,1.);
#5118 = DIRECTION('',(0.,1.));
#5119 = ( GEOMETRIC_REPRESENTATION_CONTEXT(2) 
PARAMETRIC_REPRESENTATION_CONTEXT() REPRESENTATION_CONTEXT('2D SPACE',''
  ) );
#5120 = PCURVE('',#3525,#5121);
#5121 = DEFINITIONAL_REPRESENTATION('',(#5122),#5125);
#5122 = B_SPLINE_CURVE_WITH_KNOTS('',1,(#5123,#5124),.UNSPECIFIED.,.F.,
  .F.,(2,2),(4.675,7.075),.PIECEWISE_BEZIER_KNOTS.);
#5123 = CARTESIAN_POINT('',(3.2,2.8));
#5124 = CARTESIAN_POINT('',(5.6,2.8));
#5125 = ( GEOMETRIC_REPRESENTATION_CONTEXT(2) 
PARAMETRIC_REPRESENTATION_CONTEXT() REPRESENTATION_CONTEXT('2D SPACE',''
  ) );
#5126 = ORIENTED_EDGE('',*,*,#5127,.F.);
#5127 = EDGE_CURVE('',#5128,#5106,#5130,.T.);
#5128 = VERTEX_POINT('',#5129);
#5129 = CARTESIAN_POINT('',(-9.3,0.,6.1));
#5130 = SURFACE_CURVE('',#5131,(#5136,#5143),.PCURVE_S1.);
#5131 = CIRCLE('',#5132,3.2);
#5132 = AXIS2_PLACEMENT_3D('',#5133,#5134,#5135);
#5133 = CARTESIAN_POINT('',(-6.1,0.,6.1));
#5134 = DIRECTION('',(0.,1.,0.));
#5135 = DIRECTION('',(-1.,0.,0.));
#5136 = PCURVE('',#545,#5137);
#5137 = DEFINITIONAL_REPRESENTATION('',(#5138),#5142);
#5138 = CIRCLE('',#5139,3.2);
#5139 = AXIS2_PLACEMENT_2D('',#5140,#5141);
#5140 = CARTESIAN_POINT('',(18.35,6.15));
#5141 = DIRECTION('',(0.,-1.));
#5142 = ( GEOMETRIC_REPRESENTATION_CONTEXT(2) 
PARAMETRIC_REPRESENTATION_CONTEXT() REPRESENTATION_CONTEXT('2D SPACE',''
  ) );
#5143 = PCURVE('',#2806,#5144);
#5144 = DEFINITIONAL_REPRESENTATION('',(#5145),#5149);
#5145 = LINE('',#5146,#5147);
#5146 = CARTESIAN_POINT('',(0.,2.8));
#5147 = VECTOR('',#5148,1.);
#5148 = DIRECTION('',(1.,0.));
#5149 = ( GEOMETRIC_REPRESENTATION_CONTEXT(2) 
PARAMETRIC_REPRESENTATION_CONTEXT() REPRESENTATION_CONTEXT('2D SPACE',''
  ) );
#5150 = ORIENTED_EDGE('',*,*,#5151,.T.);
#5151 = EDGE_CURVE('',#5128,#5152,#5154,.T.);
#5152 = VERTEX_POINT('',#5153);
#5153 = CARTESIAN_POINT('',(-9.3,0.,-6.1));
#5154 = SURFACE_CURVE('',#5155,(#5159,#5166),.PCURVE_S1.);
#5155 = LINE('',#5156,#5157);
#5156 = CARTESIAN_POINT('',(-9.3,0.,-10.775));
#5157 = VECTOR('',#5158,1.);
#5158 = DIRECTION('',(0.,0.,-1.));
#5159 = PCURVE('',#545,#5160);
#5160 = DEFINITIONAL_REPRESENTATION('',(#5161),#5165);
#5161 = LINE('',#5162,#5163);
#5162 = CARTESIAN_POINT('',(1.475,2.95));
#5163 = VECTOR('',#5164,1.);
#5164 = DIRECTION('',(-1.,0.));
#5165 = ( GEOMETRIC_REPRESENTATION_CONTEXT(2) 
PARAMETRIC_REPRESENTATION_CONTEXT() REPRESENTATION_CONTEXT('2D SPACE',''
  ) );
#5166 = PCURVE('',#2833,#5167);
#5167 = DEFINITIONAL_REPRESENTATION('',(#5168),#5171);
#5168 = B_SPLINE_CURVE_WITH_KNOTS('',1,(#5169,#5170),.UNSPECIFIED.,.F.,
  .F.,(2,2),(-16.875,-4.675),.PIECEWISE_BEZIER_KNOTS.);
#5169 = CARTESIAN_POINT('',(15.4,-2.8));
#5170 = CARTESIAN_POINT('',(3.2,-2.8));
#5171 = ( GEOMETRIC_REPRESENTATION_CONTEXT(2) 
PARAMETRIC_REPRESENTATION_CONTEXT() REPRESENTATION_CONTEXT('2D SPACE',''
  ) );
#5172 = ORIENTED_EDGE('',*,*,#5173,.F.);
#5173 = EDGE_CURVE('',#5174,#5152,#5176,.T.);
#5174 = VERTEX_POINT('',#5175);
#5175 = CARTESIAN_POINT('',(-6.1,0.,-9.3));
#5176 = SURFACE_CURVE('',#5177,(#5182,#5189),.PCURVE_S1.);
#5177 = CIRCLE('',#5178,3.2);
#5178 = AXIS2_PLACEMENT_3D('',#5179,#5180,#5181);
#5179 = CARTESIAN_POINT('',(-6.1,0.,-6.1));
#5180 = DIRECTION('',(0.,1.,0.));
#5181 = DIRECTION('',(-1.,0.,0.));
#5182 = PCURVE('',#545,#5183);
#5183 = DEFINITIONAL_REPRESENTATION('',(#5184),#5188);
#5184 = CIRCLE('',#5185,3.2);
#5185 = AXIS2_PLACEMENT_2D('',#5186,#5187);
#5186 = CARTESIAN_POINT('',(6.15,6.15));
#5187 = DIRECTION('',(0.,-1.));
#5188 = ( GEOMETRIC_REPRESENTATION_CONTEXT(2) 
PARAMETRIC_REPRESENTATION_CONTEXT() REPRESENTATION_CONTEXT('2D SPACE',''
  ) );
#5189 = PCURVE('',#2861,#5190);
#5190 = DEFINITIONAL_REPRESENTATION('',(#5191),#5195);
#5191 = LINE('',#5192,#5193);
#5192 = CARTESIAN_POINT('',(-6.28318530718,2.8));
#5193 = VECTOR('',#5194,1.);
#5194 = DIRECTION('',(1.,-0.));
#5195 = ( GEOMETRIC_REPRESENTATION_CONTEXT(2) 
PARAMETRIC_REPRESENTATION_CONTEXT() REPRESENTATION_CONTEXT('2D SPACE',''
  ) );
#5196 = ORIENTED_EDGE('',*,*,#5197,.T.);
#5197 = EDGE_CURVE('',#5174,#5198,#5200,.T.);
#5198 = VERTEX_POINT('',#5199);
#5199 = CARTESIAN_POINT('',(6.1,0.,-9.3));
#5200 = SURFACE_CURVE('',#5201,(#5205,#5212),.PCURVE_S1.);
#5201 = LINE('',#5202,#5203);
#5202 = CARTESIAN_POINT('',(-10.775,0.,-9.3));
#5203 = VECTOR('',#5204,1.);
#5204 = DIRECTION('',(1.,0.,0.));
#5205 = PCURVE('',#545,#5206);
#5206 = DEFINITIONAL_REPRESENTATION('',(#5207),#5211);
#5207 = LINE('',#5208,#5209);
#5208 = CARTESIAN_POINT('',(2.95,1.475));
#5209 = VECTOR('',#5210,1.);
#5210 = DIRECTION('',(0.,1.));
#5211 = ( GEOMETRIC_REPRESENTATION_CONTEXT(2) 
PARAMETRIC_REPRESENTATION_CONTEXT() REPRESENTATION_CONTEXT('2D SPACE',''
  ) );
#5212 = PCURVE('',#2888,#5213);
#5213 = DEFINITIONAL_REPRESENTATION('',(#5214),#5217);
#5214 = B_SPLINE_CURVE_WITH_KNOTS('',1,(#5215,#5216),.UNSPECIFIED.,.F.,
  .F.,(2,2),(4.675,16.875),.PIECEWISE_BEZIER_KNOTS.);
#5215 = CARTESIAN_POINT('',(3.2,2.8));
#5216 = CARTESIAN_POINT('',(15.4,2.8));
#5217 = ( GEOMETRIC_REPRESENTATION_CONTEXT(2) 
PARAMETRIC_REPRESENTATION_CONTEXT() REPRESENTATION_CONTEXT('2D SPACE',''
  ) );
#5218 = ORIENTED_EDGE('',*,*,#5219,.F.);
#5219 = EDGE_CURVE('',#5220,#5198,#5222,.T.);
#5220 = VERTEX_POINT('',#5221);
#5221 = CARTESIAN_POINT('',(9.3,0.,-6.1));
#5222 = SURFACE_CURVE('',#5223,(#5228,#5235),.PCURVE_S1.);
#5223 = CIRCLE('',#5224,3.2);
#5224 = AXIS2_PLACEMENT_3D('',#5225,#5226,#5227);
#5225 = CARTESIAN_POINT('',(6.1,0.,-6.1));
#5226 = DIRECTION('',(0.,1.,0.));
#5227 = DIRECTION('',(1.,0.,-0.));
#5228 = PCURVE('',#545,#5229);
#5229 = DEFINITIONAL_REPRESENTATION('',(#5230),#5234);
#5230 = CIRCLE('',#5231,3.2);
#5231 = AXIS2_PLACEMENT_2D('',#5232,#5233);
#5232 = CARTESIAN_POINT('',(6.15,18.35));
#5233 = DIRECTION('',(0.,1.));
#5234 = ( GEOMETRIC_REPRESENTATION_CONTEXT(2) 
PARAMETRIC_REPRESENTATION_CONTEXT() REPRESENTATION_CONTEXT('2D SPACE',''
  ) );
#5235 = PCURVE('',#2916,#5236);
#5236 = DEFINITIONAL_REPRESENTATION('',(#5237),#5241);
#5237 = LINE('',#5238,#5239);
#5238 = CARTESIAN_POINT('',(0.,2.8));
#5239 = VECTOR('',#5240,1.);
#5240 = DIRECTION('',(1.,0.));
#5241 = ( GEOMETRIC_REPRESENTATION_CONTEXT(2) 
PARAMETRIC_REPRESENTATION_CONTEXT() REPRESENTATION_CONTEXT('2D SPACE',''
  ) );
#5242 = ORIENTED_EDGE('',*,*,#5243,.F.);
#5243 = EDGE_CURVE('',#5244,#5220,#5246,.T.);
#5244 = VERTEX_POINT('',#5245);
#5245 = CARTESIAN_POINT('',(9.3,0.,6.1));
#5246 = SURFACE_CURVE('',#5247,(#5251,#5258),.PCURVE_S1.);
#5247 = LINE('',#5248,#5249);
#5248 = CARTESIAN_POINT('',(9.3,0.,-10.775));
#5249 = VECTOR('',#5250,1.);
#5250 = DIRECTION('',(0.,0.,-1.));
#5251 = PCURVE('',#545,#5252);
#5252 = DEFINITIONAL_REPRESENTATION('',(#5253),#5257);
#5253 = LINE('',#5254,#5255);
#5254 = CARTESIAN_POINT('',(1.475,21.55));
#5255 = VECTOR('',#5256,1.);
#5256 = DIRECTION('',(-1.,0.));
#5257 = ( GEOMETRIC_REPRESENTATION_CONTEXT(2) 
PARAMETRIC_REPRESENTATION_CONTEXT() REPRESENTATION_CONTEXT('2D SPACE',''
  ) );
#5258 = PCURVE('',#2943,#5259);
#5259 = DEFINITIONAL_REPRESENTATION('',(#5260),#5263);
#5260 = B_SPLINE_CURVE_WITH_KNOTS('',1,(#5261,#5262),.UNSPECIFIED.,.F.,
  .F.,(2,2),(-16.875,-4.675),.PIECEWISE_BEZIER_KNOTS.);
#5261 = CARTESIAN_POINT('',(15.4,-2.8));
#5262 = CARTESIAN_POINT('',(3.2,-2.8));
#5263 = ( GEOMETRIC_REPRESENTATION_CONTEXT(2) 
PARAMETRIC_REPRESENTATION_CONTEXT() REPRESENTATION_CONTEXT('2D SPACE',''
  ) );
#5264 = ORIENTED_EDGE('',*,*,#5265,.F.);
#5265 = EDGE_CURVE('',#5266,#5244,#5268,.T.);
#5266 = VERTEX_POINT('',#5267);
#5267 = CARTESIAN_POINT('',(6.1,0.,9.3));
#5268 = SURFACE_CURVE('',#5269,(#5274,#5281),.PCURVE_S1.);
#5269 = CIRCLE('',#5270,3.2);
#5270 = AXIS2_PLACEMENT_3D('',#5271,#5272,#5273);
#5271 = CARTESIAN_POINT('',(6.1,0.,6.1));
#5272 = DIRECTION('',(0.,1.,0.));
#5273 = DIRECTION('',(1.,0.,-0.));
#5274 = PCURVE('',#545,#5275);
#5275 = DEFINITIONAL_REPRESENTATION('',(#5276),#5280);
#5276 = CIRCLE('',#5277,3.2);
#5277 = AXIS2_PLACEMENT_2D('',#5278,#5279);
#5278 = CARTESIAN_POINT('',(18.35,18.35));
#5279 = DIRECTION('',(0.,1.));
#5280 = ( GEOMETRIC_REPRESENTATION_CONTEXT(2) 
PARAMETRIC_REPRESENTATION_CONTEXT() REPRESENTATION_CONTEXT('2D SPACE',''
  ) );
#5281 = PCURVE('',#2971,#5282);
#5282 = DEFINITIONAL_REPRESENTATION('',(#5283),#5287);
#5283 = LINE('',#5284,#5285);
#5284 = CARTESIAN_POINT('',(-6.28318530718,2.8));
#5285 = VECTOR('',#5286,1.);
#5286 = DIRECTION('',(1.,-0.));
#5287 = ( GEOMETRIC_REPRESENTATION_CONTEXT(2) 
PARAMETRIC_REPRESENTATION_CONTEXT() REPRESENTATION_CONTEXT('2D SPACE',''
  ) );
#5288 = ORIENTED_EDGE('',*,*,#5289,.F.);
#5289 = EDGE_CURVE('',#5036,#5266,#5290,.T.);
#5290 = SURFACE_CURVE('',#5291,(#5295,#5302),.PCURVE_S1.);
#5291 = LINE('',#5292,#5293);
#5292 = CARTESIAN_POINT('',(-10.775,0.,9.3));
#5293 = VECTOR('',#5294,1.);
#5294 = DIRECTION('',(1.,0.,0.));
#5295 = PCURVE('',#545,#5296);
#5296 = DEFINITIONAL_REPRESENTATION('',(#5297),#5301);
#5297 = LINE('',#5298,#5299);
#5298 = CARTESIAN_POINT('',(21.55,1.475));
#5299 = VECTOR('',#5300,1.);
#5300 = DIRECTION('',(0.,1.));
#5301 = ( GEOMETRIC_REPRESENTATION_CONTEXT(2) 
PARAMETRIC_REPRESENTATION_CONTEXT() REPRESENTATION_CONTEXT('2D SPACE',''
  ) );
#5302 = PCURVE('',#2998,#5303);
#5303 = DEFINITIONAL_REPRESENTATION('',(#5304),#5307);
#5304 = B_SPLINE_CURVE_WITH_KNOTS('',1,(#5305,#5306),.UNSPECIFIED.,.F.,
  .F.,(2,2),(14.475,16.875),.PIECEWISE_BEZIER_KNOTS.);
#5305 = CARTESIAN_POINT('',(13.,2.8));
#5306 = CARTESIAN_POINT('',(15.4,2.8));
#5307 = ( GEOMETRIC_REPRESENTATION_CONTEXT(2) 
PARAMETRIC_REPRESENTATION_CONTEXT() REPRESENTATION_CONTEXT('2D SPACE',''
  ) );
#5308 = ADVANCED_FACE('',(#5309),#518,.F.);
#5309 = FACE_BOUND('',#5310,.F.);
#5310 = EDGE_LOOP('',(#5311,#5312,#5313,#5314));
#5311 = ORIENTED_EDGE('',*,*,#1501,.T.);
#5312 = ORIENTED_EDGE('',*,*,#502,.T.);
#5313 = ORIENTED_EDGE('',*,*,#4736,.F.);
#5314 = ORIENTED_EDGE('',*,*,#5315,.F.);
#5315 = EDGE_CURVE('',#1502,#4737,#5316,.T.);
#5316 = SURFACE_CURVE('',#5317,(#5321,#5328),.PCURVE_S1.);
#5317 = LINE('',#5318,#5319);
#5318 = CARTESIAN_POINT('',(-10.4,-3.8,7.5));
#5319 = VECTOR('',#5320,1.);
#5320 = DIRECTION('',(0.,1.,0.));
#5321 = PCURVE('',#518,#5322);
#5322 = DEFINITIONAL_REPRESENTATION('',(#5323),#5327);
#5323 = LINE('',#5324,#5325);
#5324 = CARTESIAN_POINT('',(15.,0.));
#5325 = VECTOR('',#5326,1.);
#5326 = DIRECTION('',(0.,-1.));
#5327 = ( GEOMETRIC_REPRESENTATION_CONTEXT(2) 
PARAMETRIC_REPRESENTATION_CONTEXT() REPRESENTATION_CONTEXT('2D SPACE',''
  ) );
#5328 = PCURVE('',#1537,#5329);
#5329 = DEFINITIONAL_REPRESENTATION('',(#5330),#5334);
#5330 = LINE('',#5331,#5332);
#5331 = CARTESIAN_POINT('',(5.85,0.));
#5332 = VECTOR('',#5333,1.);
#5333 = DIRECTION('',(0.,1.));
#5334 = ( GEOMETRIC_REPRESENTATION_CONTEXT(2) 
PARAMETRIC_REPRESENTATION_CONTEXT() REPRESENTATION_CONTEXT('2D SPACE',''
  ) );
#5335 = ADVANCED_FACE('',(#5336),#774,.F.);
#5336 = FACE_BOUND('',#5337,.T.);
#5337 = EDGE_LOOP('',(#5338,#5339,#5340,#5359));
#5338 = ORIENTED_EDGE('',*,*,#761,.F.);
#5339 = ORIENTED_EDGE('',*,*,#3651,.T.);
#5340 = ORIENTED_EDGE('',*,*,#5341,.T.);
#5341 = EDGE_CURVE('',#3652,#1034,#5342,.T.);
#5342 = SURFACE_CURVE('',#5343,(#5347,#5353),.PCURVE_S1.);
#5343 = LINE('',#5344,#5345);
#5344 = CARTESIAN_POINT('',(9.,8.35,-14.1));
#5345 = VECTOR('',#5346,1.);
#5346 = DIRECTION('',(0.,-0.707106781187,-0.707106781187));
#5347 = PCURVE('',#774,#5348);
#5348 = DEFINITIONAL_REPRESENTATION('',(#5349),#5352);
#5349 = B_SPLINE_CURVE_WITH_KNOTS('',1,(#5350,#5351),.UNSPECIFIED.,.F.,
  .F.,(2,2),(-0.212132034356,0.212132034356),.PIECEWISE_BEZIER_KNOTS.);
#5350 = CARTESIAN_POINT('',(-18.,-0.212132034356));
#5351 = CARTESIAN_POINT('',(-18.,0.212132034356));
#5352 = ( GEOMETRIC_REPRESENTATION_CONTEXT(2) 
PARAMETRIC_REPRESENTATION_CONTEXT() REPRESENTATION_CONTEXT('2D SPACE',''
  ) );
#5353 = PCURVE('',#4108,#5354);
#5354 = DEFINITIONAL_REPRESENTATION('',(#5355),#5358);
#5355 = B_SPLINE_CURVE_WITH_KNOTS('',1,(#5356,#5357),.UNSPECIFIED.,.F.,
  .F.,(2,2),(-0.212132034356,0.212132034356),.PIECEWISE_BEZIER_KNOTS.);
#5356 = CARTESIAN_POINT('',(0.,-0.3));
#5357 = CARTESIAN_POINT('',(0.,1.295326278414E-15));
#5358 = ( GEOMETRIC_REPRESENTATION_CONTEXT(2) 
PARAMETRIC_REPRESENTATION_CONTEXT() REPRESENTATION_CONTEXT('2D SPACE',''
  ) );
#5359 = ORIENTED_EDGE('',*,*,#1061,.F.);
#5360 = ADVANCED_FACE('',(#5361),#1049,.T.);
#5361 = FACE_BOUND('',#5362,.T.);
#5362 = EDGE_LOOP('',(#5363,#5387,#5415,#5439,#5474,#5500,#5561,#5583));
#5363 = ORIENTED_EDGE('',*,*,#5364,.T.);
#5364 = EDGE_CURVE('',#1034,#5365,#5367,.T.);
#5365 = VERTEX_POINT('',#5366);
#5366 = CARTESIAN_POINT('',(14.25,8.2,-9.));
#5367 = SURFACE_CURVE('',#5368,(#5373,#5380),.PCURVE_S1.);
#5368 = CIRCLE('',#5369,5.25);
#5369 = AXIS2_PLACEMENT_3D('',#5370,#5371,#5372);
#5370 = CARTESIAN_POINT('',(9.,8.2,-9.));
#5371 = DIRECTION('',(0.,-1.,-0.));
#5372 = DIRECTION('',(0.,0.,-1.));
#5373 = PCURVE('',#1049,#5374);
#5374 = DEFINITIONAL_REPRESENTATION('',(#5375),#5379);
#5375 = LINE('',#5376,#5377);
#5376 = CARTESIAN_POINT('',(1.570796326795,10.));
#5377 = VECTOR('',#5378,1.);
#5378 = DIRECTION('',(-1.,-0.));
#5379 = ( GEOMETRIC_REPRESENTATION_CONTEXT(2) 
PARAMETRIC_REPRESENTATION_CONTEXT() REPRESENTATION_CONTEXT('2D SPACE',''
  ) );
#5380 = PCURVE('',#4108,#5381);
#5381 = DEFINITIONAL_REPRESENTATION('',(#5382),#5386);
#5382 = LINE('',#5383,#5384);
#5383 = CARTESIAN_POINT('',(0.,0.));
#5384 = VECTOR('',#5385,1.);
#5385 = DIRECTION('',(1.,0.));
#5386 = ( GEOMETRIC_REPRESENTATION_CONTEXT(2) 
PARAMETRIC_REPRESENTATION_CONTEXT() REPRESENTATION_CONTEXT('2D SPACE',''
  ) );
#5387 = ORIENTED_EDGE('',*,*,#5388,.F.);
#5388 = EDGE_CURVE('',#5389,#5365,#5391,.T.);
#5389 = VERTEX_POINT('',#5390);
#5390 = CARTESIAN_POINT('',(14.25,-0.8,-9.));
#5391 = SURFACE_CURVE('',#5392,(#5396,#5403),.PCURVE_S1.);
#5392 = LINE('',#5393,#5394);
#5393 = CARTESIAN_POINT('',(14.25,-1.8,-9.));
#5394 = VECTOR('',#5395,1.);
#5395 = DIRECTION('',(0.,1.,0.));
#5396 = PCURVE('',#1049,#5397);
#5397 = DEFINITIONAL_REPRESENTATION('',(#5398),#5402);
#5398 = LINE('',#5399,#5400);
#5399 = CARTESIAN_POINT('',(0.,0.));
#5400 = VECTOR('',#5401,1.);
#5401 = DIRECTION('',(0.,1.));
#5402 = ( GEOMETRIC_REPRESENTATION_CONTEXT(2) 
PARAMETRIC_REPRESENTATION_CONTEXT() REPRESENTATION_CONTEXT('2D SPACE',''
  ) );
#5403 = PCURVE('',#5404,#5409);
#5404 = PLANE('',#5405);
#5405 = AXIS2_PLACEMENT_3D('',#5406,#5407,#5408);
#5406 = CARTESIAN_POINT('',(14.25,-1.8,-14.25));
#5407 = DIRECTION('',(1.,0.,0.));
#5408 = DIRECTION('',(0.,0.,1.));
#5409 = DEFINITIONAL_REPRESENTATION('',(#5410),#5414);
#5410 = LINE('',#5411,#5412);
#5411 = CARTESIAN_POINT('',(5.25,0.));
#5412 = VECTOR('',#5413,1.);
#5413 = DIRECTION('',(0.,-1.));
#5414 = ( GEOMETRIC_REPRESENTATION_CONTEXT(2) 
PARAMETRIC_REPRESENTATION_CONTEXT() REPRESENTATION_CONTEXT('2D SPACE',''
  ) );
#5415 = ORIENTED_EDGE('',*,*,#5416,.F.);
#5416 = EDGE_CURVE('',#5417,#5389,#5419,.T.);
#5417 = VERTEX_POINT('',#5418);
#5418 = CARTESIAN_POINT('',(12.164213562373,-0.8,-13.1893021533));
#5419 = SURFACE_CURVE('',#5420,(#5425,#5432),.PCURVE_S1.);
#5420 = CIRCLE('',#5421,5.25);
#5421 = AXIS2_PLACEMENT_3D('',#5422,#5423,#5424);
#5422 = CARTESIAN_POINT('',(9.,-0.8,-9.));
#5423 = DIRECTION('',(0.,-1.,-0.));
#5424 = DIRECTION('',(0.,0.,-1.));
#5425 = PCURVE('',#1049,#5426);
#5426 = DEFINITIONAL_REPRESENTATION('',(#5427),#5431);
#5427 = LINE('',#5428,#5429);
#5428 = CARTESIAN_POINT('',(1.570796326795,1.));
#5429 = VECTOR('',#5430,1.);
#5430 = DIRECTION('',(-1.,-0.));
#5431 = ( GEOMETRIC_REPRESENTATION_CONTEXT(2) 
PARAMETRIC_REPRESENTATION_CONTEXT() REPRESENTATION_CONTEXT('2D SPACE',''
  ) );
#5432 = PCURVE('',#1719,#5433);
#5433 = DEFINITIONAL_REPRESENTATION('',(#5434),#5438);
#5434 = LINE('',#5435,#5436);
#5435 = CARTESIAN_POINT('',(-0.,6.28318530718));
#5436 = VECTOR('',#5437,1.);
#5437 = DIRECTION('',(-1.,0.));
#5438 = ( GEOMETRIC_REPRESENTATION_CONTEXT(2) 
PARAMETRIC_REPRESENTATION_CONTEXT() REPRESENTATION_CONTEXT('2D SPACE',''
  ) );
#5439 = ORIENTED_EDGE('',*,*,#5440,.F.);
#5440 = EDGE_CURVE('',#5441,#5417,#5443,.T.);
#5441 = VERTEX_POINT('',#5442);
#5442 = CARTESIAN_POINT('',(12.25,-0.3,-13.12310562561));
#5443 = SURFACE_CURVE('',#5444,(#5452,#5463),.PCURVE_S1.);
#5444 = B_SPLINE_CURVE_WITH_KNOTS('',6,(#5445,#5446,#5447,#5448,#5449,
    #5450,#5451),.UNSPECIFIED.,.F.,.F.,(7,7),(0.,1.),
  .PIECEWISE_BEZIER_KNOTS.);
#5445 = CARTESIAN_POINT('',(12.25,-0.3,-13.12310562561));
#5446 = CARTESIAN_POINT('',(12.25,-0.385146243262,-13.12310562561));
#5447 = CARTESIAN_POINT('',(12.244200118011,-0.470228254451,
    -13.12767732268));
#5448 = CARTESIAN_POINT('',(12.2326166023,-0.554754299435,
    -13.13680795213));
#5449 = CARTESIAN_POINT('',(12.215321447547,-0.638229382022,
    -13.15034141946));
#5450 = CARTESIAN_POINT('',(12.192445072036,-0.720149340095,
    -13.16797866956));
#5451 = CARTESIAN_POINT('',(12.164213350241,-0.8000006,-13.18930231353)
  );
#5452 = PCURVE('',#1049,#5453);
#5453 = DEFINITIONAL_REPRESENTATION('',(#5454),#5462);
#5454 = B_SPLINE_CURVE_WITH_KNOTS('',6,(#5455,#5456,#5457,#5458,#5459,
    #5460,#5461),.UNSPECIFIED.,.F.,.F.,(7,7),(0.,1.),
  .PIECEWISE_BEZIER_KNOTS.);
#5455 = CARTESIAN_POINT('',(0.903266882159,1.5));
#5456 = CARTESIAN_POINT('',(0.903266882159,1.414853756738));
#5457 = CARTESIAN_POINT('',(0.904673557478,1.329771745549));
#5458 = CARTESIAN_POINT('',(0.907482985227,1.245245700565));
#5459 = CARTESIAN_POINT('',(0.911665948168,1.161770617978));
#5460 = CARTESIAN_POINT('',(0.917167771708,1.079850659905));
#5461 = CARTESIAN_POINT('',(0.923906774932,0.9999994));
#5462 = ( GEOMETRIC_REPRESENTATION_CONTEXT(2) 
PARAMETRIC_REPRESENTATION_CONTEXT() REPRESENTATION_CONTEXT('2D SPACE',''
  ) );
#5463 = PCURVE('',#1747,#5464);
#5464 = DEFINITIONAL_REPRESENTATION('',(#5465),#5473);
#5465 = B_SPLINE_CURVE_WITH_KNOTS('',6,(#5466,#5467,#5468,#5469,#5470,
    #5471,#5472),.UNSPECIFIED.,.F.,.F.,(7,7),(0.,1.),
  .PIECEWISE_BEZIER_KNOTS.);
#5466 = CARTESIAN_POINT('',(0.,6.626894374382));
#5467 = CARTESIAN_POINT('',(-5.676416217438E-02,6.626894374382));
#5468 = CARTESIAN_POINT('',(-0.113485473792,6.62232267732));
#5469 = CARTESIAN_POINT('',(-0.170165536723,6.613192047863));
#5470 = CARTESIAN_POINT('',(-0.226800428485,6.599658580539));
#5471 = CARTESIAN_POINT('',(-0.283373957884,6.582021330436));
#5472 = CARTESIAN_POINT('',(-0.339837333718,6.560697686469));
#5473 = ( GEOMETRIC_REPRESENTATION_CONTEXT(2) 
PARAMETRIC_REPRESENTATION_CONTEXT() REPRESENTATION_CONTEXT('2D SPACE',''
  ) );
#5474 = ORIENTED_EDGE('',*,*,#5475,.T.);
#5475 = EDGE_CURVE('',#5441,#5476,#5478,.T.);
#5476 = VERTEX_POINT('',#5477);
#5477 = CARTESIAN_POINT('',(12.25,5.2,-13.12310562561));
#5478 = SURFACE_CURVE('',#5479,(#5483,#5489),.PCURVE_S1.);
#5479 = LINE('',#5480,#5481);
#5480 = CARTESIAN_POINT('',(12.25,-1.8,-13.12310562561));
#5481 = VECTOR('',#5482,1.);
#5482 = DIRECTION('',(0.,1.,0.));
#5483 = PCURVE('',#1049,#5484);
#5484 = DEFINITIONAL_REPRESENTATION('',(#5485),#5488);
#5485 = B_SPLINE_CURVE_WITH_KNOTS('',1,(#5486,#5487),.UNSPECIFIED.,.F.,
  .F.,(2,2),(0.9999994,7.55),.PIECEWISE_BEZIER_KNOTS.);
#5486 = CARTESIAN_POINT('',(0.903266882159,0.9999994));
#5487 = CARTESIAN_POINT('',(0.903266882159,7.55));
#5488 = ( GEOMETRIC_REPRESENTATION_CONTEXT(2) 
PARAMETRIC_REPRESENTATION_CONTEXT() REPRESENTATION_CONTEXT('2D SPACE',''
  ) );
#5489 = PCURVE('',#5490,#5495);
#5490 = PLANE('',#5491);
#5491 = AXIS2_PLACEMENT_3D('',#5492,#5493,#5494);
#5492 = CARTESIAN_POINT('',(12.25,-1.8,-19.75));
#5493 = DIRECTION('',(1.,0.,0.));
#5494 = DIRECTION('',(0.,0.,1.));
#5495 = DEFINITIONAL_REPRESENTATION('',(#5496),#5499);
#5496 = B_SPLINE_CURVE_WITH_KNOTS('',1,(#5497,#5498),.UNSPECIFIED.,.F.,
  .F.,(2,2),(0.9999994,7.55),.PIECEWISE_BEZIER_KNOTS.);
#5497 = CARTESIAN_POINT('',(6.626894374382,-0.9999994));
#5498 = CARTESIAN_POINT('',(6.626894374382,-7.55));
#5499 = ( GEOMETRIC_REPRESENTATION_CONTEXT(2) 
PARAMETRIC_REPRESENTATION_CONTEXT() REPRESENTATION_CONTEXT('2D SPACE',''
  ) );
#5500 = ORIENTED_EDGE('',*,*,#5501,.T.);
#5501 = EDGE_CURVE('',#5476,#5502,#5504,.T.);
#5502 = VERTEX_POINT('',#5503);
#5503 = CARTESIAN_POINT('',(10.75,6.7,-13.9497474683));
#5504 = SURFACE_CURVE('',#5505,(#5520,#5538),.PCURVE_S1.);
#5505 = B_SPLINE_CURVE_WITH_KNOTS('',7,(#5506,#5507,#5508,#5509,#5510,
    #5511,#5512,#5513,#5514,#5515,#5516,#5517,#5518,#5519),
  .UNSPECIFIED.,.F.,.F.,(8,6,8),(0.,0.460983172613,1.),.UNSPECIFIED.);
#5506 = CARTESIAN_POINT('',(12.25,5.2,-13.12310562561));
#5507 = CARTESIAN_POINT('',(12.25,5.349018373967,-13.12310562561));
#5508 = CARTESIAN_POINT('',(12.232728229931,5.496975530272,
    -13.13672007771));
#5509 = CARTESIAN_POINT('',(12.19862798517,5.642070815543,
    -13.16359850478));
#5510 = CARTESIAN_POINT('',(12.148134757457,5.782527776476,
    -13.20266263383));
#5511 = CARTESIAN_POINT('',(12.081791413794,5.916410616828,
    -13.25210067575));
#5512 = CARTESIAN_POINT('',(12.000504400508,6.04162160177,
    -13.30957207035));
#5513 = CARTESIAN_POINT('',(11.794998989524,6.290034970535,
    -13.44614098977));
#5514 = CARTESIAN_POINT('',(11.663814389789,6.411761170881,
    -13.52859950017));
#5515 = CARTESIAN_POINT('',(11.512919870319,6.517691663076,
    -13.61664330847));
#5516 = CARTESIAN_POINT('',(11.343576409981,6.603923279262,
    -13.70641439531));
#5517 = CARTESIAN_POINT('',(11.157772684763,6.666226974679,
    -13.79406331951));
#5518 = CARTESIAN_POINT('',(10.958381864333,6.7,-13.87607335363));
#5519 = CARTESIAN_POINT('',(10.75,6.7,-13.9497474683));
#5520 = PCURVE('',#1049,#5521);
#5521 = DEFINITIONAL_REPRESENTATION('',(#5522),#5537);
#5522 = B_SPLINE_CURVE_WITH_KNOTS('',7,(#5523,#5524,#5525,#5526,#5527,
    #5528,#5529,#5530,#5531,#5532,#5533,#5534,#5535,#5536),
  .UNSPECIFIED.,.F.,.F.,(8,6,8),(0.,0.460983172613,1.),.UNSPECIFIED.);
#5523 = CARTESIAN_POINT('',(0.903266882159,7.));
#5524 = CARTESIAN_POINT('',(0.903266882159,7.149018373967));
#5525 = CARTESIAN_POINT('',(0.907455925523,7.296975530272));
#5526 = CARTESIAN_POINT('',(0.915726313201,7.442070815543));
#5527 = CARTESIAN_POINT('',(0.927886004699,7.582527776476));
#5528 = CARTESIAN_POINT('',(0.943639368632,7.716410616828));
#5529 = CARTESIAN_POINT('',(0.962593682109,7.84162160177));
#5530 = CARTESIAN_POINT('',(1.009592902905,8.090034970535));
#5531 = CARTESIAN_POINT('',(1.039097277619,8.211761170881));
#5532 = CARTESIAN_POINT('',(1.072343717435,8.317691663076));
#5533 = CARTESIAN_POINT('',(1.108791739972,8.403923279262));
#5534 = CARTESIAN_POINT('',(1.147845807756,8.466226974679));
#5535 = CARTESIAN_POINT('',(1.188859923242,8.5));
#5536 = CARTESIAN_POINT('',(1.230959417341,8.5));
#5537 = ( GEOMETRIC_REPRESENTATION_CONTEXT(2) 
PARAMETRIC_REPRESENTATION_CONTEXT() REPRESENTATION_CONTEXT('2D SPACE',''
  ) );
#5538 = PCURVE('',#5539,#5544);
#5539 = CYLINDRICAL_SURFACE('',#5540,1.5);
#5540 = AXIS2_PLACEMENT_3D('',#5541,#5542,#5543);
#5541 = CARTESIAN_POINT('',(10.75,5.2,-19.75));
#5542 = DIRECTION('',(0.,0.,1.));
#5543 = DIRECTION('',(1.,0.,-0.));
#5544 = DEFINITIONAL_REPRESENTATION('',(#5545),#5560);
#5545 = B_SPLINE_CURVE_WITH_KNOTS('',7,(#5546,#5547,#5548,#5549,#5550,
    #5551,#5552,#5553,#5554,#5555,#5556,#5557,#5558,#5559),
  .UNSPECIFIED.,.F.,.F.,(8,6,8),(0.,0.460983172613,1.),.UNSPECIFIED.);
#5546 = CARTESIAN_POINT('',(0.,6.626894374382));
#5547 = CARTESIAN_POINT('',(9.934558264463E-02,6.626894374382));
#5548 = CARTESIAN_POINT('',(0.197983723142,6.613279922281));
#5549 = CARTESIAN_POINT('',(0.296315210194,6.586401495214));
#5550 = CARTESIAN_POINT('',(0.394655384215,6.547337366162));
#5551 = CARTESIAN_POINT('',(0.493209120922,6.497899324241));
#5552 = CARTESIAN_POINT('',(0.592069774056,6.44042792965));
#5553 = CARTESIAN_POINT('',(0.807003020256,6.303859010221));
#5554 = CARTESIAN_POINT('',(0.925277004935,6.221400499825));
#5555 = CARTESIAN_POINT('',(1.046356158146,6.133356691524));
#5556 = CARTESIAN_POINT('',(1.17070326332,6.043585604683));
#5557 = CARTESIAN_POINT('',(1.298947145018,5.955936680482));
#5558 = CARTESIAN_POINT('',(1.431875083906,5.873926646367));
#5559 = CARTESIAN_POINT('',(1.570796326795,5.800252531694));
#5560 = ( GEOMETRIC_REPRESENTATION_CONTEXT(2) 
PARAMETRIC_REPRESENTATION_CONTEXT() REPRESENTATION_CONTEXT('2D SPACE',''
  ) );
#5561 = ORIENTED_EDGE('',*,*,#5562,.T.);
#5562 = EDGE_CURVE('',#5502,#1008,#5563,.T.);
#5563 = SURFACE_CURVE('',#5564,(#5569,#5576),.PCURVE_S1.);
#5564 = CIRCLE('',#5565,5.25);
#5565 = AXIS2_PLACEMENT_3D('',#5566,#5567,#5568);
#5566 = CARTESIAN_POINT('',(9.,6.7,-9.));
#5567 = DIRECTION('',(0.,1.,0.));
#5568 = DIRECTION('',(1.,0.,-0.));
#5569 = PCURVE('',#1049,#5570);
#5570 = DEFINITIONAL_REPRESENTATION('',(#5571),#5575);
#5571 = LINE('',#5572,#5573);
#5572 = CARTESIAN_POINT('',(0.,8.5));
#5573 = VECTOR('',#5574,1.);
#5574 = DIRECTION('',(1.,0.));
#5575 = ( GEOMETRIC_REPRESENTATION_CONTEXT(2) 
PARAMETRIC_REPRESENTATION_CONTEXT() REPRESENTATION_CONTEXT('2D SPACE',''
  ) );
#5576 = PCURVE('',#1022,#5577);
#5577 = DEFINITIONAL_REPRESENTATION('',(#5578),#5582);
#5578 = CIRCLE('',#5579,5.25);
#5579 = AXIS2_PLACEMENT_2D('',#5580,#5581);
#5580 = CARTESIAN_POINT('',(10.75,3.75));
#5581 = DIRECTION('',(0.,1.));
#5582 = ( GEOMETRIC_REPRESENTATION_CONTEXT(2) 
PARAMETRIC_REPRESENTATION_CONTEXT() REPRESENTATION_CONTEXT('2D SPACE',''
  ) );
#5583 = ORIENTED_EDGE('',*,*,#1033,.T.);
#5584 = ADVANCED_FACE('',(#5585),#1022,.T.);
#5585 = FACE_BOUND('',#5586,.T.);
#5586 = EDGE_LOOP('',(#5587,#5617,#5638,#5639,#5640));
#5587 = ORIENTED_EDGE('',*,*,#5588,.F.);
#5588 = EDGE_CURVE('',#5589,#5591,#5593,.T.);
#5589 = VERTEX_POINT('',#5590);
#5590 = CARTESIAN_POINT('',(6.75,6.7,-19.35));
#5591 = VERTEX_POINT('',#5592);
#5592 = CARTESIAN_POINT('',(10.75,6.7,-19.35));
#5593 = SURFACE_CURVE('',#5594,(#5598,#5605),.PCURVE_S1.);
#5594 = LINE('',#5595,#5596);
#5595 = CARTESIAN_POINT('',(6.75,6.7,-19.35));
#5596 = VECTOR('',#5597,1.);
#5597 = DIRECTION('',(1.,0.,0.));
#5598 = PCURVE('',#1022,#5599);
#5599 = DEFINITIONAL_REPRESENTATION('',(#5600),#5604);
#5600 = LINE('',#5601,#5602);
#5601 = CARTESIAN_POINT('',(0.4,1.5));
#5602 = VECTOR('',#5603,1.);
#5603 = DIRECTION('',(0.,1.));
#5604 = ( GEOMETRIC_REPRESENTATION_CONTEXT(2) 
PARAMETRIC_REPRESENTATION_CONTEXT() REPRESENTATION_CONTEXT('2D SPACE',''
  ) );
#5605 = PCURVE('',#5606,#5611);
#5606 = PLANE('',#5607);
#5607 = AXIS2_PLACEMENT_3D('',#5608,#5609,#5610);
#5608 = CARTESIAN_POINT('',(6.75,6.5,-19.55));
#5609 = DIRECTION('',(0.,-0.707106781187,0.707106781187));
#5610 = DIRECTION('',(-1.,-0.,-0.));
#5611 = DEFINITIONAL_REPRESENTATION('',(#5612),#5616);
#5612 = LINE('',#5613,#5614);
#5613 = CARTESIAN_POINT('',(-0.,-0.282842712475));
#5614 = VECTOR('',#5615,1.);
#5615 = DIRECTION('',(-1.,0.));
#5616 = ( GEOMETRIC_REPRESENTATION_CONTEXT(2) 
PARAMETRIC_REPRESENTATION_CONTEXT() REPRESENTATION_CONTEXT('2D SPACE',''
  ) );
#5617 = ORIENTED_EDGE('',*,*,#5618,.T.);
#5618 = EDGE_CURVE('',#5589,#979,#5619,.T.);
#5619 = SURFACE_CURVE('',#5620,(#5624,#5631),.PCURVE_S1.);
#5620 = LINE('',#5621,#5622);
#5621 = CARTESIAN_POINT('',(6.75,6.7,-19.75));
#5622 = VECTOR('',#5623,1.);
#5623 = DIRECTION('',(0.,0.,1.));
#5624 = PCURVE('',#1022,#5625);
#5625 = DEFINITIONAL_REPRESENTATION('',(#5626),#5630);
#5626 = LINE('',#5627,#5628);
#5627 = CARTESIAN_POINT('',(0.,1.5));
#5628 = VECTOR('',#5629,1.);
#5629 = DIRECTION('',(1.,0.));
#5630 = ( GEOMETRIC_REPRESENTATION_CONTEXT(2) 
PARAMETRIC_REPRESENTATION_CONTEXT() REPRESENTATION_CONTEXT('2D SPACE',''
  ) );
#5631 = PCURVE('',#995,#5632);
#5632 = DEFINITIONAL_REPRESENTATION('',(#5633),#5637);
#5633 = LINE('',#5634,#5635);
#5634 = CARTESIAN_POINT('',(-1.570796326795,0.));
#5635 = VECTOR('',#5636,1.);
#5636 = DIRECTION('',(-0.,1.));
#5637 = ( GEOMETRIC_REPRESENTATION_CONTEXT(2) 
PARAMETRIC_REPRESENTATION_CONTEXT() REPRESENTATION_CONTEXT('2D SPACE',''
  ) );
#5638 = ORIENTED_EDGE('',*,*,#1007,.F.);
#5639 = ORIENTED_EDGE('',*,*,#5562,.F.);
#5640 = ORIENTED_EDGE('',*,*,#5641,.F.);
#5641 = EDGE_CURVE('',#5591,#5502,#5642,.T.);
#5642 = SURFACE_CURVE('',#5643,(#5647,#5654),.PCURVE_S1.);
#5643 = LINE('',#5644,#5645);
#5644 = CARTESIAN_POINT('',(10.75,6.7,-19.75));
#5645 = VECTOR('',#5646,1.);
#5646 = DIRECTION('',(0.,0.,1.));
#5647 = PCURVE('',#1022,#5648);
#5648 = DEFINITIONAL_REPRESENTATION('',(#5649),#5653);
#5649 = LINE('',#5650,#5651);
#5650 = CARTESIAN_POINT('',(0.,5.5));
#5651 = VECTOR('',#5652,1.);
#5652 = DIRECTION('',(1.,0.));
#5653 = ( GEOMETRIC_REPRESENTATION_CONTEXT(2) 
PARAMETRIC_REPRESENTATION_CONTEXT() REPRESENTATION_CONTEXT('2D SPACE',''
  ) );
#5654 = PCURVE('',#5539,#5655);
#5655 = DEFINITIONAL_REPRESENTATION('',(#5656),#5660);
#5656 = LINE('',#5657,#5658);
#5657 = CARTESIAN_POINT('',(1.570796326795,0.));
#5658 = VECTOR('',#5659,1.);
#5659 = DIRECTION('',(0.,1.));
#5660 = ( GEOMETRIC_REPRESENTATION_CONTEXT(2) 
PARAMETRIC_REPRESENTATION_CONTEXT() REPRESENTATION_CONTEXT('2D SPACE',''
  ) );
#5661 = ADVANCED_FACE('',(#5662),#995,.T.);
#5662 = FACE_BOUND('',#5663,.F.);
#5663 = EDGE_LOOP('',(#5664,#5687,#5714,#5715));
#5664 = ORIENTED_EDGE('',*,*,#5665,.F.);
#5665 = EDGE_CURVE('',#5666,#953,#5668,.T.);
#5666 = VERTEX_POINT('',#5667);
#5667 = CARTESIAN_POINT('',(5.25,5.2,-19.35));
#5668 = SURFACE_CURVE('',#5669,(#5673,#5680),.PCURVE_S1.);
#5669 = LINE('',#5670,#5671);
#5670 = CARTESIAN_POINT('',(5.25,5.2,-19.75));
#5671 = VECTOR('',#5672,1.);
#5672 = DIRECTION('',(0.,0.,1.));
#5673 = PCURVE('',#995,#5674);
#5674 = DEFINITIONAL_REPRESENTATION('',(#5675),#5679);
#5675 = LINE('',#5676,#5677);
#5676 = CARTESIAN_POINT('',(-0.,0.));
#5677 = VECTOR('',#5678,1.);
#5678 = DIRECTION('',(-0.,1.));
#5679 = ( GEOMETRIC_REPRESENTATION_CONTEXT(2) 
PARAMETRIC_REPRESENTATION_CONTEXT() REPRESENTATION_CONTEXT('2D SPACE',''
  ) );
#5680 = PCURVE('',#967,#5681);
#5681 = DEFINITIONAL_REPRESENTATION('',(#5682),#5686);
#5682 = LINE('',#5683,#5684);
#5683 = CARTESIAN_POINT('',(0.,-7.));
#5684 = VECTOR('',#5685,1.);
#5685 = DIRECTION('',(1.,0.));
#5686 = ( GEOMETRIC_REPRESENTATION_CONTEXT(2) 
PARAMETRIC_REPRESENTATION_CONTEXT() REPRESENTATION_CONTEXT('2D SPACE',''
  ) );
#5687 = ORIENTED_EDGE('',*,*,#5688,.T.);
#5688 = EDGE_CURVE('',#5666,#5589,#5689,.T.);
#5689 = SURFACE_CURVE('',#5690,(#5695,#5702),.PCURVE_S1.);
#5690 = CIRCLE('',#5691,1.5);
#5691 = AXIS2_PLACEMENT_3D('',#5692,#5693,#5694);
#5692 = CARTESIAN_POINT('',(6.75,5.2,-19.35));
#5693 = DIRECTION('',(-0.,0.,-1.));
#5694 = DIRECTION('',(-1.,0.,0.));
#5695 = PCURVE('',#995,#5696);
#5696 = DEFINITIONAL_REPRESENTATION('',(#5697),#5701);
#5697 = LINE('',#5698,#5699);
#5698 = CARTESIAN_POINT('',(-0.,0.4));
#5699 = VECTOR('',#5700,1.);
#5700 = DIRECTION('',(-1.,0.));
#5701 = ( GEOMETRIC_REPRESENTATION_CONTEXT(2) 
PARAMETRIC_REPRESENTATION_CONTEXT() REPRESENTATION_CONTEXT('2D SPACE',''
  ) );
#5702 = PCURVE('',#5703,#5708);
#5703 = CONICAL_SURFACE('',#5704,1.5,0.785398163397);
#5704 = AXIS2_PLACEMENT_3D('',#5705,#5706,#5707);
#5705 = CARTESIAN_POINT('',(6.75,5.2,-19.35));
#5706 = DIRECTION('',(0.,0.,1.));
#5707 = DIRECTION('',(-1.,0.,0.));
#5708 = DEFINITIONAL_REPRESENTATION('',(#5709),#5713);
#5709 = LINE('',#5710,#5711);
#5710 = CARTESIAN_POINT('',(-0.,-0.));
#5711 = VECTOR('',#5712,1.);
#5712 = DIRECTION('',(-1.,-0.));
#5713 = ( GEOMETRIC_REPRESENTATION_CONTEXT(2) 
PARAMETRIC_REPRESENTATION_CONTEXT() REPRESENTATION_CONTEXT('2D SPACE',''
  ) );
#5714 = ORIENTED_EDGE('',*,*,#5618,.T.);
#5715 = ORIENTED_EDGE('',*,*,#978,.T.);
#5716 = ADVANCED_FACE('',(#5717),#967,.F.);
#5717 = FACE_BOUND('',#5718,.F.);
#5718 = EDGE_LOOP('',(#5719,#5742,#5768,#5769));
#5719 = ORIENTED_EDGE('',*,*,#5720,.F.);
#5720 = EDGE_CURVE('',#5721,#924,#5723,.T.);
#5721 = VERTEX_POINT('',#5722);
#5722 = CARTESIAN_POINT('',(5.25,-0.3,-19.35));
#5723 = SURFACE_CURVE('',#5724,(#5728,#5735),.PCURVE_S1.);
#5724 = LINE('',#5725,#5726);
#5725 = CARTESIAN_POINT('',(5.25,-0.3,-19.75));
#5726 = VECTOR('',#5727,1.);
#5727 = DIRECTION('',(0.,0.,1.));
#5728 = PCURVE('',#967,#5729);
#5729 = DEFINITIONAL_REPRESENTATION('',(#5730),#5734);
#5730 = LINE('',#5731,#5732);
#5731 = CARTESIAN_POINT('',(0.,-1.5));
#5732 = VECTOR('',#5733,1.);
#5733 = DIRECTION('',(1.,0.));
#5734 = ( GEOMETRIC_REPRESENTATION_CONTEXT(2) 
PARAMETRIC_REPRESENTATION_CONTEXT() REPRESENTATION_CONTEXT('2D SPACE',''
  ) );
#5735 = PCURVE('',#940,#5736);
#5736 = DEFINITIONAL_REPRESENTATION('',(#5737),#5741);
#5737 = LINE('',#5738,#5739);
#5738 = CARTESIAN_POINT('',(0.,0.));
#5739 = VECTOR('',#5740,1.);
#5740 = DIRECTION('',(0.,1.));
#5741 = ( GEOMETRIC_REPRESENTATION_CONTEXT(2) 
PARAMETRIC_REPRESENTATION_CONTEXT() REPRESENTATION_CONTEXT('2D SPACE',''
  ) );
#5742 = ORIENTED_EDGE('',*,*,#5743,.T.);
#5743 = EDGE_CURVE('',#5721,#5666,#5744,.T.);
#5744 = SURFACE_CURVE('',#5745,(#5749,#5756),.PCURVE_S1.);
#5745 = LINE('',#5746,#5747);
#5746 = CARTESIAN_POINT('',(5.25,-0.3,-19.35));
#5747 = VECTOR('',#5748,1.);
#5748 = DIRECTION('',(0.,1.,0.));
#5749 = PCURVE('',#967,#5750);
#5750 = DEFINITIONAL_REPRESENTATION('',(#5751),#5755);
#5751 = LINE('',#5752,#5753);
#5752 = CARTESIAN_POINT('',(0.4,-1.5));
#5753 = VECTOR('',#5754,1.);
#5754 = DIRECTION('',(0.,-1.));
#5755 = ( GEOMETRIC_REPRESENTATION_CONTEXT(2) 
PARAMETRIC_REPRESENTATION_CONTEXT() REPRESENTATION_CONTEXT('2D SPACE',''
  ) );
#5756 = PCURVE('',#5757,#5762);
#5757 = PLANE('',#5758);
#5758 = AXIS2_PLACEMENT_3D('',#5759,#5760,#5761);
#5759 = CARTESIAN_POINT('',(5.45,-0.3,-19.55));
#5760 = DIRECTION('',(-0.707106781187,0.,-0.707106781187));
#5761 = DIRECTION('',(0.,1.,0.));
#5762 = DEFINITIONAL_REPRESENTATION('',(#5763),#5767);
#5763 = LINE('',#5764,#5765);
#5764 = CARTESIAN_POINT('',(0.,-0.282842712475));
#5765 = VECTOR('',#5766,1.);
#5766 = DIRECTION('',(1.,0.));
#5767 = ( GEOMETRIC_REPRESENTATION_CONTEXT(2) 
PARAMETRIC_REPRESENTATION_CONTEXT() REPRESENTATION_CONTEXT('2D SPACE',''
  ) );
#5768 = ORIENTED_EDGE('',*,*,#5665,.T.);
#5769 = ORIENTED_EDGE('',*,*,#952,.F.);
#5770 = ADVANCED_FACE('',(#5771),#940,.T.);
#5771 = FACE_BOUND('',#5772,.T.);
#5772 = EDGE_LOOP('',(#5773,#5774,#5801,#5802,#5862));
#5773 = ORIENTED_EDGE('',*,*,#5720,.F.);
#5774 = ORIENTED_EDGE('',*,*,#5775,.F.);
#5775 = EDGE_CURVE('',#1760,#5721,#5776,.T.);
#5776 = SURFACE_CURVE('',#5777,(#5782,#5789),.PCURVE_S1.);
#5777 = CIRCLE('',#5778,1.5);
#5778 = AXIS2_PLACEMENT_3D('',#5779,#5780,#5781);
#5779 = CARTESIAN_POINT('',(6.75,-0.3,-19.35));
#5780 = DIRECTION('',(-0.,-0.,-1.));
#5781 = DIRECTION('',(0.,-1.,0.));
#5782 = PCURVE('',#940,#5783);
#5783 = DEFINITIONAL_REPRESENTATION('',(#5784),#5788);
#5784 = LINE('',#5785,#5786);
#5785 = CARTESIAN_POINT('',(1.570796326795,0.4));
#5786 = VECTOR('',#5787,1.);
#5787 = DIRECTION('',(-1.,-0.));
#5788 = ( GEOMETRIC_REPRESENTATION_CONTEXT(2) 
PARAMETRIC_REPRESENTATION_CONTEXT() REPRESENTATION_CONTEXT('2D SPACE',''
  ) );
#5789 = PCURVE('',#5790,#5795);
#5790 = CONICAL_SURFACE('',#5791,1.5,0.785398163397);
#5791 = AXIS2_PLACEMENT_3D('',#5792,#5793,#5794);
#5792 = CARTESIAN_POINT('',(6.75,-0.3,-19.35));
#5793 = DIRECTION('',(0.,0.,1.));
#5794 = DIRECTION('',(0.,-1.,0.));
#5795 = DEFINITIONAL_REPRESENTATION('',(#5796),#5800);
#5796 = LINE('',#5797,#5798);
#5797 = CARTESIAN_POINT('',(-0.,-0.));
#5798 = VECTOR('',#5799,1.);
#5799 = DIRECTION('',(-1.,-0.));
#5800 = ( GEOMETRIC_REPRESENTATION_CONTEXT(2) 
PARAMETRIC_REPRESENTATION_CONTEXT() REPRESENTATION_CONTEXT('2D SPACE',''
  ) );
#5801 = ORIENTED_EDGE('',*,*,#1787,.T.);
#5802 = ORIENTED_EDGE('',*,*,#5803,.F.);
#5803 = EDGE_CURVE('',#896,#1426,#5804,.T.);
#5804 = SURFACE_CURVE('',#5805,(#5822,#5842),.PCURVE_S1.);
#5805 = B_SPLINE_CURVE_WITH_KNOTS('',8,(#5806,#5807,#5808,#5809,#5810,
    #5811,#5812,#5813,#5814,#5815,#5816,#5817,#5818,#5819,#5820,#5821),
  .UNSPECIFIED.,.F.,.F.,(9,7,9),(0.,0.24688914591,1.),.UNSPECIFIED.);
#5806 = CARTESIAN_POINT('',(5.335786437627,-0.8,-14.25));
#5807 = CARTESIAN_POINT('',(5.358432957971,-0.864054032422,-14.25));
#5808 = CARTESIAN_POINT('',(5.384280236862,-0.926610544306,
    -14.24531096276));
#5809 = CARTESIAN_POINT('',(5.413138319844,-0.987321005389,
    -14.23631649572));
#5810 = CARTESIAN_POINT('',(5.444763492591,-1.045882379326,
    -14.22340771801));
#5811 = CARTESIAN_POINT('',(5.478865013252,-1.102033833754,
    -14.20698887628));
#5812 = CARTESIAN_POINT('',(5.515109844114,-1.155555473698,
    -14.18748122911));
#5813 = CARTESIAN_POINT('',(5.553125382599,-1.206269098328,
    -14.1653252003));
#5814 = CARTESIAN_POINT('',(5.712609141393,-1.399764371501,
    -14.06672062478));
#5815 = CARTESIAN_POINT('',(5.847697280095,-1.520941174856,
    -13.97065776443));
#5816 = CARTESIAN_POINT('',(5.991776004946,-1.617767840296,
    -13.86147792951));
#5817 = CARTESIAN_POINT('',(6.140444200949,-1.692102851241,
    -13.74470142852));
#5818 = CARTESIAN_POINT('',(6.291066557118,-1.74610847275,
    -13.62395349999));
#5819 = CARTESIAN_POINT('',(6.442530297552,-1.781732197408,
    -13.50104600891));
#5820 = CARTESIAN_POINT('',(6.595150541236,-1.799999758578,
    -13.37643439186));
#5821 = CARTESIAN_POINT('',(6.75,-1.8,-13.25));
#5822 = PCURVE('',#940,#5823);
#5823 = DEFINITIONAL_REPRESENTATION('',(#5824),#5841);
#5824 = B_SPLINE_CURVE_WITH_KNOTS('',8,(#5825,#5826,#5827,#5828,#5829,
    #5830,#5831,#5832,#5833,#5834,#5835,#5836,#5837,#5838,#5839,#5840),
  .UNSPECIFIED.,.F.,.F.,(9,7,9),(0.,0.24688914591,1.),.UNSPECIFIED.);
#5825 = CARTESIAN_POINT('',(0.339836909454,5.5));
#5826 = CARTESIAN_POINT('',(0.385129950142,5.5));
#5827 = CARTESIAN_POINT('',(0.430192993143,5.504689037233));
#5828 = CARTESIAN_POINT('',(0.474906481208,5.513683504278));
#5829 = CARTESIAN_POINT('',(0.51916107244,5.526592281981));
#5830 = CARTESIAN_POINT('',(0.562849315009,5.543011123714));
#5831 = CARTESIAN_POINT('',(0.605858898282,5.562518770887));
#5832 = CARTESIAN_POINT('',(0.648067480383,5.584674799699));
#5833 = CARTESIAN_POINT('',(0.815234050751,5.683279375213));
#5834 = CARTESIAN_POINT('',(0.934852590555,5.779342235562));
#5835 = CARTESIAN_POINT('',(1.048797406794,5.888522070485));
#5836 = CARTESIAN_POINT('',(1.157922733073,6.005298571475));
#5837 = CARTESIAN_POINT('',(1.263163570614,6.126046500006));
#5838 = CARTESIAN_POINT('',(1.365816876716,6.248953991089));
#5839 = CARTESIAN_POINT('',(1.467563281956,6.373565608135));
#5840 = CARTESIAN_POINT('',(1.570796326795,6.5));
#5841 = ( GEOMETRIC_REPRESENTATION_CONTEXT(2) 
PARAMETRIC_REPRESENTATION_CONTEXT() REPRESENTATION_CONTEXT('2D SPACE',''
  ) );
#5842 = PCURVE('',#911,#5843);
#5843 = DEFINITIONAL_REPRESENTATION('',(#5844),#5861);
#5844 = B_SPLINE_CURVE_WITH_KNOTS('',8,(#5845,#5846,#5847,#5848,#5849,
    #5850,#5851,#5852,#5853,#5854,#5855,#5856,#5857,#5858,#5859,#5860),
  .UNSPECIFIED.,.F.,.F.,(9,7,9),(0.,0.24688914591,1.),.UNSPECIFIED.);
#5845 = CARTESIAN_POINT('',(1.570796326795,14.335786437627));
#5846 = CARTESIAN_POINT('',(1.506742294373,14.358432957971));
#5847 = CARTESIAN_POINT('',(1.444185679575,14.384280236862));
#5848 = CARTESIAN_POINT('',(1.383075027291,14.413138319844));
#5849 = CARTESIAN_POINT('',(1.323390675328,14.444763492591));
#5850 = CARTESIAN_POINT('',(1.265141328043,14.478865013252));
#5851 = CARTESIAN_POINT('',(1.208362661021,14.515109844114));
#5852 = CARTESIAN_POINT('',(1.153117956765,14.553125382599));
#5853 = CARTESIAN_POINT('',(0.935946865105,14.712609141393));
#5854 = CARTESIAN_POINT('',(0.78436263486,14.847697280095));
#5855 = CARTESIAN_POINT('',(0.641863497345,14.991776004946));
#5856 = CARTESIAN_POINT('',(0.506671077287,15.140444200949));
#5857 = CARTESIAN_POINT('',(0.377022913792,15.291066557118));
#5858 = CARTESIAN_POINT('',(0.25104935265,15.442530297552));
#5859 = CARTESIAN_POINT('',(0.126433823306,15.595150541236));
#5860 = CARTESIAN_POINT('',(0.,15.75));
#5861 = ( GEOMETRIC_REPRESENTATION_CONTEXT(2) 
PARAMETRIC_REPRESENTATION_CONTEXT() REPRESENTATION_CONTEXT('2D SPACE',''
  ) );
#5862 = ORIENTED_EDGE('',*,*,#923,.F.);
#5863 = ADVANCED_FACE('',(#5864),#911,.T.);
#5864 = FACE_BOUND('',#5865,.T.);
#5865 = EDGE_LOOP('',(#5866,#5867,#5927,#5928));
#5866 = ORIENTED_EDGE('',*,*,#1423,.F.);
#5867 = ORIENTED_EDGE('',*,*,#5868,.F.);
#5868 = EDGE_CURVE('',#867,#1424,#5869,.T.);
#5869 = SURFACE_CURVE('',#5870,(#5887,#5907),.PCURVE_S1.);
#5870 = B_SPLINE_CURVE_WITH_KNOTS('',8,(#5871,#5872,#5873,#5874,#5875,
    #5876,#5877,#5878,#5879,#5880,#5881,#5882,#5883,#5884,#5885,#5886),
  .UNSPECIFIED.,.F.,.F.,(9,7,9),(0.,0.246889145958,1.),.UNSPECIFIED.);
#5871 = CARTESIAN_POINT('',(-5.335786437627,-0.8,-14.25));
#5872 = CARTESIAN_POINT('',(-5.358432957966,-0.864054032409,-14.25));
#5873 = CARTESIAN_POINT('',(-5.384280236859,-0.9266105443,
    -14.24531096276));
#5874 = CARTESIAN_POINT('',(-5.413138319845,-0.987321005395,
    -14.23631649572));
#5875 = CARTESIAN_POINT('',(-5.444763492597,-1.045882379338,
    -14.22340771801));
#5876 = CARTESIAN_POINT('',(-5.478865013257,-1.102033833761,
    -14.20698887628));
#5877 = CARTESIAN_POINT('',(-5.515109844112,-1.155555473693,
    -14.18748122911));
#5878 = CARTESIAN_POINT('',(-5.55312538259,-1.206269098317,
    -14.1653252003));
#5879 = CARTESIAN_POINT('',(-5.712609141391,-1.399764371498,
    -14.06672062478));
#5880 = CARTESIAN_POINT('',(-5.847697280095,-1.520941174858,
    -13.97065776443));
#5881 = CARTESIAN_POINT('',(-5.991776004949,-1.617767840297,
    -13.86147792951));
#5882 = CARTESIAN_POINT('',(-6.140444200953,-1.692102851242,
    -13.74470142852));
#5883 = CARTESIAN_POINT('',(-6.291066557114,-1.746108472746,
    -13.62395349999));
#5884 = CARTESIAN_POINT('',(-6.442530297547,-1.781732197409,
    -13.50104600891));
#5885 = CARTESIAN_POINT('',(-6.595150541242,-1.799999758578,
    -13.37643439186));
#5886 = CARTESIAN_POINT('',(-6.75,-1.8,-13.25));
#5887 = PCURVE('',#911,#5888);
#5888 = DEFINITIONAL_REPRESENTATION('',(#5889),#5906);
#5889 = B_SPLINE_CURVE_WITH_KNOTS('',8,(#5890,#5891,#5892,#5893,#5894,
    #5895,#5896,#5897,#5898,#5899,#5900,#5901,#5902,#5903,#5904,#5905),
  .UNSPECIFIED.,.F.,.F.,(9,7,9),(0.,0.246889145958,1.),.UNSPECIFIED.);
#5890 = CARTESIAN_POINT('',(1.570796326795,3.664213562373));
#5891 = CARTESIAN_POINT('',(1.506742294386,3.641567042034));
#5892 = CARTESIAN_POINT('',(1.444185679581,3.615719763141));
#5893 = CARTESIAN_POINT('',(1.383075027285,3.586861680155));
#5894 = CARTESIAN_POINT('',(1.323390675316,3.555236507403));
#5895 = CARTESIAN_POINT('',(1.265141328036,3.521134986743));
#5896 = CARTESIAN_POINT('',(1.208362661025,3.484890155888));
#5897 = CARTESIAN_POINT('',(1.153117956778,3.44687461741));
#5898 = CARTESIAN_POINT('',(0.935946865109,3.287390858609));
#5899 = CARTESIAN_POINT('',(0.784362634858,3.152302719905));
#5900 = CARTESIAN_POINT('',(0.641863497343,3.008223995052));
#5901 = CARTESIAN_POINT('',(0.506671077284,2.859555799047));
#5902 = CARTESIAN_POINT('',(0.377022913796,2.708933442886));
#5903 = CARTESIAN_POINT('',(0.251049352654,2.557469702453));
#5904 = CARTESIAN_POINT('',(0.126433823302,2.404849458758));
#5905 = CARTESIAN_POINT('',(0.,2.25));
#5906 = ( GEOMETRIC_REPRESENTATION_CONTEXT(2) 
PARAMETRIC_REPRESENTATION_CONTEXT() REPRESENTATION_CONTEXT('2D SPACE',''
  ) );
#5907 = PCURVE('',#883,#5908);
#5908 = DEFINITIONAL_REPRESENTATION('',(#5909),#5926);
#5909 = B_SPLINE_CURVE_WITH_KNOTS('',8,(#5910,#5911,#5912,#5913,#5914,
    #5915,#5916,#5917,#5918,#5919,#5920,#5921,#5922,#5923,#5924,#5925),
  .UNSPECIFIED.,.F.,.F.,(9,7,9),(0.,0.246889145958,1.),.UNSPECIFIED.);
#5910 = CARTESIAN_POINT('',(-0.339836909454,5.5));
#5911 = CARTESIAN_POINT('',(-0.385129950133,5.5));
#5912 = CARTESIAN_POINT('',(-0.430192993139,5.504689037231));
#5913 = CARTESIAN_POINT('',(-0.474906481212,5.513683504278));
#5914 = CARTESIAN_POINT('',(-0.519161072449,5.526592281984));
#5915 = CARTESIAN_POINT('',(-0.562849315015,5.543011123717));
#5916 = CARTESIAN_POINT('',(-0.60585889828,5.562518770887));
#5917 = CARTESIAN_POINT('',(-0.648067480373,5.584674799693));
#5918 = CARTESIAN_POINT('',(-0.815234050748,5.683279375212));
#5919 = CARTESIAN_POINT('',(-0.934852590556,5.779342235562));
#5920 = CARTESIAN_POINT('',(-1.048797406795,5.888522070485));
#5921 = CARTESIAN_POINT('',(-1.157922733076,6.00529857148));
#5922 = CARTESIAN_POINT('',(-1.26316357061,6.126046500001));
#5923 = CARTESIAN_POINT('',(-1.365816876713,6.248953991085));
#5924 = CARTESIAN_POINT('',(-1.46756328196,6.373565608139));
#5925 = CARTESIAN_POINT('',(-1.570796326795,6.5));
#5926 = ( GEOMETRIC_REPRESENTATION_CONTEXT(2) 
PARAMETRIC_REPRESENTATION_CONTEXT() REPRESENTATION_CONTEXT('2D SPACE',''
  ) );
#5927 = ORIENTED_EDGE('',*,*,#895,.T.);
#5928 = ORIENTED_EDGE('',*,*,#5803,.T.);
#5929 = ADVANCED_FACE('',(#5930),#883,.T.);
#5930 = FACE_BOUND('',#5931,.F.);
#5931 = EDGE_LOOP('',(#5932,#5955,#5982,#5983,#5984));
#5932 = ORIENTED_EDGE('',*,*,#5933,.F.);
#5933 = EDGE_CURVE('',#5934,#841,#5936,.T.);
#5934 = VERTEX_POINT('',#5935);
#5935 = CARTESIAN_POINT('',(-5.25,-0.3,-19.35));
#5936 = SURFACE_CURVE('',#5937,(#5941,#5948),.PCURVE_S1.);
#5937 = LINE('',#5938,#5939);
#5938 = CARTESIAN_POINT('',(-5.25,-0.3,-19.75));
#5939 = VECTOR('',#5940,1.);
#5940 = DIRECTION('',(0.,0.,1.));
#5941 = PCURVE('',#883,#5942);
#5942 = DEFINITIONAL_REPRESENTATION('',(#5943),#5947);
#5943 = LINE('',#5944,#5945);
#5944 = CARTESIAN_POINT('',(-0.,0.));
#5945 = VECTOR('',#5946,1.);
#5946 = DIRECTION('',(-0.,1.));
#5947 = ( GEOMETRIC_REPRESENTATION_CONTEXT(2) 
PARAMETRIC_REPRESENTATION_CONTEXT() REPRESENTATION_CONTEXT('2D SPACE',''
  ) );
#5948 = PCURVE('',#855,#5949);
#5949 = DEFINITIONAL_REPRESENTATION('',(#5950),#5954);
#5950 = LINE('',#5951,#5952);
#5951 = CARTESIAN_POINT('',(0.,-1.5));
#5952 = VECTOR('',#5953,1.);
#5953 = DIRECTION('',(1.,0.));
#5954 = ( GEOMETRIC_REPRESENTATION_CONTEXT(2) 
PARAMETRIC_REPRESENTATION_CONTEXT() REPRESENTATION_CONTEXT('2D SPACE',''
  ) );
#5955 = ORIENTED_EDGE('',*,*,#5956,.T.);
#5956 = EDGE_CURVE('',#5934,#1449,#5957,.T.);
#5957 = SURFACE_CURVE('',#5958,(#5963,#5970),.PCURVE_S1.);
#5958 = CIRCLE('',#5959,1.5);
#5959 = AXIS2_PLACEMENT_3D('',#5960,#5961,#5962);
#5960 = CARTESIAN_POINT('',(-6.75,-0.3,-19.35));
#5961 = DIRECTION('',(0.,-0.,-1.));
#5962 = DIRECTION('',(1.,1.850371707709E-16,-0.));
#5963 = PCURVE('',#883,#5964);
#5964 = DEFINITIONAL_REPRESENTATION('',(#5965),#5969);
#5965 = LINE('',#5966,#5967);
#5966 = CARTESIAN_POINT('',(-0.,0.4));
#5967 = VECTOR('',#5968,1.);
#5968 = DIRECTION('',(-1.,0.));
#5969 = ( GEOMETRIC_REPRESENTATION_CONTEXT(2) 
PARAMETRIC_REPRESENTATION_CONTEXT() REPRESENTATION_CONTEXT('2D SPACE',''
  ) );
#5970 = PCURVE('',#5971,#5976);
#5971 = CONICAL_SURFACE('',#5972,1.5,0.785398163397);
#5972 = AXIS2_PLACEMENT_3D('',#5973,#5974,#5975);
#5973 = CARTESIAN_POINT('',(-6.75,-0.3,-19.35));
#5974 = DIRECTION('',(0.,0.,1.));
#5975 = DIRECTION('',(1.,1.850371707709E-16,-0.));
#5976 = DEFINITIONAL_REPRESENTATION('',(#5977),#5981);
#5977 = LINE('',#5978,#5979);
#5978 = CARTESIAN_POINT('',(-0.,-0.));
#5979 = VECTOR('',#5980,1.);
#5980 = DIRECTION('',(-1.,-0.));
#5981 = ( GEOMETRIC_REPRESENTATION_CONTEXT(2) 
PARAMETRIC_REPRESENTATION_CONTEXT() REPRESENTATION_CONTEXT('2D SPACE',''
  ) );
#5982 = ORIENTED_EDGE('',*,*,#1448,.T.);
#5983 = ORIENTED_EDGE('',*,*,#5868,.F.);
#5984 = ORIENTED_EDGE('',*,*,#866,.T.);
#5985 = ADVANCED_FACE('',(#5986),#855,.T.);
#5986 = FACE_BOUND('',#5987,.T.);
#5987 = EDGE_LOOP('',(#5988,#5989,#6017,#6038));
#5988 = ORIENTED_EDGE('',*,*,#5933,.F.);
#5989 = ORIENTED_EDGE('',*,*,#5990,.F.);
#5990 = EDGE_CURVE('',#5991,#5934,#5993,.T.);
#5991 = VERTEX_POINT('',#5992);
#5992 = CARTESIAN_POINT('',(-5.25,5.2,-19.35));
#5993 = SURFACE_CURVE('',#5994,(#5998,#6005),.PCURVE_S1.);
#5994 = LINE('',#5995,#5996);
#5995 = CARTESIAN_POINT('',(-5.25,5.2,-19.35));
#5996 = VECTOR('',#5997,1.);
#5997 = DIRECTION('',(-0.,-1.,-0.));
#5998 = PCURVE('',#855,#5999);
#5999 = DEFINITIONAL_REPRESENTATION('',(#6000),#6004);
#6000 = LINE('',#6001,#6002);
#6001 = CARTESIAN_POINT('',(0.4,-7.));
#6002 = VECTOR('',#6003,1.);
#6003 = DIRECTION('',(-0.,1.));
#6004 = ( GEOMETRIC_REPRESENTATION_CONTEXT(2) 
PARAMETRIC_REPRESENTATION_CONTEXT() REPRESENTATION_CONTEXT('2D SPACE',''
  ) );
#6005 = PCURVE('',#6006,#6011);
#6006 = PLANE('',#6007);
#6007 = AXIS2_PLACEMENT_3D('',#6008,#6009,#6010);
#6008 = CARTESIAN_POINT('',(-5.45,5.2,-19.55));
#6009 = DIRECTION('',(-0.707106781187,0.,0.707106781187));
#6010 = DIRECTION('',(0.,1.,-0.));
#6011 = DEFINITIONAL_REPRESENTATION('',(#6012),#6016);
#6012 = LINE('',#6013,#6014);
#6013 = CARTESIAN_POINT('',(-0.,-0.282842712475));
#6014 = VECTOR('',#6015,1.);
#6015 = DIRECTION('',(-1.,0.));
#6016 = ( GEOMETRIC_REPRESENTATION_CONTEXT(2) 
PARAMETRIC_REPRESENTATION_CONTEXT() REPRESENTATION_CONTEXT('2D SPACE',''
  ) );
#6017 = ORIENTED_EDGE('',*,*,#6018,.T.);
#6018 = EDGE_CURVE('',#5991,#812,#6019,.T.);
#6019 = SURFACE_CURVE('',#6020,(#6024,#6031),.PCURVE_S1.);
#6020 = LINE('',#6021,#6022);
#6021 = CARTESIAN_POINT('',(-5.25,5.2,-19.75));
#6022 = VECTOR('',#6023,1.);
#6023 = DIRECTION('',(0.,0.,1.));
#6024 = PCURVE('',#855,#6025);
#6025 = DEFINITIONAL_REPRESENTATION('',(#6026),#6030);
#6026 = LINE('',#6027,#6028);
#6027 = CARTESIAN_POINT('',(0.,-7.));
#6028 = VECTOR('',#6029,1.);
#6029 = DIRECTION('',(1.,0.));
#6030 = ( GEOMETRIC_REPRESENTATION_CONTEXT(2) 
PARAMETRIC_REPRESENTATION_CONTEXT() REPRESENTATION_CONTEXT('2D SPACE',''
  ) );
#6031 = PCURVE('',#828,#6032);
#6032 = DEFINITIONAL_REPRESENTATION('',(#6033),#6037);
#6033 = LINE('',#6034,#6035);
#6034 = CARTESIAN_POINT('',(0.,0.));
#6035 = VECTOR('',#6036,1.);
#6036 = DIRECTION('',(0.,1.));
#6037 = ( GEOMETRIC_REPRESENTATION_CONTEXT(2) 
PARAMETRIC_REPRESENTATION_CONTEXT() REPRESENTATION_CONTEXT('2D SPACE',''
  ) );
#6038 = ORIENTED_EDGE('',*,*,#840,.F.);
#6039 = ADVANCED_FACE('',(#6040),#828,.T.);
#6040 = FACE_BOUND('',#6041,.T.);
#6041 = EDGE_LOOP('',(#6042,#6043,#6070,#6071));
#6042 = ORIENTED_EDGE('',*,*,#6018,.F.);
#6043 = ORIENTED_EDGE('',*,*,#6044,.F.);
#6044 = EDGE_CURVE('',#1088,#5991,#6045,.T.);
#6045 = SURFACE_CURVE('',#6046,(#6051,#6058),.PCURVE_S1.);
#6046 = CIRCLE('',#6047,1.5);
#6047 = AXIS2_PLACEMENT_3D('',#6048,#6049,#6050);
#6048 = CARTESIAN_POINT('',(-6.75,5.2,-19.35));
#6049 = DIRECTION('',(0.,-0.,-1.));
#6050 = DIRECTION('',(0.,1.,-0.));
#6051 = PCURVE('',#828,#6052);
#6052 = DEFINITIONAL_REPRESENTATION('',(#6053),#6057);
#6053 = LINE('',#6054,#6055);
#6054 = CARTESIAN_POINT('',(1.570796326795,0.4));
#6055 = VECTOR('',#6056,1.);
#6056 = DIRECTION('',(-1.,-0.));
#6057 = ( GEOMETRIC_REPRESENTATION_CONTEXT(2) 
PARAMETRIC_REPRESENTATION_CONTEXT() REPRESENTATION_CONTEXT('2D SPACE',''
  ) );
#6058 = PCURVE('',#6059,#6064);
#6059 = CONICAL_SURFACE('',#6060,1.5,0.785398163397);
#6060 = AXIS2_PLACEMENT_3D('',#6061,#6062,#6063);
#6061 = CARTESIAN_POINT('',(-6.75,5.2,-19.35));
#6062 = DIRECTION('',(0.,0.,1.));
#6063 = DIRECTION('',(0.,1.,0.));
#6064 = DEFINITIONAL_REPRESENTATION('',(#6065),#6069);
#6065 = LINE('',#6066,#6067);
#6066 = CARTESIAN_POINT('',(-0.,-0.));
#6067 = VECTOR('',#6068,1.);
#6068 = DIRECTION('',(-1.,-0.));
#6069 = ( GEOMETRIC_REPRESENTATION_CONTEXT(2) 
PARAMETRIC_REPRESENTATION_CONTEXT() REPRESENTATION_CONTEXT('2D SPACE',''
  ) );
#6070 = ORIENTED_EDGE('',*,*,#1138,.T.);
#6071 = ORIENTED_EDGE('',*,*,#811,.F.);
#6072 = ADVANCED_FACE('',(#6073),#1103,.F.);
#6073 = FACE_BOUND('',#6074,.T.);
#6074 = EDGE_LOOP('',(#6075,#6096,#6097,#6118));
#6075 = ORIENTED_EDGE('',*,*,#6076,.F.);
#6076 = EDGE_CURVE('',#1086,#6077,#6079,.T.);
#6077 = VERTEX_POINT('',#6078);
#6078 = CARTESIAN_POINT('',(-10.75,6.3,-19.75));
#6079 = SURFACE_CURVE('',#6080,(#6084,#6090),.PCURVE_S1.);
#6080 = LINE('',#6081,#6082);
#6081 = CARTESIAN_POINT('',(-10.75,6.7,-19.35));
#6082 = VECTOR('',#6083,1.);
#6083 = DIRECTION('',(4.329780281177E-17,-0.707106781187,-0.707106781187
    ));
#6084 = PCURVE('',#1103,#6085);
#6085 = DEFINITIONAL_REPRESENTATION('',(#6086),#6089);
#6086 = B_SPLINE_CURVE_WITH_KNOTS('',1,(#6087,#6088),.UNSPECIFIED.,.F.,
  .F.,(2,2),(0.,0.565685424949),.PIECEWISE_BEZIER_KNOTS.);
#6087 = CARTESIAN_POINT('',(0.,-0.282842712475));
#6088 = CARTESIAN_POINT('',(0.,0.282842712475));
#6089 = ( GEOMETRIC_REPRESENTATION_CONTEXT(2) 
PARAMETRIC_REPRESENTATION_CONTEXT() REPRESENTATION_CONTEXT('2D SPACE',''
  ) );
#6090 = PCURVE('',#1200,#6091);
#6091 = DEFINITIONAL_REPRESENTATION('',(#6092),#6095);
#6092 = B_SPLINE_CURVE_WITH_KNOTS('',1,(#6093,#6094),.UNSPECIFIED.,.F.,
  .F.,(2,2),(0.,0.565685424949),.PIECEWISE_BEZIER_KNOTS.);
#6093 = CARTESIAN_POINT('',(-1.570796326795,0.));
#6094 = CARTESIAN_POINT('',(-1.570796326795,-0.4));
#6095 = ( GEOMETRIC_REPRESENTATION_CONTEXT(2) 
PARAMETRIC_REPRESENTATION_CONTEXT() REPRESENTATION_CONTEXT('2D SPACE',''
  ) );
#6096 = ORIENTED_EDGE('',*,*,#1085,.T.);
#6097 = ORIENTED_EDGE('',*,*,#6098,.T.);
#6098 = EDGE_CURVE('',#1088,#6099,#6101,.T.);
#6099 = VERTEX_POINT('',#6100);
#6100 = CARTESIAN_POINT('',(-6.75,6.3,-19.75));
#6101 = SURFACE_CURVE('',#6102,(#6106,#6112),.PCURVE_S1.);
#6102 = LINE('',#6103,#6104);
#6103 = CARTESIAN_POINT('',(-6.75,6.5,-19.55));
#6104 = VECTOR('',#6105,1.);
#6105 = DIRECTION('',(0.,-0.707106781187,-0.707106781187));
#6106 = PCURVE('',#1103,#6107);
#6107 = DEFINITIONAL_REPRESENTATION('',(#6108),#6111);
#6108 = B_SPLINE_CURVE_WITH_KNOTS('',1,(#6109,#6110),.UNSPECIFIED.,.F.,
  .F.,(2,2),(-0.282842712475,0.282842712475),.PIECEWISE_BEZIER_KNOTS.);
#6109 = CARTESIAN_POINT('',(-4.,-0.282842712475));
#6110 = CARTESIAN_POINT('',(-4.,0.282842712475));
#6111 = ( GEOMETRIC_REPRESENTATION_CONTEXT(2) 
PARAMETRIC_REPRESENTATION_CONTEXT() REPRESENTATION_CONTEXT('2D SPACE',''
  ) );
#6112 = PCURVE('',#6059,#6113);
#6113 = DEFINITIONAL_REPRESENTATION('',(#6114),#6117);
#6114 = B_SPLINE_CURVE_WITH_KNOTS('',1,(#6115,#6116),.UNSPECIFIED.,.F.,
  .F.,(2,2),(-0.282842712475,0.282842712475),.PIECEWISE_BEZIER_KNOTS.);
#6115 = CARTESIAN_POINT('',(0.,0.));
#6116 = CARTESIAN_POINT('',(0.,-0.4));
#6117 = ( GEOMETRIC_REPRESENTATION_CONTEXT(2) 
PARAMETRIC_REPRESENTATION_CONTEXT() REPRESENTATION_CONTEXT('2D SPACE',''
  ) );
#6118 = ORIENTED_EDGE('',*,*,#6119,.F.);
#6119 = EDGE_CURVE('',#6077,#6099,#6120,.T.);
#6120 = SURFACE_CURVE('',#6121,(#6125,#6132),.PCURVE_S1.);
#6121 = LINE('',#6122,#6123);
#6122 = CARTESIAN_POINT('',(-10.75,6.3,-19.75));
#6123 = VECTOR('',#6124,1.);
#6124 = DIRECTION('',(1.,0.,0.));
#6125 = PCURVE('',#1103,#6126);
#6126 = DEFINITIONAL_REPRESENTATION('',(#6127),#6131);
#6127 = LINE('',#6128,#6129);
#6128 = CARTESIAN_POINT('',(-0.,0.282842712475));
#6129 = VECTOR('',#6130,1.);
#6130 = DIRECTION('',(-1.,0.));
#6131 = ( GEOMETRIC_REPRESENTATION_CONTEXT(2) 
PARAMETRIC_REPRESENTATION_CONTEXT() REPRESENTATION_CONTEXT('2D SPACE',''
  ) );
#6132 = PCURVE('',#6133,#6138);
#6133 = PLANE('',#6134);
#6134 = AXIS2_PLACEMENT_3D('',#6135,#6136,#6137);
#6135 = CARTESIAN_POINT('',(-12.25,-1.8,-19.75));
#6136 = DIRECTION('',(0.,0.,1.));
#6137 = DIRECTION('',(1.,0.,0.));
#6138 = DEFINITIONAL_REPRESENTATION('',(#6139),#6143);
#6139 = LINE('',#6140,#6141);
#6140 = CARTESIAN_POINT('',(1.5,8.1));
#6141 = VECTOR('',#6142,1.);
#6142 = DIRECTION('',(1.,0.));
#6143 = ( GEOMETRIC_REPRESENTATION_CONTEXT(2) 
PARAMETRIC_REPRESENTATION_CONTEXT() REPRESENTATION_CONTEXT('2D SPACE',''
  ) );
#6144 = ADVANCED_FACE('',(#6145),#1200,.T.);
#6145 = FACE_BOUND('',#6146,.T.);
#6146 = EDGE_LOOP('',(#6147,#6168,#6169,#6170));
#6147 = ORIENTED_EDGE('',*,*,#6148,.F.);
#6148 = EDGE_CURVE('',#1163,#6149,#6151,.T.);
#6149 = VERTEX_POINT('',#6150);
#6150 = CARTESIAN_POINT('',(-11.85,5.2,-19.75));
#6151 = SURFACE_CURVE('',#6152,(#6156,#6162),.PCURVE_S1.);
#6152 = LINE('',#6153,#6154);
#6153 = CARTESIAN_POINT('',(-12.05,5.2,-19.55));
#6154 = VECTOR('',#6155,1.);
#6155 = DIRECTION('',(0.707106781187,0.,-0.707106781187));
#6156 = PCURVE('',#1200,#6157);
#6157 = DEFINITIONAL_REPRESENTATION('',(#6158),#6161);
#6158 = B_SPLINE_CURVE_WITH_KNOTS('',1,(#6159,#6160),.UNSPECIFIED.,.F.,
  .F.,(2,2),(-0.282842712475,0.282842712475),.PIECEWISE_BEZIER_KNOTS.);
#6159 = CARTESIAN_POINT('',(0.,0.));
#6160 = CARTESIAN_POINT('',(0.,-0.4));
#6161 = ( GEOMETRIC_REPRESENTATION_CONTEXT(2) 
PARAMETRIC_REPRESENTATION_CONTEXT() REPRESENTATION_CONTEXT('2D SPACE',''
  ) );
#6162 = PCURVE('',#1254,#6163);
#6163 = DEFINITIONAL_REPRESENTATION('',(#6164),#6167);
#6164 = B_SPLINE_CURVE_WITH_KNOTS('',1,(#6165,#6166),.UNSPECIFIED.,.F.,
  .F.,(2,2),(-0.282842712475,0.282842712475),.PIECEWISE_BEZIER_KNOTS.);
#6165 = CARTESIAN_POINT('',(5.5,-0.282842712475));
#6166 = CARTESIAN_POINT('',(5.5,0.282842712475));
#6167 = ( GEOMETRIC_REPRESENTATION_CONTEXT(2) 
PARAMETRIC_REPRESENTATION_CONTEXT() REPRESENTATION_CONTEXT('2D SPACE',''
  ) );
#6168 = ORIENTED_EDGE('',*,*,#1185,.T.);
#6169 = ORIENTED_EDGE('',*,*,#6076,.T.);
#6170 = ORIENTED_EDGE('',*,*,#6171,.F.);
#6171 = EDGE_CURVE('',#6149,#6077,#6172,.T.);
#6172 = SURFACE_CURVE('',#6173,(#6178,#6185),.PCURVE_S1.);
#6173 = CIRCLE('',#6174,1.1);
#6174 = AXIS2_PLACEMENT_3D('',#6175,#6176,#6177);
#6175 = CARTESIAN_POINT('',(-10.75,5.2,-19.75));
#6176 = DIRECTION('',(-0.,0.,-1.));
#6177 = DIRECTION('',(-1.,0.,0.));
#6178 = PCURVE('',#1200,#6179);
#6179 = DEFINITIONAL_REPRESENTATION('',(#6180),#6184);
#6180 = LINE('',#6181,#6182);
#6181 = CARTESIAN_POINT('',(-0.,-0.4));
#6182 = VECTOR('',#6183,1.);
#6183 = DIRECTION('',(-1.,-0.));
#6184 = ( GEOMETRIC_REPRESENTATION_CONTEXT(2) 
PARAMETRIC_REPRESENTATION_CONTEXT() REPRESENTATION_CONTEXT('2D SPACE',''
  ) );
#6185 = PCURVE('',#6133,#6186);
#6186 = DEFINITIONAL_REPRESENTATION('',(#6187),#6195);
#6187 = ( BOUNDED_CURVE() B_SPLINE_CURVE(2,(#6188,#6189,#6190,#6191,
#6192,#6193,#6194),.UNSPECIFIED.,.T.,.F.) B_SPLINE_CURVE_WITH_KNOTS((1,2
    ,2,2,2,1),(-2.094395102393,0.,2.094395102393,4.188790204786,
6.28318530718,8.377580409573),.UNSPECIFIED.) CURVE() 
GEOMETRIC_REPRESENTATION_ITEM() RATIONAL_B_SPLINE_CURVE((1.,0.5,1.,0.5,
1.,0.5,1.)) REPRESENTATION_ITEM('') );
#6188 = CARTESIAN_POINT('',(0.4,7.));
#6189 = CARTESIAN_POINT('',(0.4,8.905255888326));
#6190 = CARTESIAN_POINT('',(2.05,7.952627944163));
#6191 = CARTESIAN_POINT('',(3.7,7.));
#6192 = CARTESIAN_POINT('',(2.05,6.047372055837));
#6193 = CARTESIAN_POINT('',(0.4,5.094744111674));
#6194 = CARTESIAN_POINT('',(0.4,7.));
#6195 = ( GEOMETRIC_REPRESENTATION_CONTEXT(2) 
PARAMETRIC_REPRESENTATION_CONTEXT() REPRESENTATION_CONTEXT('2D SPACE',''
  ) );
#6196 = ADVANCED_FACE('',(#6197),#1254,.T.);
#6197 = FACE_BOUND('',#6198,.T.);
#6198 = EDGE_LOOP('',(#6199,#6220,#6221,#6222));
#6199 = ORIENTED_EDGE('',*,*,#6200,.F.);
#6200 = EDGE_CURVE('',#1218,#6201,#6203,.T.);
#6201 = VERTEX_POINT('',#6202);
#6202 = CARTESIAN_POINT('',(-11.85,-0.3,-19.75));
#6203 = SURFACE_CURVE('',#6204,(#6208,#6214),.PCURVE_S1.);
#6204 = LINE('',#6205,#6206);
#6205 = CARTESIAN_POINT('',(-12.05,-0.3,-19.55));
#6206 = VECTOR('',#6207,1.);
#6207 = DIRECTION('',(0.707106781187,0.,-0.707106781187));
#6208 = PCURVE('',#1254,#6209);
#6209 = DEFINITIONAL_REPRESENTATION('',(#6210),#6213);
#6210 = B_SPLINE_CURVE_WITH_KNOTS('',1,(#6211,#6212),.UNSPECIFIED.,.F.,
  .F.,(2,2),(-0.282842712475,0.282842712475),.PIECEWISE_BEZIER_KNOTS.);
#6211 = CARTESIAN_POINT('',(0.,-0.282842712475));
#6212 = CARTESIAN_POINT('',(0.,0.282842712475));
#6213 = ( GEOMETRIC_REPRESENTATION_CONTEXT(2) 
PARAMETRIC_REPRESENTATION_CONTEXT() REPRESENTATION_CONTEXT('2D SPACE',''
  ) );
#6214 = PCURVE('',#1289,#6215);
#6215 = DEFINITIONAL_REPRESENTATION('',(#6216),#6219);
#6216 = B_SPLINE_CURVE_WITH_KNOTS('',1,(#6217,#6218),.UNSPECIFIED.,.F.,
  .F.,(2,2),(-0.282842712475,0.282842712475),.PIECEWISE_BEZIER_KNOTS.);
#6217 = CARTESIAN_POINT('',(-1.570796326795,0.));
#6218 = CARTESIAN_POINT('',(-1.570796326795,-0.4));
#6219 = ( GEOMETRIC_REPRESENTATION_CONTEXT(2) 
PARAMETRIC_REPRESENTATION_CONTEXT() REPRESENTATION_CONTEXT('2D SPACE',''
  ) );
#6220 = ORIENTED_EDGE('',*,*,#1240,.T.);
#6221 = ORIENTED_EDGE('',*,*,#6148,.T.);
#6222 = ORIENTED_EDGE('',*,*,#6223,.F.);
#6223 = EDGE_CURVE('',#6201,#6149,#6224,.T.);
#6224 = SURFACE_CURVE('',#6225,(#6229,#6236),.PCURVE_S1.);
#6225 = LINE('',#6226,#6227);
#6226 = CARTESIAN_POINT('',(-11.85,-0.3,-19.75));
#6227 = VECTOR('',#6228,1.);
#6228 = DIRECTION('',(0.,1.,0.));
#6229 = PCURVE('',#1254,#6230);
#6230 = DEFINITIONAL_REPRESENTATION('',(#6231),#6235);
#6231 = LINE('',#6232,#6233);
#6232 = CARTESIAN_POINT('',(0.,0.282842712475));
#6233 = VECTOR('',#6234,1.);
#6234 = DIRECTION('',(1.,0.));
#6235 = ( GEOMETRIC_REPRESENTATION_CONTEXT(2) 
PARAMETRIC_REPRESENTATION_CONTEXT() REPRESENTATION_CONTEXT('2D SPACE',''
  ) );
#6236 = PCURVE('',#6133,#6237);
#6237 = DEFINITIONAL_REPRESENTATION('',(#6238),#6242);
#6238 = LINE('',#6239,#6240);
#6239 = CARTESIAN_POINT('',(0.4,1.5));
#6240 = VECTOR('',#6241,1.);
#6241 = DIRECTION('',(0.,1.));
#6242 = ( GEOMETRIC_REPRESENTATION_CONTEXT(2) 
PARAMETRIC_REPRESENTATION_CONTEXT() REPRESENTATION_CONTEXT('2D SPACE',''
  ) );
#6243 = ADVANCED_FACE('',(#6244),#1289,.T.);
#6244 = FACE_BOUND('',#6245,.T.);
#6245 = EDGE_LOOP('',(#6246,#6267,#6268,#6269));
#6246 = ORIENTED_EDGE('',*,*,#6247,.F.);
#6247 = EDGE_CURVE('',#1273,#6248,#6250,.T.);
#6248 = VERTEX_POINT('',#6249);
#6249 = CARTESIAN_POINT('',(-10.75,-1.4,-19.75));
#6250 = SURFACE_CURVE('',#6251,(#6255,#6261),.PCURVE_S1.);
#6251 = LINE('',#6252,#6253);
#6252 = CARTESIAN_POINT('',(-10.75,-1.6,-19.55));
#6253 = VECTOR('',#6254,1.);
#6254 = DIRECTION('',(-0.,0.707106781187,-0.707106781187));
#6255 = PCURVE('',#1289,#6256);
#6256 = DEFINITIONAL_REPRESENTATION('',(#6257),#6260);
#6257 = B_SPLINE_CURVE_WITH_KNOTS('',1,(#6258,#6259),.UNSPECIFIED.,.F.,
  .F.,(2,2),(-0.282842712475,0.282842712475),.PIECEWISE_BEZIER_KNOTS.);
#6258 = CARTESIAN_POINT('',(0.,0.));
#6259 = CARTESIAN_POINT('',(0.,-0.4));
#6260 = ( GEOMETRIC_REPRESENTATION_CONTEXT(2) 
PARAMETRIC_REPRESENTATION_CONTEXT() REPRESENTATION_CONTEXT('2D SPACE',''
  ) );
#6261 = PCURVE('',#1485,#6262);
#6262 = DEFINITIONAL_REPRESENTATION('',(#6263),#6266);
#6263 = B_SPLINE_CURVE_WITH_KNOTS('',1,(#6264,#6265),.UNSPECIFIED.,.F.,
  .F.,(2,2),(-0.282842712475,0.282842712475),.PIECEWISE_BEZIER_KNOTS.);
#6264 = CARTESIAN_POINT('',(4.,-0.282842712475));
#6265 = CARTESIAN_POINT('',(4.,0.282842712475));
#6266 = ( GEOMETRIC_REPRESENTATION_CONTEXT(2) 
PARAMETRIC_REPRESENTATION_CONTEXT() REPRESENTATION_CONTEXT('2D SPACE',''
  ) );
#6267 = ORIENTED_EDGE('',*,*,#1272,.T.);
#6268 = ORIENTED_EDGE('',*,*,#6200,.T.);
#6269 = ORIENTED_EDGE('',*,*,#6270,.F.);
#6270 = EDGE_CURVE('',#6248,#6201,#6271,.T.);
#6271 = SURFACE_CURVE('',#6272,(#6277,#6284),.PCURVE_S1.);
#6272 = CIRCLE('',#6273,1.1);
#6273 = AXIS2_PLACEMENT_3D('',#6274,#6275,#6276);
#6274 = CARTESIAN_POINT('',(-10.75,-0.3,-19.75));
#6275 = DIRECTION('',(-0.,-0.,-1.));
#6276 = DIRECTION('',(0.,-1.,0.));
#6277 = PCURVE('',#1289,#6278);
#6278 = DEFINITIONAL_REPRESENTATION('',(#6279),#6283);
#6279 = LINE('',#6280,#6281);
#6280 = CARTESIAN_POINT('',(-0.,-0.4));
#6281 = VECTOR('',#6282,1.);
#6282 = DIRECTION('',(-1.,-0.));
#6283 = ( GEOMETRIC_REPRESENTATION_CONTEXT(2) 
PARAMETRIC_REPRESENTATION_CONTEXT() REPRESENTATION_CONTEXT('2D SPACE',''
  ) );
#6284 = PCURVE('',#6133,#6285);
#6285 = DEFINITIONAL_REPRESENTATION('',(#6286),#6294);
#6286 = ( BOUNDED_CURVE() B_SPLINE_CURVE(2,(#6287,#6288,#6289,#6290,
#6291,#6292,#6293),.UNSPECIFIED.,.T.,.F.) B_SPLINE_CURVE_WITH_KNOTS((1,2
    ,2,2,2,1),(-2.094395102393,0.,2.094395102393,4.188790204786,
6.28318530718,8.377580409573),.UNSPECIFIED.) CURVE() 
GEOMETRIC_REPRESENTATION_ITEM() RATIONAL_B_SPLINE_CURVE((1.,0.5,1.,0.5,
1.,0.5,1.)) REPRESENTATION_ITEM('') );
#6287 = CARTESIAN_POINT('',(1.5,0.4));
#6288 = CARTESIAN_POINT('',(-0.405255888326,0.4));
#6289 = CARTESIAN_POINT('',(0.547372055837,2.05));
#6290 = CARTESIAN_POINT('',(1.5,3.7));
#6291 = CARTESIAN_POINT('',(2.452627944163,2.05));
#6292 = CARTESIAN_POINT('',(3.405255888326,0.4));
#6293 = CARTESIAN_POINT('',(1.5,0.4));
#6294 = ( GEOMETRIC_REPRESENTATION_CONTEXT(2) 
PARAMETRIC_REPRESENTATION_CONTEXT() REPRESENTATION_CONTEXT('2D SPACE',''
  ) );
#6295 = ADVANCED_FACE('',(#6296),#1775,.T.);
#6296 = FACE_BOUND('',#6297,.T.);
#6297 = EDGE_LOOP('',(#6298,#6324,#6325,#6346));
#6298 = ORIENTED_EDGE('',*,*,#6299,.F.);
#6299 = EDGE_CURVE('',#1732,#6300,#6302,.T.);
#6300 = VERTEX_POINT('',#6301);
#6301 = CARTESIAN_POINT('',(10.75,-1.4,-19.75));
#6302 = SURFACE_CURVE('',#6303,(#6307,#6313),.PCURVE_S1.);
#6303 = LINE('',#6304,#6305);
#6304 = CARTESIAN_POINT('',(10.75,-1.8,-19.35));
#6305 = VECTOR('',#6306,1.);
#6306 = DIRECTION('',(-1.741388410354E-16,0.707106781187,-0.707106781187
    ));
#6307 = PCURVE('',#1775,#6308);
#6308 = DEFINITIONAL_REPRESENTATION('',(#6309),#6312);
#6309 = B_SPLINE_CURVE_WITH_KNOTS('',1,(#6310,#6311),.UNSPECIFIED.,.F.,
  .F.,(2,2),(0.,0.565685424949),.PIECEWISE_BEZIER_KNOTS.);
#6310 = CARTESIAN_POINT('',(0.,-0.282842712475));
#6311 = CARTESIAN_POINT('',(0.,0.282842712475));
#6312 = ( GEOMETRIC_REPRESENTATION_CONTEXT(2) 
PARAMETRIC_REPRESENTATION_CONTEXT() REPRESENTATION_CONTEXT('2D SPACE',''
  ) );
#6313 = PCURVE('',#6314,#6319);
#6314 = CONICAL_SURFACE('',#6315,1.5,0.785398163397);
#6315 = AXIS2_PLACEMENT_3D('',#6316,#6317,#6318);
#6316 = CARTESIAN_POINT('',(10.75,-0.3,-19.35));
#6317 = DIRECTION('',(0.,0.,1.));
#6318 = DIRECTION('',(1.,1.850371707709E-16,-0.));
#6319 = DEFINITIONAL_REPRESENTATION('',(#6320),#6323);
#6320 = B_SPLINE_CURVE_WITH_KNOTS('',1,(#6321,#6322),.UNSPECIFIED.,.F.,
  .F.,(2,2),(0.,0.565685424949),.PIECEWISE_BEZIER_KNOTS.);
#6321 = CARTESIAN_POINT('',(-1.570796326795,0.));
#6322 = CARTESIAN_POINT('',(-1.570796326795,-0.4));
#6323 = ( GEOMETRIC_REPRESENTATION_CONTEXT(2) 
PARAMETRIC_REPRESENTATION_CONTEXT() REPRESENTATION_CONTEXT('2D SPACE',''
  ) );
#6324 = ORIENTED_EDGE('',*,*,#1759,.T.);
#6325 = ORIENTED_EDGE('',*,*,#6326,.T.);
#6326 = EDGE_CURVE('',#1760,#6327,#6329,.T.);
#6327 = VERTEX_POINT('',#6328);
#6328 = CARTESIAN_POINT('',(6.75,-1.4,-19.75));
#6329 = SURFACE_CURVE('',#6330,(#6334,#6340),.PCURVE_S1.);
#6330 = LINE('',#6331,#6332);
#6331 = CARTESIAN_POINT('',(6.75,-1.6,-19.55));
#6332 = VECTOR('',#6333,1.);
#6333 = DIRECTION('',(-0.,0.707106781187,-0.707106781187));
#6334 = PCURVE('',#1775,#6335);
#6335 = DEFINITIONAL_REPRESENTATION('',(#6336),#6339);
#6336 = B_SPLINE_CURVE_WITH_KNOTS('',1,(#6337,#6338),.UNSPECIFIED.,.F.,
  .F.,(2,2),(-0.282842712475,0.282842712475),.PIECEWISE_BEZIER_KNOTS.);
#6337 = CARTESIAN_POINT('',(4.,-0.282842712475));
#6338 = CARTESIAN_POINT('',(4.,0.282842712475));
#6339 = ( GEOMETRIC_REPRESENTATION_CONTEXT(2) 
PARAMETRIC_REPRESENTATION_CONTEXT() REPRESENTATION_CONTEXT('2D SPACE',''
  ) );
#6340 = PCURVE('',#5790,#6341);
#6341 = DEFINITIONAL_REPRESENTATION('',(#6342),#6345);
#6342 = B_SPLINE_CURVE_WITH_KNOTS('',1,(#6343,#6344),.UNSPECIFIED.,.F.,
  .F.,(2,2),(-0.282842712475,0.282842712475),.PIECEWISE_BEZIER_KNOTS.);
#6343 = CARTESIAN_POINT('',(0.,0.));
#6344 = CARTESIAN_POINT('',(0.,-0.4));
#6345 = ( GEOMETRIC_REPRESENTATION_CONTEXT(2) 
PARAMETRIC_REPRESENTATION_CONTEXT() REPRESENTATION_CONTEXT('2D SPACE',''
  ) );
#6346 = ORIENTED_EDGE('',*,*,#6347,.F.);
#6347 = EDGE_CURVE('',#6300,#6327,#6348,.T.);
#6348 = SURFACE_CURVE('',#6349,(#6353,#6360),.PCURVE_S1.);
#6349 = LINE('',#6350,#6351);
#6350 = CARTESIAN_POINT('',(10.75,-1.4,-19.75));
#6351 = VECTOR('',#6352,1.);
#6352 = DIRECTION('',(-1.,-0.,-0.));
#6353 = PCURVE('',#1775,#6354);
#6354 = DEFINITIONAL_REPRESENTATION('',(#6355),#6359);
#6355 = LINE('',#6356,#6357);
#6356 = CARTESIAN_POINT('',(0.,0.282842712475));
#6357 = VECTOR('',#6358,1.);
#6358 = DIRECTION('',(1.,0.));
#6359 = ( GEOMETRIC_REPRESENTATION_CONTEXT(2) 
PARAMETRIC_REPRESENTATION_CONTEXT() REPRESENTATION_CONTEXT('2D SPACE',''
  ) );
#6360 = PCURVE('',#6361,#6366);
#6361 = PLANE('',#6362);
#6362 = AXIS2_PLACEMENT_3D('',#6363,#6364,#6365);
#6363 = CARTESIAN_POINT('',(5.25,-1.8,-19.75));
#6364 = DIRECTION('',(0.,0.,1.));
#6365 = DIRECTION('',(1.,0.,0.));
#6366 = DEFINITIONAL_REPRESENTATION('',(#6367),#6371);
#6367 = LINE('',#6368,#6369);
#6368 = CARTESIAN_POINT('',(5.5,0.4));
#6369 = VECTOR('',#6370,1.);
#6370 = DIRECTION('',(-1.,-0.));
#6371 = ( GEOMETRIC_REPRESENTATION_CONTEXT(2) 
PARAMETRIC_REPRESENTATION_CONTEXT() REPRESENTATION_CONTEXT('2D SPACE',''
  ) );
#6372 = ADVANCED_FACE('',(#6373),#1747,.T.);
#6373 = FACE_BOUND('',#6374,.F.);
#6374 = EDGE_LOOP('',(#6375,#6398,#6420,#6421,#6484));
#6375 = ORIENTED_EDGE('',*,*,#6376,.F.);
#6376 = EDGE_CURVE('',#6377,#5441,#6379,.T.);
#6377 = VERTEX_POINT('',#6378);
#6378 = CARTESIAN_POINT('',(12.25,-0.3,-19.35));
#6379 = SURFACE_CURVE('',#6380,(#6384,#6391),.PCURVE_S1.);
#6380 = LINE('',#6381,#6382);
#6381 = CARTESIAN_POINT('',(12.25,-0.3,-19.75));
#6382 = VECTOR('',#6383,1.);
#6383 = DIRECTION('',(0.,0.,1.));
#6384 = PCURVE('',#1747,#6385);
#6385 = DEFINITIONAL_REPRESENTATION('',(#6386),#6390);
#6386 = LINE('',#6387,#6388);
#6387 = CARTESIAN_POINT('',(-0.,0.));
#6388 = VECTOR('',#6389,1.);
#6389 = DIRECTION('',(-0.,1.));
#6390 = ( GEOMETRIC_REPRESENTATION_CONTEXT(2) 
PARAMETRIC_REPRESENTATION_CONTEXT() REPRESENTATION_CONTEXT('2D SPACE',''
  ) );
#6391 = PCURVE('',#5490,#6392);
#6392 = DEFINITIONAL_REPRESENTATION('',(#6393),#6397);
#6393 = LINE('',#6394,#6395);
#6394 = CARTESIAN_POINT('',(0.,-1.5));
#6395 = VECTOR('',#6396,1.);
#6396 = DIRECTION('',(1.,0.));
#6397 = ( GEOMETRIC_REPRESENTATION_CONTEXT(2) 
PARAMETRIC_REPRESENTATION_CONTEXT() REPRESENTATION_CONTEXT('2D SPACE',''
  ) );
#6398 = ORIENTED_EDGE('',*,*,#6399,.T.);
#6399 = EDGE_CURVE('',#6377,#1732,#6400,.T.);
#6400 = SURFACE_CURVE('',#6401,(#6406,#6413),.PCURVE_S1.);
#6401 = CIRCLE('',#6402,1.5);
#6402 = AXIS2_PLACEMENT_3D('',#6403,#6404,#6405);
#6403 = CARTESIAN_POINT('',(10.75,-0.3,-19.35));
#6404 = DIRECTION('',(0.,-0.,-1.));
#6405 = DIRECTION('',(1.,1.850371707709E-16,-0.));
#6406 = PCURVE('',#1747,#6407);
#6407 = DEFINITIONAL_REPRESENTATION('',(#6408),#6412);
#6408 = LINE('',#6409,#6410);
#6409 = CARTESIAN_POINT('',(-0.,0.4));
#6410 = VECTOR('',#6411,1.);
#6411 = DIRECTION('',(-1.,0.));
#6412 = ( GEOMETRIC_REPRESENTATION_CONTEXT(2) 
PARAMETRIC_REPRESENTATION_CONTEXT() REPRESENTATION_CONTEXT('2D SPACE',''
  ) );
#6413 = PCURVE('',#6314,#6414);
#6414 = DEFINITIONAL_REPRESENTATION('',(#6415),#6419);
#6415 = LINE('',#6416,#6417);
#6416 = CARTESIAN_POINT('',(-0.,-0.));
#6417 = VECTOR('',#6418,1.);
#6418 = DIRECTION('',(-1.,-0.));
#6419 = ( GEOMETRIC_REPRESENTATION_CONTEXT(2) 
PARAMETRIC_REPRESENTATION_CONTEXT() REPRESENTATION_CONTEXT('2D SPACE',''
  ) );
#6420 = ORIENTED_EDGE('',*,*,#1731,.T.);
#6421 = ORIENTED_EDGE('',*,*,#6422,.F.);
#6422 = EDGE_CURVE('',#5417,#1699,#6423,.T.);
#6423 = SURFACE_CURVE('',#6424,(#6442,#6463),.PCURVE_S1.);
#6424 = B_SPLINE_CURVE_WITH_KNOTS('',6,(#6425,#6426,#6427,#6428,#6429,
    #6430,#6431,#6432,#6433,#6434,#6435,#6436,#6437,#6438,#6439,#6440,
    #6441),.UNSPECIFIED.,.F.,.F.,(7,5,5,7),(0.,0.336833868147,
    0.528057481153,1.),.UNSPECIFIED.);
#6425 = CARTESIAN_POINT('',(12.164213562373,-0.8,-13.1893021533));
#6426 = CARTESIAN_POINT('',(12.130677720131,-0.89485368585,
    -13.21463204429));
#6427 = CARTESIAN_POINT('',(12.088592951324,-0.989595734152,
    -13.23238262781));
#6428 = CARTESIAN_POINT('',(12.037776326185,-1.082252588385,
    -13.24265119586));
#6429 = CARTESIAN_POINT('',(11.978615733166,-1.171064780577,
    -13.24583758381));
#6430 = CARTESIAN_POINT('',(11.911907676196,-1.254615551498,
    -13.24245767305));
#6431 = CARTESIAN_POINT('',(11.79716753748,-1.375680532118,
    -13.22785683328));
#6432 = CARTESIAN_POINT('',(11.753516165005,-1.417494980391,
    -13.22065546409));
#6433 = CARTESIAN_POINT('',(11.707945406688,-1.457098598316,
    -13.2116522612));
#6434 = CARTESIAN_POINT('',(11.66065000937,-1.4943510531,-13.20096512367
    ));
#6435 = CARTESIAN_POINT('',(11.61182862389,-1.529149442618,
    -13.18871352921));
#6436 = CARTESIAN_POINT('',(11.437893439072,-1.641069797007,
    -13.14120475407));
#6437 = CARTESIAN_POINT('',(11.306020845965,-1.705312997595,
    -13.09858520606));
#6438 = CARTESIAN_POINT('',(11.16891295035,-1.753124462224,
    -13.04890932079));
#6439 = CARTESIAN_POINT('',(11.029212536786,-1.784539799023,
    -12.99381291208));
#6440 = CARTESIAN_POINT('',(10.889021194406,-1.79999970433,
    -12.93472691144));
#6441 = CARTESIAN_POINT('',(10.750000003439,-1.8,-12.87298334465));
#6442 = PCURVE('',#1747,#6443);
#6443 = DEFINITIONAL_REPRESENTATION('',(#6444),#6462);
#6444 = B_SPLINE_CURVE_WITH_KNOTS('',6,(#6445,#6446,#6447,#6448,#6449,
    #6450,#6451,#6452,#6453,#6454,#6455,#6456,#6457,#6458,#6459,#6460,
    #6461),.UNSPECIFIED.,.F.,.F.,(7,5,5,7),(0.,0.336833868147,
    0.528057481153,1.),.UNSPECIFIED.);
#6445 = CARTESIAN_POINT('',(-0.339836909454,6.560697846694));
#6446 = CARTESIAN_POINT('',(-0.406908593939,6.535367955708));
#6447 = CARTESIAN_POINT('',(-0.475809888592,6.517617372181));
#6448 = CARTESIAN_POINT('',(-0.545883930276,6.507348804138));
#6449 = CARTESIAN_POINT('',(-0.616630841377,6.504162416188));
#6450 = CARTESIAN_POINT('',(-0.687651003419,6.507542326941));
#6451 = CARTESIAN_POINT('',(-0.798850581686,6.522143166715));
#6452 = CARTESIAN_POINT('',(-0.839101775206,6.52934453591));
#6453 = CARTESIAN_POINT('',(-0.879281260397,6.538347738791));
#6454 = CARTESIAN_POINT('',(-0.919348091273,6.549034876329));
#6455 = CARTESIAN_POINT('',(-0.959272312715,6.561286470783));
#6456 = CARTESIAN_POINT('',(-1.09716053515,6.608795245929));
#6457 = CARTESIAN_POINT('',(-1.194267476338,6.651414793936));
#6458 = CARTESIAN_POINT('',(-1.290085376546,6.701090679207));
#6459 = CARTESIAN_POINT('',(-1.384655821017,6.756187087911));
#6460 = CARTESIAN_POINT('',(-1.478115259585,6.815273088556));
#6461 = CARTESIAN_POINT('',(-1.570796324502,6.877016655346));
#6462 = ( GEOMETRIC_REPRESENTATION_CONTEXT(2) 
PARAMETRIC_REPRESENTATION_CONTEXT() REPRESENTATION_CONTEXT('2D SPACE',''
  ) );
#6463 = PCURVE('',#1719,#6464);
#6464 = DEFINITIONAL_REPRESENTATION('',(#6465),#6483);
#6465 = B_SPLINE_CURVE_WITH_KNOTS('',6,(#6466,#6467,#6468,#6469,#6470,
    #6471,#6472,#6473,#6474,#6475,#6476,#6477,#6478,#6479,#6480,#6481,
    #6482),.UNSPECIFIED.,.F.,.F.,(7,5,5,7),(0.,0.336833868147,
    0.528057481153,1.),.UNSPECIFIED.);
#6466 = CARTESIAN_POINT('',(-0.6468896025,6.28318530718));
#6467 = CARTESIAN_POINT('',(-0.638884488279,6.18833162133));
#6468 = CARTESIAN_POINT('',(-0.630450110704,6.093589961937));
#6469 = CARTESIAN_POINT('',(-0.621472506963,5.999394987447));
#6470 = CARTESIAN_POINT('',(-0.611876555963,5.90599810542));
#6471 = CARTESIAN_POINT('',(-0.601624786637,5.813604215011));
#6472 = CARTESIAN_POINT('',(-0.584523131362,5.670644200728));
#6473 = CARTESIAN_POINT('',(-0.578116686575,5.619247732528));
#6474 = CARTESIAN_POINT('',(-0.571494634054,5.568246698288));
#6475 = CARTESIAN_POINT('',(-0.564656765226,5.517651830968));
#6476 = CARTESIAN_POINT('',(-0.55760433965,5.46746501909));
#6477 = CARTESIAN_POINT('',(-0.532410247158,5.294816891741));
#6478 = CARTESIAN_POINT('',(-0.51319165514,5.174437635579));
#6479 = CARTESIAN_POINT('',(-0.492709964385,5.056407346241));
#6480 = CARTESIAN_POINT('',(-0.471024680762,4.940363700225));
#6481 = CARTESIAN_POINT('',(-0.448216756977,4.825899630939));
#6482 = CARTESIAN_POINT('',(-0.424389709481,4.712388980385));
#6483 = ( GEOMETRIC_REPRESENTATION_CONTEXT(2) 
PARAMETRIC_REPRESENTATION_CONTEXT() REPRESENTATION_CONTEXT('2D SPACE',''
  ) );
#6484 = ORIENTED_EDGE('',*,*,#5440,.F.);
#6485 = ADVANCED_FACE('',(#6486),#1719,.T.);
#6486 = FACE_BOUND('',#6487,.F.);
#6487 = EDGE_LOOP('',(#6488,#6489,#6490,#6510));
#6488 = ORIENTED_EDGE('',*,*,#6422,.T.);
#6489 = ORIENTED_EDGE('',*,*,#1698,.T.);
#6490 = ORIENTED_EDGE('',*,*,#6491,.T.);
#6491 = EDGE_CURVE('',#1671,#5389,#6492,.T.);
#6492 = SURFACE_CURVE('',#6493,(#6498,#6504),.PCURVE_S1.);
#6493 = CIRCLE('',#6494,1.);
#6494 = AXIS2_PLACEMENT_3D('',#6495,#6496,#6497);
#6495 = CARTESIAN_POINT('',(13.25,-0.8,-9.));
#6496 = DIRECTION('',(6.123233995737E-17,-0.,1.));
#6497 = DIRECTION('',(1.,0.,-6.123233995737E-17));
#6498 = PCURVE('',#1719,#6499);
#6499 = DEFINITIONAL_REPRESENTATION('',(#6500),#6503);
#6500 = B_SPLINE_CURVE_WITH_KNOTS('',1,(#6501,#6502),.UNSPECIFIED.,.F.,
  .F.,(2,2),(4.712388980385,6.28318530718),.PIECEWISE_BEZIER_KNOTS.);
#6501 = CARTESIAN_POINT('',(-1.570796326795,4.712388980385));
#6502 = CARTESIAN_POINT('',(-1.570796326795,6.28318530718));
#6503 = ( GEOMETRIC_REPRESENTATION_CONTEXT(2) 
PARAMETRIC_REPRESENTATION_CONTEXT() REPRESENTATION_CONTEXT('2D SPACE',''
  ) );
#6504 = PCURVE('',#1686,#6505);
#6505 = DEFINITIONAL_REPRESENTATION('',(#6506),#6509);
#6506 = B_SPLINE_CURVE_WITH_KNOTS('',1,(#6507,#6508),.UNSPECIFIED.,.F.,
  .F.,(2,2),(4.712388980385,6.28318530718),.PIECEWISE_BEZIER_KNOTS.);
#6507 = CARTESIAN_POINT('',(0.,0.));
#6508 = CARTESIAN_POINT('',(1.570796326795,0.));
#6509 = ( GEOMETRIC_REPRESENTATION_CONTEXT(2) 
PARAMETRIC_REPRESENTATION_CONTEXT() REPRESENTATION_CONTEXT('2D SPACE',''
  ) );
#6510 = ORIENTED_EDGE('',*,*,#5416,.F.);
#6511 = ADVANCED_FACE('',(#6512),#1686,.T.);
#6512 = FACE_BOUND('',#6513,.T.);
#6513 = EDGE_LOOP('',(#6514,#6515,#6538,#6558));
#6514 = ORIENTED_EDGE('',*,*,#6491,.T.);
#6515 = ORIENTED_EDGE('',*,*,#6516,.T.);
#6516 = EDGE_CURVE('',#5389,#6517,#6519,.T.);
#6517 = VERTEX_POINT('',#6518);
#6518 = CARTESIAN_POINT('',(14.25,-0.8,9.));
#6519 = SURFACE_CURVE('',#6520,(#6524,#6531),.PCURVE_S1.);
#6520 = LINE('',#6521,#6522);
#6521 = CARTESIAN_POINT('',(14.25,-0.8,-9.));
#6522 = VECTOR('',#6523,1.);
#6523 = DIRECTION('',(0.,0.,1.));
#6524 = PCURVE('',#1686,#6525);
#6525 = DEFINITIONAL_REPRESENTATION('',(#6526),#6530);
#6526 = LINE('',#6527,#6528);
#6527 = CARTESIAN_POINT('',(1.570796326795,0.));
#6528 = VECTOR('',#6529,1.);
#6529 = DIRECTION('',(0.,1.));
#6530 = ( GEOMETRIC_REPRESENTATION_CONTEXT(2) 
PARAMETRIC_REPRESENTATION_CONTEXT() REPRESENTATION_CONTEXT('2D SPACE',''
  ) );
#6531 = PCURVE('',#5404,#6532);
#6532 = DEFINITIONAL_REPRESENTATION('',(#6533),#6537);
#6533 = LINE('',#6534,#6535);
#6534 = CARTESIAN_POINT('',(5.25,-1.));
#6535 = VECTOR('',#6536,1.);
#6536 = DIRECTION('',(1.,0.));
#6537 = ( GEOMETRIC_REPRESENTATION_CONTEXT(2) 
PARAMETRIC_REPRESENTATION_CONTEXT() REPRESENTATION_CONTEXT('2D SPACE',''
  ) );
#6538 = ORIENTED_EDGE('',*,*,#6539,.F.);
#6539 = EDGE_CURVE('',#1638,#6517,#6540,.T.);
#6540 = SURFACE_CURVE('',#6541,(#6546,#6552),.PCURVE_S1.);
#6541 = CIRCLE('',#6542,1.);
#6542 = AXIS2_PLACEMENT_3D('',#6543,#6544,#6545);
#6543 = CARTESIAN_POINT('',(13.25,-0.8,9.));
#6544 = DIRECTION('',(0.,0.,1.));
#6545 = DIRECTION('',(0.,-1.,0.));
#6546 = PCURVE('',#1686,#6547);
#6547 = DEFINITIONAL_REPRESENTATION('',(#6548),#6551);
#6548 = B_SPLINE_CURVE_WITH_KNOTS('',1,(#6549,#6550),.UNSPECIFIED.,.F.,
  .F.,(2,2),(0.,1.570796326795),.PIECEWISE_BEZIER_KNOTS.);
#6549 = CARTESIAN_POINT('',(0.,18.));
#6550 = CARTESIAN_POINT('',(1.570796326795,18.));
#6551 = ( GEOMETRIC_REPRESENTATION_CONTEXT(2) 
PARAMETRIC_REPRESENTATION_CONTEXT() REPRESENTATION_CONTEXT('2D SPACE',''
  ) );
#6552 = PCURVE('',#1658,#6553);
#6553 = DEFINITIONAL_REPRESENTATION('',(#6554),#6557);
#6554 = B_SPLINE_CURVE_WITH_KNOTS('',1,(#6555,#6556),.UNSPECIFIED.,.F.,
  .F.,(2,2),(0.,1.570796326795),.PIECEWISE_BEZIER_KNOTS.);
#6555 = CARTESIAN_POINT('',(0.,4.712388980385));
#6556 = CARTESIAN_POINT('',(0.,6.28318530718));
#6557 = ( GEOMETRIC_REPRESENTATION_CONTEXT(2) 
PARAMETRIC_REPRESENTATION_CONTEXT() REPRESENTATION_CONTEXT('2D SPACE',''
  ) );
#6558 = ORIENTED_EDGE('',*,*,#1670,.F.);
#6559 = ADVANCED_FACE('',(#6560),#1658,.T.);
#6560 = FACE_BOUND('',#6561,.F.);
#6561 = EDGE_LOOP('',(#6562,#6563,#6564,#6586));
#6562 = ORIENTED_EDGE('',*,*,#6539,.F.);
#6563 = ORIENTED_EDGE('',*,*,#1637,.T.);
#6564 = ORIENTED_EDGE('',*,*,#6565,.T.);
#6565 = EDGE_CURVE('',#1610,#6566,#6568,.T.);
#6566 = VERTEX_POINT('',#6567);
#6567 = CARTESIAN_POINT('',(9.,-0.8,14.25));
#6568 = SURFACE_CURVE('',#6569,(#6574,#6580),.PCURVE_S1.);
#6569 = CIRCLE('',#6570,1.);
#6570 = AXIS2_PLACEMENT_3D('',#6571,#6572,#6573);
#6571 = CARTESIAN_POINT('',(9.,-0.8,13.25));
#6572 = DIRECTION('',(-1.,0.,6.123233995737E-17));
#6573 = DIRECTION('',(6.123233995737E-17,0.,1.));
#6574 = PCURVE('',#1658,#6575);
#6575 = DEFINITIONAL_REPRESENTATION('',(#6576),#6579);
#6576 = B_SPLINE_CURVE_WITH_KNOTS('',1,(#6577,#6578),.UNSPECIFIED.,.F.,
  .F.,(2,2),(4.712388980385,6.28318530718),.PIECEWISE_BEZIER_KNOTS.);
#6577 = CARTESIAN_POINT('',(-1.570796326795,4.712388980385));
#6578 = CARTESIAN_POINT('',(-1.570796326795,6.28318530718));
#6579 = ( GEOMETRIC_REPRESENTATION_CONTEXT(2) 
PARAMETRIC_REPRESENTATION_CONTEXT() REPRESENTATION_CONTEXT('2D SPACE',''
  ) );
#6580 = PCURVE('',#1625,#6581);
#6581 = DEFINITIONAL_REPRESENTATION('',(#6582),#6585);
#6582 = B_SPLINE_CURVE_WITH_KNOTS('',1,(#6583,#6584),.UNSPECIFIED.,.F.,
  .F.,(2,2),(4.712388980385,6.28318530718),.PIECEWISE_BEZIER_KNOTS.);
#6583 = CARTESIAN_POINT('',(0.,0.));
#6584 = CARTESIAN_POINT('',(1.570796326795,0.));
#6585 = ( GEOMETRIC_REPRESENTATION_CONTEXT(2) 
PARAMETRIC_REPRESENTATION_CONTEXT() REPRESENTATION_CONTEXT('2D SPACE',''
  ) );
#6586 = ORIENTED_EDGE('',*,*,#6587,.F.);
#6587 = EDGE_CURVE('',#6517,#6566,#6588,.T.);
#6588 = SURFACE_CURVE('',#6589,(#6594,#6601),.PCURVE_S1.);
#6589 = CIRCLE('',#6590,5.25);
#6590 = AXIS2_PLACEMENT_3D('',#6591,#6592,#6593);
#6591 = CARTESIAN_POINT('',(9.,-0.8,9.));
#6592 = DIRECTION('',(-0.,-1.,0.));
#6593 = DIRECTION('',(1.,-0.,0.));
#6594 = PCURVE('',#1658,#6595);
#6595 = DEFINITIONAL_REPRESENTATION('',(#6596),#6600);
#6596 = LINE('',#6597,#6598);
#6597 = CARTESIAN_POINT('',(-0.,6.28318530718));
#6598 = VECTOR('',#6599,1.);
#6599 = DIRECTION('',(-1.,0.));
#6600 = ( GEOMETRIC_REPRESENTATION_CONTEXT(2) 
PARAMETRIC_REPRESENTATION_CONTEXT() REPRESENTATION_CONTEXT('2D SPACE',''
  ) );
#6601 = PCURVE('',#6602,#6607);
#6602 = CYLINDRICAL_SURFACE('',#6603,5.25);
#6603 = AXIS2_PLACEMENT_3D('',#6604,#6605,#6606);
#6604 = CARTESIAN_POINT('',(9.,-1.8,9.));
#6605 = DIRECTION('',(0.,1.,0.));
#6606 = DIRECTION('',(1.,0.,-0.));
#6607 = DEFINITIONAL_REPRESENTATION('',(#6608),#6612);
#6608 = LINE('',#6609,#6610);
#6609 = CARTESIAN_POINT('',(-0.,1.));
#6610 = VECTOR('',#6611,1.);
#6611 = DIRECTION('',(-1.,0.));
#6612 = ( GEOMETRIC_REPRESENTATION_CONTEXT(2) 
PARAMETRIC_REPRESENTATION_CONTEXT() REPRESENTATION_CONTEXT('2D SPACE',''
  ) );
#6613 = ADVANCED_FACE('',(#6614),#1625,.T.);
#6614 = FACE_BOUND('',#6615,.T.);
#6615 = EDGE_LOOP('',(#6616,#6617,#6640,#6660));
#6616 = ORIENTED_EDGE('',*,*,#6565,.T.);
#6617 = ORIENTED_EDGE('',*,*,#6618,.T.);
#6618 = EDGE_CURVE('',#6566,#6619,#6621,.T.);
#6619 = VERTEX_POINT('',#6620);
#6620 = CARTESIAN_POINT('',(-9.,-0.8,14.25));
#6621 = SURFACE_CURVE('',#6622,(#6626,#6633),.PCURVE_S1.);
#6622 = LINE('',#6623,#6624);
#6623 = CARTESIAN_POINT('',(9.,-0.8,14.25));
#6624 = VECTOR('',#6625,1.);
#6625 = DIRECTION('',(-1.,-0.,-0.));
#6626 = PCURVE('',#1625,#6627);
#6627 = DEFINITIONAL_REPRESENTATION('',(#6628),#6632);
#6628 = LINE('',#6629,#6630);
#6629 = CARTESIAN_POINT('',(1.570796326795,0.));
#6630 = VECTOR('',#6631,1.);
#6631 = DIRECTION('',(0.,1.));
#6632 = ( GEOMETRIC_REPRESENTATION_CONTEXT(2) 
PARAMETRIC_REPRESENTATION_CONTEXT() REPRESENTATION_CONTEXT('2D SPACE',''
  ) );
#6633 = PCURVE('',#4894,#6634);
#6634 = DEFINITIONAL_REPRESENTATION('',(#6635),#6639);
#6635 = LINE('',#6636,#6637);
#6636 = CARTESIAN_POINT('',(23.25,1.));
#6637 = VECTOR('',#6638,1.);
#6638 = DIRECTION('',(-1.,-0.));
#6639 = ( GEOMETRIC_REPRESENTATION_CONTEXT(2) 
PARAMETRIC_REPRESENTATION_CONTEXT() REPRESENTATION_CONTEXT('2D SPACE',''
  ) );
#6640 = ORIENTED_EDGE('',*,*,#6641,.F.);
#6641 = EDGE_CURVE('',#1577,#6619,#6642,.T.);
#6642 = SURFACE_CURVE('',#6643,(#6648,#6654),.PCURVE_S1.);
#6643 = CIRCLE('',#6644,1.);
#6644 = AXIS2_PLACEMENT_3D('',#6645,#6646,#6647);
#6645 = CARTESIAN_POINT('',(-9.,-0.8,13.25));
#6646 = DIRECTION('',(-1.,-0.,0.));
#6647 = DIRECTION('',(0.,-1.,0.));
#6648 = PCURVE('',#1625,#6649);
#6649 = DEFINITIONAL_REPRESENTATION('',(#6650),#6653);
#6650 = B_SPLINE_CURVE_WITH_KNOTS('',1,(#6651,#6652),.UNSPECIFIED.,.F.,
  .F.,(2,2),(0.,1.570796326795),.PIECEWISE_BEZIER_KNOTS.);
#6651 = CARTESIAN_POINT('',(0.,18.));
#6652 = CARTESIAN_POINT('',(1.570796326795,18.));
#6653 = ( GEOMETRIC_REPRESENTATION_CONTEXT(2) 
PARAMETRIC_REPRESENTATION_CONTEXT() REPRESENTATION_CONTEXT('2D SPACE',''
  ) );
#6654 = PCURVE('',#1597,#6655);
#6655 = DEFINITIONAL_REPRESENTATION('',(#6656),#6659);
#6656 = B_SPLINE_CURVE_WITH_KNOTS('',1,(#6657,#6658),.UNSPECIFIED.,.F.,
  .F.,(2,2),(0.,1.570796326795),.PIECEWISE_BEZIER_KNOTS.);
#6657 = CARTESIAN_POINT('',(2.22044604925E-16,4.712388980385));
#6658 = CARTESIAN_POINT('',(2.22044604925E-16,6.28318530718));
#6659 = ( GEOMETRIC_REPRESENTATION_CONTEXT(2) 
PARAMETRIC_REPRESENTATION_CONTEXT() REPRESENTATION_CONTEXT('2D SPACE',''
  ) );
#6660 = ORIENTED_EDGE('',*,*,#1609,.F.);
#6661 = ADVANCED_FACE('',(#6662),#1597,.T.);
#6662 = FACE_BOUND('',#6663,.F.);
#6663 = EDGE_LOOP('',(#6664,#6665,#6666,#6688));
#6664 = ORIENTED_EDGE('',*,*,#6641,.F.);
#6665 = ORIENTED_EDGE('',*,*,#1576,.T.);
#6666 = ORIENTED_EDGE('',*,*,#6667,.T.);
#6667 = EDGE_CURVE('',#1549,#6668,#6670,.T.);
#6668 = VERTEX_POINT('',#6669);
#6669 = CARTESIAN_POINT('',(-14.25,-0.8,9.));
#6670 = SURFACE_CURVE('',#6671,(#6676,#6682),.PCURVE_S1.);
#6671 = CIRCLE('',#6672,1.);
#6672 = AXIS2_PLACEMENT_3D('',#6673,#6674,#6675);
#6673 = CARTESIAN_POINT('',(-13.25,-0.8,9.));
#6674 = DIRECTION('',(5.507673881289E-17,0.,-1.));
#6675 = DIRECTION('',(-1.,0.,-5.507673881289E-17));
#6676 = PCURVE('',#1597,#6677);
#6677 = DEFINITIONAL_REPRESENTATION('',(#6678),#6681);
#6678 = B_SPLINE_CURVE_WITH_KNOTS('',1,(#6679,#6680),.UNSPECIFIED.,.F.,
  .F.,(2,2),(4.712388980385,6.28318530718),.PIECEWISE_BEZIER_KNOTS.);
#6679 = CARTESIAN_POINT('',(-1.570796326795,4.712388980385));
#6680 = CARTESIAN_POINT('',(-1.570796326795,6.28318530718));
#6681 = ( GEOMETRIC_REPRESENTATION_CONTEXT(2) 
PARAMETRIC_REPRESENTATION_CONTEXT() REPRESENTATION_CONTEXT('2D SPACE',''
  ) );
#6682 = PCURVE('',#1564,#6683);
#6683 = DEFINITIONAL_REPRESENTATION('',(#6684),#6687);
#6684 = B_SPLINE_CURVE_WITH_KNOTS('',1,(#6685,#6686),.UNSPECIFIED.,.F.,
  .F.,(2,2),(4.712388980385,6.28318530718),.PIECEWISE_BEZIER_KNOTS.);
#6685 = CARTESIAN_POINT('',(0.,0.));
#6686 = CARTESIAN_POINT('',(1.570796326795,0.));
#6687 = ( GEOMETRIC_REPRESENTATION_CONTEXT(2) 
PARAMETRIC_REPRESENTATION_CONTEXT() REPRESENTATION_CONTEXT('2D SPACE',''
  ) );
#6688 = ORIENTED_EDGE('',*,*,#6689,.F.);
#6689 = EDGE_CURVE('',#6619,#6668,#6690,.T.);
#6690 = SURFACE_CURVE('',#6691,(#6696,#6703),.PCURVE_S1.);
#6691 = CIRCLE('',#6692,5.25);
#6692 = AXIS2_PLACEMENT_3D('',#6693,#6694,#6695);
#6693 = CARTESIAN_POINT('',(-9.,-0.8,9.));
#6694 = DIRECTION('',(-0.,-1.,0.));
#6695 = DIRECTION('',(-3.383536836953E-16,0.,1.));
#6696 = PCURVE('',#1597,#6697);
#6697 = DEFINITIONAL_REPRESENTATION('',(#6698),#6702);
#6698 = LINE('',#6699,#6700);
#6699 = CARTESIAN_POINT('',(-0.,6.28318530718));
#6700 = VECTOR('',#6701,1.);
#6701 = DIRECTION('',(-1.,0.));
#6702 = ( GEOMETRIC_REPRESENTATION_CONTEXT(2) 
PARAMETRIC_REPRESENTATION_CONTEXT() REPRESENTATION_CONTEXT('2D SPACE',''
  ) );
#6703 = PCURVE('',#6704,#6709);
#6704 = CYLINDRICAL_SURFACE('',#6705,5.25);
#6705 = AXIS2_PLACEMENT_3D('',#6706,#6707,#6708);
#6706 = CARTESIAN_POINT('',(-9.,-1.8,9.));
#6707 = DIRECTION('',(0.,1.,0.));
#6708 = DIRECTION('',(-1.,0.,0.));
#6709 = DEFINITIONAL_REPRESENTATION('',(#6710),#6714);
#6710 = LINE('',#6711,#6712);
#6711 = CARTESIAN_POINT('',(1.570796326795,1.));
#6712 = VECTOR('',#6713,1.);
#6713 = DIRECTION('',(-1.,-0.));
#6714 = ( GEOMETRIC_REPRESENTATION_CONTEXT(2) 
PARAMETRIC_REPRESENTATION_CONTEXT() REPRESENTATION_CONTEXT('2D SPACE',''
  ) );
#6715 = ADVANCED_FACE('',(#6716),#1564,.T.);
#6716 = FACE_BOUND('',#6717,.T.);
#6717 = EDGE_LOOP('',(#6718,#6719,#6720,#6748));
#6718 = ORIENTED_EDGE('',*,*,#1548,.F.);
#6719 = ORIENTED_EDGE('',*,*,#6667,.T.);
#6720 = ORIENTED_EDGE('',*,*,#6721,.T.);
#6721 = EDGE_CURVE('',#6668,#6722,#6724,.T.);
#6722 = VERTEX_POINT('',#6723);
#6723 = CARTESIAN_POINT('',(-14.25,-0.8,7.5));
#6724 = SURFACE_CURVE('',#6725,(#6729,#6736),.PCURVE_S1.);
#6725 = LINE('',#6726,#6727);
#6726 = CARTESIAN_POINT('',(-14.25,-0.8,9.));
#6727 = VECTOR('',#6728,1.);
#6728 = DIRECTION('',(-0.,-0.,-1.));
#6729 = PCURVE('',#1564,#6730);
#6730 = DEFINITIONAL_REPRESENTATION('',(#6731),#6735);
#6731 = LINE('',#6732,#6733);
#6732 = CARTESIAN_POINT('',(1.570796326795,0.));
#6733 = VECTOR('',#6734,1.);
#6734 = DIRECTION('',(0.,1.));
#6735 = ( GEOMETRIC_REPRESENTATION_CONTEXT(2) 
PARAMETRIC_REPRESENTATION_CONTEXT() REPRESENTATION_CONTEXT('2D SPACE',''
  ) );
#6736 = PCURVE('',#6737,#6742);
#6737 = PLANE('',#6738);
#6738 = AXIS2_PLACEMENT_3D('',#6739,#6740,#6741);
#6739 = CARTESIAN_POINT('',(-14.25,-1.8,-14.25));
#6740 = DIRECTION('',(1.,0.,0.));
#6741 = DIRECTION('',(0.,0.,1.));
#6742 = DEFINITIONAL_REPRESENTATION('',(#6743),#6747);
#6743 = LINE('',#6744,#6745);
#6744 = CARTESIAN_POINT('',(23.25,-1.));
#6745 = VECTOR('',#6746,1.);
#6746 = DIRECTION('',(-1.,0.));
#6747 = ( GEOMETRIC_REPRESENTATION_CONTEXT(2) 
PARAMETRIC_REPRESENTATION_CONTEXT() REPRESENTATION_CONTEXT('2D SPACE',''
  ) );
#6748 = ORIENTED_EDGE('',*,*,#6749,.F.);
#6749 = EDGE_CURVE('',#1523,#6722,#6750,.T.);
#6750 = SURFACE_CURVE('',#6751,(#6756,#6763),.PCURVE_S1.);
#6751 = CIRCLE('',#6752,1.);
#6752 = AXIS2_PLACEMENT_3D('',#6753,#6754,#6755);
#6753 = CARTESIAN_POINT('',(-13.25,-0.8,7.5));
#6754 = DIRECTION('',(-0.,-0.,-1.));
#6755 = DIRECTION('',(0.,-1.,0.));
#6756 = PCURVE('',#1564,#6757);
#6757 = DEFINITIONAL_REPRESENTATION('',(#6758),#6762);
#6758 = LINE('',#6759,#6760);
#6759 = CARTESIAN_POINT('',(0.,1.5));
#6760 = VECTOR('',#6761,1.);
#6761 = DIRECTION('',(1.,0.));
#6762 = ( GEOMETRIC_REPRESENTATION_CONTEXT(2) 
PARAMETRIC_REPRESENTATION_CONTEXT() REPRESENTATION_CONTEXT('2D SPACE',''
  ) );
#6763 = PCURVE('',#1537,#6764);
#6764 = DEFINITIONAL_REPRESENTATION('',(#6765),#6773);
#6765 = ( BOUNDED_CURVE() B_SPLINE_CURVE(2,(#6766,#6767,#6768,#6769,
#6770,#6771,#6772),.UNSPECIFIED.,.T.,.F.) B_SPLINE_CURVE_WITH_KNOTS((1,2
    ,2,2,2,1),(-2.094395102393,0.,2.094395102393,4.188790204786,
6.28318530718,8.377580409573),.UNSPECIFIED.) CURVE() 
GEOMETRIC_REPRESENTATION_ITEM() RATIONAL_B_SPLINE_CURVE((1.,0.5,1.,0.5,
1.,0.5,1.)) REPRESENTATION_ITEM('') );
#6766 = CARTESIAN_POINT('',(3.,2.));
#6767 = CARTESIAN_POINT('',(1.267949192431,2.));
#6768 = CARTESIAN_POINT('',(2.133974596216,3.5));
#6769 = CARTESIAN_POINT('',(3.,5.));
#6770 = CARTESIAN_POINT('',(3.866025403784,3.5));
#6771 = CARTESIAN_POINT('',(4.732050807569,2.));
#6772 = CARTESIAN_POINT('',(3.,2.));
#6773 = ( GEOMETRIC_REPRESENTATION_CONTEXT(2) 
PARAMETRIC_REPRESENTATION_CONTEXT() REPRESENTATION_CONTEXT('2D SPACE',''
  ) );
#6774 = ADVANCED_FACE('',(#6775),#1537,.F.);
#6775 = FACE_BOUND('',#6776,.F.);
#6776 = EDGE_LOOP('',(#6777,#6778,#6779,#6780,#6799,#6800,#6819,#6820,
    #6841,#6860));
#6777 = ORIENTED_EDGE('',*,*,#1522,.T.);
#6778 = ORIENTED_EDGE('',*,*,#5315,.T.);
#6779 = ORIENTED_EDGE('',*,*,#4758,.F.);
#6780 = ORIENTED_EDGE('',*,*,#6781,.F.);
#6781 = EDGE_CURVE('',#4442,#4759,#6782,.T.);
#6782 = SURFACE_CURVE('',#6783,(#6787,#6793),.PCURVE_S1.);
#6783 = LINE('',#6784,#6785);
#6784 = CARTESIAN_POINT('',(-12.25,-1.9,7.5));
#6785 = VECTOR('',#6786,1.);
#6786 = DIRECTION('',(0.,-1.,0.));
#6787 = PCURVE('',#1537,#6788);
#6788 = DEFINITIONAL_REPRESENTATION('',(#6789),#6792);
#6789 = B_SPLINE_CURVE_WITH_KNOTS('',1,(#6790,#6791),.UNSPECIFIED.,.F.,
  .F.,(2,2),(-12.05,-1.9),.PIECEWISE_BEZIER_KNOTS.);
#6790 = CARTESIAN_POINT('',(4.,13.95));
#6791 = CARTESIAN_POINT('',(4.,3.8));
#6792 = ( GEOMETRIC_REPRESENTATION_CONTEXT(2) 
PARAMETRIC_REPRESENTATION_CONTEXT() REPRESENTATION_CONTEXT('2D SPACE',''
  ) );
#6793 = PCURVE('',#4456,#6794);
#6794 = DEFINITIONAL_REPRESENTATION('',(#6795),#6798);
#6795 = B_SPLINE_CURVE_WITH_KNOTS('',1,(#6796,#6797),.UNSPECIFIED.,.F.,
  .F.,(2,2),(-12.05,-1.9),.PIECEWISE_BEZIER_KNOTS.);
#6796 = CARTESIAN_POINT('',(19.75,-10.15));
#6797 = CARTESIAN_POINT('',(19.75,0.));
#6798 = ( GEOMETRIC_REPRESENTATION_CONTEXT(2) 
PARAMETRIC_REPRESENTATION_CONTEXT() REPRESENTATION_CONTEXT('2D SPACE',''
  ) );
#6799 = ORIENTED_EDGE('',*,*,#4467,.F.);
#6800 = ORIENTED_EDGE('',*,*,#6801,.T.);
#6801 = EDGE_CURVE('',#4468,#3893,#6802,.T.);
#6802 = SURFACE_CURVE('',#6803,(#6807,#6813),.PCURVE_S1.);
#6803 = LINE('',#6804,#6805);
#6804 = CARTESIAN_POINT('',(-13.15,2.1,7.5));
#6805 = VECTOR('',#6806,1.);
#6806 = DIRECTION('',(0.,-1.,0.));
#6807 = PCURVE('',#1537,#6808);
#6808 = DEFINITIONAL_REPRESENTATION('',(#6809),#6812);
#6809 = B_SPLINE_CURVE_WITH_KNOTS('',1,(#6810,#6811),.UNSPECIFIED.,.F.,
  .F.,(2,2),(-8.05,-6.4),.PIECEWISE_BEZIER_KNOTS.);
#6810 = CARTESIAN_POINT('',(3.1,13.95));
#6811 = CARTESIAN_POINT('',(3.1,12.3));
#6812 = ( GEOMETRIC_REPRESENTATION_CONTEXT(2) 
PARAMETRIC_REPRESENTATION_CONTEXT() REPRESENTATION_CONTEXT('2D SPACE',''
  ) );
#6813 = PCURVE('',#3907,#6814);
#6814 = DEFINITIONAL_REPRESENTATION('',(#6815),#6818);
#6815 = B_SPLINE_CURVE_WITH_KNOTS('',1,(#6816,#6817),.UNSPECIFIED.,.F.,
  .F.,(2,2),(-8.05,-6.4),.PIECEWISE_BEZIER_KNOTS.);
#6816 = CARTESIAN_POINT('',(20.65,-2.15));
#6817 = CARTESIAN_POINT('',(20.65,-0.5));
#6818 = ( GEOMETRIC_REPRESENTATION_CONTEXT(2) 
PARAMETRIC_REPRESENTATION_CONTEXT() REPRESENTATION_CONTEXT('2D SPACE',''
  ) );
#6819 = ORIENTED_EDGE('',*,*,#3918,.F.);
#6820 = ORIENTED_EDGE('',*,*,#6821,.F.);
#6821 = EDGE_CURVE('',#6822,#3919,#6824,.T.);
#6822 = VERTEX_POINT('',#6823);
#6823 = CARTESIAN_POINT('',(-14.25,8.2,7.5));
#6824 = SURFACE_CURVE('',#6825,(#6829,#6835),.PCURVE_S1.);
#6825 = LINE('',#6826,#6827);
#6826 = CARTESIAN_POINT('',(-17.675,4.775,7.5));
#6827 = VECTOR('',#6828,1.);
#6828 = DIRECTION('',(0.707106781187,0.707106781187,-0.));
#6829 = PCURVE('',#1537,#6830);
#6830 = DEFINITIONAL_REPRESENTATION('',(#6831),#6834);
#6831 = B_SPLINE_CURVE_WITH_KNOTS('',1,(#6832,#6833),.UNSPECIFIED.,.F.,
  .F.,(2,2),(4.843681451128,5.26794551984),.PIECEWISE_BEZIER_KNOTS.);
#6832 = CARTESIAN_POINT('',(2.,12.));
#6833 = CARTESIAN_POINT('',(2.3,12.3));
#6834 = ( GEOMETRIC_REPRESENTATION_CONTEXT(2) 
PARAMETRIC_REPRESENTATION_CONTEXT() REPRESENTATION_CONTEXT('2D SPACE',''
  ) );
#6835 = PCURVE('',#3955,#6836);
#6836 = DEFINITIONAL_REPRESENTATION('',(#6837),#6840);
#6837 = B_SPLINE_CURVE_WITH_KNOTS('',1,(#6838,#6839),.UNSPECIFIED.,.F.,
  .F.,(2,2),(4.843681451128,5.26794551984),.PIECEWISE_BEZIER_KNOTS.);
#6838 = CARTESIAN_POINT('',(-1.5,0.212132034356));
#6839 = CARTESIAN_POINT('',(-1.5,-0.212132034356));
#6840 = ( GEOMETRIC_REPRESENTATION_CONTEXT(2) 
PARAMETRIC_REPRESENTATION_CONTEXT() REPRESENTATION_CONTEXT('2D SPACE',''
  ) );
#6841 = ORIENTED_EDGE('',*,*,#6842,.T.);
#6842 = EDGE_CURVE('',#6822,#6722,#6843,.T.);
#6843 = SURFACE_CURVE('',#6844,(#6848,#6854),.PCURVE_S1.);
#6844 = LINE('',#6845,#6846);
#6845 = CARTESIAN_POINT('',(-14.25,-2.8,7.5));
#6846 = VECTOR('',#6847,1.);
#6847 = DIRECTION('',(0.,-1.,0.));
#6848 = PCURVE('',#1537,#6849);
#6849 = DEFINITIONAL_REPRESENTATION('',(#6850),#6853);
#6850 = B_SPLINE_CURVE_WITH_KNOTS('',1,(#6851,#6852),.UNSPECIFIED.,.F.,
  .F.,(2,2),(-11.,-2.),.PIECEWISE_BEZIER_KNOTS.);
#6851 = CARTESIAN_POINT('',(2.,12.));
#6852 = CARTESIAN_POINT('',(2.,3.));
#6853 = ( GEOMETRIC_REPRESENTATION_CONTEXT(2) 
PARAMETRIC_REPRESENTATION_CONTEXT() REPRESENTATION_CONTEXT('2D SPACE',''
  ) );
#6854 = PCURVE('',#6737,#6855);
#6855 = DEFINITIONAL_REPRESENTATION('',(#6856),#6859);
#6856 = B_SPLINE_CURVE_WITH_KNOTS('',1,(#6857,#6858),.UNSPECIFIED.,.F.,
  .F.,(2,2),(-11.,-2.),.PIECEWISE_BEZIER_KNOTS.);
#6857 = CARTESIAN_POINT('',(21.75,-10.));
#6858 = CARTESIAN_POINT('',(21.75,-1.));
#6859 = ( GEOMETRIC_REPRESENTATION_CONTEXT(2) 
PARAMETRIC_REPRESENTATION_CONTEXT() REPRESENTATION_CONTEXT('2D SPACE',''
  ) );
#6860 = ORIENTED_EDGE('',*,*,#6749,.F.);
#6861 = ADVANCED_FACE('',(#6862),#1485,.T.);
#6862 = FACE_BOUND('',#6863,.T.);
#6863 = EDGE_LOOP('',(#6864,#6885,#6886,#6887));
#6864 = ORIENTED_EDGE('',*,*,#6865,.F.);
#6865 = EDGE_CURVE('',#1449,#6866,#6868,.T.);
#6866 = VERTEX_POINT('',#6867);
#6867 = CARTESIAN_POINT('',(-6.75,-1.4,-19.75));
#6868 = SURFACE_CURVE('',#6869,(#6873,#6879),.PCURVE_S1.);
#6869 = LINE('',#6870,#6871);
#6870 = CARTESIAN_POINT('',(-6.75,-1.8,-19.35));
#6871 = VECTOR('',#6872,1.);
#6872 = DIRECTION('',(-1.741388410354E-16,0.707106781187,-0.707106781187
    ));
#6873 = PCURVE('',#1485,#6874);
#6874 = DEFINITIONAL_REPRESENTATION('',(#6875),#6878);
#6875 = B_SPLINE_CURVE_WITH_KNOTS('',1,(#6876,#6877),.UNSPECIFIED.,.F.,
  .F.,(2,2),(0.,0.565685424949),.PIECEWISE_BEZIER_KNOTS.);
#6876 = CARTESIAN_POINT('',(0.,-0.282842712475));
#6877 = CARTESIAN_POINT('',(0.,0.282842712475));
#6878 = ( GEOMETRIC_REPRESENTATION_CONTEXT(2) 
PARAMETRIC_REPRESENTATION_CONTEXT() REPRESENTATION_CONTEXT('2D SPACE',''
  ) );
#6879 = PCURVE('',#5971,#6880);
#6880 = DEFINITIONAL_REPRESENTATION('',(#6881),#6884);
#6881 = B_SPLINE_CURVE_WITH_KNOTS('',1,(#6882,#6883),.UNSPECIFIED.,.F.,
  .F.,(2,2),(0.,0.565685424949),.PIECEWISE_BEZIER_KNOTS.);
#6882 = CARTESIAN_POINT('',(-1.570796326795,0.));
#6883 = CARTESIAN_POINT('',(-1.570796326795,-0.4));
#6884 = ( GEOMETRIC_REPRESENTATION_CONTEXT(2) 
PARAMETRIC_REPRESENTATION_CONTEXT() REPRESENTATION_CONTEXT('2D SPACE',''
  ) );
#6885 = ORIENTED_EDGE('',*,*,#1471,.T.);
#6886 = ORIENTED_EDGE('',*,*,#6247,.T.);
#6887 = ORIENTED_EDGE('',*,*,#6888,.F.);
#6888 = EDGE_CURVE('',#6866,#6248,#6889,.T.);
#6889 = SURFACE_CURVE('',#6890,(#6894,#6901),.PCURVE_S1.);
#6890 = LINE('',#6891,#6892);
#6891 = CARTESIAN_POINT('',(-6.75,-1.4,-19.75));
#6892 = VECTOR('',#6893,1.);
#6893 = DIRECTION('',(-1.,-0.,-0.));
#6894 = PCURVE('',#1485,#6895);
#6895 = DEFINITIONAL_REPRESENTATION('',(#6896),#6900);
#6896 = LINE('',#6897,#6898);
#6897 = CARTESIAN_POINT('',(0.,0.282842712475));
#6898 = VECTOR('',#6899,1.);
#6899 = DIRECTION('',(1.,0.));
#6900 = ( GEOMETRIC_REPRESENTATION_CONTEXT(2) 
PARAMETRIC_REPRESENTATION_CONTEXT() REPRESENTATION_CONTEXT('2D SPACE',''
  ) );
#6901 = PCURVE('',#6133,#6902);
#6902 = DEFINITIONAL_REPRESENTATION('',(#6903),#6907);
#6903 = LINE('',#6904,#6905);
#6904 = CARTESIAN_POINT('',(5.5,0.4));
#6905 = VECTOR('',#6906,1.);
#6906 = DIRECTION('',(-1.,-0.));
#6907 = ( GEOMETRIC_REPRESENTATION_CONTEXT(2) 
PARAMETRIC_REPRESENTATION_CONTEXT() REPRESENTATION_CONTEXT('2D SPACE',''
  ) );
#6908 = ADVANCED_FACE('',(#6909),#1827,.F.);
#6909 = FACE_BOUND('',#6910,.F.);
#6910 = EDGE_LOOP('',(#6911,#6941,#6962,#6963));
#6911 = ORIENTED_EDGE('',*,*,#6912,.F.);
#6912 = EDGE_CURVE('',#6913,#6915,#6917,.T.);
#6913 = VERTEX_POINT('',#6914);
#6914 = CARTESIAN_POINT('',(-7.50249223595,-1.3,-4.401246117975));
#6915 = VERTEX_POINT('',#6916);
#6916 = CARTESIAN_POINT('',(-8.20249223595,-1.3,-3.001246117975));
#6917 = SURFACE_CURVE('',#6918,(#6922,#6929),.PCURVE_S1.);
#6918 = LINE('',#6919,#6920);
#6919 = CARTESIAN_POINT('',(-7.50249223595,-1.3,-4.401246117975));
#6920 = VECTOR('',#6921,1.);
#6921 = DIRECTION('',(-0.4472135955,0.,0.894427191));
#6922 = PCURVE('',#1827,#6923);
#6923 = DEFINITIONAL_REPRESENTATION('',(#6924),#6928);
#6924 = LINE('',#6925,#6926);
#6925 = CARTESIAN_POINT('',(0.,0.));
#6926 = VECTOR('',#6927,1.);
#6927 = DIRECTION('',(1.,0.));
#6928 = ( GEOMETRIC_REPRESENTATION_CONTEXT(2) 
PARAMETRIC_REPRESENTATION_CONTEXT() REPRESENTATION_CONTEXT('2D SPACE',''
  ) );
#6929 = PCURVE('',#6930,#6935);
#6930 = PLANE('',#6931);
#6931 = AXIS2_PLACEMENT_3D('',#6932,#6933,#6934);
#6932 = CARTESIAN_POINT('',(-7.45,-1.3,-3.5));
#6933 = DIRECTION('',(0.,1.,0.));
#6934 = DIRECTION('',(0.,-0.,1.));
#6935 = DEFINITIONAL_REPRESENTATION('',(#6936),#6940);
#6936 = LINE('',#6937,#6938);
#6937 = CARTESIAN_POINT('',(-0.901246117975,-5.249223594996E-02));
#6938 = VECTOR('',#6939,1.);
#6939 = DIRECTION('',(0.894427191,-0.4472135955));
#6940 = ( GEOMETRIC_REPRESENTATION_CONTEXT(2) 
PARAMETRIC_REPRESENTATION_CONTEXT() REPRESENTATION_CONTEXT('2D SPACE',''
  ) );
#6941 = ORIENTED_EDGE('',*,*,#6942,.T.);
#6942 = EDGE_CURVE('',#6913,#1811,#6943,.T.);
#6943 = SURFACE_CURVE('',#6944,(#6948,#6955),.PCURVE_S1.);
#6944 = LINE('',#6945,#6946);
#6945 = CARTESIAN_POINT('',(-7.50249223595,-1.3,-4.401246117975));
#6946 = VECTOR('',#6947,1.);
#6947 = DIRECTION('',(0.,-1.,0.));
#6948 = PCURVE('',#1827,#6949);
#6949 = DEFINITIONAL_REPRESENTATION('',(#6950),#6954);
#6950 = LINE('',#6951,#6952);
#6951 = CARTESIAN_POINT('',(0.,0.));
#6952 = VECTOR('',#6953,1.);
#6953 = DIRECTION('',(0.,-1.));
#6954 = ( GEOMETRIC_REPRESENTATION_CONTEXT(2) 
PARAMETRIC_REPRESENTATION_CONTEXT() REPRESENTATION_CONTEXT('2D SPACE',''
  ) );
#6955 = PCURVE('',#1855,#6956);
#6956 = DEFINITIONAL_REPRESENTATION('',(#6957),#6961);
#6957 = LINE('',#6958,#6959);
#6958 = CARTESIAN_POINT('',(3.14159265359,0.));
#6959 = VECTOR('',#6960,1.);
#6960 = DIRECTION('',(0.,-1.));
#6961 = ( GEOMETRIC_REPRESENTATION_CONTEXT(2) 
PARAMETRIC_REPRESENTATION_CONTEXT() REPRESENTATION_CONTEXT('2D SPACE',''
  ) );
#6962 = ORIENTED_EDGE('',*,*,#1810,.T.);
#6963 = ORIENTED_EDGE('',*,*,#6964,.F.);
#6964 = EDGE_CURVE('',#6915,#1813,#6965,.T.);
#6965 = SURFACE_CURVE('',#6966,(#6970,#6977),.PCURVE_S1.);
#6966 = LINE('',#6967,#6968);
#6967 = CARTESIAN_POINT('',(-8.20249223595,-1.3,-3.001246117975));
#6968 = VECTOR('',#6969,1.);
#6969 = DIRECTION('',(0.,-1.,0.));
#6970 = PCURVE('',#1827,#6971);
#6971 = DEFINITIONAL_REPRESENTATION('',(#6972),#6976);
#6972 = LINE('',#6973,#6974);
#6973 = CARTESIAN_POINT('',(1.56524758425,0.));
#6974 = VECTOR('',#6975,1.);
#6975 = DIRECTION('',(0.,-1.));
#6976 = ( GEOMETRIC_REPRESENTATION_CONTEXT(2) 
PARAMETRIC_REPRESENTATION_CONTEXT() REPRESENTATION_CONTEXT('2D SPACE',''
  ) );
#6977 = PCURVE('',#1908,#6978);
#6978 = DEFINITIONAL_REPRESENTATION('',(#6979),#6983);
#6979 = LINE('',#6980,#6981);
#6980 = CARTESIAN_POINT('',(0.,0.));
#6981 = VECTOR('',#6982,1.);
#6982 = DIRECTION('',(0.,-1.));
#6983 = ( GEOMETRIC_REPRESENTATION_CONTEXT(2) 
PARAMETRIC_REPRESENTATION_CONTEXT() REPRESENTATION_CONTEXT('2D SPACE',''
  ) );
#6984 = ADVANCED_FACE('',(#6985),#1855,.F.);
#6985 = FACE_BOUND('',#6986,.F.);
#6986 = EDGE_LOOP('',(#6987,#7011,#7032,#7033));
#6987 = ORIENTED_EDGE('',*,*,#6988,.F.);
#6988 = EDGE_CURVE('',#6989,#6913,#6991,.T.);
#6989 = VERTEX_POINT('',#6990);
#6990 = CARTESIAN_POINT('',(-6.69750776405,-1.3,-3.998753882025));
#6991 = SURFACE_CURVE('',#6992,(#6997,#7004),.PCURVE_S1.);
#6992 = CIRCLE('',#6993,0.45);
#6993 = AXIS2_PLACEMENT_3D('',#6994,#6995,#6996);
#6994 = CARTESIAN_POINT('',(-7.1,-1.3,-4.2));
#6995 = DIRECTION('',(-0.,1.,0.));
#6996 = DIRECTION('',(0.894427191,0.,0.4472135955));
#6997 = PCURVE('',#1855,#6998);
#6998 = DEFINITIONAL_REPRESENTATION('',(#6999),#7003);
#6999 = LINE('',#7000,#7001);
#7000 = CARTESIAN_POINT('',(0.,0.));
#7001 = VECTOR('',#7002,1.);
#7002 = DIRECTION('',(1.,0.));
#7003 = ( GEOMETRIC_REPRESENTATION_CONTEXT(2) 
PARAMETRIC_REPRESENTATION_CONTEXT() REPRESENTATION_CONTEXT('2D SPACE',''
  ) );
#7004 = PCURVE('',#6930,#7005);
#7005 = DEFINITIONAL_REPRESENTATION('',(#7006),#7010);
#7006 = CIRCLE('',#7007,0.45);
#7007 = AXIS2_PLACEMENT_2D('',#7008,#7009);
#7008 = CARTESIAN_POINT('',(-0.7,0.35));
#7009 = DIRECTION('',(0.4472135955,0.894427191));
#7010 = ( GEOMETRIC_REPRESENTATION_CONTEXT(2) 
PARAMETRIC_REPRESENTATION_CONTEXT() REPRESENTATION_CONTEXT('2D SPACE',''
  ) );
#7011 = ORIENTED_EDGE('',*,*,#7012,.T.);
#7012 = EDGE_CURVE('',#6989,#1839,#7013,.T.);
#7013 = SURFACE_CURVE('',#7014,(#7018,#7025),.PCURVE_S1.);
#7014 = LINE('',#7015,#7016);
#7015 = CARTESIAN_POINT('',(-6.69750776405,-1.3,-3.998753882025));
#7016 = VECTOR('',#7017,1.);
#7017 = DIRECTION('',(0.,-1.,0.));
#7018 = PCURVE('',#1855,#7019);
#7019 = DEFINITIONAL_REPRESENTATION('',(#7020),#7024);
#7020 = LINE('',#7021,#7022);
#7021 = CARTESIAN_POINT('',(0.,0.));
#7022 = VECTOR('',#7023,1.);
#7023 = DIRECTION('',(0.,-1.));
#7024 = ( GEOMETRIC_REPRESENTATION_CONTEXT(2) 
PARAMETRIC_REPRESENTATION_CONTEXT() REPRESENTATION_CONTEXT('2D SPACE',''
  ) );
#7025 = PCURVE('',#1882,#7026);
#7026 = DEFINITIONAL_REPRESENTATION('',(#7027),#7031);
#7027 = LINE('',#7028,#7029);
#7028 = CARTESIAN_POINT('',(1.56524758425,0.));
#7029 = VECTOR('',#7030,1.);
#7030 = DIRECTION('',(0.,-1.));
#7031 = ( GEOMETRIC_REPRESENTATION_CONTEXT(2) 
PARAMETRIC_REPRESENTATION_CONTEXT() REPRESENTATION_CONTEXT('2D SPACE',''
  ) );
#7032 = ORIENTED_EDGE('',*,*,#1838,.T.);
#7033 = ORIENTED_EDGE('',*,*,#6942,.F.);
#7034 = ADVANCED_FACE('',(#7035),#1908,.F.);
#7035 = FACE_BOUND('',#7036,.F.);
#7036 = EDGE_LOOP('',(#7037,#7061,#7062,#7063));
#7037 = ORIENTED_EDGE('',*,*,#7038,.F.);
#7038 = EDGE_CURVE('',#6915,#7039,#7041,.T.);
#7039 = VERTEX_POINT('',#7040);
#7040 = CARTESIAN_POINT('',(-7.39750776405,-1.3,-2.598753882025));
#7041 = SURFACE_CURVE('',#7042,(#7047,#7054),.PCURVE_S1.);
#7042 = CIRCLE('',#7043,0.45);
#7043 = AXIS2_PLACEMENT_3D('',#7044,#7045,#7046);
#7044 = CARTESIAN_POINT('',(-7.8,-1.3,-2.8));
#7045 = DIRECTION('',(0.,1.,-0.));
#7046 = DIRECTION('',(-0.894427191,-0.,-0.4472135955));
#7047 = PCURVE('',#1908,#7048);
#7048 = DEFINITIONAL_REPRESENTATION('',(#7049),#7053);
#7049 = LINE('',#7050,#7051);
#7050 = CARTESIAN_POINT('',(0.,0.));
#7051 = VECTOR('',#7052,1.);
#7052 = DIRECTION('',(1.,0.));
#7053 = ( GEOMETRIC_REPRESENTATION_CONTEXT(2) 
PARAMETRIC_REPRESENTATION_CONTEXT() REPRESENTATION_CONTEXT('2D SPACE',''
  ) );
#7054 = PCURVE('',#6930,#7055);
#7055 = DEFINITIONAL_REPRESENTATION('',(#7056),#7060);
#7056 = CIRCLE('',#7057,0.45);
#7057 = AXIS2_PLACEMENT_2D('',#7058,#7059);
#7058 = CARTESIAN_POINT('',(0.7,-0.35));
#7059 = DIRECTION('',(-0.4472135955,-0.894427191));
#7060 = ( GEOMETRIC_REPRESENTATION_CONTEXT(2) 
PARAMETRIC_REPRESENTATION_CONTEXT() REPRESENTATION_CONTEXT('2D SPACE',''
  ) );
#7061 = ORIENTED_EDGE('',*,*,#6964,.T.);
#7062 = ORIENTED_EDGE('',*,*,#1893,.T.);
#7063 = ORIENTED_EDGE('',*,*,#7064,.F.);
#7064 = EDGE_CURVE('',#7039,#1868,#7065,.T.);
#7065 = SURFACE_CURVE('',#7066,(#7070,#7077),.PCURVE_S1.);
#7066 = LINE('',#7067,#7068);
#7067 = CARTESIAN_POINT('',(-7.39750776405,-1.3,-2.598753882025));
#7068 = VECTOR('',#7069,1.);
#7069 = DIRECTION('',(0.,-1.,0.));
#7070 = PCURVE('',#1908,#7071);
#7071 = DEFINITIONAL_REPRESENTATION('',(#7072),#7076);
#7072 = LINE('',#7073,#7074);
#7073 = CARTESIAN_POINT('',(3.14159265359,0.));
#7074 = VECTOR('',#7075,1.);
#7075 = DIRECTION('',(0.,-1.));
#7076 = ( GEOMETRIC_REPRESENTATION_CONTEXT(2) 
PARAMETRIC_REPRESENTATION_CONTEXT() REPRESENTATION_CONTEXT('2D SPACE',''
  ) );
#7077 = PCURVE('',#1882,#7078);
#7078 = DEFINITIONAL_REPRESENTATION('',(#7079),#7083);
#7079 = LINE('',#7080,#7081);
#7080 = CARTESIAN_POINT('',(0.,0.));
#7081 = VECTOR('',#7082,1.);
#7082 = DIRECTION('',(0.,-1.));
#7083 = ( GEOMETRIC_REPRESENTATION_CONTEXT(2) 
PARAMETRIC_REPRESENTATION_CONTEXT() REPRESENTATION_CONTEXT('2D SPACE',''
  ) );
#7084 = ADVANCED_FACE('',(#7085),#1882,.F.);
#7085 = FACE_BOUND('',#7086,.F.);
#7086 = EDGE_LOOP('',(#7087,#7108,#7109,#7110));
#7087 = ORIENTED_EDGE('',*,*,#7088,.F.);
#7088 = EDGE_CURVE('',#7039,#6989,#7089,.T.);
#7089 = SURFACE_CURVE('',#7090,(#7094,#7101),.PCURVE_S1.);
#7090 = LINE('',#7091,#7092);
#7091 = CARTESIAN_POINT('',(-7.39750776405,-1.3,-2.598753882025));
#7092 = VECTOR('',#7093,1.);
#7093 = DIRECTION('',(0.4472135955,0.,-0.894427191));
#7094 = PCURVE('',#1882,#7095);
#7095 = DEFINITIONAL_REPRESENTATION('',(#7096),#7100);
#7096 = LINE('',#7097,#7098);
#7097 = CARTESIAN_POINT('',(0.,0.));
#7098 = VECTOR('',#7099,1.);
#7099 = DIRECTION('',(1.,0.));
#7100 = ( GEOMETRIC_REPRESENTATION_CONTEXT(2) 
PARAMETRIC_REPRESENTATION_CONTEXT() REPRESENTATION_CONTEXT('2D SPACE',''
  ) );
#7101 = PCURVE('',#6930,#7102);
#7102 = DEFINITIONAL_REPRESENTATION('',(#7103),#7107);
#7103 = LINE('',#7104,#7105);
#7104 = CARTESIAN_POINT('',(0.901246117975,5.249223594996E-02));
#7105 = VECTOR('',#7106,1.);
#7106 = DIRECTION('',(-0.894427191,0.4472135955));
#7107 = ( GEOMETRIC_REPRESENTATION_CONTEXT(2) 
PARAMETRIC_REPRESENTATION_CONTEXT() REPRESENTATION_CONTEXT('2D SPACE',''
  ) );
#7108 = ORIENTED_EDGE('',*,*,#7064,.T.);
#7109 = ORIENTED_EDGE('',*,*,#1867,.T.);
#7110 = ORIENTED_EDGE('',*,*,#7012,.F.);
#7111 = ADVANCED_FACE('',(#7112),#1939,.F.);
#7112 = FACE_BOUND('',#7113,.F.);
#7113 = EDGE_LOOP('',(#7114,#7144,#7165,#7166));
#7114 = ORIENTED_EDGE('',*,*,#7115,.F.);
#7115 = EDGE_CURVE('',#7116,#7118,#7120,.T.);
#7116 = VERTEX_POINT('',#7117);
#7117 = CARTESIAN_POINT('',(-6.30249223595,-1.3,-4.401246117975));
#7118 = VERTEX_POINT('',#7119);
#7119 = CARTESIAN_POINT('',(-7.00249223595,-1.3,-3.001246117975));
#7120 = SURFACE_CURVE('',#7121,(#7125,#7132),.PCURVE_S1.);
#7121 = LINE('',#7122,#7123);
#7122 = CARTESIAN_POINT('',(-6.30249223595,-1.3,-4.401246117975));
#7123 = VECTOR('',#7124,1.);
#7124 = DIRECTION('',(-0.4472135955,0.,0.894427191));
#7125 = PCURVE('',#1939,#7126);
#7126 = DEFINITIONAL_REPRESENTATION('',(#7127),#7131);
#7127 = LINE('',#7128,#7129);
#7128 = CARTESIAN_POINT('',(0.,0.));
#7129 = VECTOR('',#7130,1.);
#7130 = DIRECTION('',(1.,0.));
#7131 = ( GEOMETRIC_REPRESENTATION_CONTEXT(2) 
PARAMETRIC_REPRESENTATION_CONTEXT() REPRESENTATION_CONTEXT('2D SPACE',''
  ) );
#7132 = PCURVE('',#7133,#7138);
#7133 = PLANE('',#7134);
#7134 = AXIS2_PLACEMENT_3D('',#7135,#7136,#7137);
#7135 = CARTESIAN_POINT('',(-6.25,-1.3,-3.5));
#7136 = DIRECTION('',(0.,1.,0.));
#7137 = DIRECTION('',(0.,-0.,1.));
#7138 = DEFINITIONAL_REPRESENTATION('',(#7139),#7143);
#7139 = LINE('',#7140,#7141);
#7140 = CARTESIAN_POINT('',(-0.901246117975,-5.249223594996E-02));
#7141 = VECTOR('',#7142,1.);
#7142 = DIRECTION('',(0.894427191,-0.4472135955));
#7143 = ( GEOMETRIC_REPRESENTATION_CONTEXT(2) 
PARAMETRIC_REPRESENTATION_CONTEXT() REPRESENTATION_CONTEXT('2D SPACE',''
  ) );
#7144 = ORIENTED_EDGE('',*,*,#7145,.T.);
#7145 = EDGE_CURVE('',#7116,#1923,#7146,.T.);
#7146 = SURFACE_CURVE('',#7147,(#7151,#7158),.PCURVE_S1.);
#7147 = LINE('',#7148,#7149);
#7148 = CARTESIAN_POINT('',(-6.30249223595,-1.3,-4.401246117975));
#7149 = VECTOR('',#7150,1.);
#7150 = DIRECTION('',(0.,-1.,0.));
#7151 = PCURVE('',#1939,#7152);
#7152 = DEFINITIONAL_REPRESENTATION('',(#7153),#7157);
#7153 = LINE('',#7154,#7155);
#7154 = CARTESIAN_POINT('',(0.,0.));
#7155 = VECTOR('',#7156,1.);
#7156 = DIRECTION('',(0.,-1.));
#7157 = ( GEOMETRIC_REPRESENTATION_CONTEXT(2) 
PARAMETRIC_REPRESENTATION_CONTEXT() REPRESENTATION_CONTEXT('2D SPACE',''
  ) );
#7158 = PCURVE('',#1967,#7159);
#7159 = DEFINITIONAL_REPRESENTATION('',(#7160),#7164);
#7160 = LINE('',#7161,#7162);
#7161 = CARTESIAN_POINT('',(3.14159265359,0.));
#7162 = VECTOR('',#7163,1.);
#7163 = DIRECTION('',(0.,-1.));
#7164 = ( GEOMETRIC_REPRESENTATION_CONTEXT(2) 
PARAMETRIC_REPRESENTATION_CONTEXT() REPRESENTATION_CONTEXT('2D SPACE',''
  ) );
#7165 = ORIENTED_EDGE('',*,*,#1922,.T.);
#7166 = ORIENTED_EDGE('',*,*,#7167,.F.);
#7167 = EDGE_CURVE('',#7118,#1925,#7168,.T.);
#7168 = SURFACE_CURVE('',#7169,(#7173,#7180),.PCURVE_S1.);
#7169 = LINE('',#7170,#7171);
#7170 = CARTESIAN_POINT('',(-7.00249223595,-1.3,-3.001246117975));
#7171 = VECTOR('',#7172,1.);
#7172 = DIRECTION('',(0.,-1.,0.));
#7173 = PCURVE('',#1939,#7174);
#7174 = DEFINITIONAL_REPRESENTATION('',(#7175),#7179);
#7175 = LINE('',#7176,#7177);
#7176 = CARTESIAN_POINT('',(1.56524758425,0.));
#7177 = VECTOR('',#7178,1.);
#7178 = DIRECTION('',(0.,-1.));
#7179 = ( GEOMETRIC_REPRESENTATION_CONTEXT(2) 
PARAMETRIC_REPRESENTATION_CONTEXT() REPRESENTATION_CONTEXT('2D SPACE',''
  ) );
#7180 = PCURVE('',#2020,#7181);
#7181 = DEFINITIONAL_REPRESENTATION('',(#7182),#7186);
#7182 = LINE('',#7183,#7184);
#7183 = CARTESIAN_POINT('',(0.,0.));
#7184 = VECTOR('',#7185,1.);
#7185 = DIRECTION('',(0.,-1.));
#7186 = ( GEOMETRIC_REPRESENTATION_CONTEXT(2) 
PARAMETRIC_REPRESENTATION_CONTEXT() REPRESENTATION_CONTEXT('2D SPACE',''
  ) );
#7187 = ADVANCED_FACE('',(#7188),#1967,.F.);
#7188 = FACE_BOUND('',#7189,.F.);
#7189 = EDGE_LOOP('',(#7190,#7214,#7235,#7236));
#7190 = ORIENTED_EDGE('',*,*,#7191,.F.);
#7191 = EDGE_CURVE('',#7192,#7116,#7194,.T.);
#7192 = VERTEX_POINT('',#7193);
#7193 = CARTESIAN_POINT('',(-5.49750776405,-1.3,-3.998753882025));
#7194 = SURFACE_CURVE('',#7195,(#7200,#7207),.PCURVE_S1.);
#7195 = CIRCLE('',#7196,0.45);
#7196 = AXIS2_PLACEMENT_3D('',#7197,#7198,#7199);
#7197 = CARTESIAN_POINT('',(-5.9,-1.3,-4.2));
#7198 = DIRECTION('',(-0.,1.,0.));
#7199 = DIRECTION('',(0.894427191,0.,0.4472135955));
#7200 = PCURVE('',#1967,#7201);
#7201 = DEFINITIONAL_REPRESENTATION('',(#7202),#7206);
#7202 = LINE('',#7203,#7204);
#7203 = CARTESIAN_POINT('',(0.,0.));
#7204 = VECTOR('',#7205,1.);
#7205 = DIRECTION('',(1.,0.));
#7206 = ( GEOMETRIC_REPRESENTATION_CONTEXT(2) 
PARAMETRIC_REPRESENTATION_CONTEXT() REPRESENTATION_CONTEXT('2D SPACE',''
  ) );
#7207 = PCURVE('',#7133,#7208);
#7208 = DEFINITIONAL_REPRESENTATION('',(#7209),#7213);
#7209 = CIRCLE('',#7210,0.45);
#7210 = AXIS2_PLACEMENT_2D('',#7211,#7212);
#7211 = CARTESIAN_POINT('',(-0.7,0.35));
#7212 = DIRECTION('',(0.4472135955,0.894427191));
#7213 = ( GEOMETRIC_REPRESENTATION_CONTEXT(2) 
PARAMETRIC_REPRESENTATION_CONTEXT() REPRESENTATION_CONTEXT('2D SPACE',''
  ) );
#7214 = ORIENTED_EDGE('',*,*,#7215,.T.);
#7215 = EDGE_CURVE('',#7192,#1951,#7216,.T.);
#7216 = SURFACE_CURVE('',#7217,(#7221,#7228),.PCURVE_S1.);
#7217 = LINE('',#7218,#7219);
#7218 = CARTESIAN_POINT('',(-5.49750776405,-1.3,-3.998753882025));
#7219 = VECTOR('',#7220,1.);
#7220 = DIRECTION('',(0.,-1.,0.));
#7221 = PCURVE('',#1967,#7222);
#7222 = DEFINITIONAL_REPRESENTATION('',(#7223),#7227);
#7223 = LINE('',#7224,#7225);
#7224 = CARTESIAN_POINT('',(0.,0.));
#7225 = VECTOR('',#7226,1.);
#7226 = DIRECTION('',(0.,-1.));
#7227 = ( GEOMETRIC_REPRESENTATION_CONTEXT(2) 
PARAMETRIC_REPRESENTATION_CONTEXT() REPRESENTATION_CONTEXT('2D SPACE',''
  ) );
#7228 = PCURVE('',#1994,#7229);
#7229 = DEFINITIONAL_REPRESENTATION('',(#7230),#7234);
#7230 = LINE('',#7231,#7232);
#7231 = CARTESIAN_POINT('',(1.56524758425,0.));
#7232 = VECTOR('',#7233,1.);
#7233 = DIRECTION('',(0.,-1.));
#7234 = ( GEOMETRIC_REPRESENTATION_CONTEXT(2) 
PARAMETRIC_REPRESENTATION_CONTEXT() REPRESENTATION_CONTEXT('2D SPACE',''
  ) );
#7235 = ORIENTED_EDGE('',*,*,#1950,.T.);
#7236 = ORIENTED_EDGE('',*,*,#7145,.F.);
#7237 = ADVANCED_FACE('',(#7238),#2020,.F.);
#7238 = FACE_BOUND('',#7239,.F.);
#7239 = EDGE_LOOP('',(#7240,#7264,#7265,#7266));
#7240 = ORIENTED_EDGE('',*,*,#7241,.F.);
#7241 = EDGE_CURVE('',#7118,#7242,#7244,.T.);
#7242 = VERTEX_POINT('',#7243);
#7243 = CARTESIAN_POINT('',(-6.19750776405,-1.3,-2.598753882025));
#7244 = SURFACE_CURVE('',#7245,(#7250,#7257),.PCURVE_S1.);
#7245 = CIRCLE('',#7246,0.45);
#7246 = AXIS2_PLACEMENT_3D('',#7247,#7248,#7249);
#7247 = CARTESIAN_POINT('',(-6.6,-1.3,-2.8));
#7248 = DIRECTION('',(0.,1.,-0.));
#7249 = DIRECTION('',(-0.894427191,-0.,-0.4472135955));
#7250 = PCURVE('',#2020,#7251);
#7251 = DEFINITIONAL_REPRESENTATION('',(#7252),#7256);
#7252 = LINE('',#7253,#7254);
#7253 = CARTESIAN_POINT('',(0.,0.));
#7254 = VECTOR('',#7255,1.);
#7255 = DIRECTION('',(1.,0.));
#7256 = ( GEOMETRIC_REPRESENTATION_CONTEXT(2) 
PARAMETRIC_REPRESENTATION_CONTEXT() REPRESENTATION_CONTEXT('2D SPACE',''
  ) );
#7257 = PCURVE('',#7133,#7258);
#7258 = DEFINITIONAL_REPRESENTATION('',(#7259),#7263);
#7259 = CIRCLE('',#7260,0.45);
#7260 = AXIS2_PLACEMENT_2D('',#7261,#7262);
#7261 = CARTESIAN_POINT('',(0.7,-0.35));
#7262 = DIRECTION('',(-0.4472135955,-0.894427191));
#7263 = ( GEOMETRIC_REPRESENTATION_CONTEXT(2) 
PARAMETRIC_REPRESENTATION_CONTEXT() REPRESENTATION_CONTEXT('2D SPACE',''
  ) );
#7264 = ORIENTED_EDGE('',*,*,#7167,.T.);
#7265 = ORIENTED_EDGE('',*,*,#2005,.T.);
#7266 = ORIENTED_EDGE('',*,*,#7267,.F.);
#7267 = EDGE_CURVE('',#7242,#1980,#7268,.T.);
#7268 = SURFACE_CURVE('',#7269,(#7273,#7280),.PCURVE_S1.);
#7269 = LINE('',#7270,#7271);
#7270 = CARTESIAN_POINT('',(-6.19750776405,-1.3,-2.598753882025));
#7271 = VECTOR('',#7272,1.);
#7272 = DIRECTION('',(0.,-1.,0.));
#7273 = PCURVE('',#2020,#7274);
#7274 = DEFINITIONAL_REPRESENTATION('',(#7275),#7279);
#7275 = LINE('',#7276,#7277);
#7276 = CARTESIAN_POINT('',(3.14159265359,0.));
#7277 = VECTOR('',#7278,1.);
#7278 = DIRECTION('',(0.,-1.));
#7279 = ( GEOMETRIC_REPRESENTATION_CONTEXT(2) 
PARAMETRIC_REPRESENTATION_CONTEXT() REPRESENTATION_CONTEXT('2D SPACE',''
  ) );
#7280 = PCURVE('',#1994,#7281);
#7281 = DEFINITIONAL_REPRESENTATION('',(#7282),#7286);
#7282 = LINE('',#7283,#7284);
#7283 = CARTESIAN_POINT('',(0.,0.));
#7284 = VECTOR('',#7285,1.);
#7285 = DIRECTION('',(0.,-1.));
#7286 = ( GEOMETRIC_REPRESENTATION_CONTEXT(2) 
PARAMETRIC_REPRESENTATION_CONTEXT() REPRESENTATION_CONTEXT('2D SPACE',''
  ) );
#7287 = ADVANCED_FACE('',(#7288),#1994,.F.);
#7288 = FACE_BOUND('',#7289,.F.);
#7289 = EDGE_LOOP('',(#7290,#7311,#7312,#7313));
#7290 = ORIENTED_EDGE('',*,*,#7291,.F.);
#7291 = EDGE_CURVE('',#7242,#7192,#7292,.T.);
#7292 = SURFACE_CURVE('',#7293,(#7297,#7304),.PCURVE_S1.);
#7293 = LINE('',#7294,#7295);
#7294 = CARTESIAN_POINT('',(-6.19750776405,-1.3,-2.598753882025));
#7295 = VECTOR('',#7296,1.);
#7296 = DIRECTION('',(0.4472135955,0.,-0.894427191));
#7297 = PCURVE('',#1994,#7298);
#7298 = DEFINITIONAL_REPRESENTATION('',(#7299),#7303);
#7299 = LINE('',#7300,#7301);
#7300 = CARTESIAN_POINT('',(0.,0.));
#7301 = VECTOR('',#7302,1.);
#7302 = DIRECTION('',(1.,0.));
#7303 = ( GEOMETRIC_REPRESENTATION_CONTEXT(2) 
PARAMETRIC_REPRESENTATION_CONTEXT() REPRESENTATION_CONTEXT('2D SPACE',''
  ) );
#7304 = PCURVE('',#7133,#7305);
#7305 = DEFINITIONAL_REPRESENTATION('',(#7306),#7310);
#7306 = LINE('',#7307,#7308);
#7307 = CARTESIAN_POINT('',(0.901246117975,5.249223594996E-02));
#7308 = VECTOR('',#7309,1.);
#7309 = DIRECTION('',(-0.894427191,0.4472135955));
#7310 = ( GEOMETRIC_REPRESENTATION_CONTEXT(2) 
PARAMETRIC_REPRESENTATION_CONTEXT() REPRESENTATION_CONTEXT('2D SPACE',''
  ) );
#7311 = ORIENTED_EDGE('',*,*,#7267,.T.);
#7312 = ORIENTED_EDGE('',*,*,#1979,.T.);
#7313 = ORIENTED_EDGE('',*,*,#7215,.F.);
#7314 = ADVANCED_FACE('',(#7315),#2051,.F.);
#7315 = FACE_BOUND('',#7316,.F.);
#7316 = EDGE_LOOP('',(#7317,#7347,#7368,#7369));
#7317 = ORIENTED_EDGE('',*,*,#7318,.F.);
#7318 = EDGE_CURVE('',#7319,#7321,#7323,.T.);
#7319 = VERTEX_POINT('',#7320);
#7320 = CARTESIAN_POINT('',(-5.10249223595,-1.3,-4.401246117975));
#7321 = VERTEX_POINT('',#7322);
#7322 = CARTESIAN_POINT('',(-5.80249223595,-1.3,-3.001246117975));
#7323 = SURFACE_CURVE('',#7324,(#7328,#7335),.PCURVE_S1.);
#7324 = LINE('',#7325,#7326);
#7325 = CARTESIAN_POINT('',(-5.10249223595,-1.3,-4.401246117975));
#7326 = VECTOR('',#7327,1.);
#7327 = DIRECTION('',(-0.4472135955,0.,0.894427191));
#7328 = PCURVE('',#2051,#7329);
#7329 = DEFINITIONAL_REPRESENTATION('',(#7330),#7334);
#7330 = LINE('',#7331,#7332);
#7331 = CARTESIAN_POINT('',(0.,0.));
#7332 = VECTOR('',#7333,1.);
#7333 = DIRECTION('',(1.,0.));
#7334 = ( GEOMETRIC_REPRESENTATION_CONTEXT(2) 
PARAMETRIC_REPRESENTATION_CONTEXT() REPRESENTATION_CONTEXT('2D SPACE',''
  ) );
#7335 = PCURVE('',#7336,#7341);
#7336 = PLANE('',#7337);
#7337 = AXIS2_PLACEMENT_3D('',#7338,#7339,#7340);
#7338 = CARTESIAN_POINT('',(-5.05,-1.3,-3.5));
#7339 = DIRECTION('',(0.,1.,0.));
#7340 = DIRECTION('',(0.,-0.,1.));
#7341 = DEFINITIONAL_REPRESENTATION('',(#7342),#7346);
#7342 = LINE('',#7343,#7344);
#7343 = CARTESIAN_POINT('',(-0.901246117975,-5.249223594996E-02));
#7344 = VECTOR('',#7345,1.);
#7345 = DIRECTION('',(0.894427191,-0.4472135955));
#7346 = ( GEOMETRIC_REPRESENTATION_CONTEXT(2) 
PARAMETRIC_REPRESENTATION_CONTEXT() REPRESENTATION_CONTEXT('2D SPACE',''
  ) );
#7347 = ORIENTED_EDGE('',*,*,#7348,.T.);
#7348 = EDGE_CURVE('',#7319,#2035,#7349,.T.);
#7349 = SURFACE_CURVE('',#7350,(#7354,#7361),.PCURVE_S1.);
#7350 = LINE('',#7351,#7352);
#7351 = CARTESIAN_POINT('',(-5.10249223595,-1.3,-4.401246117975));
#7352 = VECTOR('',#7353,1.);
#7353 = DIRECTION('',(0.,-1.,0.));
#7354 = PCURVE('',#2051,#7355);
#7355 = DEFINITIONAL_REPRESENTATION('',(#7356),#7360);
#7356 = LINE('',#7357,#7358);
#7357 = CARTESIAN_POINT('',(0.,0.));
#7358 = VECTOR('',#7359,1.);
#7359 = DIRECTION('',(0.,-1.));
#7360 = ( GEOMETRIC_REPRESENTATION_CONTEXT(2) 
PARAMETRIC_REPRESENTATION_CONTEXT() REPRESENTATION_CONTEXT('2D SPACE',''
  ) );
#7361 = PCURVE('',#2079,#7362);
#7362 = DEFINITIONAL_REPRESENTATION('',(#7363),#7367);
#7363 = LINE('',#7364,#7365);
#7364 = CARTESIAN_POINT('',(3.14159265359,0.));
#7365 = VECTOR('',#7366,1.);
#7366 = DIRECTION('',(0.,-1.));
#7367 = ( GEOMETRIC_REPRESENTATION_CONTEXT(2) 
PARAMETRIC_REPRESENTATION_CONTEXT() REPRESENTATION_CONTEXT('2D SPACE',''
  ) );
#7368 = ORIENTED_EDGE('',*,*,#2034,.T.);
#7369 = ORIENTED_EDGE('',*,*,#7370,.F.);
#7370 = EDGE_CURVE('',#7321,#2037,#7371,.T.);
#7371 = SURFACE_CURVE('',#7372,(#7376,#7383),.PCURVE_S1.);
#7372 = LINE('',#7373,#7374);
#7373 = CARTESIAN_POINT('',(-5.80249223595,-1.3,-3.001246117975));
#7374 = VECTOR('',#7375,1.);
#7375 = DIRECTION('',(0.,-1.,0.));
#7376 = PCURVE('',#2051,#7377);
#7377 = DEFINITIONAL_REPRESENTATION('',(#7378),#7382);
#7378 = LINE('',#7379,#7380);
#7379 = CARTESIAN_POINT('',(1.56524758425,0.));
#7380 = VECTOR('',#7381,1.);
#7381 = DIRECTION('',(0.,-1.));
#7382 = ( GEOMETRIC_REPRESENTATION_CONTEXT(2) 
PARAMETRIC_REPRESENTATION_CONTEXT() REPRESENTATION_CONTEXT('2D SPACE',''
  ) );
#7383 = PCURVE('',#2132,#7384);
#7384 = DEFINITIONAL_REPRESENTATION('',(#7385),#7389);
#7385 = LINE('',#7386,#7387);
#7386 = CARTESIAN_POINT('',(0.,0.));
#7387 = VECTOR('',#7388,1.);
#7388 = DIRECTION('',(0.,-1.));
#7389 = ( GEOMETRIC_REPRESENTATION_CONTEXT(2) 
PARAMETRIC_REPRESENTATION_CONTEXT() REPRESENTATION_CONTEXT('2D SPACE',''
  ) );
#7390 = ADVANCED_FACE('',(#7391),#2079,.F.);
#7391 = FACE_BOUND('',#7392,.F.);
#7392 = EDGE_LOOP('',(#7393,#7417,#7438,#7439));
#7393 = ORIENTED_EDGE('',*,*,#7394,.F.);
#7394 = EDGE_CURVE('',#7395,#7319,#7397,.T.);
#7395 = VERTEX_POINT('',#7396);
#7396 = CARTESIAN_POINT('',(-4.29750776405,-1.3,-3.998753882025));
#7397 = SURFACE_CURVE('',#7398,(#7403,#7410),.PCURVE_S1.);
#7398 = CIRCLE('',#7399,0.45);
#7399 = AXIS2_PLACEMENT_3D('',#7400,#7401,#7402);
#7400 = CARTESIAN_POINT('',(-4.7,-1.3,-4.2));
#7401 = DIRECTION('',(-0.,1.,0.));
#7402 = DIRECTION('',(0.894427191,0.,0.4472135955));
#7403 = PCURVE('',#2079,#7404);
#7404 = DEFINITIONAL_REPRESENTATION('',(#7405),#7409);
#7405 = LINE('',#7406,#7407);
#7406 = CARTESIAN_POINT('',(0.,0.));
#7407 = VECTOR('',#7408,1.);
#7408 = DIRECTION('',(1.,0.));
#7409 = ( GEOMETRIC_REPRESENTATION_CONTEXT(2) 
PARAMETRIC_REPRESENTATION_CONTEXT() REPRESENTATION_CONTEXT('2D SPACE',''
  ) );
#7410 = PCURVE('',#7336,#7411);
#7411 = DEFINITIONAL_REPRESENTATION('',(#7412),#7416);
#7412 = CIRCLE('',#7413,0.45);
#7413 = AXIS2_PLACEMENT_2D('',#7414,#7415);
#7414 = CARTESIAN_POINT('',(-0.7,0.35));
#7415 = DIRECTION('',(0.4472135955,0.894427191));
#7416 = ( GEOMETRIC_REPRESENTATION_CONTEXT(2) 
PARAMETRIC_REPRESENTATION_CONTEXT() REPRESENTATION_CONTEXT('2D SPACE',''
  ) );
#7417 = ORIENTED_EDGE('',*,*,#7418,.T.);
#7418 = EDGE_CURVE('',#7395,#2063,#7419,.T.);
#7419 = SURFACE_CURVE('',#7420,(#7424,#7431),.PCURVE_S1.);
#7420 = LINE('',#7421,#7422);
#7421 = CARTESIAN_POINT('',(-4.29750776405,-1.3,-3.998753882025));
#7422 = VECTOR('',#7423,1.);
#7423 = DIRECTION('',(0.,-1.,0.));
#7424 = PCURVE('',#2079,#7425);
#7425 = DEFINITIONAL_REPRESENTATION('',(#7426),#7430);
#7426 = LINE('',#7427,#7428);
#7427 = CARTESIAN_POINT('',(0.,0.));
#7428 = VECTOR('',#7429,1.);
#7429 = DIRECTION('',(0.,-1.));
#7430 = ( GEOMETRIC_REPRESENTATION_CONTEXT(2) 
PARAMETRIC_REPRESENTATION_CONTEXT() REPRESENTATION_CONTEXT('2D SPACE',''
  ) );
#7431 = PCURVE('',#2106,#7432);
#7432 = DEFINITIONAL_REPRESENTATION('',(#7433),#7437);
#7433 = LINE('',#7434,#7435);
#7434 = CARTESIAN_POINT('',(1.56524758425,0.));
#7435 = VECTOR('',#7436,1.);
#7436 = DIRECTION('',(0.,-1.));
#7437 = ( GEOMETRIC_REPRESENTATION_CONTEXT(2) 
PARAMETRIC_REPRESENTATION_CONTEXT() REPRESENTATION_CONTEXT('2D SPACE',''
  ) );
#7438 = ORIENTED_EDGE('',*,*,#2062,.T.);
#7439 = ORIENTED_EDGE('',*,*,#7348,.F.);
#7440 = ADVANCED_FACE('',(#7441),#2132,.F.);
#7441 = FACE_BOUND('',#7442,.F.);
#7442 = EDGE_LOOP('',(#7443,#7467,#7468,#7469));
#7443 = ORIENTED_EDGE('',*,*,#7444,.F.);
#7444 = EDGE_CURVE('',#7321,#7445,#7447,.T.);
#7445 = VERTEX_POINT('',#7446);
#7446 = CARTESIAN_POINT('',(-4.99750776405,-1.3,-2.598753882025));
#7447 = SURFACE_CURVE('',#7448,(#7453,#7460),.PCURVE_S1.);
#7448 = CIRCLE('',#7449,0.45);
#7449 = AXIS2_PLACEMENT_3D('',#7450,#7451,#7452);
#7450 = CARTESIAN_POINT('',(-5.4,-1.3,-2.8));
#7451 = DIRECTION('',(0.,1.,-0.));
#7452 = DIRECTION('',(-0.894427191,-0.,-0.4472135955));
#7453 = PCURVE('',#2132,#7454);
#7454 = DEFINITIONAL_REPRESENTATION('',(#7455),#7459);
#7455 = LINE('',#7456,#7457);
#7456 = CARTESIAN_POINT('',(0.,0.));
#7457 = VECTOR('',#7458,1.);
#7458 = DIRECTION('',(1.,0.));
#7459 = ( GEOMETRIC_REPRESENTATION_CONTEXT(2) 
PARAMETRIC_REPRESENTATION_CONTEXT() REPRESENTATION_CONTEXT('2D SPACE',''
  ) );
#7460 = PCURVE('',#7336,#7461);
#7461 = DEFINITIONAL_REPRESENTATION('',(#7462),#7466);
#7462 = CIRCLE('',#7463,0.45);
#7463 = AXIS2_PLACEMENT_2D('',#7464,#7465);
#7464 = CARTESIAN_POINT('',(0.7,-0.35));
#7465 = DIRECTION('',(-0.4472135955,-0.894427191));
#7466 = ( GEOMETRIC_REPRESENTATION_CONTEXT(2) 
PARAMETRIC_REPRESENTATION_CONTEXT() REPRESENTATION_CONTEXT('2D SPACE',''
  ) );
#7467 = ORIENTED_EDGE('',*,*,#7370,.T.);
#7468 = ORIENTED_EDGE('',*,*,#2117,.T.);
#7469 = ORIENTED_EDGE('',*,*,#7470,.F.);
#7470 = EDGE_CURVE('',#7445,#2092,#7471,.T.);
#7471 = SURFACE_CURVE('',#7472,(#7476,#7483),.PCURVE_S1.);
#7472 = LINE('',#7473,#7474);
#7473 = CARTESIAN_POINT('',(-4.99750776405,-1.3,-2.598753882025));
#7474 = VECTOR('',#7475,1.);
#7475 = DIRECTION('',(0.,-1.,0.));
#7476 = PCURVE('',#2132,#7477);
#7477 = DEFINITIONAL_REPRESENTATION('',(#7478),#7482);
#7478 = LINE('',#7479,#7480);
#7479 = CARTESIAN_POINT('',(3.14159265359,0.));
#7480 = VECTOR('',#7481,1.);
#7481 = DIRECTION('',(0.,-1.));
#7482 = ( GEOMETRIC_REPRESENTATION_CONTEXT(2) 
PARAMETRIC_REPRESENTATION_CONTEXT() REPRESENTATION_CONTEXT('2D SPACE',''
  ) );
#7483 = PCURVE('',#2106,#7484);
#7484 = DEFINITIONAL_REPRESENTATION('',(#7485),#7489);
#7485 = LINE('',#7486,#7487);
#7486 = CARTESIAN_POINT('',(0.,0.));
#7487 = VECTOR('',#7488,1.);
#7488 = DIRECTION('',(0.,-1.));
#7489 = ( GEOMETRIC_REPRESENTATION_CONTEXT(2) 
PARAMETRIC_REPRESENTATION_CONTEXT() REPRESENTATION_CONTEXT('2D SPACE',''
  ) );
#7490 = ADVANCED_FACE('',(#7491),#2106,.F.);
#7491 = FACE_BOUND('',#7492,.F.);
#7492 = EDGE_LOOP('',(#7493,#7514,#7515,#7516));
#7493 = ORIENTED_EDGE('',*,*,#7494,.F.);
#7494 = EDGE_CURVE('',#7445,#7395,#7495,.T.);
#7495 = SURFACE_CURVE('',#7496,(#7500,#7507),.PCURVE_S1.);
#7496 = LINE('',#7497,#7498);
#7497 = CARTESIAN_POINT('',(-4.99750776405,-1.3,-2.598753882025));
#7498 = VECTOR('',#7499,1.);
#7499 = DIRECTION('',(0.4472135955,0.,-0.894427191));
#7500 = PCURVE('',#2106,#7501);
#7501 = DEFINITIONAL_REPRESENTATION('',(#7502),#7506);
#7502 = LINE('',#7503,#7504);
#7503 = CARTESIAN_POINT('',(0.,0.));
#7504 = VECTOR('',#7505,1.);
#7505 = DIRECTION('',(1.,0.));
#7506 = ( GEOMETRIC_REPRESENTATION_CONTEXT(2) 
PARAMETRIC_REPRESENTATION_CONTEXT() REPRESENTATION_CONTEXT('2D SPACE',''
  ) );
#7507 = PCURVE('',#7336,#7508);
#7508 = DEFINITIONAL_REPRESENTATION('',(#7509),#7513);
#7509 = LINE('',#7510,#7511);
#7510 = CARTESIAN_POINT('',(0.901246117975,5.249223594996E-02));
#7511 = VECTOR('',#7512,1.);
#7512 = DIRECTION('',(-0.894427191,0.4472135955));
#7513 = ( GEOMETRIC_REPRESENTATION_CONTEXT(2) 
PARAMETRIC_REPRESENTATION_CONTEXT() REPRESENTATION_CONTEXT('2D SPACE',''
  ) );
#7514 = ORIENTED_EDGE('',*,*,#7470,.T.);
#7515 = ORIENTED_EDGE('',*,*,#2091,.T.);
#7516 = ORIENTED_EDGE('',*,*,#7418,.F.);
#7517 = ADVANCED_FACE('',(#7518),#2163,.F.);
#7518 = FACE_BOUND('',#7519,.F.);
#7519 = EDGE_LOOP('',(#7520,#7550,#7571,#7572));
#7520 = ORIENTED_EDGE('',*,*,#7521,.F.);
#7521 = EDGE_CURVE('',#7522,#7524,#7526,.T.);
#7522 = VERTEX_POINT('',#7523);
#7523 = CARTESIAN_POINT('',(-4.8,-1.3,-0.4));
#7524 = VERTEX_POINT('',#7525);
#7525 = CARTESIAN_POINT('',(-4.8,-1.3,2.8));
#7526 = SURFACE_CURVE('',#7527,(#7531,#7538),.PCURVE_S1.);
#7527 = LINE('',#7528,#7529);
#7528 = CARTESIAN_POINT('',(-4.8,-1.3,-0.4));
#7529 = VECTOR('',#7530,1.);
#7530 = DIRECTION('',(1.110223024625E-16,0.,1.));
#7531 = PCURVE('',#2163,#7532);
#7532 = DEFINITIONAL_REPRESENTATION('',(#7533),#7537);
#7533 = LINE('',#7534,#7535);
#7534 = CARTESIAN_POINT('',(0.,0.));
#7535 = VECTOR('',#7536,1.);
#7536 = DIRECTION('',(1.,0.));
#7537 = ( GEOMETRIC_REPRESENTATION_CONTEXT(2) 
PARAMETRIC_REPRESENTATION_CONTEXT() REPRESENTATION_CONTEXT('2D SPACE',''
  ) );
#7538 = PCURVE('',#7539,#7544);
#7539 = PLANE('',#7540);
#7540 = AXIS2_PLACEMENT_3D('',#7541,#7542,#7543);
#7541 = CARTESIAN_POINT('',(-3.8,-1.3,1.2));
#7542 = DIRECTION('',(0.,1.,0.));
#7543 = DIRECTION('',(0.,-0.,1.));
#7544 = DEFINITIONAL_REPRESENTATION('',(#7545),#7549);
#7545 = LINE('',#7546,#7547);
#7546 = CARTESIAN_POINT('',(-1.6,-1.));
#7547 = VECTOR('',#7548,1.);
#7548 = DIRECTION('',(1.,1.110223024625E-16));
#7549 = ( GEOMETRIC_REPRESENTATION_CONTEXT(2) 
PARAMETRIC_REPRESENTATION_CONTEXT() REPRESENTATION_CONTEXT('2D SPACE',''
  ) );
#7550 = ORIENTED_EDGE('',*,*,#7551,.T.);
#7551 = EDGE_CURVE('',#7522,#2147,#7552,.T.);
#7552 = SURFACE_CURVE('',#7553,(#7557,#7564),.PCURVE_S1.);
#7553 = LINE('',#7554,#7555);
#7554 = CARTESIAN_POINT('',(-4.8,-1.3,-0.4));
#7555 = VECTOR('',#7556,1.);
#7556 = DIRECTION('',(0.,-1.,0.));
#7557 = PCURVE('',#2163,#7558);
#7558 = DEFINITIONAL_REPRESENTATION('',(#7559),#7563);
#7559 = LINE('',#7560,#7561);
#7560 = CARTESIAN_POINT('',(0.,0.));
#7561 = VECTOR('',#7562,1.);
#7562 = DIRECTION('',(0.,-1.));
#7563 = ( GEOMETRIC_REPRESENTATION_CONTEXT(2) 
PARAMETRIC_REPRESENTATION_CONTEXT() REPRESENTATION_CONTEXT('2D SPACE',''
  ) );
#7564 = PCURVE('',#2191,#7565);
#7565 = DEFINITIONAL_REPRESENTATION('',(#7566),#7570);
#7566 = LINE('',#7567,#7568);
#7567 = CARTESIAN_POINT('',(3.14159265359,0.));
#7568 = VECTOR('',#7569,1.);
#7569 = DIRECTION('',(0.,-1.));
#7570 = ( GEOMETRIC_REPRESENTATION_CONTEXT(2) 
PARAMETRIC_REPRESENTATION_CONTEXT() REPRESENTATION_CONTEXT('2D SPACE',''
  ) );
#7571 = ORIENTED_EDGE('',*,*,#2146,.T.);
#7572 = ORIENTED_EDGE('',*,*,#7573,.F.);
#7573 = EDGE_CURVE('',#7524,#2149,#7574,.T.);
#7574 = SURFACE_CURVE('',#7575,(#7579,#7586),.PCURVE_S1.);
#7575 = LINE('',#7576,#7577);
#7576 = CARTESIAN_POINT('',(-4.8,-1.3,2.8));
#7577 = VECTOR('',#7578,1.);
#7578 = DIRECTION('',(0.,-1.,0.));
#7579 = PCURVE('',#2163,#7580);
#7580 = DEFINITIONAL_REPRESENTATION('',(#7581),#7585);
#7581 = LINE('',#7582,#7583);
#7582 = CARTESIAN_POINT('',(3.2,0.));
#7583 = VECTOR('',#7584,1.);
#7584 = DIRECTION('',(0.,-1.));
#7585 = ( GEOMETRIC_REPRESENTATION_CONTEXT(2) 
PARAMETRIC_REPRESENTATION_CONTEXT() REPRESENTATION_CONTEXT('2D SPACE',''
  ) );
#7586 = PCURVE('',#2244,#7587);
#7587 = DEFINITIONAL_REPRESENTATION('',(#7588),#7592);
#7588 = LINE('',#7589,#7590);
#7589 = CARTESIAN_POINT('',(0.,0.));
#7590 = VECTOR('',#7591,1.);
#7591 = DIRECTION('',(0.,-1.));
#7592 = ( GEOMETRIC_REPRESENTATION_CONTEXT(2) 
PARAMETRIC_REPRESENTATION_CONTEXT() REPRESENTATION_CONTEXT('2D SPACE',''
  ) );
#7593 = ADVANCED_FACE('',(#7594),#2191,.F.);
#7594 = FACE_BOUND('',#7595,.F.);
#7595 = EDGE_LOOP('',(#7596,#7620,#7641,#7642));
#7596 = ORIENTED_EDGE('',*,*,#7597,.F.);
#7597 = EDGE_CURVE('',#7598,#7522,#7600,.T.);
#7598 = VERTEX_POINT('',#7599);
#7599 = CARTESIAN_POINT('',(-2.8,-1.3,-0.4));
#7600 = SURFACE_CURVE('',#7601,(#7606,#7613),.PCURVE_S1.);
#7601 = CIRCLE('',#7602,1.);
#7602 = AXIS2_PLACEMENT_3D('',#7603,#7604,#7605);
#7603 = CARTESIAN_POINT('',(-3.8,-1.3,-0.4));
#7604 = DIRECTION('',(0.,1.,0.));
#7605 = DIRECTION('',(1.,0.,-1.110223024625E-16));
#7606 = PCURVE('',#2191,#7607);
#7607 = DEFINITIONAL_REPRESENTATION('',(#7608),#7612);
#7608 = LINE('',#7609,#7610);
#7609 = CARTESIAN_POINT('',(0.,0.));
#7610 = VECTOR('',#7611,1.);
#7611 = DIRECTION('',(1.,0.));
#7612 = ( GEOMETRIC_REPRESENTATION_CONTEXT(2) 
PARAMETRIC_REPRESENTATION_CONTEXT() REPRESENTATION_CONTEXT('2D SPACE',''
  ) );
#7613 = PCURVE('',#7539,#7614);
#7614 = DEFINITIONAL_REPRESENTATION('',(#7615),#7619);
#7615 = CIRCLE('',#7616,1.);
#7616 = AXIS2_PLACEMENT_2D('',#7617,#7618);
#7617 = CARTESIAN_POINT('',(-1.6,-4.440892098501E-16));
#7618 = DIRECTION('',(-1.110223024625E-16,1.));
#7619 = ( GEOMETRIC_REPRESENTATION_CONTEXT(2) 
PARAMETRIC_REPRESENTATION_CONTEXT() REPRESENTATION_CONTEXT('2D SPACE',''
  ) );
#7620 = ORIENTED_EDGE('',*,*,#7621,.T.);
#7621 = EDGE_CURVE('',#7598,#2175,#7622,.T.);
#7622 = SURFACE_CURVE('',#7623,(#7627,#7634),.PCURVE_S1.);
#7623 = LINE('',#7624,#7625);
#7624 = CARTESIAN_POINT('',(-2.8,-1.3,-0.4));
#7625 = VECTOR('',#7626,1.);
#7626 = DIRECTION('',(0.,-1.,0.));
#7627 = PCURVE('',#2191,#7628);
#7628 = DEFINITIONAL_REPRESENTATION('',(#7629),#7633);
#7629 = LINE('',#7630,#7631);
#7630 = CARTESIAN_POINT('',(0.,0.));
#7631 = VECTOR('',#7632,1.);
#7632 = DIRECTION('',(0.,-1.));
#7633 = ( GEOMETRIC_REPRESENTATION_CONTEXT(2) 
PARAMETRIC_REPRESENTATION_CONTEXT() REPRESENTATION_CONTEXT('2D SPACE',''
  ) );
#7634 = PCURVE('',#2218,#7635);
#7635 = DEFINITIONAL_REPRESENTATION('',(#7636),#7640);
#7636 = LINE('',#7637,#7638);
#7637 = CARTESIAN_POINT('',(3.2,0.));
#7638 = VECTOR('',#7639,1.);
#7639 = DIRECTION('',(0.,-1.));
#7640 = ( GEOMETRIC_REPRESENTATION_CONTEXT(2) 
PARAMETRIC_REPRESENTATION_CONTEXT() REPRESENTATION_CONTEXT('2D SPACE',''
  ) );
#7641 = ORIENTED_EDGE('',*,*,#2174,.T.);
#7642 = ORIENTED_EDGE('',*,*,#7551,.F.);
#7643 = ADVANCED_FACE('',(#7644),#2244,.F.);
#7644 = FACE_BOUND('',#7645,.F.);
#7645 = EDGE_LOOP('',(#7646,#7670,#7671,#7672));
#7646 = ORIENTED_EDGE('',*,*,#7647,.F.);
#7647 = EDGE_CURVE('',#7524,#7648,#7650,.T.);
#7648 = VERTEX_POINT('',#7649);
#7649 = CARTESIAN_POINT('',(-2.8,-1.3,2.8));
#7650 = SURFACE_CURVE('',#7651,(#7656,#7663),.PCURVE_S1.);
#7651 = CIRCLE('',#7652,1.);
#7652 = AXIS2_PLACEMENT_3D('',#7653,#7654,#7655);
#7653 = CARTESIAN_POINT('',(-3.8,-1.3,2.8));
#7654 = DIRECTION('',(0.,1.,-0.));
#7655 = DIRECTION('',(-1.,0.,1.110223024625E-16));
#7656 = PCURVE('',#2244,#7657);
#7657 = DEFINITIONAL_REPRESENTATION('',(#7658),#7662);
#7658 = LINE('',#7659,#7660);
#7659 = CARTESIAN_POINT('',(0.,0.));
#7660 = VECTOR('',#7661,1.);
#7661 = DIRECTION('',(1.,0.));
#7662 = ( GEOMETRIC_REPRESENTATION_CONTEXT(2) 
PARAMETRIC_REPRESENTATION_CONTEXT() REPRESENTATION_CONTEXT('2D SPACE',''
  ) );
#7663 = PCURVE('',#7539,#7664);
#7664 = DEFINITIONAL_REPRESENTATION('',(#7665),#7669);
#7665 = CIRCLE('',#7666,1.);
#7666 = AXIS2_PLACEMENT_2D('',#7667,#7668);
#7667 = CARTESIAN_POINT('',(1.6,4.440892098501E-16));
#7668 = DIRECTION('',(1.110223024625E-16,-1.));
#7669 = ( GEOMETRIC_REPRESENTATION_CONTEXT(2) 
PARAMETRIC_REPRESENTATION_CONTEXT() REPRESENTATION_CONTEXT('2D SPACE',''
  ) );
#7670 = ORIENTED_EDGE('',*,*,#7573,.T.);
#7671 = ORIENTED_EDGE('',*,*,#2229,.T.);
#7672 = ORIENTED_EDGE('',*,*,#7673,.F.);
#7673 = EDGE_CURVE('',#7648,#2204,#7674,.T.);
#7674 = SURFACE_CURVE('',#7675,(#7679,#7686),.PCURVE_S1.);
#7675 = LINE('',#7676,#7677);
#7676 = CARTESIAN_POINT('',(-2.8,-1.3,2.8));
#7677 = VECTOR('',#7678,1.);
#7678 = DIRECTION('',(0.,-1.,0.));
#7679 = PCURVE('',#2244,#7680);
#7680 = DEFINITIONAL_REPRESENTATION('',(#7681),#7685);
#7681 = LINE('',#7682,#7683);
#7682 = CARTESIAN_POINT('',(3.14159265359,0.));
#7683 = VECTOR('',#7684,1.);
#7684 = DIRECTION('',(0.,-1.));
#7685 = ( GEOMETRIC_REPRESENTATION_CONTEXT(2) 
PARAMETRIC_REPRESENTATION_CONTEXT() REPRESENTATION_CONTEXT('2D SPACE',''
  ) );
#7686 = PCURVE('',#2218,#7687);
#7687 = DEFINITIONAL_REPRESENTATION('',(#7688),#7692);
#7688 = LINE('',#7689,#7690);
#7689 = CARTESIAN_POINT('',(-0.,0.));
#7690 = VECTOR('',#7691,1.);
#7691 = DIRECTION('',(0.,-1.));
#7692 = ( GEOMETRIC_REPRESENTATION_CONTEXT(2) 
PARAMETRIC_REPRESENTATION_CONTEXT() REPRESENTATION_CONTEXT('2D SPACE',''
  ) );
#7693 = ADVANCED_FACE('',(#7694),#2218,.F.);
#7694 = FACE_BOUND('',#7695,.F.);
#7695 = EDGE_LOOP('',(#7696,#7717,#7718,#7719));
#7696 = ORIENTED_EDGE('',*,*,#7697,.F.);
#7697 = EDGE_CURVE('',#7648,#7598,#7698,.T.);
#7698 = SURFACE_CURVE('',#7699,(#7703,#7710),.PCURVE_S1.);
#7699 = LINE('',#7700,#7701);
#7700 = CARTESIAN_POINT('',(-2.8,-1.3,2.8));
#7701 = VECTOR('',#7702,1.);
#7702 = DIRECTION('',(-1.110223024625E-16,-0.,-1.));
#7703 = PCURVE('',#2218,#7704);
#7704 = DEFINITIONAL_REPRESENTATION('',(#7705),#7709);
#7705 = LINE('',#7706,#7707);
#7706 = CARTESIAN_POINT('',(-0.,0.));
#7707 = VECTOR('',#7708,1.);
#7708 = DIRECTION('',(1.,0.));
#7709 = ( GEOMETRIC_REPRESENTATION_CONTEXT(2) 
PARAMETRIC_REPRESENTATION_CONTEXT() REPRESENTATION_CONTEXT('2D SPACE',''
  ) );
#7710 = PCURVE('',#7539,#7711);
#7711 = DEFINITIONAL_REPRESENTATION('',(#7712),#7716);
#7712 = LINE('',#7713,#7714);
#7713 = CARTESIAN_POINT('',(1.6,1.));
#7714 = VECTOR('',#7715,1.);
#7715 = DIRECTION('',(-1.,-1.110223024625E-16));
#7716 = ( GEOMETRIC_REPRESENTATION_CONTEXT(2) 
PARAMETRIC_REPRESENTATION_CONTEXT() REPRESENTATION_CONTEXT('2D SPACE',''
  ) );
#7717 = ORIENTED_EDGE('',*,*,#7673,.T.);
#7718 = ORIENTED_EDGE('',*,*,#2203,.T.);
#7719 = ORIENTED_EDGE('',*,*,#7621,.F.);
#7720 = ADVANCED_FACE('',(#7721),#2275,.F.);
#7721 = FACE_BOUND('',#7722,.F.);
#7722 = EDGE_LOOP('',(#7723,#7753,#7774,#7775));
#7723 = ORIENTED_EDGE('',*,*,#7724,.F.);
#7724 = EDGE_CURVE('',#7725,#7727,#7729,.T.);
#7725 = VERTEX_POINT('',#7726);
#7726 = CARTESIAN_POINT('',(-0.551719215359,-1.3,-2.715042994384));
#7727 = VERTEX_POINT('',#7728);
#7728 = CARTESIAN_POINT('',(-2.775557561563E-17,-1.3,-3.389366479822));
#7729 = SURFACE_CURVE('',#7730,(#7734,#7741),.PCURVE_S1.);
#7730 = LINE('',#7731,#7732);
#7731 = CARTESIAN_POINT('',(-0.551719215359,-1.3,-2.715042994384));
#7732 = VECTOR('',#7733,1.);
#7733 = DIRECTION('',(0.633237790257,0.,-0.773957299203));
#7734 = PCURVE('',#2275,#7735);
#7735 = DEFINITIONAL_REPRESENTATION('',(#7736),#7740);
#7736 = LINE('',#7737,#7738);
#7737 = CARTESIAN_POINT('',(0.,0.));
#7738 = VECTOR('',#7739,1.);
#7739 = DIRECTION('',(1.,0.));
#7740 = ( GEOMETRIC_REPRESENTATION_CONTEXT(2) 
PARAMETRIC_REPRESENTATION_CONTEXT() REPRESENTATION_CONTEXT('2D SPACE',''
  ) );
#7741 = PCURVE('',#7742,#7747);
#7742 = PLANE('',#7743);
#7743 = AXIS2_PLACEMENT_3D('',#7744,#7745,#7746);
#7744 = CARTESIAN_POINT('',(-0.45,-1.3,-3.55));
#7745 = DIRECTION('',(0.,1.,0.));
#7746 = DIRECTION('',(0.,-0.,1.));
#7747 = DEFINITIONAL_REPRESENTATION('',(#7748),#7752);
#7748 = LINE('',#7749,#7750);
#7749 = CARTESIAN_POINT('',(0.834957005616,-0.101719215359));
#7750 = VECTOR('',#7751,1.);
#7751 = DIRECTION('',(-0.773957299203,0.633237790257));
#7752 = ( GEOMETRIC_REPRESENTATION_CONTEXT(2) 
PARAMETRIC_REPRESENTATION_CONTEXT() REPRESENTATION_CONTEXT('2D SPACE',''
  ) );
#7753 = ORIENTED_EDGE('',*,*,#7754,.T.);
#7754 = EDGE_CURVE('',#7725,#2259,#7755,.T.);
#7755 = SURFACE_CURVE('',#7756,(#7760,#7767),.PCURVE_S1.);
#7756 = LINE('',#7757,#7758);
#7757 = CARTESIAN_POINT('',(-0.551719215359,-1.3,-2.715042994384));
#7758 = VECTOR('',#7759,1.);
#7759 = DIRECTION('',(0.,-1.,0.));
#7760 = PCURVE('',#2275,#7761);
#7761 = DEFINITIONAL_REPRESENTATION('',(#7762),#7766);
#7762 = LINE('',#7763,#7764);
#7763 = CARTESIAN_POINT('',(0.,0.));
#7764 = VECTOR('',#7765,1.);
#7765 = DIRECTION('',(0.,-1.));
#7766 = ( GEOMETRIC_REPRESENTATION_CONTEXT(2) 
PARAMETRIC_REPRESENTATION_CONTEXT() REPRESENTATION_CONTEXT('2D SPACE',''
  ) );
#7767 = PCURVE('',#2303,#7768);
#7768 = DEFINITIONAL_REPRESENTATION('',(#7769),#7773);
#7769 = LINE('',#7770,#7771);
#7770 = CARTESIAN_POINT('',(3.14159265359,0.));
#7771 = VECTOR('',#7772,1.);
#7772 = DIRECTION('',(0.,-1.));
#7773 = ( GEOMETRIC_REPRESENTATION_CONTEXT(2) 
PARAMETRIC_REPRESENTATION_CONTEXT() REPRESENTATION_CONTEXT('2D SPACE',''
  ) );
#7774 = ORIENTED_EDGE('',*,*,#2258,.T.);
#7775 = ORIENTED_EDGE('',*,*,#7776,.F.);
#7776 = EDGE_CURVE('',#7727,#2261,#7777,.T.);
#7777 = SURFACE_CURVE('',#7778,(#7782,#7788),.PCURVE_S1.);
#7778 = LINE('',#7779,#7780);
#7779 = CARTESIAN_POINT('',(8.326672684689E-17,-1.3,-3.389366479822));
#7780 = VECTOR('',#7781,1.);
#7781 = DIRECTION('',(0.,-1.,0.));
#7782 = PCURVE('',#2275,#7783);
#7783 = DEFINITIONAL_REPRESENTATION('',(#7784),#7787);
#7784 = B_SPLINE_CURVE_WITH_KNOTS('',1,(#7785,#7786),.UNSPECIFIED.,.F.,
  .F.,(2,2),(0.,1.5),.PIECEWISE_BEZIER_KNOTS.);
#7785 = CARTESIAN_POINT('',(0.871267040355,0.));
#7786 = CARTESIAN_POINT('',(0.871267040355,-1.5));
#7787 = ( GEOMETRIC_REPRESENTATION_CONTEXT(2) 
PARAMETRIC_REPRESENTATION_CONTEXT() REPRESENTATION_CONTEXT('2D SPACE',''
  ) );
#7788 = PCURVE('',#2438,#7789);
#7789 = DEFINITIONAL_REPRESENTATION('',(#7790),#7793);
#7790 = B_SPLINE_CURVE_WITH_KNOTS('',1,(#7791,#7792),.UNSPECIFIED.,.F.,
  .F.,(2,2),(0.,1.5),.PIECEWISE_BEZIER_KNOTS.);
#7791 = CARTESIAN_POINT('',(0.55,0.));
#7792 = CARTESIAN_POINT('',(0.55,-1.5));
#7793 = ( GEOMETRIC_REPRESENTATION_CONTEXT(2) 
PARAMETRIC_REPRESENTATION_CONTEXT() REPRESENTATION_CONTEXT('2D SPACE',''
  ) );
#7794 = ADVANCED_FACE('',(#7795),#2303,.F.);
#7795 = FACE_BOUND('',#7796,.F.);
#7796 = EDGE_LOOP('',(#7797,#7821,#7842,#7843));
#7797 = ORIENTED_EDGE('',*,*,#7798,.F.);
#7798 = EDGE_CURVE('',#7799,#7725,#7801,.T.);
#7799 = VERTEX_POINT('',#7800);
#7800 = CARTESIAN_POINT('',(-1.248280784641,-1.3,-3.284957005616));
#7801 = SURFACE_CURVE('',#7802,(#7807,#7814),.PCURVE_S1.);
#7802 = CIRCLE('',#7803,0.45);
#7803 = AXIS2_PLACEMENT_3D('',#7804,#7805,#7806);
#7804 = CARTESIAN_POINT('',(-0.9,-1.3,-3.));
#7805 = DIRECTION('',(0.,1.,-0.));
#7806 = DIRECTION('',(-0.773957299203,-0.,-0.633237790257));
#7807 = PCURVE('',#2303,#7808);
#7808 = DEFINITIONAL_REPRESENTATION('',(#7809),#7813);
#7809 = LINE('',#7810,#7811);
#7810 = CARTESIAN_POINT('',(0.,0.));
#7811 = VECTOR('',#7812,1.);
#7812 = DIRECTION('',(1.,0.));
#7813 = ( GEOMETRIC_REPRESENTATION_CONTEXT(2) 
PARAMETRIC_REPRESENTATION_CONTEXT() REPRESENTATION_CONTEXT('2D SPACE',''
  ) );
#7814 = PCURVE('',#7742,#7815);
#7815 = DEFINITIONAL_REPRESENTATION('',(#7816),#7820);
#7816 = CIRCLE('',#7817,0.45);
#7817 = AXIS2_PLACEMENT_2D('',#7818,#7819);
#7818 = CARTESIAN_POINT('',(0.55,-0.45));
#7819 = DIRECTION('',(-0.633237790257,-0.773957299203));
#7820 = ( GEOMETRIC_REPRESENTATION_CONTEXT(2) 
PARAMETRIC_REPRESENTATION_CONTEXT() REPRESENTATION_CONTEXT('2D SPACE',''
  ) );
#7821 = ORIENTED_EDGE('',*,*,#7822,.T.);
#7822 = EDGE_CURVE('',#7799,#2287,#7823,.T.);
#7823 = SURFACE_CURVE('',#7824,(#7828,#7835),.PCURVE_S1.);
#7824 = LINE('',#7825,#7826);
#7825 = CARTESIAN_POINT('',(-1.248280784641,-1.3,-3.284957005616));
#7826 = VECTOR('',#7827,1.);
#7827 = DIRECTION('',(0.,-1.,0.));
#7828 = PCURVE('',#2303,#7829);
#7829 = DEFINITIONAL_REPRESENTATION('',(#7830),#7834);
#7830 = LINE('',#7831,#7832);
#7831 = CARTESIAN_POINT('',(0.,0.));
#7832 = VECTOR('',#7833,1.);
#7833 = DIRECTION('',(0.,-1.));
#7834 = ( GEOMETRIC_REPRESENTATION_CONTEXT(2) 
PARAMETRIC_REPRESENTATION_CONTEXT() REPRESENTATION_CONTEXT('2D SPACE',''
  ) );
#7835 = PCURVE('',#2330,#7836);
#7836 = DEFINITIONAL_REPRESENTATION('',(#7837),#7841);
#7837 = LINE('',#7838,#7839);
#7838 = CARTESIAN_POINT('',(1.421267040355,0.));
#7839 = VECTOR('',#7840,1.);
#7840 = DIRECTION('',(0.,-1.));
#7841 = ( GEOMETRIC_REPRESENTATION_CONTEXT(2) 
PARAMETRIC_REPRESENTATION_CONTEXT() REPRESENTATION_CONTEXT('2D SPACE',''
  ) );
#7842 = ORIENTED_EDGE('',*,*,#2286,.T.);
#7843 = ORIENTED_EDGE('',*,*,#7754,.F.);
#7844 = ADVANCED_FACE('',(#7845),#2438,.F.);
#7845 = FACE_BOUND('',#7846,.F.);
#7846 = EDGE_LOOP('',(#7847,#7870,#7871,#7872));
#7847 = ORIENTED_EDGE('',*,*,#7848,.F.);
#7848 = EDGE_CURVE('',#7727,#7849,#7851,.T.);
#7849 = VERTEX_POINT('',#7850);
#7850 = CARTESIAN_POINT('',(0.551719215359,-1.3,-2.715042994384));
#7851 = SURFACE_CURVE('',#7852,(#7856,#7863),.PCURVE_S1.);
#7852 = LINE('',#7853,#7854);
#7853 = CARTESIAN_POINT('',(-0.348280784641,-1.3,-3.815042994384));
#7854 = VECTOR('',#7855,1.);
#7855 = DIRECTION('',(0.633237790257,0.,0.773957299203));
#7856 = PCURVE('',#2438,#7857);
#7857 = DEFINITIONAL_REPRESENTATION('',(#7858),#7862);
#7858 = LINE('',#7859,#7860);
#7859 = CARTESIAN_POINT('',(0.,0.));
#7860 = VECTOR('',#7861,1.);
#7861 = DIRECTION('',(1.,0.));
#7862 = ( GEOMETRIC_REPRESENTATION_CONTEXT(2) 
PARAMETRIC_REPRESENTATION_CONTEXT() REPRESENTATION_CONTEXT('2D SPACE',''
  ) );
#7863 = PCURVE('',#7742,#7864);
#7864 = DEFINITIONAL_REPRESENTATION('',(#7865),#7869);
#7865 = LINE('',#7866,#7867);
#7866 = CARTESIAN_POINT('',(-0.265042994384,0.101719215359));
#7867 = VECTOR('',#7868,1.);
#7868 = DIRECTION('',(0.773957299203,0.633237790257));
#7869 = ( GEOMETRIC_REPRESENTATION_CONTEXT(2) 
PARAMETRIC_REPRESENTATION_CONTEXT() REPRESENTATION_CONTEXT('2D SPACE',''
  ) );
#7870 = ORIENTED_EDGE('',*,*,#7776,.T.);
#7871 = ORIENTED_EDGE('',*,*,#2425,.T.);
#7872 = ORIENTED_EDGE('',*,*,#7873,.F.);
#7873 = EDGE_CURVE('',#7849,#2397,#7874,.T.);
#7874 = SURFACE_CURVE('',#7875,(#7879,#7886),.PCURVE_S1.);
#7875 = LINE('',#7876,#7877);
#7876 = CARTESIAN_POINT('',(0.551719215359,-1.3,-2.715042994384));
#7877 = VECTOR('',#7878,1.);
#7878 = DIRECTION('',(0.,-1.,0.));
#7879 = PCURVE('',#2438,#7880);
#7880 = DEFINITIONAL_REPRESENTATION('',(#7881),#7885);
#7881 = LINE('',#7882,#7883);
#7882 = CARTESIAN_POINT('',(1.421267040355,0.));
#7883 = VECTOR('',#7884,1.);
#7884 = DIRECTION('',(0.,-1.));
#7885 = ( GEOMETRIC_REPRESENTATION_CONTEXT(2) 
PARAMETRIC_REPRESENTATION_CONTEXT() REPRESENTATION_CONTEXT('2D SPACE',''
  ) );
#7886 = PCURVE('',#2413,#7887);
#7887 = DEFINITIONAL_REPRESENTATION('',(#7888),#7892);
#7888 = LINE('',#7889,#7890);
#7889 = CARTESIAN_POINT('',(0.,0.));
#7890 = VECTOR('',#7891,1.);
#7891 = DIRECTION('',(0.,-1.));
#7892 = ( GEOMETRIC_REPRESENTATION_CONTEXT(2) 
PARAMETRIC_REPRESENTATION_CONTEXT() REPRESENTATION_CONTEXT('2D SPACE',''
  ) );
#7893 = ADVANCED_FACE('',(#7894),#2330,.F.);
#7894 = FACE_BOUND('',#7895,.F.);
#7895 = EDGE_LOOP('',(#7896,#7919,#7940,#7941));
#7896 = ORIENTED_EDGE('',*,*,#7897,.F.);
#7897 = EDGE_CURVE('',#7898,#7799,#7900,.T.);
#7898 = VERTEX_POINT('',#7899);
#7899 = CARTESIAN_POINT('',(-0.348280784641,-1.3,-4.384957005616));
#7900 = SURFACE_CURVE('',#7901,(#7905,#7912),.PCURVE_S1.);
#7901 = LINE('',#7902,#7903);
#7902 = CARTESIAN_POINT('',(-0.348280784641,-1.3,-4.384957005616));
#7903 = VECTOR('',#7904,1.);
#7904 = DIRECTION('',(-0.633237790257,0.,0.773957299203));
#7905 = PCURVE('',#2330,#7906);
#7906 = DEFINITIONAL_REPRESENTATION('',(#7907),#7911);
#7907 = LINE('',#7908,#7909);
#7908 = CARTESIAN_POINT('',(0.,0.));
#7909 = VECTOR('',#7910,1.);
#7910 = DIRECTION('',(1.,0.));
#7911 = ( GEOMETRIC_REPRESENTATION_CONTEXT(2) 
PARAMETRIC_REPRESENTATION_CONTEXT() REPRESENTATION_CONTEXT('2D SPACE',''
  ) );
#7912 = PCURVE('',#7742,#7913);
#7913 = DEFINITIONAL_REPRESENTATION('',(#7914),#7918);
#7914 = LINE('',#7915,#7916);
#7915 = CARTESIAN_POINT('',(-0.834957005616,0.101719215359));
#7916 = VECTOR('',#7917,1.);
#7917 = DIRECTION('',(0.773957299203,-0.633237790257));
#7918 = ( GEOMETRIC_REPRESENTATION_CONTEXT(2) 
PARAMETRIC_REPRESENTATION_CONTEXT() REPRESENTATION_CONTEXT('2D SPACE',''
  ) );
#7919 = ORIENTED_EDGE('',*,*,#7920,.T.);
#7920 = EDGE_CURVE('',#7898,#2316,#7921,.T.);
#7921 = SURFACE_CURVE('',#7922,(#7926,#7933),.PCURVE_S1.);
#7922 = LINE('',#7923,#7924);
#7923 = CARTESIAN_POINT('',(-0.348280784641,-1.3,-4.384957005616));
#7924 = VECTOR('',#7925,1.);
#7925 = DIRECTION('',(0.,-1.,0.));
#7926 = PCURVE('',#2330,#7927);
#7927 = DEFINITIONAL_REPRESENTATION('',(#7928),#7932);
#7928 = LINE('',#7929,#7930);
#7929 = CARTESIAN_POINT('',(0.,0.));
#7930 = VECTOR('',#7931,1.);
#7931 = DIRECTION('',(0.,-1.));
#7932 = ( GEOMETRIC_REPRESENTATION_CONTEXT(2) 
PARAMETRIC_REPRESENTATION_CONTEXT() REPRESENTATION_CONTEXT('2D SPACE',''
  ) );
#7933 = PCURVE('',#2358,#7934);
#7934 = DEFINITIONAL_REPRESENTATION('',(#7935),#7939);
#7935 = LINE('',#7936,#7937);
#7936 = CARTESIAN_POINT('',(3.14159265359,0.));
#7937 = VECTOR('',#7938,1.);
#7938 = DIRECTION('',(0.,-1.));
#7939 = ( GEOMETRIC_REPRESENTATION_CONTEXT(2) 
PARAMETRIC_REPRESENTATION_CONTEXT() REPRESENTATION_CONTEXT('2D SPACE',''
  ) );
#7940 = ORIENTED_EDGE('',*,*,#2315,.T.);
#7941 = ORIENTED_EDGE('',*,*,#7822,.F.);
#7942 = ADVANCED_FACE('',(#7943),#2413,.F.);
#7943 = FACE_BOUND('',#7944,.F.);
#7944 = EDGE_LOOP('',(#7945,#7969,#7970,#7971));
#7945 = ORIENTED_EDGE('',*,*,#7946,.F.);
#7946 = EDGE_CURVE('',#7849,#7947,#7949,.T.);
#7947 = VERTEX_POINT('',#7948);
#7948 = CARTESIAN_POINT('',(1.248280784641,-1.3,-3.284957005616));
#7949 = SURFACE_CURVE('',#7950,(#7955,#7962),.PCURVE_S1.);
#7950 = CIRCLE('',#7951,0.45);
#7951 = AXIS2_PLACEMENT_3D('',#7952,#7953,#7954);
#7952 = CARTESIAN_POINT('',(0.9,-1.3,-3.));
#7953 = DIRECTION('',(0.,1.,-0.));
#7954 = DIRECTION('',(-0.773957299203,0.,0.633237790257));
#7955 = PCURVE('',#2413,#7956);
#7956 = DEFINITIONAL_REPRESENTATION('',(#7957),#7961);
#7957 = LINE('',#7958,#7959);
#7958 = CARTESIAN_POINT('',(0.,0.));
#7959 = VECTOR('',#7960,1.);
#7960 = DIRECTION('',(1.,0.));
#7961 = ( GEOMETRIC_REPRESENTATION_CONTEXT(2) 
PARAMETRIC_REPRESENTATION_CONTEXT() REPRESENTATION_CONTEXT('2D SPACE',''
  ) );
#7962 = PCURVE('',#7742,#7963);
#7963 = DEFINITIONAL_REPRESENTATION('',(#7964),#7968);
#7964 = CIRCLE('',#7965,0.45);
#7965 = AXIS2_PLACEMENT_2D('',#7966,#7967);
#7966 = CARTESIAN_POINT('',(0.55,1.35));
#7967 = DIRECTION('',(0.633237790257,-0.773957299203));
#7968 = ( GEOMETRIC_REPRESENTATION_CONTEXT(2) 
PARAMETRIC_REPRESENTATION_CONTEXT() REPRESENTATION_CONTEXT('2D SPACE',''
  ) );
#7969 = ORIENTED_EDGE('',*,*,#7873,.T.);
#7970 = ORIENTED_EDGE('',*,*,#2396,.T.);
#7971 = ORIENTED_EDGE('',*,*,#7972,.F.);
#7972 = EDGE_CURVE('',#7947,#2371,#7973,.T.);
#7973 = SURFACE_CURVE('',#7974,(#7978,#7985),.PCURVE_S1.);
#7974 = LINE('',#7975,#7976);
#7975 = CARTESIAN_POINT('',(1.248280784641,-1.3,-3.284957005616));
#7976 = VECTOR('',#7977,1.);
#7977 = DIRECTION('',(0.,-1.,0.));
#7978 = PCURVE('',#2413,#7979);
#7979 = DEFINITIONAL_REPRESENTATION('',(#7980),#7984);
#7980 = LINE('',#7981,#7982);
#7981 = CARTESIAN_POINT('',(3.14159265359,0.));
#7982 = VECTOR('',#7983,1.);
#7983 = DIRECTION('',(0.,-1.));
#7984 = ( GEOMETRIC_REPRESENTATION_CONTEXT(2) 
PARAMETRIC_REPRESENTATION_CONTEXT() REPRESENTATION_CONTEXT('2D SPACE',''
  ) );
#7985 = PCURVE('',#2385,#7986);
#7986 = DEFINITIONAL_REPRESENTATION('',(#7987),#7991);
#7987 = LINE('',#7988,#7989);
#7988 = CARTESIAN_POINT('',(-0.,0.));
#7989 = VECTOR('',#7990,1.);
#7990 = DIRECTION('',(0.,-1.));
#7991 = ( GEOMETRIC_REPRESENTATION_CONTEXT(2) 
PARAMETRIC_REPRESENTATION_CONTEXT() REPRESENTATION_CONTEXT('2D SPACE',''
  ) );
#7992 = ADVANCED_FACE('',(#7993),#2358,.F.);
#7993 = FACE_BOUND('',#7994,.F.);
#7994 = EDGE_LOOP('',(#7995,#8019,#8040,#8041));
#7995 = ORIENTED_EDGE('',*,*,#7996,.F.);
#7996 = EDGE_CURVE('',#7997,#7898,#7999,.T.);
#7997 = VERTEX_POINT('',#7998);
#7998 = CARTESIAN_POINT('',(0.348280784641,-1.3,-4.384957005616));
#7999 = SURFACE_CURVE('',#8000,(#8005,#8012),.PCURVE_S1.);
#8000 = CIRCLE('',#8001,0.45);
#8001 = AXIS2_PLACEMENT_3D('',#8002,#8003,#8004);
#8002 = CARTESIAN_POINT('',(0.,-1.3,-4.1));
#8003 = DIRECTION('',(-0.,1.,0.));
#8004 = DIRECTION('',(0.773957299203,0.,0.633237790257));
#8005 = PCURVE('',#2358,#8006);
#8006 = DEFINITIONAL_REPRESENTATION('',(#8007),#8011);
#8007 = LINE('',#8008,#8009);
#8008 = CARTESIAN_POINT('',(0.,0.));
#8009 = VECTOR('',#8010,1.);
#8010 = DIRECTION('',(1.,0.));
#8011 = ( GEOMETRIC_REPRESENTATION_CONTEXT(2) 
PARAMETRIC_REPRESENTATION_CONTEXT() REPRESENTATION_CONTEXT('2D SPACE',''
  ) );
#8012 = PCURVE('',#7742,#8013);
#8013 = DEFINITIONAL_REPRESENTATION('',(#8014),#8018);
#8014 = CIRCLE('',#8015,0.45);
#8015 = AXIS2_PLACEMENT_2D('',#8016,#8017);
#8016 = CARTESIAN_POINT('',(-0.55,0.45));
#8017 = DIRECTION('',(0.633237790257,0.773957299203));
#8018 = ( GEOMETRIC_REPRESENTATION_CONTEXT(2) 
PARAMETRIC_REPRESENTATION_CONTEXT() REPRESENTATION_CONTEXT('2D SPACE',''
  ) );
#8019 = ORIENTED_EDGE('',*,*,#8020,.T.);
#8020 = EDGE_CURVE('',#7997,#2342,#8021,.T.);
#8021 = SURFACE_CURVE('',#8022,(#8026,#8033),.PCURVE_S1.);
#8022 = LINE('',#8023,#8024);
#8023 = CARTESIAN_POINT('',(0.348280784641,-1.3,-4.384957005616));
#8024 = VECTOR('',#8025,1.);
#8025 = DIRECTION('',(0.,-1.,0.));
#8026 = PCURVE('',#2358,#8027);
#8027 = DEFINITIONAL_REPRESENTATION('',(#8028),#8032);
#8028 = LINE('',#8029,#8030);
#8029 = CARTESIAN_POINT('',(1.371459021813,0.));
#8030 = VECTOR('',#8031,1.);
#8031 = DIRECTION('',(0.,-1.));
#8032 = ( GEOMETRIC_REPRESENTATION_CONTEXT(2) 
PARAMETRIC_REPRESENTATION_CONTEXT() REPRESENTATION_CONTEXT('2D SPACE',''
  ) );
#8033 = PCURVE('',#2385,#8034);
#8034 = DEFINITIONAL_REPRESENTATION('',(#8035),#8039);
#8035 = LINE('',#8036,#8037);
#8036 = CARTESIAN_POINT('',(1.421267040355,0.));
#8037 = VECTOR('',#8038,1.);
#8038 = DIRECTION('',(0.,-1.));
#8039 = ( GEOMETRIC_REPRESENTATION_CONTEXT(2) 
PARAMETRIC_REPRESENTATION_CONTEXT() REPRESENTATION_CONTEXT('2D SPACE',''
  ) );
#8040 = ORIENTED_EDGE('',*,*,#2341,.T.);
#8041 = ORIENTED_EDGE('',*,*,#7920,.F.);
#8042 = ADVANCED_FACE('',(#8043),#2385,.F.);
#8043 = FACE_BOUND('',#8044,.F.);
#8044 = EDGE_LOOP('',(#8045,#8066,#8067,#8068));
#8045 = ORIENTED_EDGE('',*,*,#8046,.F.);
#8046 = EDGE_CURVE('',#7947,#7997,#8047,.T.);
#8047 = SURFACE_CURVE('',#8048,(#8052,#8059),.PCURVE_S1.);
#8048 = LINE('',#8049,#8050);
#8049 = CARTESIAN_POINT('',(1.248280784641,-1.3,-3.284957005616));
#8050 = VECTOR('',#8051,1.);
#8051 = DIRECTION('',(-0.633237790257,-0.,-0.773957299203));
#8052 = PCURVE('',#2385,#8053);
#8053 = DEFINITIONAL_REPRESENTATION('',(#8054),#8058);
#8054 = LINE('',#8055,#8056);
#8055 = CARTESIAN_POINT('',(-0.,0.));
#8056 = VECTOR('',#8057,1.);
#8057 = DIRECTION('',(1.,0.));
#8058 = ( GEOMETRIC_REPRESENTATION_CONTEXT(2) 
PARAMETRIC_REPRESENTATION_CONTEXT() REPRESENTATION_CONTEXT('2D SPACE',''
  ) );
#8059 = PCURVE('',#7742,#8060);
#8060 = DEFINITIONAL_REPRESENTATION('',(#8061),#8065);
#8061 = LINE('',#8062,#8063);
#8062 = CARTESIAN_POINT('',(0.265042994384,1.698280784641));
#8063 = VECTOR('',#8064,1.);
#8064 = DIRECTION('',(-0.773957299203,-0.633237790257));
#8065 = ( GEOMETRIC_REPRESENTATION_CONTEXT(2) 
PARAMETRIC_REPRESENTATION_CONTEXT() REPRESENTATION_CONTEXT('2D SPACE',''
  ) );
#8066 = ORIENTED_EDGE('',*,*,#7972,.T.);
#8067 = ORIENTED_EDGE('',*,*,#2370,.T.);
#8068 = ORIENTED_EDGE('',*,*,#8020,.F.);
#8069 = ADVANCED_FACE('',(#8070),#2468,.F.);
#8070 = FACE_BOUND('',#8071,.F.);
#8071 = EDGE_LOOP('',(#8072,#8102,#8123,#8124));
#8072 = ORIENTED_EDGE('',*,*,#8073,.F.);
#8073 = EDGE_CURVE('',#8074,#8076,#8078,.T.);
#8074 = VERTEX_POINT('',#8075);
#8075 = CARTESIAN_POINT('',(4.29750776405,-1.3,-3.998753882025));
#8076 = VERTEX_POINT('',#8077);
#8077 = CARTESIAN_POINT('',(4.99750776405,-1.3,-2.598753882025));
#8078 = SURFACE_CURVE('',#8079,(#8083,#8090),.PCURVE_S1.);
#8079 = LINE('',#8080,#8081);
#8080 = CARTESIAN_POINT('',(4.29750776405,-1.3,-3.998753882025));
#8081 = VECTOR('',#8082,1.);
#8082 = DIRECTION('',(0.4472135955,0.,0.894427191));
#8083 = PCURVE('',#2468,#8084);
#8084 = DEFINITIONAL_REPRESENTATION('',(#8085),#8089);
#8085 = LINE('',#8086,#8087);
#8086 = CARTESIAN_POINT('',(0.,0.));
#8087 = VECTOR('',#8088,1.);
#8088 = DIRECTION('',(1.,0.));
#8089 = ( GEOMETRIC_REPRESENTATION_CONTEXT(2) 
PARAMETRIC_REPRESENTATION_CONTEXT() REPRESENTATION_CONTEXT('2D SPACE',''
  ) );
#8090 = PCURVE('',#8091,#8096);
#8091 = PLANE('',#8092);
#8092 = AXIS2_PLACEMENT_3D('',#8093,#8094,#8095);
#8093 = CARTESIAN_POINT('',(5.05,-1.3,-3.5));
#8094 = DIRECTION('',(0.,1.,0.));
#8095 = DIRECTION('',(0.,-0.,1.));
#8096 = DEFINITIONAL_REPRESENTATION('',(#8097),#8101);
#8097 = LINE('',#8098,#8099);
#8098 = CARTESIAN_POINT('',(-0.498753882025,-0.75249223595));
#8099 = VECTOR('',#8100,1.);
#8100 = DIRECTION('',(0.894427191,0.4472135955));
#8101 = ( GEOMETRIC_REPRESENTATION_CONTEXT(2) 
PARAMETRIC_REPRESENTATION_CONTEXT() REPRESENTATION_CONTEXT('2D SPACE',''
  ) );
#8102 = ORIENTED_EDGE('',*,*,#8103,.T.);
#8103 = EDGE_CURVE('',#8074,#2452,#8104,.T.);
#8104 = SURFACE_CURVE('',#8105,(#8109,#8116),.PCURVE_S1.);
#8105 = LINE('',#8106,#8107);
#8106 = CARTESIAN_POINT('',(4.29750776405,-1.3,-3.998753882025));
#8107 = VECTOR('',#8108,1.);
#8108 = DIRECTION('',(0.,-1.,0.));
#8109 = PCURVE('',#2468,#8110);
#8110 = DEFINITIONAL_REPRESENTATION('',(#8111),#8115);
#8111 = LINE('',#8112,#8113);
#8112 = CARTESIAN_POINT('',(0.,0.));
#8113 = VECTOR('',#8114,1.);
#8114 = DIRECTION('',(0.,-1.));
#8115 = ( GEOMETRIC_REPRESENTATION_CONTEXT(2) 
PARAMETRIC_REPRESENTATION_CONTEXT() REPRESENTATION_CONTEXT('2D SPACE',''
  ) );
#8116 = PCURVE('',#2496,#8117);
#8117 = DEFINITIONAL_REPRESENTATION('',(#8118),#8122);
#8118 = LINE('',#8119,#8120);
#8119 = CARTESIAN_POINT('',(3.14159265359,0.));
#8120 = VECTOR('',#8121,1.);
#8121 = DIRECTION('',(0.,-1.));
#8122 = ( GEOMETRIC_REPRESENTATION_CONTEXT(2) 
PARAMETRIC_REPRESENTATION_CONTEXT() REPRESENTATION_CONTEXT('2D SPACE',''
  ) );
#8123 = ORIENTED_EDGE('',*,*,#2451,.T.);
#8124 = ORIENTED_EDGE('',*,*,#8125,.F.);
#8125 = EDGE_CURVE('',#8076,#2454,#8126,.T.);
#8126 = SURFACE_CURVE('',#8127,(#8131,#8138),.PCURVE_S1.);
#8127 = LINE('',#8128,#8129);
#8128 = CARTESIAN_POINT('',(4.99750776405,-1.3,-2.598753882025));
#8129 = VECTOR('',#8130,1.);
#8130 = DIRECTION('',(0.,-1.,0.));
#8131 = PCURVE('',#2468,#8132);
#8132 = DEFINITIONAL_REPRESENTATION('',(#8133),#8137);
#8133 = LINE('',#8134,#8135);
#8134 = CARTESIAN_POINT('',(1.56524758425,0.));
#8135 = VECTOR('',#8136,1.);
#8136 = DIRECTION('',(0.,-1.));
#8137 = ( GEOMETRIC_REPRESENTATION_CONTEXT(2) 
PARAMETRIC_REPRESENTATION_CONTEXT() REPRESENTATION_CONTEXT('2D SPACE',''
  ) );
#8138 = PCURVE('',#2549,#8139);
#8139 = DEFINITIONAL_REPRESENTATION('',(#8140),#8144);
#8140 = LINE('',#8141,#8142);
#8141 = CARTESIAN_POINT('',(0.,0.));
#8142 = VECTOR('',#8143,1.);
#8143 = DIRECTION('',(0.,-1.));
#8144 = ( GEOMETRIC_REPRESENTATION_CONTEXT(2) 
PARAMETRIC_REPRESENTATION_CONTEXT() REPRESENTATION_CONTEXT('2D SPACE',''
  ) );
#8145 = ADVANCED_FACE('',(#8146),#2496,.F.);
#8146 = FACE_BOUND('',#8147,.F.);
#8147 = EDGE_LOOP('',(#8148,#8172,#8193,#8194));
#8148 = ORIENTED_EDGE('',*,*,#8149,.F.);
#8149 = EDGE_CURVE('',#8150,#8074,#8152,.T.);
#8150 = VERTEX_POINT('',#8151);
#8151 = CARTESIAN_POINT('',(5.10249223595,-1.3,-4.401246117975));
#8152 = SURFACE_CURVE('',#8153,(#8158,#8165),.PCURVE_S1.);
#8153 = CIRCLE('',#8154,0.45);
#8154 = AXIS2_PLACEMENT_3D('',#8155,#8156,#8157);
#8155 = CARTESIAN_POINT('',(4.7,-1.3,-4.2));
#8156 = DIRECTION('',(0.,1.,0.));
#8157 = DIRECTION('',(0.894427191,0.,-0.4472135955));
#8158 = PCURVE('',#2496,#8159);
#8159 = DEFINITIONAL_REPRESENTATION('',(#8160),#8164);
#8160 = LINE('',#8161,#8162);
#8161 = CARTESIAN_POINT('',(0.,0.));
#8162 = VECTOR('',#8163,1.);
#8163 = DIRECTION('',(1.,0.));
#8164 = ( GEOMETRIC_REPRESENTATION_CONTEXT(2) 
PARAMETRIC_REPRESENTATION_CONTEXT() REPRESENTATION_CONTEXT('2D SPACE',''
  ) );
#8165 = PCURVE('',#8091,#8166);
#8166 = DEFINITIONAL_REPRESENTATION('',(#8167),#8171);
#8167 = CIRCLE('',#8168,0.45);
#8168 = AXIS2_PLACEMENT_2D('',#8169,#8170);
#8169 = CARTESIAN_POINT('',(-0.7,-0.35));
#8170 = DIRECTION('',(-0.4472135955,0.894427191));
#8171 = ( GEOMETRIC_REPRESENTATION_CONTEXT(2) 
PARAMETRIC_REPRESENTATION_CONTEXT() REPRESENTATION_CONTEXT('2D SPACE',''
  ) );
#8172 = ORIENTED_EDGE('',*,*,#8173,.T.);
#8173 = EDGE_CURVE('',#8150,#2480,#8174,.T.);
#8174 = SURFACE_CURVE('',#8175,(#8179,#8186),.PCURVE_S1.);
#8175 = LINE('',#8176,#8177);
#8176 = CARTESIAN_POINT('',(5.10249223595,-1.3,-4.401246117975));
#8177 = VECTOR('',#8178,1.);
#8178 = DIRECTION('',(0.,-1.,0.));
#8179 = PCURVE('',#2496,#8180);
#8180 = DEFINITIONAL_REPRESENTATION('',(#8181),#8185);
#8181 = LINE('',#8182,#8183);
#8182 = CARTESIAN_POINT('',(0.,0.));
#8183 = VECTOR('',#8184,1.);
#8184 = DIRECTION('',(0.,-1.));
#8185 = ( GEOMETRIC_REPRESENTATION_CONTEXT(2) 
PARAMETRIC_REPRESENTATION_CONTEXT() REPRESENTATION_CONTEXT('2D SPACE',''
  ) );
#8186 = PCURVE('',#2523,#8187);
#8187 = DEFINITIONAL_REPRESENTATION('',(#8188),#8192);
#8188 = LINE('',#8189,#8190);
#8189 = CARTESIAN_POINT('',(1.56524758425,0.));
#8190 = VECTOR('',#8191,1.);
#8191 = DIRECTION('',(0.,-1.));
#8192 = ( GEOMETRIC_REPRESENTATION_CONTEXT(2) 
PARAMETRIC_REPRESENTATION_CONTEXT() REPRESENTATION_CONTEXT('2D SPACE',''
  ) );
#8193 = ORIENTED_EDGE('',*,*,#2479,.T.);
#8194 = ORIENTED_EDGE('',*,*,#8103,.F.);
#8195 = ADVANCED_FACE('',(#8196),#2549,.F.);
#8196 = FACE_BOUND('',#8197,.F.);
#8197 = EDGE_LOOP('',(#8198,#8222,#8223,#8224));
#8198 = ORIENTED_EDGE('',*,*,#8199,.F.);
#8199 = EDGE_CURVE('',#8076,#8200,#8202,.T.);
#8200 = VERTEX_POINT('',#8201);
#8201 = CARTESIAN_POINT('',(5.80249223595,-1.3,-3.001246117975));
#8202 = SURFACE_CURVE('',#8203,(#8208,#8215),.PCURVE_S1.);
#8203 = CIRCLE('',#8204,0.45);
#8204 = AXIS2_PLACEMENT_3D('',#8205,#8206,#8207);
#8205 = CARTESIAN_POINT('',(5.4,-1.3,-2.8));
#8206 = DIRECTION('',(0.,1.,-0.));
#8207 = DIRECTION('',(-0.894427191,0.,0.4472135955));
#8208 = PCURVE('',#2549,#8209);
#8209 = DEFINITIONAL_REPRESENTATION('',(#8210),#8214);
#8210 = LINE('',#8211,#8212);
#8211 = CARTESIAN_POINT('',(0.,0.));
#8212 = VECTOR('',#8213,1.);
#8213 = DIRECTION('',(1.,0.));
#8214 = ( GEOMETRIC_REPRESENTATION_CONTEXT(2) 
PARAMETRIC_REPRESENTATION_CONTEXT() REPRESENTATION_CONTEXT('2D SPACE',''
  ) );
#8215 = PCURVE('',#8091,#8216);
#8216 = DEFINITIONAL_REPRESENTATION('',(#8217),#8221);
#8217 = CIRCLE('',#8218,0.45);
#8218 = AXIS2_PLACEMENT_2D('',#8219,#8220);
#8219 = CARTESIAN_POINT('',(0.7,0.35));
#8220 = DIRECTION('',(0.4472135955,-0.894427191));
#8221 = ( GEOMETRIC_REPRESENTATION_CONTEXT(2) 
PARAMETRIC_REPRESENTATION_CONTEXT() REPRESENTATION_CONTEXT('2D SPACE',''
  ) );
#8222 = ORIENTED_EDGE('',*,*,#8125,.T.);
#8223 = ORIENTED_EDGE('',*,*,#2534,.T.);
#8224 = ORIENTED_EDGE('',*,*,#8225,.F.);
#8225 = EDGE_CURVE('',#8200,#2509,#8226,.T.);
#8226 = SURFACE_CURVE('',#8227,(#8231,#8238),.PCURVE_S1.);
#8227 = LINE('',#8228,#8229);
#8228 = CARTESIAN_POINT('',(5.80249223595,-1.3,-3.001246117975));
#8229 = VECTOR('',#8230,1.);
#8230 = DIRECTION('',(0.,-1.,0.));
#8231 = PCURVE('',#2549,#8232);
#8232 = DEFINITIONAL_REPRESENTATION('',(#8233),#8237);
#8233 = LINE('',#8234,#8235);
#8234 = CARTESIAN_POINT('',(3.14159265359,0.));
#8235 = VECTOR('',#8236,1.);
#8236 = DIRECTION('',(0.,-1.));
#8237 = ( GEOMETRIC_REPRESENTATION_CONTEXT(2) 
PARAMETRIC_REPRESENTATION_CONTEXT() REPRESENTATION_CONTEXT('2D SPACE',''
  ) );
#8238 = PCURVE('',#2523,#8239);
#8239 = DEFINITIONAL_REPRESENTATION('',(#8240),#8244);
#8240 = LINE('',#8241,#8242);
#8241 = CARTESIAN_POINT('',(-0.,0.));
#8242 = VECTOR('',#8243,1.);
#8243 = DIRECTION('',(0.,-1.));
#8244 = ( GEOMETRIC_REPRESENTATION_CONTEXT(2) 
PARAMETRIC_REPRESENTATION_CONTEXT() REPRESENTATION_CONTEXT('2D SPACE',''
  ) );
#8245 = ADVANCED_FACE('',(#8246),#2523,.F.);
#8246 = FACE_BOUND('',#8247,.F.);
#8247 = EDGE_LOOP('',(#8248,#8269,#8270,#8271));
#8248 = ORIENTED_EDGE('',*,*,#8249,.F.);
#8249 = EDGE_CURVE('',#8200,#8150,#8250,.T.);
#8250 = SURFACE_CURVE('',#8251,(#8255,#8262),.PCURVE_S1.);
#8251 = LINE('',#8252,#8253);
#8252 = CARTESIAN_POINT('',(5.80249223595,-1.3,-3.001246117975));
#8253 = VECTOR('',#8254,1.);
#8254 = DIRECTION('',(-0.4472135955,-0.,-0.894427191));
#8255 = PCURVE('',#2523,#8256);
#8256 = DEFINITIONAL_REPRESENTATION('',(#8257),#8261);
#8257 = LINE('',#8258,#8259);
#8258 = CARTESIAN_POINT('',(-0.,0.));
#8259 = VECTOR('',#8260,1.);
#8260 = DIRECTION('',(1.,0.));
#8261 = ( GEOMETRIC_REPRESENTATION_CONTEXT(2) 
PARAMETRIC_REPRESENTATION_CONTEXT() REPRESENTATION_CONTEXT('2D SPACE',''
  ) );
#8262 = PCURVE('',#8091,#8263);
#8263 = DEFINITIONAL_REPRESENTATION('',(#8264),#8268);
#8264 = LINE('',#8265,#8266);
#8265 = CARTESIAN_POINT('',(0.498753882025,0.75249223595));
#8266 = VECTOR('',#8267,1.);
#8267 = DIRECTION('',(-0.894427191,-0.4472135955));
#8268 = ( GEOMETRIC_REPRESENTATION_CONTEXT(2) 
PARAMETRIC_REPRESENTATION_CONTEXT() REPRESENTATION_CONTEXT('2D SPACE',''
  ) );
#8269 = ORIENTED_EDGE('',*,*,#8225,.T.);
#8270 = ORIENTED_EDGE('',*,*,#2508,.T.);
#8271 = ORIENTED_EDGE('',*,*,#8173,.F.);
#8272 = ADVANCED_FACE('',(#8273),#2580,.F.);
#8273 = FACE_BOUND('',#8274,.F.);
#8274 = EDGE_LOOP('',(#8275,#8305,#8326,#8327));
#8275 = ORIENTED_EDGE('',*,*,#8276,.F.);
#8276 = EDGE_CURVE('',#8277,#8279,#8281,.T.);
#8277 = VERTEX_POINT('',#8278);
#8278 = CARTESIAN_POINT('',(5.49750776405,-1.3,-3.998753882025));
#8279 = VERTEX_POINT('',#8280);
#8280 = CARTESIAN_POINT('',(6.19750776405,-1.3,-2.598753882025));
#8281 = SURFACE_CURVE('',#8282,(#8286,#8293),.PCURVE_S1.);
#8282 = LINE('',#8283,#8284);
#8283 = CARTESIAN_POINT('',(5.49750776405,-1.3,-3.998753882025));
#8284 = VECTOR('',#8285,1.);
#8285 = DIRECTION('',(0.4472135955,0.,0.894427191));
#8286 = PCURVE('',#2580,#8287);
#8287 = DEFINITIONAL_REPRESENTATION('',(#8288),#8292);
#8288 = LINE('',#8289,#8290);
#8289 = CARTESIAN_POINT('',(0.,0.));
#8290 = VECTOR('',#8291,1.);
#8291 = DIRECTION('',(1.,0.));
#8292 = ( GEOMETRIC_REPRESENTATION_CONTEXT(2) 
PARAMETRIC_REPRESENTATION_CONTEXT() REPRESENTATION_CONTEXT('2D SPACE',''
  ) );
#8293 = PCURVE('',#8294,#8299);
#8294 = PLANE('',#8295);
#8295 = AXIS2_PLACEMENT_3D('',#8296,#8297,#8298);
#8296 = CARTESIAN_POINT('',(6.25,-1.3,-3.5));
#8297 = DIRECTION('',(0.,1.,0.));
#8298 = DIRECTION('',(0.,-0.,1.));
#8299 = DEFINITIONAL_REPRESENTATION('',(#8300),#8304);
#8300 = LINE('',#8301,#8302);
#8301 = CARTESIAN_POINT('',(-0.498753882025,-0.75249223595));
#8302 = VECTOR('',#8303,1.);
#8303 = DIRECTION('',(0.894427191,0.4472135955));
#8304 = ( GEOMETRIC_REPRESENTATION_CONTEXT(2) 
PARAMETRIC_REPRESENTATION_CONTEXT() REPRESENTATION_CONTEXT('2D SPACE',''
  ) );
#8305 = ORIENTED_EDGE('',*,*,#8306,.T.);
#8306 = EDGE_CURVE('',#8277,#2564,#8307,.T.);
#8307 = SURFACE_CURVE('',#8308,(#8312,#8319),.PCURVE_S1.);
#8308 = LINE('',#8309,#8310);
#8309 = CARTESIAN_POINT('',(5.49750776405,-1.3,-3.998753882025));
#8310 = VECTOR('',#8311,1.);
#8311 = DIRECTION('',(0.,-1.,0.));
#8312 = PCURVE('',#2580,#8313);
#8313 = DEFINITIONAL_REPRESENTATION('',(#8314),#8318);
#8314 = LINE('',#8315,#8316);
#8315 = CARTESIAN_POINT('',(0.,0.));
#8316 = VECTOR('',#8317,1.);
#8317 = DIRECTION('',(0.,-1.));
#8318 = ( GEOMETRIC_REPRESENTATION_CONTEXT(2) 
PARAMETRIC_REPRESENTATION_CONTEXT() REPRESENTATION_CONTEXT('2D SPACE',''
  ) );
#8319 = PCURVE('',#2608,#8320);
#8320 = DEFINITIONAL_REPRESENTATION('',(#8321),#8325);
#8321 = LINE('',#8322,#8323);
#8322 = CARTESIAN_POINT('',(3.14159265359,0.));
#8323 = VECTOR('',#8324,1.);
#8324 = DIRECTION('',(0.,-1.));
#8325 = ( GEOMETRIC_REPRESENTATION_CONTEXT(2) 
PARAMETRIC_REPRESENTATION_CONTEXT() REPRESENTATION_CONTEXT('2D SPACE',''
  ) );
#8326 = ORIENTED_EDGE('',*,*,#2563,.T.);
#8327 = ORIENTED_EDGE('',*,*,#8328,.F.);
#8328 = EDGE_CURVE('',#8279,#2566,#8329,.T.);
#8329 = SURFACE_CURVE('',#8330,(#8334,#8341),.PCURVE_S1.);
#8330 = LINE('',#8331,#8332);
#8331 = CARTESIAN_POINT('',(6.19750776405,-1.3,-2.598753882025));
#8332 = VECTOR('',#8333,1.);
#8333 = DIRECTION('',(0.,-1.,0.));
#8334 = PCURVE('',#2580,#8335);
#8335 = DEFINITIONAL_REPRESENTATION('',(#8336),#8340);
#8336 = LINE('',#8337,#8338);
#8337 = CARTESIAN_POINT('',(1.56524758425,0.));
#8338 = VECTOR('',#8339,1.);
#8339 = DIRECTION('',(0.,-1.));
#8340 = ( GEOMETRIC_REPRESENTATION_CONTEXT(2) 
PARAMETRIC_REPRESENTATION_CONTEXT() REPRESENTATION_CONTEXT('2D SPACE',''
  ) );
#8341 = PCURVE('',#2661,#8342);
#8342 = DEFINITIONAL_REPRESENTATION('',(#8343),#8347);
#8343 = LINE('',#8344,#8345);
#8344 = CARTESIAN_POINT('',(0.,0.));
#8345 = VECTOR('',#8346,1.);
#8346 = DIRECTION('',(0.,-1.));
#8347 = ( GEOMETRIC_REPRESENTATION_CONTEXT(2) 
PARAMETRIC_REPRESENTATION_CONTEXT() REPRESENTATION_CONTEXT('2D SPACE',''
  ) );
#8348 = ADVANCED_FACE('',(#8349),#2608,.F.);
#8349 = FACE_BOUND('',#8350,.F.);
#8350 = EDGE_LOOP('',(#8351,#8375,#8396,#8397));
#8351 = ORIENTED_EDGE('',*,*,#8352,.F.);
#8352 = EDGE_CURVE('',#8353,#8277,#8355,.T.);
#8353 = VERTEX_POINT('',#8354);
#8354 = CARTESIAN_POINT('',(6.30249223595,-1.3,-4.401246117975));
#8355 = SURFACE_CURVE('',#8356,(#8361,#8368),.PCURVE_S1.);
#8356 = CIRCLE('',#8357,0.45);
#8357 = AXIS2_PLACEMENT_3D('',#8358,#8359,#8360);
#8358 = CARTESIAN_POINT('',(5.9,-1.3,-4.2));
#8359 = DIRECTION('',(0.,1.,0.));
#8360 = DIRECTION('',(0.894427191,0.,-0.4472135955));
#8361 = PCURVE('',#2608,#8362);
#8362 = DEFINITIONAL_REPRESENTATION('',(#8363),#8367);
#8363 = LINE('',#8364,#8365);
#8364 = CARTESIAN_POINT('',(0.,0.));
#8365 = VECTOR('',#8366,1.);
#8366 = DIRECTION('',(1.,0.));
#8367 = ( GEOMETRIC_REPRESENTATION_CONTEXT(2) 
PARAMETRIC_REPRESENTATION_CONTEXT() REPRESENTATION_CONTEXT('2D SPACE',''
  ) );
#8368 = PCURVE('',#8294,#8369);
#8369 = DEFINITIONAL_REPRESENTATION('',(#8370),#8374);
#8370 = CIRCLE('',#8371,0.45);
#8371 = AXIS2_PLACEMENT_2D('',#8372,#8373);
#8372 = CARTESIAN_POINT('',(-0.7,-0.35));
#8373 = DIRECTION('',(-0.4472135955,0.894427191));
#8374 = ( GEOMETRIC_REPRESENTATION_CONTEXT(2) 
PARAMETRIC_REPRESENTATION_CONTEXT() REPRESENTATION_CONTEXT('2D SPACE',''
  ) );
#8375 = ORIENTED_EDGE('',*,*,#8376,.T.);
#8376 = EDGE_CURVE('',#8353,#2592,#8377,.T.);
#8377 = SURFACE_CURVE('',#8378,(#8382,#8389),.PCURVE_S1.);
#8378 = LINE('',#8379,#8380);
#8379 = CARTESIAN_POINT('',(6.30249223595,-1.3,-4.401246117975));
#8380 = VECTOR('',#8381,1.);
#8381 = DIRECTION('',(0.,-1.,0.));
#8382 = PCURVE('',#2608,#8383);
#8383 = DEFINITIONAL_REPRESENTATION('',(#8384),#8388);
#8384 = LINE('',#8385,#8386);
#8385 = CARTESIAN_POINT('',(0.,0.));
#8386 = VECTOR('',#8387,1.);
#8387 = DIRECTION('',(0.,-1.));
#8388 = ( GEOMETRIC_REPRESENTATION_CONTEXT(2) 
PARAMETRIC_REPRESENTATION_CONTEXT() REPRESENTATION_CONTEXT('2D SPACE',''
  ) );
#8389 = PCURVE('',#2635,#8390);
#8390 = DEFINITIONAL_REPRESENTATION('',(#8391),#8395);
#8391 = LINE('',#8392,#8393);
#8392 = CARTESIAN_POINT('',(1.56524758425,0.));
#8393 = VECTOR('',#8394,1.);
#8394 = DIRECTION('',(0.,-1.));
#8395 = ( GEOMETRIC_REPRESENTATION_CONTEXT(2) 
PARAMETRIC_REPRESENTATION_CONTEXT() REPRESENTATION_CONTEXT('2D SPACE',''
  ) );
#8396 = ORIENTED_EDGE('',*,*,#2591,.T.);
#8397 = ORIENTED_EDGE('',*,*,#8306,.F.);
#8398 = ADVANCED_FACE('',(#8399),#2661,.F.);
#8399 = FACE_BOUND('',#8400,.F.);
#8400 = EDGE_LOOP('',(#8401,#8425,#8426,#8427));
#8401 = ORIENTED_EDGE('',*,*,#8402,.F.);
#8402 = EDGE_CURVE('',#8279,#8403,#8405,.T.);
#8403 = VERTEX_POINT('',#8404);
#8404 = CARTESIAN_POINT('',(7.00249223595,-1.3,-3.001246117975));
#8405 = SURFACE_CURVE('',#8406,(#8411,#8418),.PCURVE_S1.);
#8406 = CIRCLE('',#8407,0.45);
#8407 = AXIS2_PLACEMENT_3D('',#8408,#8409,#8410);
#8408 = CARTESIAN_POINT('',(6.6,-1.3,-2.8));
#8409 = DIRECTION('',(0.,1.,-0.));
#8410 = DIRECTION('',(-0.894427191,0.,0.4472135955));
#8411 = PCURVE('',#2661,#8412);
#8412 = DEFINITIONAL_REPRESENTATION('',(#8413),#8417);
#8413 = LINE('',#8414,#8415);
#8414 = CARTESIAN_POINT('',(0.,0.));
#8415 = VECTOR('',#8416,1.);
#8416 = DIRECTION('',(1.,0.));
#8417 = ( GEOMETRIC_REPRESENTATION_CONTEXT(2) 
PARAMETRIC_REPRESENTATION_CONTEXT() REPRESENTATION_CONTEXT('2D SPACE',''
  ) );
#8418 = PCURVE('',#8294,#8419);
#8419 = DEFINITIONAL_REPRESENTATION('',(#8420),#8424);
#8420 = CIRCLE('',#8421,0.45);
#8421 = AXIS2_PLACEMENT_2D('',#8422,#8423);
#8422 = CARTESIAN_POINT('',(0.7,0.35));
#8423 = DIRECTION('',(0.4472135955,-0.894427191));
#8424 = ( GEOMETRIC_REPRESENTATION_CONTEXT(2) 
PARAMETRIC_REPRESENTATION_CONTEXT() REPRESENTATION_CONTEXT('2D SPACE',''
  ) );
#8425 = ORIENTED_EDGE('',*,*,#8328,.T.);
#8426 = ORIENTED_EDGE('',*,*,#2646,.T.);
#8427 = ORIENTED_EDGE('',*,*,#8428,.F.);
#8428 = EDGE_CURVE('',#8403,#2621,#8429,.T.);
#8429 = SURFACE_CURVE('',#8430,(#8434,#8441),.PCURVE_S1.);
#8430 = LINE('',#8431,#8432);
#8431 = CARTESIAN_POINT('',(7.00249223595,-1.3,-3.001246117975));
#8432 = VECTOR('',#8433,1.);
#8433 = DIRECTION('',(0.,-1.,0.));
#8434 = PCURVE('',#2661,#8435);
#8435 = DEFINITIONAL_REPRESENTATION('',(#8436),#8440);
#8436 = LINE('',#8437,#8438);
#8437 = CARTESIAN_POINT('',(3.14159265359,0.));
#8438 = VECTOR('',#8439,1.);
#8439 = DIRECTION('',(0.,-1.));
#8440 = ( GEOMETRIC_REPRESENTATION_CONTEXT(2) 
PARAMETRIC_REPRESENTATION_CONTEXT() REPRESENTATION_CONTEXT('2D SPACE',''
  ) );
#8441 = PCURVE('',#2635,#8442);
#8442 = DEFINITIONAL_REPRESENTATION('',(#8443),#8447);
#8443 = LINE('',#8444,#8445);
#8444 = CARTESIAN_POINT('',(-0.,0.));
#8445 = VECTOR('',#8446,1.);
#8446 = DIRECTION('',(0.,-1.));
#8447 = ( GEOMETRIC_REPRESENTATION_CONTEXT(2) 
PARAMETRIC_REPRESENTATION_CONTEXT() REPRESENTATION_CONTEXT('2D SPACE',''
  ) );
#8448 = ADVANCED_FACE('',(#8449),#2635,.F.);
#8449 = FACE_BOUND('',#8450,.F.);
#8450 = EDGE_LOOP('',(#8451,#8472,#8473,#8474));
#8451 = ORIENTED_EDGE('',*,*,#8452,.F.);
#8452 = EDGE_CURVE('',#8403,#8353,#8453,.T.);
#8453 = SURFACE_CURVE('',#8454,(#8458,#8465),.PCURVE_S1.);
#8454 = LINE('',#8455,#8456);
#8455 = CARTESIAN_POINT('',(7.00249223595,-1.3,-3.001246117975));
#8456 = VECTOR('',#8457,1.);
#8457 = DIRECTION('',(-0.4472135955,-0.,-0.894427191));
#8458 = PCURVE('',#2635,#8459);
#8459 = DEFINITIONAL_REPRESENTATION('',(#8460),#8464);
#8460 = LINE('',#8461,#8462);
#8461 = CARTESIAN_POINT('',(-0.,0.));
#8462 = VECTOR('',#8463,1.);
#8463 = DIRECTION('',(1.,0.));
#8464 = ( GEOMETRIC_REPRESENTATION_CONTEXT(2) 
PARAMETRIC_REPRESENTATION_CONTEXT() REPRESENTATION_CONTEXT('2D SPACE',''
  ) );
#8465 = PCURVE('',#8294,#8466);
#8466 = DEFINITIONAL_REPRESENTATION('',(#8467),#8471);
#8467 = LINE('',#8468,#8469);
#8468 = CARTESIAN_POINT('',(0.498753882025,0.75249223595));
#8469 = VECTOR('',#8470,1.);
#8470 = DIRECTION('',(-0.894427191,-0.4472135955));
#8471 = ( GEOMETRIC_REPRESENTATION_CONTEXT(2) 
PARAMETRIC_REPRESENTATION_CONTEXT() REPRESENTATION_CONTEXT('2D SPACE',''
  ) );
#8472 = ORIENTED_EDGE('',*,*,#8428,.T.);
#8473 = ORIENTED_EDGE('',*,*,#2620,.T.);
#8474 = ORIENTED_EDGE('',*,*,#8376,.F.);
#8475 = ADVANCED_FACE('',(#8476),#2692,.F.);
#8476 = FACE_BOUND('',#8477,.F.);
#8477 = EDGE_LOOP('',(#8478,#8508,#8529,#8530));
#8478 = ORIENTED_EDGE('',*,*,#8479,.F.);
#8479 = EDGE_CURVE('',#8480,#8482,#8484,.T.);
#8480 = VERTEX_POINT('',#8481);
#8481 = CARTESIAN_POINT('',(6.69750776405,-1.3,-3.998753882025));
#8482 = VERTEX_POINT('',#8483);
#8483 = CARTESIAN_POINT('',(7.39750776405,-1.3,-2.598753882025));
#8484 = SURFACE_CURVE('',#8485,(#8489,#8496),.PCURVE_S1.);
#8485 = LINE('',#8486,#8487);
#8486 = CARTESIAN_POINT('',(6.69750776405,-1.3,-3.998753882025));
#8487 = VECTOR('',#8488,1.);
#8488 = DIRECTION('',(0.4472135955,0.,0.894427191));
#8489 = PCURVE('',#2692,#8490);
#8490 = DEFINITIONAL_REPRESENTATION('',(#8491),#8495);
#8491 = LINE('',#8492,#8493);
#8492 = CARTESIAN_POINT('',(0.,0.));
#8493 = VECTOR('',#8494,1.);
#8494 = DIRECTION('',(1.,0.));
#8495 = ( GEOMETRIC_REPRESENTATION_CONTEXT(2) 
PARAMETRIC_REPRESENTATION_CONTEXT() REPRESENTATION_CONTEXT('2D SPACE',''
  ) );
#8496 = PCURVE('',#8497,#8502);
#8497 = PLANE('',#8498);
#8498 = AXIS2_PLACEMENT_3D('',#8499,#8500,#8501);
#8499 = CARTESIAN_POINT('',(7.45,-1.3,-3.5));
#8500 = DIRECTION('',(0.,1.,0.));
#8501 = DIRECTION('',(0.,-0.,1.));
#8502 = DEFINITIONAL_REPRESENTATION('',(#8503),#8507);
#8503 = LINE('',#8504,#8505);
#8504 = CARTESIAN_POINT('',(-0.498753882025,-0.75249223595));
#8505 = VECTOR('',#8506,1.);
#8506 = DIRECTION('',(0.894427191,0.4472135955));
#8507 = ( GEOMETRIC_REPRESENTATION_CONTEXT(2) 
PARAMETRIC_REPRESENTATION_CONTEXT() REPRESENTATION_CONTEXT('2D SPACE',''
  ) );
#8508 = ORIENTED_EDGE('',*,*,#8509,.T.);
#8509 = EDGE_CURVE('',#8480,#2676,#8510,.T.);
#8510 = SURFACE_CURVE('',#8511,(#8515,#8522),.PCURVE_S1.);
#8511 = LINE('',#8512,#8513);
#8512 = CARTESIAN_POINT('',(6.69750776405,-1.3,-3.998753882025));
#8513 = VECTOR('',#8514,1.);
#8514 = DIRECTION('',(0.,-1.,0.));
#8515 = PCURVE('',#2692,#8516);
#8516 = DEFINITIONAL_REPRESENTATION('',(#8517),#8521);
#8517 = LINE('',#8518,#8519);
#8518 = CARTESIAN_POINT('',(0.,0.));
#8519 = VECTOR('',#8520,1.);
#8520 = DIRECTION('',(0.,-1.));
#8521 = ( GEOMETRIC_REPRESENTATION_CONTEXT(2) 
PARAMETRIC_REPRESENTATION_CONTEXT() REPRESENTATION_CONTEXT('2D SPACE',''
  ) );
#8522 = PCURVE('',#2720,#8523);
#8523 = DEFINITIONAL_REPRESENTATION('',(#8524),#8528);
#8524 = LINE('',#8525,#8526);
#8525 = CARTESIAN_POINT('',(3.14159265359,0.));
#8526 = VECTOR('',#8527,1.);
#8527 = DIRECTION('',(0.,-1.));
#8528 = ( GEOMETRIC_REPRESENTATION_CONTEXT(2) 
PARAMETRIC_REPRESENTATION_CONTEXT() REPRESENTATION_CONTEXT('2D SPACE',''
  ) );
#8529 = ORIENTED_EDGE('',*,*,#2675,.T.);
#8530 = ORIENTED_EDGE('',*,*,#8531,.F.);
#8531 = EDGE_CURVE('',#8482,#2678,#8532,.T.);
#8532 = SURFACE_CURVE('',#8533,(#8537,#8544),.PCURVE_S1.);
#8533 = LINE('',#8534,#8535);
#8534 = CARTESIAN_POINT('',(7.39750776405,-1.3,-2.598753882025));
#8535 = VECTOR('',#8536,1.);
#8536 = DIRECTION('',(0.,-1.,0.));
#8537 = PCURVE('',#2692,#8538);
#8538 = DEFINITIONAL_REPRESENTATION('',(#8539),#8543);
#8539 = LINE('',#8540,#8541);
#8540 = CARTESIAN_POINT('',(1.56524758425,0.));
#8541 = VECTOR('',#8542,1.);
#8542 = DIRECTION('',(0.,-1.));
#8543 = ( GEOMETRIC_REPRESENTATION_CONTEXT(2) 
PARAMETRIC_REPRESENTATION_CONTEXT() REPRESENTATION_CONTEXT('2D SPACE',''
  ) );
#8544 = PCURVE('',#2773,#8545);
#8545 = DEFINITIONAL_REPRESENTATION('',(#8546),#8550);
#8546 = LINE('',#8547,#8548);
#8547 = CARTESIAN_POINT('',(0.,0.));
#8548 = VECTOR('',#8549,1.);
#8549 = DIRECTION('',(0.,-1.));
#8550 = ( GEOMETRIC_REPRESENTATION_CONTEXT(2) 
PARAMETRIC_REPRESENTATION_CONTEXT() REPRESENTATION_CONTEXT('2D SPACE',''
  ) );
#8551 = ADVANCED_FACE('',(#8552),#2720,.F.);
#8552 = FACE_BOUND('',#8553,.F.);
#8553 = EDGE_LOOP('',(#8554,#8578,#8599,#8600));
#8554 = ORIENTED_EDGE('',*,*,#8555,.F.);
#8555 = EDGE_CURVE('',#8556,#8480,#8558,.T.);
#8556 = VERTEX_POINT('',#8557);
#8557 = CARTESIAN_POINT('',(7.50249223595,-1.3,-4.401246117975));
#8558 = SURFACE_CURVE('',#8559,(#8564,#8571),.PCURVE_S1.);
#8559 = CIRCLE('',#8560,0.45);
#8560 = AXIS2_PLACEMENT_3D('',#8561,#8562,#8563);
#8561 = CARTESIAN_POINT('',(7.1,-1.3,-4.2));
#8562 = DIRECTION('',(-0.,1.,0.));
#8563 = DIRECTION('',(0.894427191,0.,-0.4472135955));
#8564 = PCURVE('',#2720,#8565);
#8565 = DEFINITIONAL_REPRESENTATION('',(#8566),#8570);
#8566 = LINE('',#8567,#8568);
#8567 = CARTESIAN_POINT('',(0.,0.));
#8568 = VECTOR('',#8569,1.);
#8569 = DIRECTION('',(1.,0.));
#8570 = ( GEOMETRIC_REPRESENTATION_CONTEXT(2) 
PARAMETRIC_REPRESENTATION_CONTEXT() REPRESENTATION_CONTEXT('2D SPACE',''
  ) );
#8571 = PCURVE('',#8497,#8572);
#8572 = DEFINITIONAL_REPRESENTATION('',(#8573),#8577);
#8573 = CIRCLE('',#8574,0.45);
#8574 = AXIS2_PLACEMENT_2D('',#8575,#8576);
#8575 = CARTESIAN_POINT('',(-0.7,-0.35));
#8576 = DIRECTION('',(-0.4472135955,0.894427191));
#8577 = ( GEOMETRIC_REPRESENTATION_CONTEXT(2) 
PARAMETRIC_REPRESENTATION_CONTEXT() REPRESENTATION_CONTEXT('2D SPACE',''
  ) );
#8578 = ORIENTED_EDGE('',*,*,#8579,.T.);
#8579 = EDGE_CURVE('',#8556,#2704,#8580,.T.);
#8580 = SURFACE_CURVE('',#8581,(#8585,#8592),.PCURVE_S1.);
#8581 = LINE('',#8582,#8583);
#8582 = CARTESIAN_POINT('',(7.50249223595,-1.3,-4.401246117975));
#8583 = VECTOR('',#8584,1.);
#8584 = DIRECTION('',(0.,-1.,0.));
#8585 = PCURVE('',#2720,#8586);
#8586 = DEFINITIONAL_REPRESENTATION('',(#8587),#8591);
#8587 = LINE('',#8588,#8589);
#8588 = CARTESIAN_POINT('',(0.,0.));
#8589 = VECTOR('',#8590,1.);
#8590 = DIRECTION('',(0.,-1.));
#8591 = ( GEOMETRIC_REPRESENTATION_CONTEXT(2) 
PARAMETRIC_REPRESENTATION_CONTEXT() REPRESENTATION_CONTEXT('2D SPACE',''
  ) );
#8592 = PCURVE('',#2747,#8593);
#8593 = DEFINITIONAL_REPRESENTATION('',(#8594),#8598);
#8594 = LINE('',#8595,#8596);
#8595 = CARTESIAN_POINT('',(1.56524758425,0.));
#8596 = VECTOR('',#8597,1.);
#8597 = DIRECTION('',(0.,-1.));
#8598 = ( GEOMETRIC_REPRESENTATION_CONTEXT(2) 
PARAMETRIC_REPRESENTATION_CONTEXT() REPRESENTATION_CONTEXT('2D SPACE',''
  ) );
#8599 = ORIENTED_EDGE('',*,*,#2703,.T.);
#8600 = ORIENTED_EDGE('',*,*,#8509,.F.);
#8601 = ADVANCED_FACE('',(#8602),#2773,.F.);
#8602 = FACE_BOUND('',#8603,.F.);
#8603 = EDGE_LOOP('',(#8604,#8628,#8629,#8630));
#8604 = ORIENTED_EDGE('',*,*,#8605,.F.);
#8605 = EDGE_CURVE('',#8482,#8606,#8608,.T.);
#8606 = VERTEX_POINT('',#8607);
#8607 = CARTESIAN_POINT('',(8.20249223595,-1.3,-3.001246117975));
#8608 = SURFACE_CURVE('',#8609,(#8614,#8621),.PCURVE_S1.);
#8609 = CIRCLE('',#8610,0.45);
#8610 = AXIS2_PLACEMENT_3D('',#8611,#8612,#8613);
#8611 = CARTESIAN_POINT('',(7.8,-1.3,-2.8));
#8612 = DIRECTION('',(0.,1.,-0.));
#8613 = DIRECTION('',(-0.894427191,0.,0.4472135955));
#8614 = PCURVE('',#2773,#8615);
#8615 = DEFINITIONAL_REPRESENTATION('',(#8616),#8620);
#8616 = LINE('',#8617,#8618);
#8617 = CARTESIAN_POINT('',(0.,0.));
#8618 = VECTOR('',#8619,1.);
#8619 = DIRECTION('',(1.,0.));
#8620 = ( GEOMETRIC_REPRESENTATION_CONTEXT(2) 
PARAMETRIC_REPRESENTATION_CONTEXT() REPRESENTATION_CONTEXT('2D SPACE',''
  ) );
#8621 = PCURVE('',#8497,#8622);
#8622 = DEFINITIONAL_REPRESENTATION('',(#8623),#8627);
#8623 = CIRCLE('',#8624,0.45);
#8624 = AXIS2_PLACEMENT_2D('',#8625,#8626);
#8625 = CARTESIAN_POINT('',(0.7,0.35));
#8626 = DIRECTION('',(0.4472135955,-0.894427191));
#8627 = ( GEOMETRIC_REPRESENTATION_CONTEXT(2) 
PARAMETRIC_REPRESENTATION_CONTEXT() REPRESENTATION_CONTEXT('2D SPACE',''
  ) );
#8628 = ORIENTED_EDGE('',*,*,#8531,.T.);
#8629 = ORIENTED_EDGE('',*,*,#2758,.T.);
#8630 = ORIENTED_EDGE('',*,*,#8631,.F.);
#8631 = EDGE_CURVE('',#8606,#2733,#8632,.T.);
#8632 = SURFACE_CURVE('',#8633,(#8637,#8644),.PCURVE_S1.);
#8633 = LINE('',#8634,#8635);
#8634 = CARTESIAN_POINT('',(8.20249223595,-1.3,-3.001246117975));
#8635 = VECTOR('',#8636,1.);
#8636 = DIRECTION('',(0.,-1.,0.));
#8637 = PCURVE('',#2773,#8638);
#8638 = DEFINITIONAL_REPRESENTATION('',(#8639),#8643);
#8639 = LINE('',#8640,#8641);
#8640 = CARTESIAN_POINT('',(3.14159265359,0.));
#8641 = VECTOR('',#8642,1.);
#8642 = DIRECTION('',(0.,-1.));
#8643 = ( GEOMETRIC_REPRESENTATION_CONTEXT(2) 
PARAMETRIC_REPRESENTATION_CONTEXT() REPRESENTATION_CONTEXT('2D SPACE',''
  ) );
#8644 = PCURVE('',#2747,#8645);
#8645 = DEFINITIONAL_REPRESENTATION('',(#8646),#8650);
#8646 = LINE('',#8647,#8648);
#8647 = CARTESIAN_POINT('',(-0.,0.));
#8648 = VECTOR('',#8649,1.);
#8649 = DIRECTION('',(0.,-1.));
#8650 = ( GEOMETRIC_REPRESENTATION_CONTEXT(2) 
PARAMETRIC_REPRESENTATION_CONTEXT() REPRESENTATION_CONTEXT('2D SPACE',''
  ) );
#8651 = ADVANCED_FACE('',(#8652),#2747,.F.);
#8652 = FACE_BOUND('',#8653,.F.);
#8653 = EDGE_LOOP('',(#8654,#8675,#8676,#8677));
#8654 = ORIENTED_EDGE('',*,*,#8655,.F.);
#8655 = EDGE_CURVE('',#8606,#8556,#8656,.T.);
#8656 = SURFACE_CURVE('',#8657,(#8661,#8668),.PCURVE_S1.);
#8657 = LINE('',#8658,#8659);
#8658 = CARTESIAN_POINT('',(8.20249223595,-1.3,-3.001246117975));
#8659 = VECTOR('',#8660,1.);
#8660 = DIRECTION('',(-0.4472135955,-0.,-0.894427191));
#8661 = PCURVE('',#2747,#8662);
#8662 = DEFINITIONAL_REPRESENTATION('',(#8663),#8667);
#8663 = LINE('',#8664,#8665);
#8664 = CARTESIAN_POINT('',(-0.,0.));
#8665 = VECTOR('',#8666,1.);
#8666 = DIRECTION('',(1.,0.));
#8667 = ( GEOMETRIC_REPRESENTATION_CONTEXT(2) 
PARAMETRIC_REPRESENTATION_CONTEXT() REPRESENTATION_CONTEXT('2D SPACE',''
  ) );
#8668 = PCURVE('',#8497,#8669);
#8669 = DEFINITIONAL_REPRESENTATION('',(#8670),#8674);
#8670 = LINE('',#8671,#8672);
#8671 = CARTESIAN_POINT('',(0.498753882025,0.75249223595));
#8672 = VECTOR('',#8673,1.);
#8673 = DIRECTION('',(-0.894427191,-0.4472135955));
#8674 = ( GEOMETRIC_REPRESENTATION_CONTEXT(2) 
PARAMETRIC_REPRESENTATION_CONTEXT() REPRESENTATION_CONTEXT('2D SPACE',''
  ) );
#8675 = ORIENTED_EDGE('',*,*,#8631,.T.);
#8676 = ORIENTED_EDGE('',*,*,#2732,.T.);
#8677 = ORIENTED_EDGE('',*,*,#8579,.F.);
#8678 = ADVANCED_FACE('',(#8679),#2806,.F.);
#8679 = FACE_BOUND('',#8680,.F.);
#8680 = EDGE_LOOP('',(#8681,#8702,#8703,#8724));
#8681 = ORIENTED_EDGE('',*,*,#8682,.F.);
#8682 = EDGE_CURVE('',#2788,#5128,#8683,.T.);
#8683 = SURFACE_CURVE('',#8684,(#8688,#8695),.PCURVE_S1.);
#8684 = LINE('',#8685,#8686);
#8685 = CARTESIAN_POINT('',(-9.3,-2.8,6.1));
#8686 = VECTOR('',#8687,1.);
#8687 = DIRECTION('',(0.,1.,0.));
#8688 = PCURVE('',#2806,#8689);
#8689 = DEFINITIONAL_REPRESENTATION('',(#8690),#8694);
#8690 = LINE('',#8691,#8692);
#8691 = CARTESIAN_POINT('',(0.,0.));
#8692 = VECTOR('',#8693,1.);
#8693 = DIRECTION('',(0.,1.));
#8694 = ( GEOMETRIC_REPRESENTATION_CONTEXT(2) 
PARAMETRIC_REPRESENTATION_CONTEXT() REPRESENTATION_CONTEXT('2D SPACE',''
  ) );
#8695 = PCURVE('',#2833,#8696);
#8696 = DEFINITIONAL_REPRESENTATION('',(#8697),#8701);
#8697 = LINE('',#8698,#8699);
#8698 = CARTESIAN_POINT('',(15.4,0.));
#8699 = VECTOR('',#8700,1.);
#8700 = DIRECTION('',(0.,-1.));
#8701 = ( GEOMETRIC_REPRESENTATION_CONTEXT(2) 
PARAMETRIC_REPRESENTATION_CONTEXT() REPRESENTATION_CONTEXT('2D SPACE',''
  ) );
#8702 = ORIENTED_EDGE('',*,*,#2787,.T.);
#8703 = ORIENTED_EDGE('',*,*,#8704,.T.);
#8704 = EDGE_CURVE('',#2790,#5106,#8705,.T.);
#8705 = SURFACE_CURVE('',#8706,(#8710,#8717),.PCURVE_S1.);
#8706 = LINE('',#8707,#8708);
#8707 = CARTESIAN_POINT('',(-6.1,-2.8,9.3));
#8708 = VECTOR('',#8709,1.);
#8709 = DIRECTION('',(0.,1.,0.));
#8710 = PCURVE('',#2806,#8711);
#8711 = DEFINITIONAL_REPRESENTATION('',(#8712),#8716);
#8712 = LINE('',#8713,#8714);
#8713 = CARTESIAN_POINT('',(1.570796326795,0.));
#8714 = VECTOR('',#8715,1.);
#8715 = DIRECTION('',(0.,1.));
#8716 = ( GEOMETRIC_REPRESENTATION_CONTEXT(2) 
PARAMETRIC_REPRESENTATION_CONTEXT() REPRESENTATION_CONTEXT('2D SPACE',''
  ) );
#8717 = PCURVE('',#3525,#8718);
#8718 = DEFINITIONAL_REPRESENTATION('',(#8719),#8723);
#8719 = LINE('',#8720,#8721);
#8720 = CARTESIAN_POINT('',(3.2,0.));
#8721 = VECTOR('',#8722,1.);
#8722 = DIRECTION('',(0.,1.));
#8723 = ( GEOMETRIC_REPRESENTATION_CONTEXT(2) 
PARAMETRIC_REPRESENTATION_CONTEXT() REPRESENTATION_CONTEXT('2D SPACE',''
  ) );
#8724 = ORIENTED_EDGE('',*,*,#5127,.F.);
#8725 = ADVANCED_FACE('',(#8726),#2833,.T.);
#8726 = FACE_BOUND('',#8727,.T.);
#8727 = EDGE_LOOP('',(#8728,#8729,#8750,#8751));
#8728 = ORIENTED_EDGE('',*,*,#2818,.T.);
#8729 = ORIENTED_EDGE('',*,*,#8730,.T.);
#8730 = EDGE_CURVE('',#2819,#5152,#8731,.T.);
#8731 = SURFACE_CURVE('',#8732,(#8736,#8743),.PCURVE_S1.);
#8732 = LINE('',#8733,#8734);
#8733 = CARTESIAN_POINT('',(-9.3,-2.8,-6.1));
#8734 = VECTOR('',#8735,1.);
#8735 = DIRECTION('',(0.,1.,0.));
#8736 = PCURVE('',#2833,#8737);
#8737 = DEFINITIONAL_REPRESENTATION('',(#8738),#8742);
#8738 = LINE('',#8739,#8740);
#8739 = CARTESIAN_POINT('',(3.2,0.));
#8740 = VECTOR('',#8741,1.);
#8741 = DIRECTION('',(0.,-1.));
#8742 = ( GEOMETRIC_REPRESENTATION_CONTEXT(2) 
PARAMETRIC_REPRESENTATION_CONTEXT() REPRESENTATION_CONTEXT('2D SPACE',''
  ) );
#8743 = PCURVE('',#2861,#8744);
#8744 = DEFINITIONAL_REPRESENTATION('',(#8745),#8749);
#8745 = LINE('',#8746,#8747);
#8746 = CARTESIAN_POINT('',(-0.,0.));
#8747 = VECTOR('',#8748,1.);
#8748 = DIRECTION('',(-0.,1.));
#8749 = ( GEOMETRIC_REPRESENTATION_CONTEXT(2) 
PARAMETRIC_REPRESENTATION_CONTEXT() REPRESENTATION_CONTEXT('2D SPACE',''
  ) );
#8750 = ORIENTED_EDGE('',*,*,#5151,.F.);
#8751 = ORIENTED_EDGE('',*,*,#8682,.F.);
#8752 = ADVANCED_FACE('',(#8753),#3525,.F.);
#8753 = FACE_BOUND('',#8754,.F.);
#8754 = EDGE_LOOP('',(#8755,#8756,#8757,#8758));
#8755 = ORIENTED_EDGE('',*,*,#5105,.F.);
#8756 = ORIENTED_EDGE('',*,*,#8704,.F.);
#8757 = ORIENTED_EDGE('',*,*,#3512,.T.);
#8758 = ORIENTED_EDGE('',*,*,#8759,.T.);
#8759 = EDGE_CURVE('',#3487,#5084,#8760,.T.);
#8760 = SURFACE_CURVE('',#8761,(#8765,#8771),.PCURVE_S1.);
#8761 = LINE('',#8762,#8763);
#8762 = CARTESIAN_POINT('',(-3.7,-2.8,9.3));
#8763 = VECTOR('',#8764,1.);
#8764 = DIRECTION('',(0.,1.,0.));
#8765 = PCURVE('',#3525,#8766);
#8766 = DEFINITIONAL_REPRESENTATION('',(#8767),#8770);
#8767 = B_SPLINE_CURVE_WITH_KNOTS('',1,(#8768,#8769),.UNSPECIFIED.,.F.,
  .F.,(2,2),(0.,3.3),.PIECEWISE_BEZIER_KNOTS.);
#8768 = CARTESIAN_POINT('',(5.6,0.));
#8769 = CARTESIAN_POINT('',(5.6,3.3));
#8770 = ( GEOMETRIC_REPRESENTATION_CONTEXT(2) 
PARAMETRIC_REPRESENTATION_CONTEXT() REPRESENTATION_CONTEXT('2D SPACE',''
  ) );
#8771 = PCURVE('',#3501,#8772);
#8772 = DEFINITIONAL_REPRESENTATION('',(#8773),#8776);
#8773 = B_SPLINE_CURVE_WITH_KNOTS('',1,(#8774,#8775),.UNSPECIFIED.,.F.,
  .F.,(2,2),(0.,3.3),.PIECEWISE_BEZIER_KNOTS.);
#8774 = CARTESIAN_POINT('',(1.7,0.));
#8775 = CARTESIAN_POINT('',(1.7,-3.3));
#8776 = ( GEOMETRIC_REPRESENTATION_CONTEXT(2) 
PARAMETRIC_REPRESENTATION_CONTEXT() REPRESENTATION_CONTEXT('2D SPACE',''
  ) );
#8777 = ADVANCED_FACE('',(#8778),#2861,.F.);
#8778 = FACE_BOUND('',#8779,.T.);
#8779 = EDGE_LOOP('',(#8780,#8781,#8782,#8803));
#8780 = ORIENTED_EDGE('',*,*,#8730,.F.);
#8781 = ORIENTED_EDGE('',*,*,#2844,.F.);
#8782 = ORIENTED_EDGE('',*,*,#8783,.T.);
#8783 = EDGE_CURVE('',#2845,#5174,#8784,.T.);
#8784 = SURFACE_CURVE('',#8785,(#8789,#8796),.PCURVE_S1.);
#8785 = LINE('',#8786,#8787);
#8786 = CARTESIAN_POINT('',(-6.1,-2.8,-9.3));
#8787 = VECTOR('',#8788,1.);
#8788 = DIRECTION('',(0.,1.,0.));
#8789 = PCURVE('',#2861,#8790);
#8790 = DEFINITIONAL_REPRESENTATION('',(#8791),#8795);
#8791 = LINE('',#8792,#8793);
#8792 = CARTESIAN_POINT('',(-1.570796326795,0.));
#8793 = VECTOR('',#8794,1.);
#8794 = DIRECTION('',(-0.,1.));
#8795 = ( GEOMETRIC_REPRESENTATION_CONTEXT(2) 
PARAMETRIC_REPRESENTATION_CONTEXT() REPRESENTATION_CONTEXT('2D SPACE',''
  ) );
#8796 = PCURVE('',#2888,#8797);
#8797 = DEFINITIONAL_REPRESENTATION('',(#8798),#8802);
#8798 = LINE('',#8799,#8800);
#8799 = CARTESIAN_POINT('',(3.2,0.));
#8800 = VECTOR('',#8801,1.);
#8801 = DIRECTION('',(0.,1.));
#8802 = ( GEOMETRIC_REPRESENTATION_CONTEXT(2) 
PARAMETRIC_REPRESENTATION_CONTEXT() REPRESENTATION_CONTEXT('2D SPACE',''
  ) );
#8803 = ORIENTED_EDGE('',*,*,#5173,.T.);
#8804 = ADVANCED_FACE('',(#8805),#3501,.T.);
#8805 = FACE_BOUND('',#8806,.T.);
#8806 = EDGE_LOOP('',(#8807,#8808,#8809,#8810));
#8807 = ORIENTED_EDGE('',*,*,#3486,.T.);
#8808 = ORIENTED_EDGE('',*,*,#8759,.T.);
#8809 = ORIENTED_EDGE('',*,*,#5083,.F.);
#8810 = ORIENTED_EDGE('',*,*,#8811,.F.);
#8811 = EDGE_CURVE('',#3465,#5061,#8812,.T.);
#8812 = SURFACE_CURVE('',#8813,(#8817,#8824),.PCURVE_S1.);
#8813 = LINE('',#8814,#8815);
#8814 = CARTESIAN_POINT('',(-3.7,-2.8,11.2));
#8815 = VECTOR('',#8816,1.);
#8816 = DIRECTION('',(0.,1.,0.));
#8817 = PCURVE('',#3501,#8818);
#8818 = DEFINITIONAL_REPRESENTATION('',(#8819),#8823);
#8819 = LINE('',#8820,#8821);
#8820 = CARTESIAN_POINT('',(3.6,0.));
#8821 = VECTOR('',#8822,1.);
#8822 = DIRECTION('',(0.,-1.));
#8823 = ( GEOMETRIC_REPRESENTATION_CONTEXT(2) 
PARAMETRIC_REPRESENTATION_CONTEXT() REPRESENTATION_CONTEXT('2D SPACE',''
  ) );
#8824 = PCURVE('',#3050,#8825);
#8825 = DEFINITIONAL_REPRESENTATION('',(#8826),#8830);
#8826 = LINE('',#8827,#8828);
#8827 = CARTESIAN_POINT('',(0.,0.));
#8828 = VECTOR('',#8829,1.);
#8829 = DIRECTION('',(0.,1.));
#8830 = ( GEOMETRIC_REPRESENTATION_CONTEXT(2) 
PARAMETRIC_REPRESENTATION_CONTEXT() REPRESENTATION_CONTEXT('2D SPACE',''
  ) );
#8831 = ADVANCED_FACE('',(#8832),#2888,.T.);
#8832 = FACE_BOUND('',#8833,.T.);
#8833 = EDGE_LOOP('',(#8834,#8835,#8836,#8837));
#8834 = ORIENTED_EDGE('',*,*,#5197,.F.);
#8835 = ORIENTED_EDGE('',*,*,#8783,.F.);
#8836 = ORIENTED_EDGE('',*,*,#2873,.T.);
#8837 = ORIENTED_EDGE('',*,*,#8838,.T.);
#8838 = EDGE_CURVE('',#2874,#5198,#8839,.T.);
#8839 = SURFACE_CURVE('',#8840,(#8844,#8851),.PCURVE_S1.);
#8840 = LINE('',#8841,#8842);
#8841 = CARTESIAN_POINT('',(6.1,-2.8,-9.3));
#8842 = VECTOR('',#8843,1.);
#8843 = DIRECTION('',(0.,1.,0.));
#8844 = PCURVE('',#2888,#8845);
#8845 = DEFINITIONAL_REPRESENTATION('',(#8846),#8850);
#8846 = LINE('',#8847,#8848);
#8847 = CARTESIAN_POINT('',(15.4,0.));
#8848 = VECTOR('',#8849,1.);
#8849 = DIRECTION('',(0.,1.));
#8850 = ( GEOMETRIC_REPRESENTATION_CONTEXT(2) 
PARAMETRIC_REPRESENTATION_CONTEXT() REPRESENTATION_CONTEXT('2D SPACE',''
  ) );
#8851 = PCURVE('',#2916,#8852);
#8852 = DEFINITIONAL_REPRESENTATION('',(#8853),#8857);
#8853 = LINE('',#8854,#8855);
#8854 = CARTESIAN_POINT('',(1.570796326795,0.));
#8855 = VECTOR('',#8856,1.);
#8856 = DIRECTION('',(0.,1.));
#8857 = ( GEOMETRIC_REPRESENTATION_CONTEXT(2) 
PARAMETRIC_REPRESENTATION_CONTEXT() REPRESENTATION_CONTEXT('2D SPACE',''
  ) );
#8858 = ADVANCED_FACE('',(#8859),#3050,.F.);
#8859 = FACE_BOUND('',#8860,.F.);
#8860 = EDGE_LOOP('',(#8861,#8862,#8863,#8886,#8914,#8935,#8936,#8957));
#8861 = ORIENTED_EDGE('',*,*,#8811,.F.);
#8862 = ORIENTED_EDGE('',*,*,#3464,.T.);
#8863 = ORIENTED_EDGE('',*,*,#8864,.T.);
#8864 = EDGE_CURVE('',#3439,#8865,#8867,.T.);
#8865 = VERTEX_POINT('',#8866);
#8866 = CARTESIAN_POINT('',(-3.,-1.2,11.2));
#8867 = SURFACE_CURVE('',#8868,(#8872,#8879),.PCURVE_S1.);
#8868 = LINE('',#8869,#8870);
#8869 = CARTESIAN_POINT('',(-3.,-2.8,11.2));
#8870 = VECTOR('',#8871,1.);
#8871 = DIRECTION('',(0.,1.,0.));
#8872 = PCURVE('',#3050,#8873);
#8873 = DEFINITIONAL_REPRESENTATION('',(#8874),#8878);
#8874 = LINE('',#8875,#8876);
#8875 = CARTESIAN_POINT('',(0.7,0.));
#8876 = VECTOR('',#8877,1.);
#8877 = DIRECTION('',(0.,1.));
#8878 = ( GEOMETRIC_REPRESENTATION_CONTEXT(2) 
PARAMETRIC_REPRESENTATION_CONTEXT() REPRESENTATION_CONTEXT('2D SPACE',''
  ) );
#8879 = PCURVE('',#3453,#8880);
#8880 = DEFINITIONAL_REPRESENTATION('',(#8881),#8885);
#8881 = LINE('',#8882,#8883);
#8882 = CARTESIAN_POINT('',(11.2,-1.));
#8883 = VECTOR('',#8884,1.);
#8884 = DIRECTION('',(0.,-1.));
#8885 = ( GEOMETRIC_REPRESENTATION_CONTEXT(2) 
PARAMETRIC_REPRESENTATION_CONTEXT() REPRESENTATION_CONTEXT('2D SPACE',''
  ) );
#8886 = ORIENTED_EDGE('',*,*,#8887,.T.);
#8887 = EDGE_CURVE('',#8865,#8888,#8890,.T.);
#8888 = VERTEX_POINT('',#8889);
#8889 = CARTESIAN_POINT('',(3.,-1.2,11.2));
#8890 = SURFACE_CURVE('',#8891,(#8895,#8902),.PCURVE_S1.);
#8891 = LINE('',#8892,#8893);
#8892 = CARTESIAN_POINT('',(-3.,-1.2,11.2));
#8893 = VECTOR('',#8894,1.);
#8894 = DIRECTION('',(1.,0.,0.));
#8895 = PCURVE('',#3050,#8896);
#8896 = DEFINITIONAL_REPRESENTATION('',(#8897),#8901);
#8897 = LINE('',#8898,#8899);
#8898 = CARTESIAN_POINT('',(0.7,1.6));
#8899 = VECTOR('',#8900,1.);
#8900 = DIRECTION('',(1.,0.));
#8901 = ( GEOMETRIC_REPRESENTATION_CONTEXT(2) 
PARAMETRIC_REPRESENTATION_CONTEXT() REPRESENTATION_CONTEXT('2D SPACE',''
  ) );
#8902 = PCURVE('',#8903,#8908);
#8903 = PLANE('',#8904);
#8904 = AXIS2_PLACEMENT_3D('',#8905,#8906,#8907);
#8905 = CARTESIAN_POINT('',(-3.,-1.2,8.1));
#8906 = DIRECTION('',(0.,1.,0.));
#8907 = DIRECTION('',(0.,0.,1.));
#8908 = DEFINITIONAL_REPRESENTATION('',(#8909),#8913);
#8909 = LINE('',#8910,#8911);
#8910 = CARTESIAN_POINT('',(3.1,0.));
#8911 = VECTOR('',#8912,1.);
#8912 = DIRECTION('',(0.,1.));
#8913 = ( GEOMETRIC_REPRESENTATION_CONTEXT(2) 
PARAMETRIC_REPRESENTATION_CONTEXT() REPRESENTATION_CONTEXT('2D SPACE',''
  ) );
#8914 = ORIENTED_EDGE('',*,*,#8915,.F.);
#8915 = EDGE_CURVE('',#3036,#8888,#8916,.T.);
#8916 = SURFACE_CURVE('',#8917,(#8921,#8928),.PCURVE_S1.);
#8917 = LINE('',#8918,#8919);
#8918 = CARTESIAN_POINT('',(3.,-2.8,11.2));
#8919 = VECTOR('',#8920,1.);
#8920 = DIRECTION('',(0.,1.,0.));
#8921 = PCURVE('',#3050,#8922);
#8922 = DEFINITIONAL_REPRESENTATION('',(#8923),#8927);
#8923 = LINE('',#8924,#8925);
#8924 = CARTESIAN_POINT('',(6.7,0.));
#8925 = VECTOR('',#8926,1.);
#8926 = DIRECTION('',(0.,1.));
#8927 = ( GEOMETRIC_REPRESENTATION_CONTEXT(2) 
PARAMETRIC_REPRESENTATION_CONTEXT() REPRESENTATION_CONTEXT('2D SPACE',''
  ) );
#8928 = PCURVE('',#3077,#8929);
#8929 = DEFINITIONAL_REPRESENTATION('',(#8930),#8934);
#8930 = LINE('',#8931,#8932);
#8931 = CARTESIAN_POINT('',(11.2,-1.));
#8932 = VECTOR('',#8933,1.);
#8933 = DIRECTION('',(0.,-1.));
#8934 = ( GEOMETRIC_REPRESENTATION_CONTEXT(2) 
PARAMETRIC_REPRESENTATION_CONTEXT() REPRESENTATION_CONTEXT('2D SPACE',''
  ) );
#8935 = ORIENTED_EDGE('',*,*,#3035,.T.);
#8936 = ORIENTED_EDGE('',*,*,#8937,.T.);
#8937 = EDGE_CURVE('',#3010,#5038,#8938,.T.);
#8938 = SURFACE_CURVE('',#8939,(#8943,#8950),.PCURVE_S1.);
#8939 = LINE('',#8940,#8941);
#8940 = CARTESIAN_POINT('',(3.7,-2.8,11.2));
#8941 = VECTOR('',#8942,1.);
#8942 = DIRECTION('',(0.,1.,0.));
#8943 = PCURVE('',#3050,#8944);
#8944 = DEFINITIONAL_REPRESENTATION('',(#8945),#8949);
#8945 = LINE('',#8946,#8947);
#8946 = CARTESIAN_POINT('',(7.4,0.));
#8947 = VECTOR('',#8948,1.);
#8948 = DIRECTION('',(0.,1.));
#8949 = ( GEOMETRIC_REPRESENTATION_CONTEXT(2) 
PARAMETRIC_REPRESENTATION_CONTEXT() REPRESENTATION_CONTEXT('2D SPACE',''
  ) );
#8950 = PCURVE('',#3024,#8951);
#8951 = DEFINITIONAL_REPRESENTATION('',(#8952),#8956);
#8952 = LINE('',#8953,#8954);
#8953 = CARTESIAN_POINT('',(3.6,0.));
#8954 = VECTOR('',#8955,1.);
#8955 = DIRECTION('',(0.,-1.));
#8956 = ( GEOMETRIC_REPRESENTATION_CONTEXT(2) 
PARAMETRIC_REPRESENTATION_CONTEXT() REPRESENTATION_CONTEXT('2D SPACE',''
  ) );
#8957 = ORIENTED_EDGE('',*,*,#5060,.T.);
#8958 = ADVANCED_FACE('',(#8959),#2916,.F.);
#8959 = FACE_BOUND('',#8960,.F.);
#8960 = EDGE_LOOP('',(#8961,#8982,#8983,#8984));
#8961 = ORIENTED_EDGE('',*,*,#8962,.F.);
#8962 = EDGE_CURVE('',#2900,#5220,#8963,.T.);
#8963 = SURFACE_CURVE('',#8964,(#8968,#8975),.PCURVE_S1.);
#8964 = LINE('',#8965,#8966);
#8965 = CARTESIAN_POINT('',(9.3,-2.8,-6.1));
#8966 = VECTOR('',#8967,1.);
#8967 = DIRECTION('',(0.,1.,0.));
#8968 = PCURVE('',#2916,#8969);
#8969 = DEFINITIONAL_REPRESENTATION('',(#8970),#8974);
#8970 = LINE('',#8971,#8972);
#8971 = CARTESIAN_POINT('',(0.,0.));
#8972 = VECTOR('',#8973,1.);
#8973 = DIRECTION('',(0.,1.));
#8974 = ( GEOMETRIC_REPRESENTATION_CONTEXT(2) 
PARAMETRIC_REPRESENTATION_CONTEXT() REPRESENTATION_CONTEXT('2D SPACE',''
  ) );
#8975 = PCURVE('',#2943,#8976);
#8976 = DEFINITIONAL_REPRESENTATION('',(#8977),#8981);
#8977 = LINE('',#8978,#8979);
#8978 = CARTESIAN_POINT('',(3.2,0.));
#8979 = VECTOR('',#8980,1.);
#8980 = DIRECTION('',(0.,-1.));
#8981 = ( GEOMETRIC_REPRESENTATION_CONTEXT(2) 
PARAMETRIC_REPRESENTATION_CONTEXT() REPRESENTATION_CONTEXT('2D SPACE',''
  ) );
#8982 = ORIENTED_EDGE('',*,*,#2899,.T.);
#8983 = ORIENTED_EDGE('',*,*,#8838,.T.);
#8984 = ORIENTED_EDGE('',*,*,#5219,.F.);
#8985 = ADVANCED_FACE('',(#8986),#3453,.F.);
#8986 = FACE_BOUND('',#8987,.F.);
#8987 = EDGE_LOOP('',(#8988,#9016,#9044,#9065,#9066,#9067));
#8988 = ORIENTED_EDGE('',*,*,#8989,.T.);
#8989 = EDGE_CURVE('',#8990,#8992,#8994,.T.);
#8990 = VERTEX_POINT('',#8991);
#8991 = CARTESIAN_POINT('',(-3.,-0.6,7.6));
#8992 = VERTEX_POINT('',#8993);
#8993 = CARTESIAN_POINT('',(-3.,-0.6,8.1));
#8994 = SURFACE_CURVE('',#8995,(#8999,#9005),.PCURVE_S1.);
#8995 = LINE('',#8996,#8997);
#8996 = CARTESIAN_POINT('',(-3.,-0.6,-4.35));
#8997 = VECTOR('',#8998,1.);
#8998 = DIRECTION('',(0.,0.,1.));
#8999 = PCURVE('',#3453,#9000);
#9000 = DEFINITIONAL_REPRESENTATION('',(#9001),#9004);
#9001 = B_SPLINE_CURVE_WITH_KNOTS('',1,(#9002,#9003),.UNSPECIFIED.,.F.,
  .F.,(2,2),(11.95,13.05),.PIECEWISE_BEZIER_KNOTS.);
#9002 = CARTESIAN_POINT('',(7.6,-3.2));
#9003 = CARTESIAN_POINT('',(8.7,-3.2));
#9004 = ( GEOMETRIC_REPRESENTATION_CONTEXT(2) 
PARAMETRIC_REPRESENTATION_CONTEXT() REPRESENTATION_CONTEXT('2D SPACE',''
  ) );
#9005 = PCURVE('',#9006,#9011);
#9006 = PLANE('',#9007);
#9007 = AXIS2_PLACEMENT_3D('',#9008,#9009,#9010);
#9008 = CARTESIAN_POINT('',(-8.7,-0.6,-8.7));
#9009 = DIRECTION('',(0.,1.,0.));
#9010 = DIRECTION('',(0.,0.,1.));
#9011 = DEFINITIONAL_REPRESENTATION('',(#9012),#9015);
#9012 = B_SPLINE_CURVE_WITH_KNOTS('',1,(#9013,#9014),.UNSPECIFIED.,.F.,
  .F.,(2,2),(11.95,13.05),.PIECEWISE_BEZIER_KNOTS.);
#9013 = CARTESIAN_POINT('',(16.3,5.7));
#9014 = CARTESIAN_POINT('',(17.4,5.7));
#9015 = ( GEOMETRIC_REPRESENTATION_CONTEXT(2) 
PARAMETRIC_REPRESENTATION_CONTEXT() REPRESENTATION_CONTEXT('2D SPACE',''
  ) );
#9016 = ORIENTED_EDGE('',*,*,#9017,.F.);
#9017 = EDGE_CURVE('',#9018,#8992,#9020,.T.);
#9018 = VERTEX_POINT('',#9019);
#9019 = CARTESIAN_POINT('',(-3.,-1.2,8.1));
#9020 = SURFACE_CURVE('',#9021,(#9025,#9032),.PCURVE_S1.);
#9021 = LINE('',#9022,#9023);
#9022 = CARTESIAN_POINT('',(-3.,-1.2,8.1));
#9023 = VECTOR('',#9024,1.);
#9024 = DIRECTION('',(0.,1.,0.));
#9025 = PCURVE('',#3453,#9026);
#9026 = DEFINITIONAL_REPRESENTATION('',(#9027),#9031);
#9027 = LINE('',#9028,#9029);
#9028 = CARTESIAN_POINT('',(8.1,-2.6));
#9029 = VECTOR('',#9030,1.);
#9030 = DIRECTION('',(0.,-1.));
#9031 = ( GEOMETRIC_REPRESENTATION_CONTEXT(2) 
PARAMETRIC_REPRESENTATION_CONTEXT() REPRESENTATION_CONTEXT('2D SPACE',''
  ) );
#9032 = PCURVE('',#9033,#9038);
#9033 = PLANE('',#9034);
#9034 = AXIS2_PLACEMENT_3D('',#9035,#9036,#9037);
#9035 = CARTESIAN_POINT('',(-3.,-1.2,8.1));
#9036 = DIRECTION('',(0.,0.,1.));
#9037 = DIRECTION('',(1.,0.,0.));
#9038 = DEFINITIONAL_REPRESENTATION('',(#9039),#9043);
#9039 = LINE('',#9040,#9041);
#9040 = CARTESIAN_POINT('',(0.,0.));
#9041 = VECTOR('',#9042,1.);
#9042 = DIRECTION('',(0.,1.));
#9043 = ( GEOMETRIC_REPRESENTATION_CONTEXT(2) 
PARAMETRIC_REPRESENTATION_CONTEXT() REPRESENTATION_CONTEXT('2D SPACE',''
  ) );
#9044 = ORIENTED_EDGE('',*,*,#9045,.T.);
#9045 = EDGE_CURVE('',#9018,#8865,#9046,.T.);
#9046 = SURFACE_CURVE('',#9047,(#9051,#9058),.PCURVE_S1.);
#9047 = LINE('',#9048,#9049);
#9048 = CARTESIAN_POINT('',(-3.,-1.2,8.1));
#9049 = VECTOR('',#9050,1.);
#9050 = DIRECTION('',(0.,0.,1.));
#9051 = PCURVE('',#3453,#9052);
#9052 = DEFINITIONAL_REPRESENTATION('',(#9053),#9057);
#9053 = LINE('',#9054,#9055);
#9054 = CARTESIAN_POINT('',(8.1,-2.6));
#9055 = VECTOR('',#9056,1.);
#9056 = DIRECTION('',(1.,0.));
#9057 = ( GEOMETRIC_REPRESENTATION_CONTEXT(2) 
PARAMETRIC_REPRESENTATION_CONTEXT() REPRESENTATION_CONTEXT('2D SPACE',''
  ) );
#9058 = PCURVE('',#8903,#9059);
#9059 = DEFINITIONAL_REPRESENTATION('',(#9060),#9064);
#9060 = LINE('',#9061,#9062);
#9061 = CARTESIAN_POINT('',(0.,0.));
#9062 = VECTOR('',#9063,1.);
#9063 = DIRECTION('',(1.,0.));
#9064 = ( GEOMETRIC_REPRESENTATION_CONTEXT(2) 
PARAMETRIC_REPRESENTATION_CONTEXT() REPRESENTATION_CONTEXT('2D SPACE',''
  ) );
#9065 = ORIENTED_EDGE('',*,*,#8864,.F.);
#9066 = ORIENTED_EDGE('',*,*,#3438,.T.);
#9067 = ORIENTED_EDGE('',*,*,#9068,.T.);
#9068 = EDGE_CURVE('',#3413,#8990,#9069,.T.);
#9069 = SURFACE_CURVE('',#9070,(#9074,#9081),.PCURVE_S1.);
#9070 = LINE('',#9071,#9072);
#9071 = CARTESIAN_POINT('',(-3.,-2.8,7.6));
#9072 = VECTOR('',#9073,1.);
#9073 = DIRECTION('',(0.,1.,0.));
#9074 = PCURVE('',#3453,#9075);
#9075 = DEFINITIONAL_REPRESENTATION('',(#9076),#9080);
#9076 = LINE('',#9077,#9078);
#9077 = CARTESIAN_POINT('',(7.6,-1.));
#9078 = VECTOR('',#9079,1.);
#9079 = DIRECTION('',(0.,-1.));
#9080 = ( GEOMETRIC_REPRESENTATION_CONTEXT(2) 
PARAMETRIC_REPRESENTATION_CONTEXT() REPRESENTATION_CONTEXT('2D SPACE',''
  ) );
#9081 = PCURVE('',#3427,#9082);
#9082 = DEFINITIONAL_REPRESENTATION('',(#9083),#9087);
#9083 = LINE('',#9084,#9085);
#9084 = CARTESIAN_POINT('',(0.7,0.));
#9085 = VECTOR('',#9086,1.);
#9086 = DIRECTION('',(0.,1.));
#9087 = ( GEOMETRIC_REPRESENTATION_CONTEXT(2) 
PARAMETRIC_REPRESENTATION_CONTEXT() REPRESENTATION_CONTEXT('2D SPACE',''
  ) );
#9088 = ADVANCED_FACE('',(#9089),#2943,.F.);
#9089 = FACE_BOUND('',#9090,.F.);
#9090 = EDGE_LOOP('',(#9091,#9092,#9093,#9094));
#9091 = ORIENTED_EDGE('',*,*,#2928,.T.);
#9092 = ORIENTED_EDGE('',*,*,#8962,.T.);
#9093 = ORIENTED_EDGE('',*,*,#5243,.F.);
#9094 = ORIENTED_EDGE('',*,*,#9095,.F.);
#9095 = EDGE_CURVE('',#2929,#5244,#9096,.T.);
#9096 = SURFACE_CURVE('',#9097,(#9101,#9108),.PCURVE_S1.);
#9097 = LINE('',#9098,#9099);
#9098 = CARTESIAN_POINT('',(9.3,-2.8,6.1));
#9099 = VECTOR('',#9100,1.);
#9100 = DIRECTION('',(0.,1.,0.));
#9101 = PCURVE('',#2943,#9102);
#9102 = DEFINITIONAL_REPRESENTATION('',(#9103),#9107);
#9103 = LINE('',#9104,#9105);
#9104 = CARTESIAN_POINT('',(15.4,0.));
#9105 = VECTOR('',#9106,1.);
#9106 = DIRECTION('',(0.,-1.));
#9107 = ( GEOMETRIC_REPRESENTATION_CONTEXT(2) 
PARAMETRIC_REPRESENTATION_CONTEXT() REPRESENTATION_CONTEXT('2D SPACE',''
  ) );
#9108 = PCURVE('',#2971,#9109);
#9109 = DEFINITIONAL_REPRESENTATION('',(#9110),#9114);
#9110 = LINE('',#9111,#9112);
#9111 = CARTESIAN_POINT('',(-0.,0.));
#9112 = VECTOR('',#9113,1.);
#9113 = DIRECTION('',(-0.,1.));
#9114 = ( GEOMETRIC_REPRESENTATION_CONTEXT(2) 
PARAMETRIC_REPRESENTATION_CONTEXT() REPRESENTATION_CONTEXT('2D SPACE',''
  ) );
#9115 = ADVANCED_FACE('',(#9116),#3427,.T.);
#9116 = FACE_BOUND('',#9117,.T.);
#9117 = EDGE_LOOP('',(#9118,#9141,#9142,#9143));
#9118 = ORIENTED_EDGE('',*,*,#9119,.F.);
#9119 = EDGE_CURVE('',#3387,#9120,#9122,.T.);
#9120 = VERTEX_POINT('',#9121);
#9121 = CARTESIAN_POINT('',(-3.7,-0.6,7.6));
#9122 = SURFACE_CURVE('',#9123,(#9127,#9134),.PCURVE_S1.);
#9123 = LINE('',#9124,#9125);
#9124 = CARTESIAN_POINT('',(-3.7,-2.8,7.6));
#9125 = VECTOR('',#9126,1.);
#9126 = DIRECTION('',(0.,1.,0.));
#9127 = PCURVE('',#3427,#9128);
#9128 = DEFINITIONAL_REPRESENTATION('',(#9129),#9133);
#9129 = LINE('',#9130,#9131);
#9130 = CARTESIAN_POINT('',(0.,0.));
#9131 = VECTOR('',#9132,1.);
#9132 = DIRECTION('',(0.,1.));
#9133 = ( GEOMETRIC_REPRESENTATION_CONTEXT(2) 
PARAMETRIC_REPRESENTATION_CONTEXT() REPRESENTATION_CONTEXT('2D SPACE',''
  ) );
#9134 = PCURVE('',#3401,#9135);
#9135 = DEFINITIONAL_REPRESENTATION('',(#9136),#9140);
#9136 = LINE('',#9137,#9138);
#9137 = CARTESIAN_POINT('',(0.,0.));
#9138 = VECTOR('',#9139,1.);
#9139 = DIRECTION('',(0.,-1.));
#9140 = ( GEOMETRIC_REPRESENTATION_CONTEXT(2) 
PARAMETRIC_REPRESENTATION_CONTEXT() REPRESENTATION_CONTEXT('2D SPACE',''
  ) );
#9141 = ORIENTED_EDGE('',*,*,#3412,.T.);
#9142 = ORIENTED_EDGE('',*,*,#9068,.T.);
#9143 = ORIENTED_EDGE('',*,*,#9144,.T.);
#9144 = EDGE_CURVE('',#8990,#9120,#9145,.T.);
#9145 = SURFACE_CURVE('',#9146,(#9150,#9156),.PCURVE_S1.);
#9146 = LINE('',#9147,#9148);
#9147 = CARTESIAN_POINT('',(-6.2,-0.6,7.6));
#9148 = VECTOR('',#9149,1.);
#9149 = DIRECTION('',(-1.,0.,0.));
#9150 = PCURVE('',#3427,#9151);
#9151 = DEFINITIONAL_REPRESENTATION('',(#9152),#9155);
#9152 = B_SPLINE_CURVE_WITH_KNOTS('',1,(#9153,#9154),.UNSPECIFIED.,.F.,
  .F.,(2,2),(-3.2,-2.5),.PIECEWISE_BEZIER_KNOTS.);
#9153 = CARTESIAN_POINT('',(0.7,2.2));
#9154 = CARTESIAN_POINT('',(0.,2.2));
#9155 = ( GEOMETRIC_REPRESENTATION_CONTEXT(2) 
PARAMETRIC_REPRESENTATION_CONTEXT() REPRESENTATION_CONTEXT('2D SPACE',''
  ) );
#9156 = PCURVE('',#9006,#9157);
#9157 = DEFINITIONAL_REPRESENTATION('',(#9158),#9161);
#9158 = B_SPLINE_CURVE_WITH_KNOTS('',1,(#9159,#9160),.UNSPECIFIED.,.F.,
  .F.,(2,2),(-3.2,-2.5),.PIECEWISE_BEZIER_KNOTS.);
#9159 = CARTESIAN_POINT('',(16.3,5.7));
#9160 = CARTESIAN_POINT('',(16.3,5.));
#9161 = ( GEOMETRIC_REPRESENTATION_CONTEXT(2) 
PARAMETRIC_REPRESENTATION_CONTEXT() REPRESENTATION_CONTEXT('2D SPACE',''
  ) );
#9162 = ADVANCED_FACE('',(#9163),#2971,.F.);
#9163 = FACE_BOUND('',#9164,.T.);
#9164 = EDGE_LOOP('',(#9165,#9166,#9167,#9188));
#9165 = ORIENTED_EDGE('',*,*,#9095,.F.);
#9166 = ORIENTED_EDGE('',*,*,#2954,.F.);
#9167 = ORIENTED_EDGE('',*,*,#9168,.T.);
#9168 = EDGE_CURVE('',#2955,#5266,#9169,.T.);
#9169 = SURFACE_CURVE('',#9170,(#9174,#9181),.PCURVE_S1.);
#9170 = LINE('',#9171,#9172);
#9171 = CARTESIAN_POINT('',(6.1,-2.8,9.3));
#9172 = VECTOR('',#9173,1.);
#9173 = DIRECTION('',(0.,1.,0.));
#9174 = PCURVE('',#2971,#9175);
#9175 = DEFINITIONAL_REPRESENTATION('',(#9176),#9180);
#9176 = LINE('',#9177,#9178);
#9177 = CARTESIAN_POINT('',(-1.570796326795,0.));
#9178 = VECTOR('',#9179,1.);
#9179 = DIRECTION('',(-0.,1.));
#9180 = ( GEOMETRIC_REPRESENTATION_CONTEXT(2) 
PARAMETRIC_REPRESENTATION_CONTEXT() REPRESENTATION_CONTEXT('2D SPACE',''
  ) );
#9181 = PCURVE('',#2998,#9182);
#9182 = DEFINITIONAL_REPRESENTATION('',(#9183),#9187);
#9183 = LINE('',#9184,#9185);
#9184 = CARTESIAN_POINT('',(15.4,0.));
#9185 = VECTOR('',#9186,1.);
#9186 = DIRECTION('',(0.,1.));
#9187 = ( GEOMETRIC_REPRESENTATION_CONTEXT(2) 
PARAMETRIC_REPRESENTATION_CONTEXT() REPRESENTATION_CONTEXT('2D SPACE',''
  ) );
#9188 = ORIENTED_EDGE('',*,*,#5265,.T.);
#9189 = ADVANCED_FACE('',(#9190),#3401,.T.);
#9190 = FACE_BOUND('',#9191,.T.);
#9191 = EDGE_LOOP('',(#9192,#9213,#9214,#9215));
#9192 = ORIENTED_EDGE('',*,*,#9193,.F.);
#9193 = EDGE_CURVE('',#3361,#9194,#9196,.T.);
#9194 = VERTEX_POINT('',#9195);
#9195 = CARTESIAN_POINT('',(-3.7,-0.6,8.6));
#9196 = SURFACE_CURVE('',#9197,(#9201,#9207),.PCURVE_S1.);
#9197 = LINE('',#9198,#9199);
#9198 = CARTESIAN_POINT('',(-3.7,-3.3,8.6));
#9199 = VECTOR('',#9200,1.);
#9200 = DIRECTION('',(0.,1.,0.));
#9201 = PCURVE('',#3401,#9202);
#9202 = DEFINITIONAL_REPRESENTATION('',(#9203),#9206);
#9203 = B_SPLINE_CURVE_WITH_KNOTS('',1,(#9204,#9205),.UNSPECIFIED.,.F.,
  .F.,(2,2),(0.5,3.8),.PIECEWISE_BEZIER_KNOTS.);
#9204 = CARTESIAN_POINT('',(1.,0.));
#9205 = CARTESIAN_POINT('',(1.,-3.3));
#9206 = ( GEOMETRIC_REPRESENTATION_CONTEXT(2) 
PARAMETRIC_REPRESENTATION_CONTEXT() REPRESENTATION_CONTEXT('2D SPACE',''
  ) );
#9207 = PCURVE('',#3375,#9208);
#9208 = DEFINITIONAL_REPRESENTATION('',(#9209),#9212);
#9209 = B_SPLINE_CURVE_WITH_KNOTS('',1,(#9210,#9211),.UNSPECIFIED.,.F.,
  .F.,(2,2),(0.5,3.8),.PIECEWISE_BEZIER_KNOTS.);
#9210 = CARTESIAN_POINT('',(4.9,1.));
#9211 = CARTESIAN_POINT('',(4.9,4.3));
#9212 = ( GEOMETRIC_REPRESENTATION_CONTEXT(2) 
PARAMETRIC_REPRESENTATION_CONTEXT() REPRESENTATION_CONTEXT('2D SPACE',''
  ) );
#9213 = ORIENTED_EDGE('',*,*,#3386,.T.);
#9214 = ORIENTED_EDGE('',*,*,#9119,.T.);
#9215 = ORIENTED_EDGE('',*,*,#9216,.T.);
#9216 = EDGE_CURVE('',#9120,#9194,#9217,.T.);
#9217 = SURFACE_CURVE('',#9218,(#9222,#9228),.PCURVE_S1.);
#9218 = LINE('',#9219,#9220);
#9219 = CARTESIAN_POINT('',(-3.7,-0.6,-0.55));
#9220 = VECTOR('',#9221,1.);
#9221 = DIRECTION('',(0.,0.,1.));
#9222 = PCURVE('',#3401,#9223);
#9223 = DEFINITIONAL_REPRESENTATION('',(#9224),#9227);
#9224 = B_SPLINE_CURVE_WITH_KNOTS('',1,(#9225,#9226),.UNSPECIFIED.,.F.,
  .F.,(2,2),(8.15,9.15),.PIECEWISE_BEZIER_KNOTS.);
#9225 = CARTESIAN_POINT('',(0.,-2.2));
#9226 = CARTESIAN_POINT('',(1.,-2.2));
#9227 = ( GEOMETRIC_REPRESENTATION_CONTEXT(2) 
PARAMETRIC_REPRESENTATION_CONTEXT() REPRESENTATION_CONTEXT('2D SPACE',''
  ) );
#9228 = PCURVE('',#9006,#9229);
#9229 = DEFINITIONAL_REPRESENTATION('',(#9230),#9233);
#9230 = B_SPLINE_CURVE_WITH_KNOTS('',1,(#9231,#9232),.UNSPECIFIED.,.F.,
  .F.,(2,2),(8.15,9.15),.PIECEWISE_BEZIER_KNOTS.);
#9231 = CARTESIAN_POINT('',(16.3,5.));
#9232 = CARTESIAN_POINT('',(17.3,5.));
#9233 = ( GEOMETRIC_REPRESENTATION_CONTEXT(2) 
PARAMETRIC_REPRESENTATION_CONTEXT() REPRESENTATION_CONTEXT('2D SPACE',''
  ) );
#9234 = ADVANCED_FACE('',(#9235),#2998,.F.);
#9235 = FACE_BOUND('',#9236,.F.);
#9236 = EDGE_LOOP('',(#9237,#9238,#9257,#9258));
#9237 = ORIENTED_EDGE('',*,*,#5289,.F.);
#9238 = ORIENTED_EDGE('',*,*,#9239,.F.);
#9239 = EDGE_CURVE('',#2984,#5036,#9240,.T.);
#9240 = SURFACE_CURVE('',#9241,(#9245,#9251),.PCURVE_S1.);
#9241 = LINE('',#9242,#9243);
#9242 = CARTESIAN_POINT('',(3.7,-2.8,9.3));
#9243 = VECTOR('',#9244,1.);
#9244 = DIRECTION('',(0.,1.,0.));
#9245 = PCURVE('',#2998,#9246);
#9246 = DEFINITIONAL_REPRESENTATION('',(#9247),#9250);
#9247 = B_SPLINE_CURVE_WITH_KNOTS('',1,(#9248,#9249),.UNSPECIFIED.,.F.,
  .F.,(2,2),(0.,3.3),.PIECEWISE_BEZIER_KNOTS.);
#9248 = CARTESIAN_POINT('',(13.,0.));
#9249 = CARTESIAN_POINT('',(13.,3.3));
#9250 = ( GEOMETRIC_REPRESENTATION_CONTEXT(2) 
PARAMETRIC_REPRESENTATION_CONTEXT() REPRESENTATION_CONTEXT('2D SPACE',''
  ) );
#9251 = PCURVE('',#3024,#9252);
#9252 = DEFINITIONAL_REPRESENTATION('',(#9253),#9256);
#9253 = B_SPLINE_CURVE_WITH_KNOTS('',1,(#9254,#9255),.UNSPECIFIED.,.F.,
  .F.,(2,2),(0.,3.3),.PIECEWISE_BEZIER_KNOTS.);
#9254 = CARTESIAN_POINT('',(1.7,0.));
#9255 = CARTESIAN_POINT('',(1.7,-3.3));
#9256 = ( GEOMETRIC_REPRESENTATION_CONTEXT(2) 
PARAMETRIC_REPRESENTATION_CONTEXT() REPRESENTATION_CONTEXT('2D SPACE',''
  ) );
#9257 = ORIENTED_EDGE('',*,*,#2983,.T.);
#9258 = ORIENTED_EDGE('',*,*,#9168,.T.);
#9259 = ADVANCED_FACE('',(#9260),#3375,.T.);
#9260 = FACE_BOUND('',#9261,.T.);
#9261 = EDGE_LOOP('',(#9262,#9283,#9304,#9305));
#9262 = ORIENTED_EDGE('',*,*,#9263,.T.);
#9263 = EDGE_CURVE('',#9194,#9264,#9266,.T.);
#9264 = VERTEX_POINT('',#9265);
#9265 = CARTESIAN_POINT('',(-6.1,-0.6,8.6));
#9266 = SURFACE_CURVE('',#9267,(#9271,#9277),.PCURVE_S1.);
#9267 = LINE('',#9268,#9269);
#9268 = CARTESIAN_POINT('',(-8.65,-0.6,8.6));
#9269 = VECTOR('',#9270,1.);
#9270 = DIRECTION('',(-1.,0.,0.));
#9271 = PCURVE('',#3375,#9272);
#9272 = DEFINITIONAL_REPRESENTATION('',(#9273),#9276);
#9273 = B_SPLINE_CURVE_WITH_KNOTS('',1,(#9274,#9275),.UNSPECIFIED.,.F.,
  .F.,(2,2),(-4.95,-2.55),.PIECEWISE_BEZIER_KNOTS.);
#9274 = CARTESIAN_POINT('',(4.9,3.2));
#9275 = CARTESIAN_POINT('',(2.5,3.2));
#9276 = ( GEOMETRIC_REPRESENTATION_CONTEXT(2) 
PARAMETRIC_REPRESENTATION_CONTEXT() REPRESENTATION_CONTEXT('2D SPACE',''
  ) );
#9277 = PCURVE('',#9006,#9278);
#9278 = DEFINITIONAL_REPRESENTATION('',(#9279),#9282);
#9279 = B_SPLINE_CURVE_WITH_KNOTS('',1,(#9280,#9281),.UNSPECIFIED.,.F.,
  .F.,(2,2),(-4.95,-2.55),.PIECEWISE_BEZIER_KNOTS.);
#9280 = CARTESIAN_POINT('',(17.3,5.));
#9281 = CARTESIAN_POINT('',(17.3,2.6));
#9282 = ( GEOMETRIC_REPRESENTATION_CONTEXT(2) 
PARAMETRIC_REPRESENTATION_CONTEXT() REPRESENTATION_CONTEXT('2D SPACE',''
  ) );
#9283 = ORIENTED_EDGE('',*,*,#9284,.F.);
#9284 = EDGE_CURVE('',#3332,#9264,#9285,.T.);
#9285 = SURFACE_CURVE('',#9286,(#9290,#9297),.PCURVE_S1.);
#9286 = LINE('',#9287,#9288);
#9287 = CARTESIAN_POINT('',(-6.1,-3.8,8.6));
#9288 = VECTOR('',#9289,1.);
#9289 = DIRECTION('',(0.,1.,0.));
#9290 = PCURVE('',#3375,#9291);
#9291 = DEFINITIONAL_REPRESENTATION('',(#9292),#9296);
#9292 = LINE('',#9293,#9294);
#9293 = CARTESIAN_POINT('',(2.5,0.));
#9294 = VECTOR('',#9295,1.);
#9295 = DIRECTION('',(0.,1.));
#9296 = ( GEOMETRIC_REPRESENTATION_CONTEXT(2) 
PARAMETRIC_REPRESENTATION_CONTEXT() REPRESENTATION_CONTEXT('2D SPACE',''
  ) );
#9297 = PCURVE('',#3348,#9298);
#9298 = DEFINITIONAL_REPRESENTATION('',(#9299),#9303);
#9299 = LINE('',#9300,#9301);
#9300 = CARTESIAN_POINT('',(1.570796326795,0.));
#9301 = VECTOR('',#9302,1.);
#9302 = DIRECTION('',(0.,1.));
#9303 = ( GEOMETRIC_REPRESENTATION_CONTEXT(2) 
PARAMETRIC_REPRESENTATION_CONTEXT() REPRESENTATION_CONTEXT('2D SPACE',''
  ) );
#9304 = ORIENTED_EDGE('',*,*,#3360,.T.);
#9305 = ORIENTED_EDGE('',*,*,#9193,.T.);
#9306 = ADVANCED_FACE('',(#9307),#3024,.F.);
#9307 = FACE_BOUND('',#9308,.F.);
#9308 = EDGE_LOOP('',(#9309,#9310,#9311,#9312));
#9309 = ORIENTED_EDGE('',*,*,#3009,.T.);
#9310 = ORIENTED_EDGE('',*,*,#9239,.T.);
#9311 = ORIENTED_EDGE('',*,*,#5035,.T.);
#9312 = ORIENTED_EDGE('',*,*,#8937,.F.);
#9313 = ADVANCED_FACE('',(#9314),#3348,.T.);
#9314 = FACE_BOUND('',#9315,.T.);
#9315 = EDGE_LOOP('',(#9316,#9339,#9340,#9341));
#9316 = ORIENTED_EDGE('',*,*,#9317,.F.);
#9317 = EDGE_CURVE('',#3306,#9318,#9320,.T.);
#9318 = VERTEX_POINT('',#9319);
#9319 = CARTESIAN_POINT('',(-8.6,-0.6,6.1));
#9320 = SURFACE_CURVE('',#9321,(#9325,#9332),.PCURVE_S1.);
#9321 = LINE('',#9322,#9323);
#9322 = CARTESIAN_POINT('',(-8.6,-3.8,6.1));
#9323 = VECTOR('',#9324,1.);
#9324 = DIRECTION('',(0.,1.,0.));
#9325 = PCURVE('',#3348,#9326);
#9326 = DEFINITIONAL_REPRESENTATION('',(#9327),#9331);
#9327 = LINE('',#9328,#9329);
#9328 = CARTESIAN_POINT('',(0.,0.));
#9329 = VECTOR('',#9330,1.);
#9330 = DIRECTION('',(0.,1.));
#9331 = ( GEOMETRIC_REPRESENTATION_CONTEXT(2) 
PARAMETRIC_REPRESENTATION_CONTEXT() REPRESENTATION_CONTEXT('2D SPACE',''
  ) );
#9332 = PCURVE('',#3320,#9333);
#9333 = DEFINITIONAL_REPRESENTATION('',(#9334),#9338);
#9334 = LINE('',#9335,#9336);
#9335 = CARTESIAN_POINT('',(14.7,0.));
#9336 = VECTOR('',#9337,1.);
#9337 = DIRECTION('',(0.,-1.));
#9338 = ( GEOMETRIC_REPRESENTATION_CONTEXT(2) 
PARAMETRIC_REPRESENTATION_CONTEXT() REPRESENTATION_CONTEXT('2D SPACE',''
  ) );
#9339 = ORIENTED_EDGE('',*,*,#3331,.T.);
#9340 = ORIENTED_EDGE('',*,*,#9284,.T.);
#9341 = ORIENTED_EDGE('',*,*,#9342,.F.);
#9342 = EDGE_CURVE('',#9318,#9264,#9343,.T.);
#9343 = SURFACE_CURVE('',#9344,(#9349,#9356),.PCURVE_S1.);
#9344 = CIRCLE('',#9345,2.5);
#9345 = AXIS2_PLACEMENT_3D('',#9346,#9347,#9348);
#9346 = CARTESIAN_POINT('',(-6.1,-0.6,6.1));
#9347 = DIRECTION('',(0.,1.,0.));
#9348 = DIRECTION('',(-1.,0.,0.));
#9349 = PCURVE('',#3348,#9350);
#9350 = DEFINITIONAL_REPRESENTATION('',(#9351),#9355);
#9351 = LINE('',#9352,#9353);
#9352 = CARTESIAN_POINT('',(0.,3.2));
#9353 = VECTOR('',#9354,1.);
#9354 = DIRECTION('',(1.,0.));
#9355 = ( GEOMETRIC_REPRESENTATION_CONTEXT(2) 
PARAMETRIC_REPRESENTATION_CONTEXT() REPRESENTATION_CONTEXT('2D SPACE',''
  ) );
#9356 = PCURVE('',#9006,#9357);
#9357 = DEFINITIONAL_REPRESENTATION('',(#9358),#9362);
#9358 = CIRCLE('',#9359,2.5);
#9359 = AXIS2_PLACEMENT_2D('',#9360,#9361);
#9360 = CARTESIAN_POINT('',(14.8,2.6));
#9361 = DIRECTION('',(0.,-1.));
#9362 = ( GEOMETRIC_REPRESENTATION_CONTEXT(2) 
PARAMETRIC_REPRESENTATION_CONTEXT() REPRESENTATION_CONTEXT('2D SPACE',''
  ) );
#9363 = ADVANCED_FACE('',(#9364),#3320,.F.);
#9364 = FACE_BOUND('',#9365,.F.);
#9365 = EDGE_LOOP('',(#9366,#9367,#9368,#9391));
#9366 = ORIENTED_EDGE('',*,*,#9317,.F.);
#9367 = ORIENTED_EDGE('',*,*,#3305,.T.);
#9368 = ORIENTED_EDGE('',*,*,#9369,.T.);
#9369 = EDGE_CURVE('',#3277,#9370,#9372,.T.);
#9370 = VERTEX_POINT('',#9371);
#9371 = CARTESIAN_POINT('',(-8.6,-0.6,-6.1));
#9372 = SURFACE_CURVE('',#9373,(#9377,#9384),.PCURVE_S1.);
#9373 = LINE('',#9374,#9375);
#9374 = CARTESIAN_POINT('',(-8.6,-3.8,-6.1));
#9375 = VECTOR('',#9376,1.);
#9376 = DIRECTION('',(0.,1.,0.));
#9377 = PCURVE('',#3320,#9378);
#9378 = DEFINITIONAL_REPRESENTATION('',(#9379),#9383);
#9379 = LINE('',#9380,#9381);
#9380 = CARTESIAN_POINT('',(2.5,0.));
#9381 = VECTOR('',#9382,1.);
#9382 = DIRECTION('',(0.,-1.));
#9383 = ( GEOMETRIC_REPRESENTATION_CONTEXT(2) 
PARAMETRIC_REPRESENTATION_CONTEXT() REPRESENTATION_CONTEXT('2D SPACE',''
  ) );
#9384 = PCURVE('',#3293,#9385);
#9385 = DEFINITIONAL_REPRESENTATION('',(#9386),#9390);
#9386 = LINE('',#9387,#9388);
#9387 = CARTESIAN_POINT('',(-0.,0.));
#9388 = VECTOR('',#9389,1.);
#9389 = DIRECTION('',(-0.,1.));
#9390 = ( GEOMETRIC_REPRESENTATION_CONTEXT(2) 
PARAMETRIC_REPRESENTATION_CONTEXT() REPRESENTATION_CONTEXT('2D SPACE',''
  ) );
#9391 = ORIENTED_EDGE('',*,*,#9392,.T.);
#9392 = EDGE_CURVE('',#9370,#9318,#9393,.T.);
#9393 = SURFACE_CURVE('',#9394,(#9398,#9404),.PCURVE_S1.);
#9394 = LINE('',#9395,#9396);
#9395 = CARTESIAN_POINT('',(-8.6,-0.6,-8.65));
#9396 = VECTOR('',#9397,1.);
#9397 = DIRECTION('',(0.,0.,1.));
#9398 = PCURVE('',#3320,#9399);
#9399 = DEFINITIONAL_REPRESENTATION('',(#9400),#9403);
#9400 = B_SPLINE_CURVE_WITH_KNOTS('',1,(#9401,#9402),.UNSPECIFIED.,.F.,
  .F.,(2,2),(2.55,14.75),.PIECEWISE_BEZIER_KNOTS.);
#9401 = CARTESIAN_POINT('',(2.5,-3.2));
#9402 = CARTESIAN_POINT('',(14.7,-3.2));
#9403 = ( GEOMETRIC_REPRESENTATION_CONTEXT(2) 
PARAMETRIC_REPRESENTATION_CONTEXT() REPRESENTATION_CONTEXT('2D SPACE',''
  ) );
#9404 = PCURVE('',#9006,#9405);
#9405 = DEFINITIONAL_REPRESENTATION('',(#9406),#9409);
#9406 = B_SPLINE_CURVE_WITH_KNOTS('',1,(#9407,#9408),.UNSPECIFIED.,.F.,
  .F.,(2,2),(2.55,14.75),.PIECEWISE_BEZIER_KNOTS.);
#9407 = CARTESIAN_POINT('',(2.6,1.E-01));
#9408 = CARTESIAN_POINT('',(14.8,1.E-01));
#9409 = ( GEOMETRIC_REPRESENTATION_CONTEXT(2) 
PARAMETRIC_REPRESENTATION_CONTEXT() REPRESENTATION_CONTEXT('2D SPACE',''
  ) );
#9410 = ADVANCED_FACE('',(#9411),#3077,.T.);
#9411 = FACE_BOUND('',#9412,.T.);
#9412 = EDGE_LOOP('',(#9413,#9414,#9415,#9438,#9459,#9482));
#9413 = ORIENTED_EDGE('',*,*,#8915,.F.);
#9414 = ORIENTED_EDGE('',*,*,#3062,.T.);
#9415 = ORIENTED_EDGE('',*,*,#9416,.T.);
#9416 = EDGE_CURVE('',#3063,#9417,#9419,.T.);
#9417 = VERTEX_POINT('',#9418);
#9418 = CARTESIAN_POINT('',(3.,-0.6,7.6));
#9419 = SURFACE_CURVE('',#9420,(#9424,#9431),.PCURVE_S1.);
#9420 = LINE('',#9421,#9422);
#9421 = CARTESIAN_POINT('',(3.,-2.8,7.6));
#9422 = VECTOR('',#9423,1.);
#9423 = DIRECTION('',(0.,1.,0.));
#9424 = PCURVE('',#3077,#9425);
#9425 = DEFINITIONAL_REPRESENTATION('',(#9426),#9430);
#9426 = LINE('',#9427,#9428);
#9427 = CARTESIAN_POINT('',(7.6,-1.));
#9428 = VECTOR('',#9429,1.);
#9429 = DIRECTION('',(0.,-1.));
#9430 = ( GEOMETRIC_REPRESENTATION_CONTEXT(2) 
PARAMETRIC_REPRESENTATION_CONTEXT() REPRESENTATION_CONTEXT('2D SPACE',''
  ) );
#9431 = PCURVE('',#3103,#9432);
#9432 = DEFINITIONAL_REPRESENTATION('',(#9433),#9437);
#9433 = LINE('',#9434,#9435);
#9434 = CARTESIAN_POINT('',(0.,0.));
#9435 = VECTOR('',#9436,1.);
#9436 = DIRECTION('',(0.,1.));
#9437 = ( GEOMETRIC_REPRESENTATION_CONTEXT(2) 
PARAMETRIC_REPRESENTATION_CONTEXT() REPRESENTATION_CONTEXT('2D SPACE',''
  ) );
#9438 = ORIENTED_EDGE('',*,*,#9439,.T.);
#9439 = EDGE_CURVE('',#9417,#9440,#9442,.T.);
#9440 = VERTEX_POINT('',#9441);
#9441 = CARTESIAN_POINT('',(3.,-0.6,8.1));
#9442 = SURFACE_CURVE('',#9443,(#9447,#9453),.PCURVE_S1.);
#9443 = LINE('',#9444,#9445);
#9444 = CARTESIAN_POINT('',(3.,-0.6,-4.35));
#9445 = VECTOR('',#9446,1.);
#9446 = DIRECTION('',(0.,0.,1.));
#9447 = PCURVE('',#3077,#9448);
#9448 = DEFINITIONAL_REPRESENTATION('',(#9449),#9452);
#9449 = B_SPLINE_CURVE_WITH_KNOTS('',1,(#9450,#9451),.UNSPECIFIED.,.F.,
  .F.,(2,2),(11.95,13.05),.PIECEWISE_BEZIER_KNOTS.);
#9450 = CARTESIAN_POINT('',(7.6,-3.2));
#9451 = CARTESIAN_POINT('',(8.7,-3.2));
#9452 = ( GEOMETRIC_REPRESENTATION_CONTEXT(2) 
PARAMETRIC_REPRESENTATION_CONTEXT() REPRESENTATION_CONTEXT('2D SPACE',''
  ) );
#9453 = PCURVE('',#9006,#9454);
#9454 = DEFINITIONAL_REPRESENTATION('',(#9455),#9458);
#9455 = B_SPLINE_CURVE_WITH_KNOTS('',1,(#9456,#9457),.UNSPECIFIED.,.F.,
  .F.,(2,2),(11.95,13.05),.PIECEWISE_BEZIER_KNOTS.);
#9456 = CARTESIAN_POINT('',(16.3,11.7));
#9457 = CARTESIAN_POINT('',(17.4,11.7));
#9458 = ( GEOMETRIC_REPRESENTATION_CONTEXT(2) 
PARAMETRIC_REPRESENTATION_CONTEXT() REPRESENTATION_CONTEXT('2D SPACE',''
  ) );
#9459 = ORIENTED_EDGE('',*,*,#9460,.F.);
#9460 = EDGE_CURVE('',#9461,#9440,#9463,.T.);
#9461 = VERTEX_POINT('',#9462);
#9462 = CARTESIAN_POINT('',(3.,-1.2,8.1));
#9463 = SURFACE_CURVE('',#9464,(#9468,#9475),.PCURVE_S1.);
#9464 = LINE('',#9465,#9466);
#9465 = CARTESIAN_POINT('',(3.,-1.2,8.1));
#9466 = VECTOR('',#9467,1.);
#9467 = DIRECTION('',(0.,1.,0.));
#9468 = PCURVE('',#3077,#9469);
#9469 = DEFINITIONAL_REPRESENTATION('',(#9470),#9474);
#9470 = LINE('',#9471,#9472);
#9471 = CARTESIAN_POINT('',(8.1,-2.6));
#9472 = VECTOR('',#9473,1.);
#9473 = DIRECTION('',(0.,-1.));
#9474 = ( GEOMETRIC_REPRESENTATION_CONTEXT(2) 
PARAMETRIC_REPRESENTATION_CONTEXT() REPRESENTATION_CONTEXT('2D SPACE',''
  ) );
#9475 = PCURVE('',#9033,#9476);
#9476 = DEFINITIONAL_REPRESENTATION('',(#9477),#9481);
#9477 = LINE('',#9478,#9479);
#9478 = CARTESIAN_POINT('',(6.,0.));
#9479 = VECTOR('',#9480,1.);
#9480 = DIRECTION('',(0.,1.));
#9481 = ( GEOMETRIC_REPRESENTATION_CONTEXT(2) 
PARAMETRIC_REPRESENTATION_CONTEXT() REPRESENTATION_CONTEXT('2D SPACE',''
  ) );
#9482 = ORIENTED_EDGE('',*,*,#9483,.T.);
#9483 = EDGE_CURVE('',#9461,#8888,#9484,.T.);
#9484 = SURFACE_CURVE('',#9485,(#9489,#9496),.PCURVE_S1.);
#9485 = LINE('',#9486,#9487);
#9486 = CARTESIAN_POINT('',(3.,-1.2,8.1));
#9487 = VECTOR('',#9488,1.);
#9488 = DIRECTION('',(0.,0.,1.));
#9489 = PCURVE('',#3077,#9490);
#9490 = DEFINITIONAL_REPRESENTATION('',(#9491),#9495);
#9491 = LINE('',#9492,#9493);
#9492 = CARTESIAN_POINT('',(8.1,-2.6));
#9493 = VECTOR('',#9494,1.);
#9494 = DIRECTION('',(1.,0.));
#9495 = ( GEOMETRIC_REPRESENTATION_CONTEXT(2) 
PARAMETRIC_REPRESENTATION_CONTEXT() REPRESENTATION_CONTEXT('2D SPACE',''
  ) );
#9496 = PCURVE('',#8903,#9497);
#9497 = DEFINITIONAL_REPRESENTATION('',(#9498),#9502);
#9498 = LINE('',#9499,#9500);
#9499 = CARTESIAN_POINT('',(0.,6.));
#9500 = VECTOR('',#9501,1.);
#9501 = DIRECTION('',(1.,0.));
#9502 = ( GEOMETRIC_REPRESENTATION_CONTEXT(2) 
PARAMETRIC_REPRESENTATION_CONTEXT() REPRESENTATION_CONTEXT('2D SPACE',''
  ) );
#9503 = ADVANCED_FACE('',(#9504),#3293,.T.);
#9504 = FACE_BOUND('',#9505,.F.);
#9505 = EDGE_LOOP('',(#9506,#9507,#9508,#9531));
#9506 = ORIENTED_EDGE('',*,*,#9369,.F.);
#9507 = ORIENTED_EDGE('',*,*,#3276,.F.);
#9508 = ORIENTED_EDGE('',*,*,#9509,.T.);
#9509 = EDGE_CURVE('',#3251,#9510,#9512,.T.);
#9510 = VERTEX_POINT('',#9511);
#9511 = CARTESIAN_POINT('',(-6.1,-0.6,-8.6));
#9512 = SURFACE_CURVE('',#9513,(#9517,#9524),.PCURVE_S1.);
#9513 = LINE('',#9514,#9515);
#9514 = CARTESIAN_POINT('',(-6.1,-3.8,-8.6));
#9515 = VECTOR('',#9516,1.);
#9516 = DIRECTION('',(0.,1.,0.));
#9517 = PCURVE('',#3293,#9518);
#9518 = DEFINITIONAL_REPRESENTATION('',(#9519),#9523);
#9519 = LINE('',#9520,#9521);
#9520 = CARTESIAN_POINT('',(-1.570796326795,0.));
#9521 = VECTOR('',#9522,1.);
#9522 = DIRECTION('',(-0.,1.));
#9523 = ( GEOMETRIC_REPRESENTATION_CONTEXT(2) 
PARAMETRIC_REPRESENTATION_CONTEXT() REPRESENTATION_CONTEXT('2D SPACE',''
  ) );
#9524 = PCURVE('',#3265,#9525);
#9525 = DEFINITIONAL_REPRESENTATION('',(#9526),#9530);
#9526 = LINE('',#9527,#9528);
#9527 = CARTESIAN_POINT('',(2.5,0.));
#9528 = VECTOR('',#9529,1.);
#9529 = DIRECTION('',(0.,1.));
#9530 = ( GEOMETRIC_REPRESENTATION_CONTEXT(2) 
PARAMETRIC_REPRESENTATION_CONTEXT() REPRESENTATION_CONTEXT('2D SPACE',''
  ) );
#9531 = ORIENTED_EDGE('',*,*,#9532,.T.);
#9532 = EDGE_CURVE('',#9510,#9370,#9533,.T.);
#9533 = SURFACE_CURVE('',#9534,(#9539,#9546),.PCURVE_S1.);
#9534 = CIRCLE('',#9535,2.5);
#9535 = AXIS2_PLACEMENT_3D('',#9536,#9537,#9538);
#9536 = CARTESIAN_POINT('',(-6.1,-0.6,-6.1));
#9537 = DIRECTION('',(0.,1.,0.));
#9538 = DIRECTION('',(-1.,0.,0.));
#9539 = PCURVE('',#3293,#9540);
#9540 = DEFINITIONAL_REPRESENTATION('',(#9541),#9545);
#9541 = LINE('',#9542,#9543);
#9542 = CARTESIAN_POINT('',(-6.28318530718,3.2));
#9543 = VECTOR('',#9544,1.);
#9544 = DIRECTION('',(1.,-0.));
#9545 = ( GEOMETRIC_REPRESENTATION_CONTEXT(2) 
PARAMETRIC_REPRESENTATION_CONTEXT() REPRESENTATION_CONTEXT('2D SPACE',''
  ) );
#9546 = PCURVE('',#9006,#9547);
#9547 = DEFINITIONAL_REPRESENTATION('',(#9548),#9552);
#9548 = CIRCLE('',#9549,2.5);
#9549 = AXIS2_PLACEMENT_2D('',#9550,#9551);
#9550 = CARTESIAN_POINT('',(2.6,2.6));
#9551 = DIRECTION('',(0.,-1.));
#9552 = ( GEOMETRIC_REPRESENTATION_CONTEXT(2) 
PARAMETRIC_REPRESENTATION_CONTEXT() REPRESENTATION_CONTEXT('2D SPACE',''
  ) );
#9553 = ADVANCED_FACE('',(#9554),#3103,.T.);
#9554 = FACE_BOUND('',#9555,.T.);
#9555 = EDGE_LOOP('',(#9556,#9557,#9558,#9581));
#9556 = ORIENTED_EDGE('',*,*,#9416,.F.);
#9557 = ORIENTED_EDGE('',*,*,#3088,.T.);
#9558 = ORIENTED_EDGE('',*,*,#9559,.T.);
#9559 = EDGE_CURVE('',#3089,#9560,#9562,.T.);
#9560 = VERTEX_POINT('',#9561);
#9561 = CARTESIAN_POINT('',(3.7,-0.6,7.6));
#9562 = SURFACE_CURVE('',#9563,(#9567,#9574),.PCURVE_S1.);
#9563 = LINE('',#9564,#9565);
#9564 = CARTESIAN_POINT('',(3.7,-2.8,7.6));
#9565 = VECTOR('',#9566,1.);
#9566 = DIRECTION('',(0.,1.,0.));
#9567 = PCURVE('',#3103,#9568);
#9568 = DEFINITIONAL_REPRESENTATION('',(#9569),#9573);
#9569 = LINE('',#9570,#9571);
#9570 = CARTESIAN_POINT('',(0.7,0.));
#9571 = VECTOR('',#9572,1.);
#9572 = DIRECTION('',(0.,1.));
#9573 = ( GEOMETRIC_REPRESENTATION_CONTEXT(2) 
PARAMETRIC_REPRESENTATION_CONTEXT() REPRESENTATION_CONTEXT('2D SPACE',''
  ) );
#9574 = PCURVE('',#3129,#9575);
#9575 = DEFINITIONAL_REPRESENTATION('',(#9576),#9580);
#9576 = LINE('',#9577,#9578);
#9577 = CARTESIAN_POINT('',(0.,0.));
#9578 = VECTOR('',#9579,1.);
#9579 = DIRECTION('',(0.,-1.));
#9580 = ( GEOMETRIC_REPRESENTATION_CONTEXT(2) 
PARAMETRIC_REPRESENTATION_CONTEXT() REPRESENTATION_CONTEXT('2D SPACE',''
  ) );
#9581 = ORIENTED_EDGE('',*,*,#9582,.T.);
#9582 = EDGE_CURVE('',#9560,#9417,#9583,.T.);
#9583 = SURFACE_CURVE('',#9584,(#9588,#9594),.PCURVE_S1.);
#9584 = LINE('',#9585,#9586);
#9585 = CARTESIAN_POINT('',(-2.85,-0.6,7.6));
#9586 = VECTOR('',#9587,1.);
#9587 = DIRECTION('',(-1.,0.,0.));
#9588 = PCURVE('',#3103,#9589);
#9589 = DEFINITIONAL_REPRESENTATION('',(#9590),#9593);
#9590 = B_SPLINE_CURVE_WITH_KNOTS('',1,(#9591,#9592),.UNSPECIFIED.,.F.,
  .F.,(2,2),(-6.55,-5.85),.PIECEWISE_BEZIER_KNOTS.);
#9591 = CARTESIAN_POINT('',(0.7,2.2));
#9592 = CARTESIAN_POINT('',(0.,2.2));
#9593 = ( GEOMETRIC_REPRESENTATION_CONTEXT(2) 
PARAMETRIC_REPRESENTATION_CONTEXT() REPRESENTATION_CONTEXT('2D SPACE',''
  ) );
#9594 = PCURVE('',#9006,#9595);
#9595 = DEFINITIONAL_REPRESENTATION('',(#9596),#9599);
#9596 = B_SPLINE_CURVE_WITH_KNOTS('',1,(#9597,#9598),.UNSPECIFIED.,.F.,
  .F.,(2,2),(-6.55,-5.85),.PIECEWISE_BEZIER_KNOTS.);
#9597 = CARTESIAN_POINT('',(16.3,12.4));
#9598 = CARTESIAN_POINT('',(16.3,11.7));
#9599 = ( GEOMETRIC_REPRESENTATION_CONTEXT(2) 
PARAMETRIC_REPRESENTATION_CONTEXT() REPRESENTATION_CONTEXT('2D SPACE',''
  ) );
#9600 = ADVANCED_FACE('',(#9601),#3265,.F.);
#9601 = FACE_BOUND('',#9602,.F.);
#9602 = EDGE_LOOP('',(#9603,#9624,#9625,#9626));
#9603 = ORIENTED_EDGE('',*,*,#9604,.T.);
#9604 = EDGE_CURVE('',#9605,#9510,#9607,.T.);
#9605 = VERTEX_POINT('',#9606);
#9606 = CARTESIAN_POINT('',(6.1,-0.6,-8.6));
#9607 = SURFACE_CURVE('',#9608,(#9612,#9618),.PCURVE_S1.);
#9608 = LINE('',#9609,#9610);
#9609 = CARTESIAN_POINT('',(-8.65,-0.6,-8.6));
#9610 = VECTOR('',#9611,1.);
#9611 = DIRECTION('',(-1.,0.,0.));
#9612 = PCURVE('',#3265,#9613);
#9613 = DEFINITIONAL_REPRESENTATION('',(#9614),#9617);
#9614 = B_SPLINE_CURVE_WITH_KNOTS('',1,(#9615,#9616),.UNSPECIFIED.,.F.,
  .F.,(2,2),(-14.75,-2.55),.PIECEWISE_BEZIER_KNOTS.);
#9615 = CARTESIAN_POINT('',(14.7,3.2));
#9616 = CARTESIAN_POINT('',(2.5,3.2));
#9617 = ( GEOMETRIC_REPRESENTATION_CONTEXT(2) 
PARAMETRIC_REPRESENTATION_CONTEXT() REPRESENTATION_CONTEXT('2D SPACE',''
  ) );
#9618 = PCURVE('',#9006,#9619);
#9619 = DEFINITIONAL_REPRESENTATION('',(#9620),#9623);
#9620 = B_SPLINE_CURVE_WITH_KNOTS('',1,(#9621,#9622),.UNSPECIFIED.,.F.,
  .F.,(2,2),(-14.75,-2.55),.PIECEWISE_BEZIER_KNOTS.);
#9621 = CARTESIAN_POINT('',(1.E-01,14.8));
#9622 = CARTESIAN_POINT('',(1.E-01,2.6));
#9623 = ( GEOMETRIC_REPRESENTATION_CONTEXT(2) 
PARAMETRIC_REPRESENTATION_CONTEXT() REPRESENTATION_CONTEXT('2D SPACE',''
  ) );
#9624 = ORIENTED_EDGE('',*,*,#9509,.F.);
#9625 = ORIENTED_EDGE('',*,*,#3250,.T.);
#9626 = ORIENTED_EDGE('',*,*,#9627,.T.);
#9627 = EDGE_CURVE('',#3222,#9605,#9628,.T.);
#9628 = SURFACE_CURVE('',#9629,(#9633,#9640),.PCURVE_S1.);
#9629 = LINE('',#9630,#9631);
#9630 = CARTESIAN_POINT('',(6.1,-3.8,-8.6));
#9631 = VECTOR('',#9632,1.);
#9632 = DIRECTION('',(0.,1.,0.));
#9633 = PCURVE('',#3265,#9634);
#9634 = DEFINITIONAL_REPRESENTATION('',(#9635),#9639);
#9635 = LINE('',#9636,#9637);
#9636 = CARTESIAN_POINT('',(14.7,0.));
#9637 = VECTOR('',#9638,1.);
#9638 = DIRECTION('',(0.,1.));
#9639 = ( GEOMETRIC_REPRESENTATION_CONTEXT(2) 
PARAMETRIC_REPRESENTATION_CONTEXT() REPRESENTATION_CONTEXT('2D SPACE',''
  ) );
#9640 = PCURVE('',#3238,#9641);
#9641 = DEFINITIONAL_REPRESENTATION('',(#9642),#9646);
#9642 = LINE('',#9643,#9644);
#9643 = CARTESIAN_POINT('',(1.570796326795,0.));
#9644 = VECTOR('',#9645,1.);
#9645 = DIRECTION('',(0.,1.));
#9646 = ( GEOMETRIC_REPRESENTATION_CONTEXT(2) 
PARAMETRIC_REPRESENTATION_CONTEXT() REPRESENTATION_CONTEXT('2D SPACE',''
  ) );
#9647 = ADVANCED_FACE('',(#9648),#3129,.F.);
#9648 = FACE_BOUND('',#9649,.F.);
#9649 = EDGE_LOOP('',(#9650,#9671,#9672,#9673));
#9650 = ORIENTED_EDGE('',*,*,#9651,.F.);
#9651 = EDGE_CURVE('',#3115,#9652,#9654,.T.);
#9652 = VERTEX_POINT('',#9653);
#9653 = CARTESIAN_POINT('',(3.7,-0.6,8.6));
#9654 = SURFACE_CURVE('',#9655,(#9659,#9665),.PCURVE_S1.);
#9655 = LINE('',#9656,#9657);
#9656 = CARTESIAN_POINT('',(3.7,-3.3,8.6));
#9657 = VECTOR('',#9658,1.);
#9658 = DIRECTION('',(0.,1.,0.));
#9659 = PCURVE('',#3129,#9660);
#9660 = DEFINITIONAL_REPRESENTATION('',(#9661),#9664);
#9661 = B_SPLINE_CURVE_WITH_KNOTS('',1,(#9662,#9663),.UNSPECIFIED.,.F.,
  .F.,(2,2),(0.5,3.8),.PIECEWISE_BEZIER_KNOTS.);
#9662 = CARTESIAN_POINT('',(1.,0.));
#9663 = CARTESIAN_POINT('',(1.,-3.3));
#9664 = ( GEOMETRIC_REPRESENTATION_CONTEXT(2) 
PARAMETRIC_REPRESENTATION_CONTEXT() REPRESENTATION_CONTEXT('2D SPACE',''
  ) );
#9665 = PCURVE('',#3155,#9666);
#9666 = DEFINITIONAL_REPRESENTATION('',(#9667),#9670);
#9667 = B_SPLINE_CURVE_WITH_KNOTS('',1,(#9668,#9669),.UNSPECIFIED.,.F.,
  .F.,(2,2),(0.5,3.8),.PIECEWISE_BEZIER_KNOTS.);
#9668 = CARTESIAN_POINT('',(12.3,1.));
#9669 = CARTESIAN_POINT('',(12.3,4.3));
#9670 = ( GEOMETRIC_REPRESENTATION_CONTEXT(2) 
PARAMETRIC_REPRESENTATION_CONTEXT() REPRESENTATION_CONTEXT('2D SPACE',''
  ) );
#9671 = ORIENTED_EDGE('',*,*,#3114,.T.);
#9672 = ORIENTED_EDGE('',*,*,#9559,.T.);
#9673 = ORIENTED_EDGE('',*,*,#9674,.T.);
#9674 = EDGE_CURVE('',#9560,#9652,#9675,.T.);
#9675 = SURFACE_CURVE('',#9676,(#9680,#9686),.PCURVE_S1.);
#9676 = LINE('',#9677,#9678);
#9677 = CARTESIAN_POINT('',(3.7,-0.6,-0.55));
#9678 = VECTOR('',#9679,1.);
#9679 = DIRECTION('',(0.,0.,1.));
#9680 = PCURVE('',#3129,#9681);
#9681 = DEFINITIONAL_REPRESENTATION('',(#9682),#9685);
#9682 = B_SPLINE_CURVE_WITH_KNOTS('',1,(#9683,#9684),.UNSPECIFIED.,.F.,
  .F.,(2,2),(8.15,9.15),.PIECEWISE_BEZIER_KNOTS.);
#9683 = CARTESIAN_POINT('',(0.,-2.2));
#9684 = CARTESIAN_POINT('',(1.,-2.2));
#9685 = ( GEOMETRIC_REPRESENTATION_CONTEXT(2) 
PARAMETRIC_REPRESENTATION_CONTEXT() REPRESENTATION_CONTEXT('2D SPACE',''
  ) );
#9686 = PCURVE('',#9006,#9687);
#9687 = DEFINITIONAL_REPRESENTATION('',(#9688),#9691);
#9688 = B_SPLINE_CURVE_WITH_KNOTS('',1,(#9689,#9690),.UNSPECIFIED.,.F.,
  .F.,(2,2),(8.15,9.15),.PIECEWISE_BEZIER_KNOTS.);
#9689 = CARTESIAN_POINT('',(16.3,12.4));
#9690 = CARTESIAN_POINT('',(17.3,12.4));
#9691 = ( GEOMETRIC_REPRESENTATION_CONTEXT(2) 
PARAMETRIC_REPRESENTATION_CONTEXT() REPRESENTATION_CONTEXT('2D SPACE',''
  ) );
#9692 = ADVANCED_FACE('',(#9693),#3238,.T.);
#9693 = FACE_BOUND('',#9694,.T.);
#9694 = EDGE_LOOP('',(#9695,#9718,#9719,#9720));
#9695 = ORIENTED_EDGE('',*,*,#9696,.F.);
#9696 = EDGE_CURVE('',#3196,#9697,#9699,.T.);
#9697 = VERTEX_POINT('',#9698);
#9698 = CARTESIAN_POINT('',(8.6,-0.6,-6.1));
#9699 = SURFACE_CURVE('',#9700,(#9704,#9711),.PCURVE_S1.);
#9700 = LINE('',#9701,#9702);
#9701 = CARTESIAN_POINT('',(8.6,-3.8,-6.1));
#9702 = VECTOR('',#9703,1.);
#9703 = DIRECTION('',(0.,1.,0.));
#9704 = PCURVE('',#3238,#9705);
#9705 = DEFINITIONAL_REPRESENTATION('',(#9706),#9710);
#9706 = LINE('',#9707,#9708);
#9707 = CARTESIAN_POINT('',(0.,0.));
#9708 = VECTOR('',#9709,1.);
#9709 = DIRECTION('',(0.,1.));
#9710 = ( GEOMETRIC_REPRESENTATION_CONTEXT(2) 
PARAMETRIC_REPRESENTATION_CONTEXT() REPRESENTATION_CONTEXT('2D SPACE',''
  ) );
#9711 = PCURVE('',#3210,#9712);
#9712 = DEFINITIONAL_REPRESENTATION('',(#9713),#9717);
#9713 = LINE('',#9714,#9715);
#9714 = CARTESIAN_POINT('',(2.5,0.));
#9715 = VECTOR('',#9716,1.);
#9716 = DIRECTION('',(0.,-1.));
#9717 = ( GEOMETRIC_REPRESENTATION_CONTEXT(2) 
PARAMETRIC_REPRESENTATION_CONTEXT() REPRESENTATION_CONTEXT('2D SPACE',''
  ) );
#9718 = ORIENTED_EDGE('',*,*,#3221,.T.);
#9719 = ORIENTED_EDGE('',*,*,#9627,.T.);
#9720 = ORIENTED_EDGE('',*,*,#9721,.F.);
#9721 = EDGE_CURVE('',#9697,#9605,#9722,.T.);
#9722 = SURFACE_CURVE('',#9723,(#9728,#9735),.PCURVE_S1.);
#9723 = CIRCLE('',#9724,2.5);
#9724 = AXIS2_PLACEMENT_3D('',#9725,#9726,#9727);
#9725 = CARTESIAN_POINT('',(6.1,-0.6,-6.1));
#9726 = DIRECTION('',(0.,1.,0.));
#9727 = DIRECTION('',(1.,0.,-0.));
#9728 = PCURVE('',#3238,#9729);
#9729 = DEFINITIONAL_REPRESENTATION('',(#9730),#9734);
#9730 = LINE('',#9731,#9732);
#9731 = CARTESIAN_POINT('',(0.,3.2));
#9732 = VECTOR('',#9733,1.);
#9733 = DIRECTION('',(1.,0.));
#9734 = ( GEOMETRIC_REPRESENTATION_CONTEXT(2) 
PARAMETRIC_REPRESENTATION_CONTEXT() REPRESENTATION_CONTEXT('2D SPACE',''
  ) );
#9735 = PCURVE('',#9006,#9736);
#9736 = DEFINITIONAL_REPRESENTATION('',(#9737),#9741);
#9737 = CIRCLE('',#9738,2.5);
#9738 = AXIS2_PLACEMENT_2D('',#9739,#9740);
#9739 = CARTESIAN_POINT('',(2.6,14.8));
#9740 = DIRECTION('',(0.,1.));
#9741 = ( GEOMETRIC_REPRESENTATION_CONTEXT(2) 
PARAMETRIC_REPRESENTATION_CONTEXT() REPRESENTATION_CONTEXT('2D SPACE',''
  ) );
#9742 = ADVANCED_FACE('',(#9743),#3155,.T.);
#9743 = FACE_BOUND('',#9744,.T.);
#9744 = EDGE_LOOP('',(#9745,#9766,#9767,#9768));
#9745 = ORIENTED_EDGE('',*,*,#9746,.T.);
#9746 = EDGE_CURVE('',#9747,#9652,#9749,.T.);
#9747 = VERTEX_POINT('',#9748);
#9748 = CARTESIAN_POINT('',(6.1,-0.6,8.6));
#9749 = SURFACE_CURVE('',#9750,(#9754,#9760),.PCURVE_S1.);
#9750 = LINE('',#9751,#9752);
#9751 = CARTESIAN_POINT('',(-8.65,-0.6,8.6));
#9752 = VECTOR('',#9753,1.);
#9753 = DIRECTION('',(-1.,0.,0.));
#9754 = PCURVE('',#3155,#9755);
#9755 = DEFINITIONAL_REPRESENTATION('',(#9756),#9759);
#9756 = B_SPLINE_CURVE_WITH_KNOTS('',1,(#9757,#9758),.UNSPECIFIED.,.F.,
  .F.,(2,2),(-14.75,-12.35),.PIECEWISE_BEZIER_KNOTS.);
#9757 = CARTESIAN_POINT('',(14.7,3.2));
#9758 = CARTESIAN_POINT('',(12.3,3.2));
#9759 = ( GEOMETRIC_REPRESENTATION_CONTEXT(2) 
PARAMETRIC_REPRESENTATION_CONTEXT() REPRESENTATION_CONTEXT('2D SPACE',''
  ) );
#9760 = PCURVE('',#9006,#9761);
#9761 = DEFINITIONAL_REPRESENTATION('',(#9762),#9765);
#9762 = B_SPLINE_CURVE_WITH_KNOTS('',1,(#9763,#9764),.UNSPECIFIED.,.F.,
  .F.,(2,2),(-14.75,-12.35),.PIECEWISE_BEZIER_KNOTS.);
#9763 = CARTESIAN_POINT('',(17.3,14.8));
#9764 = CARTESIAN_POINT('',(17.3,12.4));
#9765 = ( GEOMETRIC_REPRESENTATION_CONTEXT(2) 
PARAMETRIC_REPRESENTATION_CONTEXT() REPRESENTATION_CONTEXT('2D SPACE',''
  ) );
#9766 = ORIENTED_EDGE('',*,*,#9651,.F.);
#9767 = ORIENTED_EDGE('',*,*,#3140,.T.);
#9768 = ORIENTED_EDGE('',*,*,#9769,.T.);
#9769 = EDGE_CURVE('',#3141,#9747,#9770,.T.);
#9770 = SURFACE_CURVE('',#9771,(#9775,#9782),.PCURVE_S1.);
#9771 = LINE('',#9772,#9773);
#9772 = CARTESIAN_POINT('',(6.1,-3.8,8.6));
#9773 = VECTOR('',#9774,1.);
#9774 = DIRECTION('',(0.,1.,0.));
#9775 = PCURVE('',#3155,#9776);
#9776 = DEFINITIONAL_REPRESENTATION('',(#9777),#9781);
#9777 = LINE('',#9778,#9779);
#9778 = CARTESIAN_POINT('',(14.7,0.));
#9779 = VECTOR('',#9780,1.);
#9780 = DIRECTION('',(0.,1.));
#9781 = ( GEOMETRIC_REPRESENTATION_CONTEXT(2) 
PARAMETRIC_REPRESENTATION_CONTEXT() REPRESENTATION_CONTEXT('2D SPACE',''
  ) );
#9782 = PCURVE('',#3183,#9783);
#9783 = DEFINITIONAL_REPRESENTATION('',(#9784),#9788);
#9784 = LINE('',#9785,#9786);
#9785 = CARTESIAN_POINT('',(-1.570796326795,0.));
#9786 = VECTOR('',#9787,1.);
#9787 = DIRECTION('',(-0.,1.));
#9788 = ( GEOMETRIC_REPRESENTATION_CONTEXT(2) 
PARAMETRIC_REPRESENTATION_CONTEXT() REPRESENTATION_CONTEXT('2D SPACE',''
  ) );
#9789 = ADVANCED_FACE('',(#9790),#3210,.T.);
#9790 = FACE_BOUND('',#9791,.T.);
#9791 = EDGE_LOOP('',(#9792,#9815,#9816,#9817));
#9792 = ORIENTED_EDGE('',*,*,#9793,.F.);
#9793 = EDGE_CURVE('',#3167,#9794,#9796,.T.);
#9794 = VERTEX_POINT('',#9795);
#9795 = CARTESIAN_POINT('',(8.6,-0.6,6.1));
#9796 = SURFACE_CURVE('',#9797,(#9801,#9808),.PCURVE_S1.);
#9797 = LINE('',#9798,#9799);
#9798 = CARTESIAN_POINT('',(8.6,-3.8,6.1));
#9799 = VECTOR('',#9800,1.);
#9800 = DIRECTION('',(0.,1.,0.));
#9801 = PCURVE('',#3210,#9802);
#9802 = DEFINITIONAL_REPRESENTATION('',(#9803),#9807);
#9803 = LINE('',#9804,#9805);
#9804 = CARTESIAN_POINT('',(14.7,0.));
#9805 = VECTOR('',#9806,1.);
#9806 = DIRECTION('',(0.,-1.));
#9807 = ( GEOMETRIC_REPRESENTATION_CONTEXT(2) 
PARAMETRIC_REPRESENTATION_CONTEXT() REPRESENTATION_CONTEXT('2D SPACE',''
  ) );
#9808 = PCURVE('',#3183,#9809);
#9809 = DEFINITIONAL_REPRESENTATION('',(#9810),#9814);
#9810 = LINE('',#9811,#9812);
#9811 = CARTESIAN_POINT('',(-0.,0.));
#9812 = VECTOR('',#9813,1.);
#9813 = DIRECTION('',(-0.,1.));
#9814 = ( GEOMETRIC_REPRESENTATION_CONTEXT(2) 
PARAMETRIC_REPRESENTATION_CONTEXT() REPRESENTATION_CONTEXT('2D SPACE',''
  ) );
#9815 = ORIENTED_EDGE('',*,*,#3195,.T.);
#9816 = ORIENTED_EDGE('',*,*,#9696,.T.);
#9817 = ORIENTED_EDGE('',*,*,#9818,.T.);
#9818 = EDGE_CURVE('',#9697,#9794,#9819,.T.);
#9819 = SURFACE_CURVE('',#9820,(#9824,#9830),.PCURVE_S1.);
#9820 = LINE('',#9821,#9822);
#9821 = CARTESIAN_POINT('',(8.6,-0.6,-8.65));
#9822 = VECTOR('',#9823,1.);
#9823 = DIRECTION('',(0.,0.,1.));
#9824 = PCURVE('',#3210,#9825);
#9825 = DEFINITIONAL_REPRESENTATION('',(#9826),#9829);
#9826 = B_SPLINE_CURVE_WITH_KNOTS('',1,(#9827,#9828),.UNSPECIFIED.,.F.,
  .F.,(2,2),(2.55,14.75),.PIECEWISE_BEZIER_KNOTS.);
#9827 = CARTESIAN_POINT('',(2.5,-3.2));
#9828 = CARTESIAN_POINT('',(14.7,-3.2));
#9829 = ( GEOMETRIC_REPRESENTATION_CONTEXT(2) 
PARAMETRIC_REPRESENTATION_CONTEXT() REPRESENTATION_CONTEXT('2D SPACE',''
  ) );
#9830 = PCURVE('',#9006,#9831);
#9831 = DEFINITIONAL_REPRESENTATION('',(#9832),#9835);
#9832 = B_SPLINE_CURVE_WITH_KNOTS('',1,(#9833,#9834),.UNSPECIFIED.,.F.,
  .F.,(2,2),(2.55,14.75),.PIECEWISE_BEZIER_KNOTS.);
#9833 = CARTESIAN_POINT('',(2.6,17.3));
#9834 = CARTESIAN_POINT('',(14.8,17.3));
#9835 = ( GEOMETRIC_REPRESENTATION_CONTEXT(2) 
PARAMETRIC_REPRESENTATION_CONTEXT() REPRESENTATION_CONTEXT('2D SPACE',''
  ) );
#9836 = ADVANCED_FACE('',(#9837),#3183,.T.);
#9837 = FACE_BOUND('',#9838,.F.);
#9838 = EDGE_LOOP('',(#9839,#9840,#9841,#9842));
#9839 = ORIENTED_EDGE('',*,*,#9793,.F.);
#9840 = ORIENTED_EDGE('',*,*,#3166,.F.);
#9841 = ORIENTED_EDGE('',*,*,#9769,.T.);
#9842 = ORIENTED_EDGE('',*,*,#9843,.T.);
#9843 = EDGE_CURVE('',#9747,#9794,#9844,.T.);
#9844 = SURFACE_CURVE('',#9845,(#9850,#9857),.PCURVE_S1.);
#9845 = CIRCLE('',#9846,2.5);
#9846 = AXIS2_PLACEMENT_3D('',#9847,#9848,#9849);
#9847 = CARTESIAN_POINT('',(6.1,-0.6,6.1));
#9848 = DIRECTION('',(0.,1.,0.));
#9849 = DIRECTION('',(1.,0.,-0.));
#9850 = PCURVE('',#3183,#9851);
#9851 = DEFINITIONAL_REPRESENTATION('',(#9852),#9856);
#9852 = LINE('',#9853,#9854);
#9853 = CARTESIAN_POINT('',(-6.28318530718,3.2));
#9854 = VECTOR('',#9855,1.);
#9855 = DIRECTION('',(1.,-0.));
#9856 = ( GEOMETRIC_REPRESENTATION_CONTEXT(2) 
PARAMETRIC_REPRESENTATION_CONTEXT() REPRESENTATION_CONTEXT('2D SPACE',''
  ) );
#9857 = PCURVE('',#9006,#9858);
#9858 = DEFINITIONAL_REPRESENTATION('',(#9859),#9863);
#9859 = CIRCLE('',#9860,2.5);
#9860 = AXIS2_PLACEMENT_2D('',#9861,#9862);
#9861 = CARTESIAN_POINT('',(14.8,14.8));
#9862 = DIRECTION('',(0.,1.));
#9863 = ( GEOMETRIC_REPRESENTATION_CONTEXT(2) 
PARAMETRIC_REPRESENTATION_CONTEXT() REPRESENTATION_CONTEXT('2D SPACE',''
  ) );
#9864 = ADVANCED_FACE('',(#9865),#3555,.F.);
#9865 = FACE_BOUND('',#9866,.F.);
#9866 = EDGE_LOOP('',(#9867,#9897,#9918,#9919));
#9867 = ORIENTED_EDGE('',*,*,#9868,.F.);
#9868 = EDGE_CURVE('',#9869,#9871,#9873,.T.);
#9869 = VERTEX_POINT('',#9870);
#9870 = CARTESIAN_POINT('',(2.8,-1.3,-0.4));
#9871 = VERTEX_POINT('',#9872);
#9872 = CARTESIAN_POINT('',(2.8,-1.3,2.8));
#9873 = SURFACE_CURVE('',#9874,(#9878,#9885),.PCURVE_S1.);
#9874 = LINE('',#9875,#9876);
#9875 = CARTESIAN_POINT('',(2.8,-1.3,-0.4));
#9876 = VECTOR('',#9877,1.);
#9877 = DIRECTION('',(1.110223024625E-16,0.,1.));
#9878 = PCURVE('',#3555,#9879);
#9879 = DEFINITIONAL_REPRESENTATION('',(#9880),#9884);
#9880 = LINE('',#9881,#9882);
#9881 = CARTESIAN_POINT('',(0.,0.));
#9882 = VECTOR('',#9883,1.);
#9883 = DIRECTION('',(1.,0.));
#9884 = ( GEOMETRIC_REPRESENTATION_CONTEXT(2) 
PARAMETRIC_REPRESENTATION_CONTEXT() REPRESENTATION_CONTEXT('2D SPACE',''
  ) );
#9885 = PCURVE('',#9886,#9891);
#9886 = PLANE('',#9887);
#9887 = AXIS2_PLACEMENT_3D('',#9888,#9889,#9890);
#9888 = CARTESIAN_POINT('',(3.8,-1.3,1.2));
#9889 = DIRECTION('',(0.,1.,0.));
#9890 = DIRECTION('',(0.,-0.,1.));
#9891 = DEFINITIONAL_REPRESENTATION('',(#9892),#9896);
#9892 = LINE('',#9893,#9894);
#9893 = CARTESIAN_POINT('',(-1.6,-1.));
#9894 = VECTOR('',#9895,1.);
#9895 = DIRECTION('',(1.,1.110223024625E-16));
#9896 = ( GEOMETRIC_REPRESENTATION_CONTEXT(2) 
PARAMETRIC_REPRESENTATION_CONTEXT() REPRESENTATION_CONTEXT('2D SPACE',''
  ) );
#9897 = ORIENTED_EDGE('',*,*,#9898,.T.);
#9898 = EDGE_CURVE('',#9869,#3539,#9899,.T.);
#9899 = SURFACE_CURVE('',#9900,(#9904,#9911),.PCURVE_S1.);
#9900 = LINE('',#9901,#9902);
#9901 = CARTESIAN_POINT('',(2.8,-1.3,-0.4));
#9902 = VECTOR('',#9903,1.);
#9903 = DIRECTION('',(0.,-1.,0.));
#9904 = PCURVE('',#3555,#9905);
#9905 = DEFINITIONAL_REPRESENTATION('',(#9906),#9910);
#9906 = LINE('',#9907,#9908);
#9907 = CARTESIAN_POINT('',(0.,0.));
#9908 = VECTOR('',#9909,1.);
#9909 = DIRECTION('',(0.,-1.));
#9910 = ( GEOMETRIC_REPRESENTATION_CONTEXT(2) 
PARAMETRIC_REPRESENTATION_CONTEXT() REPRESENTATION_CONTEXT('2D SPACE',''
  ) );
#9911 = PCURVE('',#3583,#9912);
#9912 = DEFINITIONAL_REPRESENTATION('',(#9913),#9917);
#9913 = LINE('',#9914,#9915);
#9914 = CARTESIAN_POINT('',(3.14159265359,0.));
#9915 = VECTOR('',#9916,1.);
#9916 = DIRECTION('',(0.,-1.));
#9917 = ( GEOMETRIC_REPRESENTATION_CONTEXT(2) 
PARAMETRIC_REPRESENTATION_CONTEXT() REPRESENTATION_CONTEXT('2D SPACE',''
  ) );
#9918 = ORIENTED_EDGE('',*,*,#3538,.T.);
#9919 = ORIENTED_EDGE('',*,*,#9920,.F.);
#9920 = EDGE_CURVE('',#9871,#3541,#9921,.T.);
#9921 = SURFACE_CURVE('',#9922,(#9926,#9933),.PCURVE_S1.);
#9922 = LINE('',#9923,#9924);
#9923 = CARTESIAN_POINT('',(2.8,-1.3,2.8));
#9924 = VECTOR('',#9925,1.);
#9925 = DIRECTION('',(0.,-1.,0.));
#9926 = PCURVE('',#3555,#9927);
#9927 = DEFINITIONAL_REPRESENTATION('',(#9928),#9932);
#9928 = LINE('',#9929,#9930);
#9929 = CARTESIAN_POINT('',(3.2,0.));
#9930 = VECTOR('',#9931,1.);
#9931 = DIRECTION('',(0.,-1.));
#9932 = ( GEOMETRIC_REPRESENTATION_CONTEXT(2) 
PARAMETRIC_REPRESENTATION_CONTEXT() REPRESENTATION_CONTEXT('2D SPACE',''
  ) );
#9933 = PCURVE('',#3636,#9934);
#9934 = DEFINITIONAL_REPRESENTATION('',(#9935),#9939);
#9935 = LINE('',#9936,#9937);
#9936 = CARTESIAN_POINT('',(0.,0.));
#9937 = VECTOR('',#9938,1.);
#9938 = DIRECTION('',(0.,-1.));
#9939 = ( GEOMETRIC_REPRESENTATION_CONTEXT(2) 
PARAMETRIC_REPRESENTATION_CONTEXT() REPRESENTATION_CONTEXT('2D SPACE',''
  ) );
#9940 = ADVANCED_FACE('',(#9941),#3583,.F.);
#9941 = FACE_BOUND('',#9942,.F.);
#9942 = EDGE_LOOP('',(#9943,#9967,#9988,#9989));
#9943 = ORIENTED_EDGE('',*,*,#9944,.F.);
#9944 = EDGE_CURVE('',#9945,#9869,#9947,.T.);
#9945 = VERTEX_POINT('',#9946);
#9946 = CARTESIAN_POINT('',(4.8,-1.3,-0.4));
#9947 = SURFACE_CURVE('',#9948,(#9953,#9960),.PCURVE_S1.);
#9948 = CIRCLE('',#9949,1.);
#9949 = AXIS2_PLACEMENT_3D('',#9950,#9951,#9952);
#9950 = CARTESIAN_POINT('',(3.8,-1.3,-0.4));
#9951 = DIRECTION('',(0.,1.,0.));
#9952 = DIRECTION('',(1.,0.,-1.110223024625E-16));
#9953 = PCURVE('',#3583,#9954);
#9954 = DEFINITIONAL_REPRESENTATION('',(#9955),#9959);
#9955 = LINE('',#9956,#9957);
#9956 = CARTESIAN_POINT('',(0.,0.));
#9957 = VECTOR('',#9958,1.);
#9958 = DIRECTION('',(1.,0.));
#9959 = ( GEOMETRIC_REPRESENTATION_CONTEXT(2) 
PARAMETRIC_REPRESENTATION_CONTEXT() REPRESENTATION_CONTEXT('2D SPACE',''
  ) );
#9960 = PCURVE('',#9886,#9961);
#9961 = DEFINITIONAL_REPRESENTATION('',(#9962),#9966);
#9962 = CIRCLE('',#9963,1.);
#9963 = AXIS2_PLACEMENT_2D('',#9964,#9965);
#9964 = CARTESIAN_POINT('',(-1.6,4.440892098501E-16));
#9965 = DIRECTION('',(-1.110223024625E-16,1.));
#9966 = ( GEOMETRIC_REPRESENTATION_CONTEXT(2) 
PARAMETRIC_REPRESENTATION_CONTEXT() REPRESENTATION_CONTEXT('2D SPACE',''
  ) );
#9967 = ORIENTED_EDGE('',*,*,#9968,.T.);
#9968 = EDGE_CURVE('',#9945,#3567,#9969,.T.);
#9969 = SURFACE_CURVE('',#9970,(#9974,#9981),.PCURVE_S1.);
#9970 = LINE('',#9971,#9972);
#9971 = CARTESIAN_POINT('',(4.8,-1.3,-0.4));
#9972 = VECTOR('',#9973,1.);
#9973 = DIRECTION('',(0.,-1.,0.));
#9974 = PCURVE('',#3583,#9975);
#9975 = DEFINITIONAL_REPRESENTATION('',(#9976),#9980);
#9976 = LINE('',#9977,#9978);
#9977 = CARTESIAN_POINT('',(0.,0.));
#9978 = VECTOR('',#9979,1.);
#9979 = DIRECTION('',(0.,-1.));
#9980 = ( GEOMETRIC_REPRESENTATION_CONTEXT(2) 
PARAMETRIC_REPRESENTATION_CONTEXT() REPRESENTATION_CONTEXT('2D SPACE',''
  ) );
#9981 = PCURVE('',#3610,#9982);
#9982 = DEFINITIONAL_REPRESENTATION('',(#9983),#9987);
#9983 = LINE('',#9984,#9985);
#9984 = CARTESIAN_POINT('',(3.2,0.));
#9985 = VECTOR('',#9986,1.);
#9986 = DIRECTION('',(0.,-1.));
#9987 = ( GEOMETRIC_REPRESENTATION_CONTEXT(2) 
PARAMETRIC_REPRESENTATION_CONTEXT() REPRESENTATION_CONTEXT('2D SPACE',''
  ) );
#9988 = ORIENTED_EDGE('',*,*,#3566,.T.);
#9989 = ORIENTED_EDGE('',*,*,#9898,.F.);
#9990 = ADVANCED_FACE('',(#9991),#3636,.F.);
#9991 = FACE_BOUND('',#9992,.F.);
#9992 = EDGE_LOOP('',(#9993,#10017,#10018,#10019));
#9993 = ORIENTED_EDGE('',*,*,#9994,.F.);
#9994 = EDGE_CURVE('',#9871,#9995,#9997,.T.);
#9995 = VERTEX_POINT('',#9996);
#9996 = CARTESIAN_POINT('',(4.8,-1.3,2.8));
#9997 = SURFACE_CURVE('',#9998,(#10003,#10010),.PCURVE_S1.);
#9998 = CIRCLE('',#9999,1.);
#9999 = AXIS2_PLACEMENT_3D('',#10000,#10001,#10002);
#10000 = CARTESIAN_POINT('',(3.8,-1.3,2.8));
#10001 = DIRECTION('',(0.,1.,-0.));
#10002 = DIRECTION('',(-1.,0.,1.110223024625E-16));
#10003 = PCURVE('',#3636,#10004);
#10004 = DEFINITIONAL_REPRESENTATION('',(#10005),#10009);
#10005 = LINE('',#10006,#10007);
#10006 = CARTESIAN_POINT('',(0.,0.));
#10007 = VECTOR('',#10008,1.);
#10008 = DIRECTION('',(1.,0.));
#10009 = ( GEOMETRIC_REPRESENTATION_CONTEXT(2) 
PARAMETRIC_REPRESENTATION_CONTEXT() REPRESENTATION_CONTEXT('2D SPACE',''
  ) );
#10010 = PCURVE('',#9886,#10011);
#10011 = DEFINITIONAL_REPRESENTATION('',(#10012),#10016);
#10012 = CIRCLE('',#10013,1.);
#10013 = AXIS2_PLACEMENT_2D('',#10014,#10015);
#10014 = CARTESIAN_POINT('',(1.6,1.33226762955E-15));
#10015 = DIRECTION('',(1.110223024625E-16,-1.));
#10016 = ( GEOMETRIC_REPRESENTATION_CONTEXT(2) 
PARAMETRIC_REPRESENTATION_CONTEXT() REPRESENTATION_CONTEXT('2D SPACE',''
  ) );
#10017 = ORIENTED_EDGE('',*,*,#9920,.T.);
#10018 = ORIENTED_EDGE('',*,*,#3621,.T.);
#10019 = ORIENTED_EDGE('',*,*,#10020,.F.);
#10020 = EDGE_CURVE('',#9995,#3596,#10021,.T.);
#10021 = SURFACE_CURVE('',#10022,(#10026,#10033),.PCURVE_S1.);
#10022 = LINE('',#10023,#10024);
#10023 = CARTESIAN_POINT('',(4.8,-1.3,2.8));
#10024 = VECTOR('',#10025,1.);
#10025 = DIRECTION('',(0.,-1.,0.));
#10026 = PCURVE('',#3636,#10027);
#10027 = DEFINITIONAL_REPRESENTATION('',(#10028),#10032);
#10028 = LINE('',#10029,#10030);
#10029 = CARTESIAN_POINT('',(3.14159265359,0.));
#10030 = VECTOR('',#10031,1.);
#10031 = DIRECTION('',(0.,-1.));
#10032 = ( GEOMETRIC_REPRESENTATION_CONTEXT(2) 
PARAMETRIC_REPRESENTATION_CONTEXT() REPRESENTATION_CONTEXT('2D SPACE',''
  ) );
#10033 = PCURVE('',#3610,#10034);
#10034 = DEFINITIONAL_REPRESENTATION('',(#10035),#10039);
#10035 = LINE('',#10036,#10037);
#10036 = CARTESIAN_POINT('',(-0.,0.));
#10037 = VECTOR('',#10038,1.);
#10038 = DIRECTION('',(0.,-1.));
#10039 = ( GEOMETRIC_REPRESENTATION_CONTEXT(2) 
PARAMETRIC_REPRESENTATION_CONTEXT() REPRESENTATION_CONTEXT('2D SPACE',''
  ) );
#10040 = ADVANCED_FACE('',(#10041),#3610,.F.);
#10041 = FACE_BOUND('',#10042,.F.);
#10042 = EDGE_LOOP('',(#10043,#10064,#10065,#10066));
#10043 = ORIENTED_EDGE('',*,*,#10044,.F.);
#10044 = EDGE_CURVE('',#9995,#9945,#10045,.T.);
#10045 = SURFACE_CURVE('',#10046,(#10050,#10057),.PCURVE_S1.);
#10046 = LINE('',#10047,#10048);
#10047 = CARTESIAN_POINT('',(4.8,-1.3,2.8));
#10048 = VECTOR('',#10049,1.);
#10049 = DIRECTION('',(-1.110223024625E-16,-0.,-1.));
#10050 = PCURVE('',#3610,#10051);
#10051 = DEFINITIONAL_REPRESENTATION('',(#10052),#10056);
#10052 = LINE('',#10053,#10054);
#10053 = CARTESIAN_POINT('',(-0.,0.));
#10054 = VECTOR('',#10055,1.);
#10055 = DIRECTION('',(1.,0.));
#10056 = ( GEOMETRIC_REPRESENTATION_CONTEXT(2) 
PARAMETRIC_REPRESENTATION_CONTEXT() REPRESENTATION_CONTEXT('2D SPACE',''
  ) );
#10057 = PCURVE('',#9886,#10058);
#10058 = DEFINITIONAL_REPRESENTATION('',(#10059),#10063);
#10059 = LINE('',#10060,#10061);
#10060 = CARTESIAN_POINT('',(1.6,1.));
#10061 = VECTOR('',#10062,1.);
#10062 = DIRECTION('',(-1.,-1.110223024625E-16));
#10063 = ( GEOMETRIC_REPRESENTATION_CONTEXT(2) 
PARAMETRIC_REPRESENTATION_CONTEXT() REPRESENTATION_CONTEXT('2D SPACE',''
  ) );
#10064 = ORIENTED_EDGE('',*,*,#10020,.T.);
#10065 = ORIENTED_EDGE('',*,*,#3595,.T.);
#10066 = ORIENTED_EDGE('',*,*,#9968,.F.);
#10067 = ADVANCED_FACE('',(#10068),#4108,.T.);
#10068 = FACE_BOUND('',#10069,.T.);
#10069 = EDGE_LOOP('',(#10070,#10071,#10072,#10091));
#10070 = ORIENTED_EDGE('',*,*,#5341,.F.);
#10071 = ORIENTED_EDGE('',*,*,#4089,.T.);
#10072 = ORIENTED_EDGE('',*,*,#10073,.T.);
#10073 = EDGE_CURVE('',#4062,#5365,#10074,.T.);
#10074 = SURFACE_CURVE('',#10075,(#10079,#10085),.PCURVE_S1.);
#10075 = LINE('',#10076,#10077);
#10076 = CARTESIAN_POINT('',(14.25,8.2,-9.));
#10077 = VECTOR('',#10078,1.);
#10078 = DIRECTION('',(0.707106781187,-0.707106781187,
    -4.329780281177E-17));
#10079 = PCURVE('',#4108,#10080);
#10080 = DEFINITIONAL_REPRESENTATION('',(#10081),#10084);
#10081 = B_SPLINE_CURVE_WITH_KNOTS('',1,(#10082,#10083),.UNSPECIFIED.,
  .F.,.F.,(2,2),(-0.424264068712,0.),.PIECEWISE_BEZIER_KNOTS.);
#10082 = CARTESIAN_POINT('',(1.570796326795,-0.3));
#10083 = CARTESIAN_POINT('',(1.570796326795,0.));
#10084 = ( GEOMETRIC_REPRESENTATION_CONTEXT(2) 
PARAMETRIC_REPRESENTATION_CONTEXT() REPRESENTATION_CONTEXT('2D SPACE',''
  ) );
#10085 = PCURVE('',#4077,#10086);
#10086 = DEFINITIONAL_REPRESENTATION('',(#10087),#10090);
#10087 = B_SPLINE_CURVE_WITH_KNOTS('',1,(#10088,#10089),.UNSPECIFIED.,
  .F.,.F.,(2,2),(-0.424264068712,0.),.PIECEWISE_BEZIER_KNOTS.);
#10088 = CARTESIAN_POINT('',(0.,-0.212132034356));
#10089 = CARTESIAN_POINT('',(0.,0.212132034356));
#10090 = ( GEOMETRIC_REPRESENTATION_CONTEXT(2) 
PARAMETRIC_REPRESENTATION_CONTEXT() REPRESENTATION_CONTEXT('2D SPACE',''
  ) );
#10091 = ORIENTED_EDGE('',*,*,#5364,.F.);
#10092 = ADVANCED_FACE('',(#10093),#4077,.T.);
#10093 = FACE_BOUND('',#10094,.T.);
#10094 = EDGE_LOOP('',(#10095,#10096,#10097,#10118));
#10095 = ORIENTED_EDGE('',*,*,#10073,.F.);
#10096 = ORIENTED_EDGE('',*,*,#4061,.T.);
#10097 = ORIENTED_EDGE('',*,*,#10098,.T.);
#10098 = EDGE_CURVE('',#4029,#10099,#10101,.T.);
#10099 = VERTEX_POINT('',#10100);
#10100 = CARTESIAN_POINT('',(14.25,8.2,9.));
#10101 = SURFACE_CURVE('',#10102,(#10106,#10112),.PCURVE_S1.);
#10102 = LINE('',#10103,#10104);
#10103 = CARTESIAN_POINT('',(14.1,8.35,9.));
#10104 = VECTOR('',#10105,1.);
#10105 = DIRECTION('',(0.707106781187,-0.707106781187,-0.));
#10106 = PCURVE('',#4077,#10107);
#10107 = DEFINITIONAL_REPRESENTATION('',(#10108),#10111);
#10108 = B_SPLINE_CURVE_WITH_KNOTS('',1,(#10109,#10110),.UNSPECIFIED.,
  .F.,.F.,(2,2),(-0.212132034356,0.212132034356),
  .PIECEWISE_BEZIER_KNOTS.);
#10109 = CARTESIAN_POINT('',(18.,-0.212132034356));
#10110 = CARTESIAN_POINT('',(18.,0.212132034356));
#10111 = ( GEOMETRIC_REPRESENTATION_CONTEXT(2) 
PARAMETRIC_REPRESENTATION_CONTEXT() REPRESENTATION_CONTEXT('2D SPACE',''
  ) );
#10112 = PCURVE('',#4049,#10113);
#10113 = DEFINITIONAL_REPRESENTATION('',(#10114),#10117);
#10114 = B_SPLINE_CURVE_WITH_KNOTS('',1,(#10115,#10116),.UNSPECIFIED.,
  .F.,.F.,(2,2),(-0.212132034356,0.212132034356),
  .PIECEWISE_BEZIER_KNOTS.);
#10115 = CARTESIAN_POINT('',(0.,-0.3));
#10116 = CARTESIAN_POINT('',(0.,1.295326278414E-15));
#10117 = ( GEOMETRIC_REPRESENTATION_CONTEXT(2) 
PARAMETRIC_REPRESENTATION_CONTEXT() REPRESENTATION_CONTEXT('2D SPACE',''
  ) );
#10118 = ORIENTED_EDGE('',*,*,#10119,.F.);
#10119 = EDGE_CURVE('',#5365,#10099,#10120,.T.);
#10120 = SURFACE_CURVE('',#10121,(#10125,#10132),.PCURVE_S1.);
#10121 = LINE('',#10122,#10123);
#10122 = CARTESIAN_POINT('',(14.25,8.2,-9.));
#10123 = VECTOR('',#10124,1.);
#10124 = DIRECTION('',(0.,0.,1.));
#10125 = PCURVE('',#4077,#10126);
#10126 = DEFINITIONAL_REPRESENTATION('',(#10127),#10131);
#10127 = LINE('',#10128,#10129);
#10128 = CARTESIAN_POINT('',(0.,0.212132034356));
#10129 = VECTOR('',#10130,1.);
#10130 = DIRECTION('',(1.,0.));
#10131 = ( GEOMETRIC_REPRESENTATION_CONTEXT(2) 
PARAMETRIC_REPRESENTATION_CONTEXT() REPRESENTATION_CONTEXT('2D SPACE',''
  ) );
#10132 = PCURVE('',#5404,#10133);
#10133 = DEFINITIONAL_REPRESENTATION('',(#10134),#10138);
#10134 = LINE('',#10135,#10136);
#10135 = CARTESIAN_POINT('',(5.25,-10.));
#10136 = VECTOR('',#10137,1.);
#10137 = DIRECTION('',(1.,0.));
#10138 = ( GEOMETRIC_REPRESENTATION_CONTEXT(2) 
PARAMETRIC_REPRESENTATION_CONTEXT() REPRESENTATION_CONTEXT('2D SPACE',''
  ) );
#10139 = ADVANCED_FACE('',(#10140),#4049,.T.);
#10140 = FACE_BOUND('',#10141,.T.);
#10141 = EDGE_LOOP('',(#10142,#10143,#10144,#10165));
#10142 = ORIENTED_EDGE('',*,*,#10098,.F.);
#10143 = ORIENTED_EDGE('',*,*,#4028,.T.);
#10144 = ORIENTED_EDGE('',*,*,#10145,.T.);
#10145 = EDGE_CURVE('',#4001,#10146,#10148,.T.);
#10146 = VERTEX_POINT('',#10147);
#10147 = CARTESIAN_POINT('',(9.,8.2,14.25));
#10148 = SURFACE_CURVE('',#10149,(#10153,#10159),.PCURVE_S1.);
#10149 = LINE('',#10150,#10151);
#10150 = CARTESIAN_POINT('',(9.,8.2,14.25));
#10151 = VECTOR('',#10152,1.);
#10152 = DIRECTION('',(2.825499869922E-16,-0.707106781187,0.707106781187
    ));
#10153 = PCURVE('',#4049,#10154);
#10154 = DEFINITIONAL_REPRESENTATION('',(#10155),#10158);
#10155 = B_SPLINE_CURVE_WITH_KNOTS('',1,(#10156,#10157),.UNSPECIFIED.,
  .F.,.F.,(2,2),(-0.424264068712,0.),.PIECEWISE_BEZIER_KNOTS.);
#10156 = CARTESIAN_POINT('',(1.570796326795,-0.3));
#10157 = CARTESIAN_POINT('',(1.570796326795,0.));
#10158 = ( GEOMETRIC_REPRESENTATION_CONTEXT(2) 
PARAMETRIC_REPRESENTATION_CONTEXT() REPRESENTATION_CONTEXT('2D SPACE',''
  ) );
#10159 = PCURVE('',#4016,#10160);
#10160 = DEFINITIONAL_REPRESENTATION('',(#10161),#10164);
#10161 = B_SPLINE_CURVE_WITH_KNOTS('',1,(#10162,#10163),.UNSPECIFIED.,
  .F.,.F.,(2,2),(-0.424264068712,0.),.PIECEWISE_BEZIER_KNOTS.);
#10162 = CARTESIAN_POINT('',(0.,-0.212132034356));
#10163 = CARTESIAN_POINT('',(0.,0.212132034356));
#10164 = ( GEOMETRIC_REPRESENTATION_CONTEXT(2) 
PARAMETRIC_REPRESENTATION_CONTEXT() REPRESENTATION_CONTEXT('2D SPACE',''
  ) );
#10165 = ORIENTED_EDGE('',*,*,#10166,.F.);
#10166 = EDGE_CURVE('',#10099,#10146,#10167,.T.);
#10167 = SURFACE_CURVE('',#10168,(#10173,#10180),.PCURVE_S1.);
#10168 = CIRCLE('',#10169,5.25);
#10169 = AXIS2_PLACEMENT_3D('',#10170,#10171,#10172);
#10170 = CARTESIAN_POINT('',(9.,8.2,9.));
#10171 = DIRECTION('',(0.,-1.,-0.));
#10172 = DIRECTION('',(1.,0.,-3.383536836953E-16));
#10173 = PCURVE('',#4049,#10174);
#10174 = DEFINITIONAL_REPRESENTATION('',(#10175),#10179);
#10175 = LINE('',#10176,#10177);
#10176 = CARTESIAN_POINT('',(0.,0.));
#10177 = VECTOR('',#10178,1.);
#10178 = DIRECTION('',(1.,0.));
#10179 = ( GEOMETRIC_REPRESENTATION_CONTEXT(2) 
PARAMETRIC_REPRESENTATION_CONTEXT() REPRESENTATION_CONTEXT('2D SPACE',''
  ) );
#10180 = PCURVE('',#6602,#10181);
#10181 = DEFINITIONAL_REPRESENTATION('',(#10182),#10186);
#10182 = LINE('',#10183,#10184);
#10183 = CARTESIAN_POINT('',(-0.,10.));
#10184 = VECTOR('',#10185,1.);
#10185 = DIRECTION('',(-1.,0.));
#10186 = ( GEOMETRIC_REPRESENTATION_CONTEXT(2) 
PARAMETRIC_REPRESENTATION_CONTEXT() REPRESENTATION_CONTEXT('2D SPACE',''
  ) );
#10187 = ADVANCED_FACE('',(#10188),#4016,.T.);
#10188 = FACE_BOUND('',#10189,.T.);
#10189 = EDGE_LOOP('',(#10190,#10191,#10192,#10213));
#10190 = ORIENTED_EDGE('',*,*,#10145,.F.);
#10191 = ORIENTED_EDGE('',*,*,#4000,.T.);
#10192 = ORIENTED_EDGE('',*,*,#10193,.T.);
#10193 = EDGE_CURVE('',#3968,#10194,#10196,.T.);
#10194 = VERTEX_POINT('',#10195);
#10195 = CARTESIAN_POINT('',(-9.,8.2,14.25));
#10196 = SURFACE_CURVE('',#10197,(#10201,#10207),.PCURVE_S1.);
#10197 = LINE('',#10198,#10199);
#10198 = CARTESIAN_POINT('',(-9.,8.35,14.1));
#10199 = VECTOR('',#10200,1.);
#10200 = DIRECTION('',(0.,-0.707106781187,0.707106781187));
#10201 = PCURVE('',#4016,#10202);
#10202 = DEFINITIONAL_REPRESENTATION('',(#10203),#10206);
#10203 = B_SPLINE_CURVE_WITH_KNOTS('',1,(#10204,#10205),.UNSPECIFIED.,
  .F.,.F.,(2,2),(-0.212132034356,0.212132034356),
  .PIECEWISE_BEZIER_KNOTS.);
#10204 = CARTESIAN_POINT('',(18.,-0.212132034356));
#10205 = CARTESIAN_POINT('',(18.,0.212132034356));
#10206 = ( GEOMETRIC_REPRESENTATION_CONTEXT(2) 
PARAMETRIC_REPRESENTATION_CONTEXT() REPRESENTATION_CONTEXT('2D SPACE',''
  ) );
#10207 = PCURVE('',#3988,#10208);
#10208 = DEFINITIONAL_REPRESENTATION('',(#10209),#10212);
#10209 = B_SPLINE_CURVE_WITH_KNOTS('',1,(#10210,#10211),.UNSPECIFIED.,
  .F.,.F.,(2,2),(-0.212132034356,0.212132034356),
  .PIECEWISE_BEZIER_KNOTS.);
#10210 = CARTESIAN_POINT('',(-2.22044604925E-16,-0.3));
#10211 = CARTESIAN_POINT('',(-2.22044604925E-16,1.295326278414E-15));
#10212 = ( GEOMETRIC_REPRESENTATION_CONTEXT(2) 
PARAMETRIC_REPRESENTATION_CONTEXT() REPRESENTATION_CONTEXT('2D SPACE',''
  ) );
#10213 = ORIENTED_EDGE('',*,*,#10214,.F.);
#10214 = EDGE_CURVE('',#10146,#10194,#10215,.T.);
#10215 = SURFACE_CURVE('',#10216,(#10220,#10227),.PCURVE_S1.);
#10216 = LINE('',#10217,#10218);
#10217 = CARTESIAN_POINT('',(9.,8.2,14.25));
#10218 = VECTOR('',#10219,1.);
#10219 = DIRECTION('',(-1.,-0.,-0.));
#10220 = PCURVE('',#4016,#10221);
#10221 = DEFINITIONAL_REPRESENTATION('',(#10222),#10226);
#10222 = LINE('',#10223,#10224);
#10223 = CARTESIAN_POINT('',(0.,0.212132034356));
#10224 = VECTOR('',#10225,1.);
#10225 = DIRECTION('',(1.,0.));
#10226 = ( GEOMETRIC_REPRESENTATION_CONTEXT(2) 
PARAMETRIC_REPRESENTATION_CONTEXT() REPRESENTATION_CONTEXT('2D SPACE',''
  ) );
#10227 = PCURVE('',#4894,#10228);
#10228 = DEFINITIONAL_REPRESENTATION('',(#10229),#10233);
#10229 = LINE('',#10230,#10231);
#10230 = CARTESIAN_POINT('',(23.25,10.));
#10231 = VECTOR('',#10232,1.);
#10232 = DIRECTION('',(-1.,-0.));
#10233 = ( GEOMETRIC_REPRESENTATION_CONTEXT(2) 
PARAMETRIC_REPRESENTATION_CONTEXT() REPRESENTATION_CONTEXT('2D SPACE',''
  ) );
#10234 = ADVANCED_FACE('',(#10235),#3988,.T.);
#10235 = FACE_BOUND('',#10236,.T.);
#10236 = EDGE_LOOP('',(#10237,#10238,#10239,#10260));
#10237 = ORIENTED_EDGE('',*,*,#10193,.F.);
#10238 = ORIENTED_EDGE('',*,*,#3967,.T.);
#10239 = ORIENTED_EDGE('',*,*,#10240,.T.);
#10240 = EDGE_CURVE('',#3940,#10241,#10243,.T.);
#10241 = VERTEX_POINT('',#10242);
#10242 = CARTESIAN_POINT('',(-14.25,8.2,9.));
#10243 = SURFACE_CURVE('',#10244,(#10248,#10254),.PCURVE_S1.);
#10244 = LINE('',#10245,#10246);
#10245 = CARTESIAN_POINT('',(-14.25,8.2,9.));
#10246 = VECTOR('',#10247,1.);
#10247 = DIRECTION('',(-0.707106781187,-0.707106781187,
    -3.894513550023E-17));
#10248 = PCURVE('',#3988,#10249);
#10249 = DEFINITIONAL_REPRESENTATION('',(#10250),#10253);
#10250 = B_SPLINE_CURVE_WITH_KNOTS('',1,(#10251,#10252),.UNSPECIFIED.,
  .F.,.F.,(2,2),(-0.424264068712,0.),.PIECEWISE_BEZIER_KNOTS.);
#10251 = CARTESIAN_POINT('',(1.570796326795,-0.3));
#10252 = CARTESIAN_POINT('',(1.570796326795,0.));
#10253 = ( GEOMETRIC_REPRESENTATION_CONTEXT(2) 
PARAMETRIC_REPRESENTATION_CONTEXT() REPRESENTATION_CONTEXT('2D SPACE',''
  ) );
#10254 = PCURVE('',#3955,#10255);
#10255 = DEFINITIONAL_REPRESENTATION('',(#10256),#10259);
#10256 = B_SPLINE_CURVE_WITH_KNOTS('',1,(#10257,#10258),.UNSPECIFIED.,
  .F.,.F.,(2,2),(-0.424264068712,0.),.PIECEWISE_BEZIER_KNOTS.);
#10257 = CARTESIAN_POINT('',(0.,-0.212132034356));
#10258 = CARTESIAN_POINT('',(0.,0.212132034356));
#10259 = ( GEOMETRIC_REPRESENTATION_CONTEXT(2) 
PARAMETRIC_REPRESENTATION_CONTEXT() REPRESENTATION_CONTEXT('2D SPACE',''
  ) );
#10260 = ORIENTED_EDGE('',*,*,#10261,.F.);
#10261 = EDGE_CURVE('',#10194,#10241,#10262,.T.);
#10262 = SURFACE_CURVE('',#10263,(#10268,#10275),.PCURVE_S1.);
#10263 = CIRCLE('',#10264,5.25);
#10264 = AXIS2_PLACEMENT_3D('',#10265,#10266,#10267);
#10265 = CARTESIAN_POINT('',(-9.,8.2,9.));
#10266 = DIRECTION('',(-0.,-1.,0.));
#10267 = DIRECTION('',(-3.383536836953E-16,0.,1.));
#10268 = PCURVE('',#3988,#10269);
#10269 = DEFINITIONAL_REPRESENTATION('',(#10270),#10274);
#10270 = LINE('',#10271,#10272);
#10271 = CARTESIAN_POINT('',(0.,0.));
#10272 = VECTOR('',#10273,1.);
#10273 = DIRECTION('',(1.,0.));
#10274 = ( GEOMETRIC_REPRESENTATION_CONTEXT(2) 
PARAMETRIC_REPRESENTATION_CONTEXT() REPRESENTATION_CONTEXT('2D SPACE',''
  ) );
#10275 = PCURVE('',#6704,#10276);
#10276 = DEFINITIONAL_REPRESENTATION('',(#10277),#10281);
#10277 = LINE('',#10278,#10279);
#10278 = CARTESIAN_POINT('',(1.570796326795,10.));
#10279 = VECTOR('',#10280,1.);
#10280 = DIRECTION('',(-1.,-0.));
#10281 = ( GEOMETRIC_REPRESENTATION_CONTEXT(2) 
PARAMETRIC_REPRESENTATION_CONTEXT() REPRESENTATION_CONTEXT('2D SPACE',''
  ) );
#10282 = ADVANCED_FACE('',(#10283),#3955,.F.);
#10283 = FACE_BOUND('',#10284,.T.);
#10284 = EDGE_LOOP('',(#10285,#10286,#10287,#10288));
#10285 = ORIENTED_EDGE('',*,*,#10240,.F.);
#10286 = ORIENTED_EDGE('',*,*,#3939,.T.);
#10287 = ORIENTED_EDGE('',*,*,#6821,.F.);
#10288 = ORIENTED_EDGE('',*,*,#10289,.F.);
#10289 = EDGE_CURVE('',#10241,#6822,#10290,.T.);
#10290 = SURFACE_CURVE('',#10291,(#10295,#10302),.PCURVE_S1.);
#10291 = LINE('',#10292,#10293);
#10292 = CARTESIAN_POINT('',(-14.25,8.2,9.));
#10293 = VECTOR('',#10294,1.);
#10294 = DIRECTION('',(-0.,-0.,-1.));
#10295 = PCURVE('',#3955,#10296);
#10296 = DEFINITIONAL_REPRESENTATION('',(#10297),#10301);
#10297 = LINE('',#10298,#10299);
#10298 = CARTESIAN_POINT('',(-0.,0.212132034356));
#10299 = VECTOR('',#10300,1.);
#10300 = DIRECTION('',(-1.,0.));
#10301 = ( GEOMETRIC_REPRESENTATION_CONTEXT(2) 
PARAMETRIC_REPRESENTATION_CONTEXT() REPRESENTATION_CONTEXT('2D SPACE',''
  ) );
#10302 = PCURVE('',#6737,#10303);
#10303 = DEFINITIONAL_REPRESENTATION('',(#10304),#10308);
#10304 = LINE('',#10305,#10306);
#10305 = CARTESIAN_POINT('',(23.25,-10.));
#10306 = VECTOR('',#10307,1.);
#10307 = DIRECTION('',(-1.,0.));
#10308 = ( GEOMETRIC_REPRESENTATION_CONTEXT(2) 
PARAMETRIC_REPRESENTATION_CONTEXT() REPRESENTATION_CONTEXT('2D SPACE',''
  ) );
#10309 = ADVANCED_FACE('',(#10310),#3907,.F.);
#10310 = FACE_BOUND('',#10311,.F.);
#10311 = EDGE_LOOP('',(#10312,#10333,#10334,#10335));
#10312 = ORIENTED_EDGE('',*,*,#10313,.F.);
#10313 = EDGE_CURVE('',#3864,#4489,#10314,.T.);
#10314 = SURFACE_CURVE('',#10315,(#10319,#10326),.PCURVE_S1.);
#10315 = LINE('',#10316,#10317);
#10316 = CARTESIAN_POINT('',(-13.15,8.,9.));
#10317 = VECTOR('',#10318,1.);
#10318 = DIRECTION('',(0.,1.,0.));
#10319 = PCURVE('',#3907,#10320);
#10320 = DEFINITIONAL_REPRESENTATION('',(#10321),#10325);
#10321 = LINE('',#10322,#10323);
#10322 = CARTESIAN_POINT('',(22.15,0.));
#10323 = VECTOR('',#10324,1.);
#10324 = DIRECTION('',(0.,-1.));
#10325 = ( GEOMETRIC_REPRESENTATION_CONTEXT(2) 
PARAMETRIC_REPRESENTATION_CONTEXT() REPRESENTATION_CONTEXT('2D SPACE',''
  ) );
#10326 = PCURVE('',#3880,#10327);
#10327 = DEFINITIONAL_REPRESENTATION('',(#10328),#10332);
#10328 = LINE('',#10329,#10330);
#10329 = CARTESIAN_POINT('',(0.,0.));
#10330 = VECTOR('',#10331,1.);
#10331 = DIRECTION('',(0.,1.));
#10332 = ( GEOMETRIC_REPRESENTATION_CONTEXT(2) 
PARAMETRIC_REPRESENTATION_CONTEXT() REPRESENTATION_CONTEXT('2D SPACE',''
  ) );
#10333 = ORIENTED_EDGE('',*,*,#3892,.T.);
#10334 = ORIENTED_EDGE('',*,*,#6801,.F.);
#10335 = ORIENTED_EDGE('',*,*,#4488,.T.);
#10336 = ADVANCED_FACE('',(#10337),#3880,.T.);
#10337 = FACE_BOUND('',#10338,.T.);
#10338 = EDGE_LOOP('',(#10339,#10340,#10341,#10362));
#10339 = ORIENTED_EDGE('',*,*,#10313,.F.);
#10340 = ORIENTED_EDGE('',*,*,#3863,.T.);
#10341 = ORIENTED_EDGE('',*,*,#10342,.T.);
#10342 = EDGE_CURVE('',#3838,#4512,#10343,.T.);
#10343 = SURFACE_CURVE('',#10344,(#10348,#10355),.PCURVE_S1.);
#10344 = LINE('',#10345,#10346);
#10345 = CARTESIAN_POINT('',(-9.,8.,13.15));
#10346 = VECTOR('',#10347,1.);
#10347 = DIRECTION('',(0.,1.,0.));
#10348 = PCURVE('',#3880,#10349);
#10349 = DEFINITIONAL_REPRESENTATION('',(#10350),#10354);
#10350 = LINE('',#10351,#10352);
#10351 = CARTESIAN_POINT('',(1.570796326795,0.));
#10352 = VECTOR('',#10353,1.);
#10353 = DIRECTION('',(0.,1.));
#10354 = ( GEOMETRIC_REPRESENTATION_CONTEXT(2) 
PARAMETRIC_REPRESENTATION_CONTEXT() REPRESENTATION_CONTEXT('2D SPACE',''
  ) );
#10355 = PCURVE('',#3852,#10356);
#10356 = DEFINITIONAL_REPRESENTATION('',(#10357),#10361);
#10357 = LINE('',#10358,#10359);
#10358 = CARTESIAN_POINT('',(4.15,0.));
#10359 = VECTOR('',#10360,1.);
#10360 = DIRECTION('',(0.,1.));
#10361 = ( GEOMETRIC_REPRESENTATION_CONTEXT(2) 
PARAMETRIC_REPRESENTATION_CONTEXT() REPRESENTATION_CONTEXT('2D SPACE',''
  ) );
#10362 = ORIENTED_EDGE('',*,*,#4511,.F.);
#10363 = ADVANCED_FACE('',(#10364,#10390,#10490),#3852,.T.);
#10364 = FACE_BOUND('',#10365,.T.);
#10365 = EDGE_LOOP('',(#10366,#10367,#10368,#10369));
#10366 = ORIENTED_EDGE('',*,*,#4535,.F.);
#10367 = ORIENTED_EDGE('',*,*,#10342,.F.);
#10368 = ORIENTED_EDGE('',*,*,#3837,.T.);
#10369 = ORIENTED_EDGE('',*,*,#10370,.T.);
#10370 = EDGE_CURVE('',#3809,#4536,#10371,.T.);
#10371 = SURFACE_CURVE('',#10372,(#10376,#10383),.PCURVE_S1.);
#10372 = LINE('',#10373,#10374);
#10373 = CARTESIAN_POINT('',(9.,8.,13.15));
#10374 = VECTOR('',#10375,1.);
#10375 = DIRECTION('',(0.,1.,0.));
#10376 = PCURVE('',#3852,#10377);
#10377 = DEFINITIONAL_REPRESENTATION('',(#10378),#10382);
#10378 = LINE('',#10379,#10380);
#10379 = CARTESIAN_POINT('',(22.15,0.));
#10380 = VECTOR('',#10381,1.);
#10381 = DIRECTION('',(0.,1.));
#10382 = ( GEOMETRIC_REPRESENTATION_CONTEXT(2) 
PARAMETRIC_REPRESENTATION_CONTEXT() REPRESENTATION_CONTEXT('2D SPACE',''
  ) );
#10383 = PCURVE('',#3825,#10384);
#10384 = DEFINITIONAL_REPRESENTATION('',(#10385),#10389);
#10385 = LINE('',#10386,#10387);
#10386 = CARTESIAN_POINT('',(-1.570796326795,0.));
#10387 = VECTOR('',#10388,1.);
#10388 = DIRECTION('',(-0.,1.));
#10389 = ( GEOMETRIC_REPRESENTATION_CONTEXT(2) 
PARAMETRIC_REPRESENTATION_CONTEXT() REPRESENTATION_CONTEXT('2D SPACE',''
  ) );
#10390 = FACE_BOUND('',#10391,.T.);
#10391 = EDGE_LOOP('',(#10392));
#10392 = ORIENTED_EDGE('',*,*,#10393,.F.);
#10393 = EDGE_CURVE('',#10394,#10394,#10396,.T.);
#10394 = VERTEX_POINT('',#10395);
#10395 = CARTESIAN_POINT('',(-6.,8.619052498069,13.15));
#10396 = SURFACE_CURVE('',#10397,(#10402,#10409),.PCURVE_S1.);
#10397 = CIRCLE('',#10398,0.580947501931);
#10398 = AXIS2_PLACEMENT_3D('',#10399,#10400,#10401);
#10399 = CARTESIAN_POINT('',(-6.,9.2,13.15));
#10400 = DIRECTION('',(0.,0.,1.));
#10401 = DIRECTION('',(0.,-1.,0.));
#10402 = PCURVE('',#3852,#10403);
#10403 = DEFINITIONAL_REPRESENTATION('',(#10404),#10408);
#10404 = CIRCLE('',#10405,0.580947501931);
#10405 = AXIS2_PLACEMENT_2D('',#10406,#10407);
#10406 = CARTESIAN_POINT('',(7.15,1.2));
#10407 = DIRECTION('',(0.,-1.));
#10408 = ( GEOMETRIC_REPRESENTATION_CONTEXT(2) 
PARAMETRIC_REPRESENTATION_CONTEXT() REPRESENTATION_CONTEXT('2D SPACE',''
  ) );
#10409 = PCURVE('',#10410,#10415);
#10410 = SPHERICAL_SURFACE('',#10411,0.8);
#10411 = AXIS2_PLACEMENT_3D('',#10412,#10413,#10414);
#10412 = CARTESIAN_POINT('',(-6.,9.2,12.6));
#10413 = DIRECTION('',(0.,-1.,0.));
#10414 = DIRECTION('',(1.,0.,0.));
#10415 = DEFINITIONAL_REPRESENTATION('',(#10416),#10489);
#10416 = B_SPLINE_CURVE_WITH_KNOTS('',8,(#10417,#10418,#10419,#10420,
    #10421,#10422,#10423,#10424,#10425,#10426,#10427,#10428,#10429,
    #10430,#10431,#10432,#10433,#10434,#10435,#10436,#10437,#10438,
    #10439,#10440,#10441,#10442,#10443,#10444,#10445,#10446,#10447,
    #10448,#10449,#10450,#10451,#10452,#10453,#10454,#10455,#10456,
    #10457,#10458,#10459,#10460,#10461,#10462,#10463,#10464,#10465,
    #10466,#10467,#10468,#10469,#10470,#10471,#10472,#10473,#10474,
    #10475,#10476,#10477,#10478,#10479,#10480,#10481,#10482,#10483,
    #10484,#10485,#10486,#10487,#10488),.UNSPECIFIED.,.F.,.F.,(9,7,7,7,7
    ,7,7,7,7,7,9),(0.,0.392699081699,1.129009859884,1.773281790796,
    2.337019730344,2.830290427448,3.261902287415,4.017223042356,
    5.150204174768,5.716694740974,6.28318530718),.UNSPECIFIED.);
#10417 = CARTESIAN_POINT('',(1.570796326795,0.812755561369));
#10418 = CARTESIAN_POINT('',(1.518946883494,0.812755561369));
#10419 = CARTESIAN_POINT('',(1.467097697428,0.809847231766));
#10420 = CARTESIAN_POINT('',(1.41586223313,0.804028559461));
#10421 = CARTESIAN_POINT('',(1.365860637359,0.795367970358));
#10422 = CARTESIAN_POINT('',(1.317622174504,0.783994149794));
#10423 = CARTESIAN_POINT('',(1.27153388828,0.770080891849));
#10424 = CARTESIAN_POINT('',(1.227835489697,0.753826977539));
#10425 = CARTESIAN_POINT('',(1.109457311846,0.700938777545));
#10426 = CARTESIAN_POINT('',(1.041123812934,0.658917622188));
#10427 = CARTESIAN_POINT('',(0.982540715818,0.610688960194));
#10428 = CARTESIAN_POINT('',(0.933167471557,0.557645026462));
#10429 = CARTESIAN_POINT('',(0.891889154746,0.500857533461));
#10430 = CARTESIAN_POINT('',(0.857840491978,0.441170615039));
#10431 = CARTESIAN_POINT('',(0.830230138321,0.379263351277));
#10432 = CARTESIAN_POINT('',(0.789463208165,0.260085769192));
#10433 = CARTESIAN_POINT('',(0.774930802404,0.20320376586));
#10434 = CARTESIAN_POINT('',(0.764503178424,0.145433344258));
#10435 = CARTESIAN_POINT('',(0.757908000577,8.709076590861E-02));
#10436 = CARTESIAN_POINT('',(0.754986544086,2.845352802708E-02));
#10437 = CARTESIAN_POINT('',(0.7556922617,-3.021728222008E-02));
#10438 = CARTESIAN_POINT('',(0.760089350348,-8.865463345528E-02));
#10439 = CARTESIAN_POINT('',(0.775580539305,-0.19723318791));
#10440 = CARTESIAN_POINT('',(0.785768408835,-0.24749868343));
#10441 = CARTESIAN_POINT('',(0.79903623836,-0.2971619609));
#10442 = CARTESIAN_POINT('',(0.815561857366,-0.346010248283));
#10443 = CARTESIAN_POINT('',(0.83559861086,-0.393802360679));
#10444 = CARTESIAN_POINT('',(0.859473009601,-0.440254620471));
#10445 = CARTESIAN_POINT('',(0.887561032559,-0.485026059958));
#10446 = CARTESIAN_POINT('',(0.948839874527,-0.565045147151));
#10447 = CARTESIAN_POINT('',(0.980952815469,-0.600783882742));
#10448 = CARTESIAN_POINT('',(1.016836032862,-0.63464229889));
#10449 = CARTESIAN_POINT('',(1.056727751399,-0.66630335338));
#10450 = CARTESIAN_POINT('',(1.100838767252,-0.695403847376));
#10451 = CARTESIAN_POINT('',(1.149246342072,-0.721537074533));
#10452 = CARTESIAN_POINT('',(1.201768222804,-0.744279875856));
#10453 = CARTESIAN_POINT('',(1.306999356968,-0.779867473932));
#10454 = CARTESIAN_POINT('',(1.358865334706,-0.793594035474));
#10455 = CARTESIAN_POINT('',(1.413144695387,-0.804190324169));
#10456 = CARTESIAN_POINT('',(1.469318637583,-0.811433853651));
#10457 = CARTESIAN_POINT('',(1.526638012754,-0.815163504282));
#10458 = CARTESIAN_POINT('',(1.584222620618,-0.815315338178));
#10459 = CARTESIAN_POINT('',(1.641216115035,-0.811936097528));
#10460 = CARTESIAN_POINT('',(1.794337332427,-0.793276581479));
#10461 = CARTESIAN_POINT('',(1.887754099581,-0.770972399695));
#10462 = CARTESIAN_POINT('',(1.973282878984,-0.738906113882));
#10463 = CARTESIAN_POINT('',(2.048131468737,-0.698540079326));
#10464 = CARTESIAN_POINT('',(2.112622080153,-0.6516442539));
#10465 = CARTESIAN_POINT('',(2.167514195019,-0.599509052952));
#10466 = CARTESIAN_POINT('',(2.213777296159,-0.543260152082));
#10467 = CARTESIAN_POINT('',(2.310094694095,-0.394564679245));
#10468 = CARTESIAN_POINT('',(2.350477113633,-0.29808262946));
#10469 = CARTESIAN_POINT('',(2.376476129072,-0.197347476779));
#10470 = CARTESIAN_POINT('',(2.390690872709,-9.428947245442E-02));
#10471 = CARTESIAN_POINT('',(2.393920029868,9.696771216966E-03));
#10472 = CARTESIAN_POINT('',(2.386421699956,0.113286408307));
#10473 = CARTESIAN_POINT('',(2.367153486892,0.215058944943));
#10474 = CARTESIAN_POINT('',(2.317480615035,0.361907676261));
#10475 = CARTESIAN_POINT('',(2.297461055896,0.409888913355));
#10476 = CARTESIAN_POINT('',(2.273719242419,0.456645737914));
#10477 = CARTESIAN_POINT('',(2.245928159882,0.501881207318));
#10478 = CARTESIAN_POINT('',(2.2137026959,0.545248875019));
#10479 = CARTESIAN_POINT('',(2.176613069484,0.586328065527));
#10480 = CARTESIAN_POINT('',(2.134264010134,0.624611246083));
#10481 = CARTESIAN_POINT('',(2.038737201529,0.694452119766));
#10482 = CARTESIAN_POINT('',(1.985559932625,0.726009954529));
#10483 = CARTESIAN_POINT('',(1.926808117935,0.75363867221));
#10484 = CARTESIAN_POINT('',(1.862584023676,0.776716722777));
#10485 = CARTESIAN_POINT('',(1.793339997658,0.794597180553));
#10486 = CARTESIAN_POINT('',(1.72038727044,0.806702451357));
#10487 = CARTESIAN_POINT('',(1.645592072091,0.812755561369));
#10488 = CARTESIAN_POINT('',(1.570796326795,0.812755561369));
#10489 = ( GEOMETRIC_REPRESENTATION_CONTEXT(2) 
PARAMETRIC_REPRESENTATION_CONTEXT() REPRESENTATION_CONTEXT('2D SPACE',''
  ) );
#10490 = FACE_BOUND('',#10491,.T.);
#10491 = EDGE_LOOP('',(#10492));
#10492 = ORIENTED_EDGE('',*,*,#10493,.F.);
#10493 = EDGE_CURVE('',#10494,#10494,#10496,.T.);
#10494 = VERTEX_POINT('',#10495);
#10495 = CARTESIAN_POINT('',(6.,8.619052498069,13.15));
#10496 = SURFACE_CURVE('',#10497,(#10502,#10509),.PCURVE_S1.);
#10497 = CIRCLE('',#10498,0.580947501931);
#10498 = AXIS2_PLACEMENT_3D('',#10499,#10500,#10501);
#10499 = CARTESIAN_POINT('',(6.,9.2,13.15));
#10500 = DIRECTION('',(0.,0.,1.));
#10501 = DIRECTION('',(0.,-1.,0.));
#10502 = PCURVE('',#3852,#10503);
#10503 = DEFINITIONAL_REPRESENTATION('',(#10504),#10508);
#10504 = CIRCLE('',#10505,0.580947501931);
#10505 = AXIS2_PLACEMENT_2D('',#10506,#10507);
#10506 = CARTESIAN_POINT('',(19.15,1.2));
#10507 = DIRECTION('',(0.,-1.));
#10508 = ( GEOMETRIC_REPRESENTATION_CONTEXT(2) 
PARAMETRIC_REPRESENTATION_CONTEXT() REPRESENTATION_CONTEXT('2D SPACE',''
  ) );
#10509 = PCURVE('',#10510,#10515);
#10510 = SPHERICAL_SURFACE('',#10511,0.8);
#10511 = AXIS2_PLACEMENT_3D('',#10512,#10513,#10514);
#10512 = CARTESIAN_POINT('',(6.,9.2,12.6));
#10513 = DIRECTION('',(0.,-1.,0.));
#10514 = DIRECTION('',(1.,0.,0.));
#10515 = DEFINITIONAL_REPRESENTATION('',(#10516),#10589);
#10516 = B_SPLINE_CURVE_WITH_KNOTS('',8,(#10517,#10518,#10519,#10520,
    #10521,#10522,#10523,#10524,#10525,#10526,#10527,#10528,#10529,
    #10530,#10531,#10532,#10533,#10534,#10535,#10536,#10537,#10538,
    #10539,#10540,#10541,#10542,#10543,#10544,#10545,#10546,#10547,
    #10548,#10549,#10550,#10551,#10552,#10553,#10554,#10555,#10556,
    #10557,#10558,#10559,#10560,#10561,#10562,#10563,#10564,#10565,
    #10566,#10567,#10568,#10569,#10570,#10571,#10572,#10573,#10574,
    #10575,#10576,#10577,#10578,#10579,#10580,#10581,#10582,#10583,
    #10584,#10585,#10586,#10587,#10588),.UNSPECIFIED.,.F.,.F.,(9,7,7,7,7
    ,7,7,7,7,7,9),(0.,0.392699081699,1.129009859884,1.773281790796,
    2.337019730344,2.830290427448,3.261902287415,4.017223042356,
    5.150204174768,5.716694740974,6.28318530718),.UNSPECIFIED.);
#10517 = CARTESIAN_POINT('',(1.570796326795,0.812755561369));
#10518 = CARTESIAN_POINT('',(1.518946883494,0.812755561369));
#10519 = CARTESIAN_POINT('',(1.467097697428,0.809847231766));
#10520 = CARTESIAN_POINT('',(1.41586223313,0.804028559461));
#10521 = CARTESIAN_POINT('',(1.365860637359,0.795367970358));
#10522 = CARTESIAN_POINT('',(1.317622174504,0.783994149794));
#10523 = CARTESIAN_POINT('',(1.27153388828,0.770080891849));
#10524 = CARTESIAN_POINT('',(1.227835489697,0.753826977539));
#10525 = CARTESIAN_POINT('',(1.109457311846,0.700938777545));
#10526 = CARTESIAN_POINT('',(1.041123812934,0.658917622188));
#10527 = CARTESIAN_POINT('',(0.982540715818,0.610688960194));
#10528 = CARTESIAN_POINT('',(0.933167471557,0.557645026462));
#10529 = CARTESIAN_POINT('',(0.891889154746,0.500857533461));
#10530 = CARTESIAN_POINT('',(0.857840491978,0.441170615039));
#10531 = CARTESIAN_POINT('',(0.830230138321,0.379263351277));
#10532 = CARTESIAN_POINT('',(0.789463208165,0.260085769192));
#10533 = CARTESIAN_POINT('',(0.774930802404,0.20320376586));
#10534 = CARTESIAN_POINT('',(0.764503178424,0.145433344258));
#10535 = CARTESIAN_POINT('',(0.757908000577,8.709076590861E-02));
#10536 = CARTESIAN_POINT('',(0.754986544086,2.845352802708E-02));
#10537 = CARTESIAN_POINT('',(0.7556922617,-3.021728222008E-02));
#10538 = CARTESIAN_POINT('',(0.760089350348,-8.865463345528E-02));
#10539 = CARTESIAN_POINT('',(0.775580539305,-0.19723318791));
#10540 = CARTESIAN_POINT('',(0.785768408835,-0.24749868343));
#10541 = CARTESIAN_POINT('',(0.79903623836,-0.2971619609));
#10542 = CARTESIAN_POINT('',(0.815561857366,-0.346010248283));
#10543 = CARTESIAN_POINT('',(0.83559861086,-0.393802360679));
#10544 = CARTESIAN_POINT('',(0.859473009601,-0.440254620471));
#10545 = CARTESIAN_POINT('',(0.887561032559,-0.485026059958));
#10546 = CARTESIAN_POINT('',(0.948839874527,-0.565045147151));
#10547 = CARTESIAN_POINT('',(0.980952815469,-0.600783882742));
#10548 = CARTESIAN_POINT('',(1.016836032862,-0.63464229889));
#10549 = CARTESIAN_POINT('',(1.056727751399,-0.66630335338));
#10550 = CARTESIAN_POINT('',(1.100838767252,-0.695403847376));
#10551 = CARTESIAN_POINT('',(1.149246342072,-0.721537074533));
#10552 = CARTESIAN_POINT('',(1.201768222804,-0.744279875856));
#10553 = CARTESIAN_POINT('',(1.306999356968,-0.779867473932));
#10554 = CARTESIAN_POINT('',(1.358865334706,-0.793594035474));
#10555 = CARTESIAN_POINT('',(1.413144695387,-0.804190324169));
#10556 = CARTESIAN_POINT('',(1.469318637583,-0.811433853651));
#10557 = CARTESIAN_POINT('',(1.526638012754,-0.815163504282));
#10558 = CARTESIAN_POINT('',(1.584222620618,-0.815315338178));
#10559 = CARTESIAN_POINT('',(1.641216115035,-0.811936097528));
#10560 = CARTESIAN_POINT('',(1.794337332427,-0.793276581479));
#10561 = CARTESIAN_POINT('',(1.887754099581,-0.770972399695));
#10562 = CARTESIAN_POINT('',(1.973282878984,-0.738906113882));
#10563 = CARTESIAN_POINT('',(2.048131468737,-0.698540079326));
#10564 = CARTESIAN_POINT('',(2.112622080153,-0.6516442539));
#10565 = CARTESIAN_POINT('',(2.167514195019,-0.599509052952));
#10566 = CARTESIAN_POINT('',(2.213777296159,-0.543260152082));
#10567 = CARTESIAN_POINT('',(2.310094694095,-0.394564679245));
#10568 = CARTESIAN_POINT('',(2.350477113633,-0.29808262946));
#10569 = CARTESIAN_POINT('',(2.376476129072,-0.197347476779));
#10570 = CARTESIAN_POINT('',(2.390690872709,-9.428947245442E-02));
#10571 = CARTESIAN_POINT('',(2.393920029868,9.696771216966E-03));
#10572 = CARTESIAN_POINT('',(2.386421699956,0.113286408307));
#10573 = CARTESIAN_POINT('',(2.367153486892,0.215058944943));
#10574 = CARTESIAN_POINT('',(2.317480615035,0.361907676261));
#10575 = CARTESIAN_POINT('',(2.297461055896,0.409888913355));
#10576 = CARTESIAN_POINT('',(2.273719242419,0.456645737914));
#10577 = CARTESIAN_POINT('',(2.245928159882,0.501881207318));
#10578 = CARTESIAN_POINT('',(2.2137026959,0.545248875019));
#10579 = CARTESIAN_POINT('',(2.176613069484,0.586328065527));
#10580 = CARTESIAN_POINT('',(2.134264010134,0.624611246083));
#10581 = CARTESIAN_POINT('',(2.038737201529,0.694452119766));
#10582 = CARTESIAN_POINT('',(1.985559932625,0.726009954529));
#10583 = CARTESIAN_POINT('',(1.926808117935,0.75363867221));
#10584 = CARTESIAN_POINT('',(1.862584023676,0.776716722777));
#10585 = CARTESIAN_POINT('',(1.793339997658,0.794597180553));
#10586 = CARTESIAN_POINT('',(1.72038727044,0.806702451357));
#10587 = CARTESIAN_POINT('',(1.645592072091,0.812755561369));
#10588 = CARTESIAN_POINT('',(1.570796326795,0.812755561369));
#10589 = ( GEOMETRIC_REPRESENTATION_CONTEXT(2) 
PARAMETRIC_REPRESENTATION_CONTEXT() REPRESENTATION_CONTEXT('2D SPACE',''
  ) );
#10590 = ADVANCED_FACE('',(#10591),#3825,.T.);
#10591 = FACE_BOUND('',#10592,.F.);
#10592 = EDGE_LOOP('',(#10593,#10614,#10615,#10616));
#10593 = ORIENTED_EDGE('',*,*,#10594,.F.);
#10594 = EDGE_CURVE('',#3783,#4559,#10595,.T.);
#10595 = SURFACE_CURVE('',#10596,(#10600,#10607),.PCURVE_S1.);
#10596 = LINE('',#10597,#10598);
#10597 = CARTESIAN_POINT('',(13.15,8.,9.));
#10598 = VECTOR('',#10599,1.);
#10599 = DIRECTION('',(0.,1.,0.));
#10600 = PCURVE('',#3825,#10601);
#10601 = DEFINITIONAL_REPRESENTATION('',(#10602),#10606);
#10602 = LINE('',#10603,#10604);
#10603 = CARTESIAN_POINT('',(-0.,0.));
#10604 = VECTOR('',#10605,1.);
#10605 = DIRECTION('',(-0.,1.));
#10606 = ( GEOMETRIC_REPRESENTATION_CONTEXT(2) 
PARAMETRIC_REPRESENTATION_CONTEXT() REPRESENTATION_CONTEXT('2D SPACE',''
  ) );
#10607 = PCURVE('',#3797,#10608);
#10608 = DEFINITIONAL_REPRESENTATION('',(#10609),#10613);
#10609 = LINE('',#10610,#10611);
#10610 = CARTESIAN_POINT('',(22.15,0.));
#10611 = VECTOR('',#10612,1.);
#10612 = DIRECTION('',(0.,-1.));
#10613 = ( GEOMETRIC_REPRESENTATION_CONTEXT(2) 
PARAMETRIC_REPRESENTATION_CONTEXT() REPRESENTATION_CONTEXT('2D SPACE',''
  ) );
#10614 = ORIENTED_EDGE('',*,*,#3808,.F.);
#10615 = ORIENTED_EDGE('',*,*,#10370,.T.);
#10616 = ORIENTED_EDGE('',*,*,#4558,.F.);
#10617 = ADVANCED_FACE('',(#10618),#3797,.T.);
#10618 = FACE_BOUND('',#10619,.T.);
#10619 = EDGE_LOOP('',(#10620,#10621,#10642,#10643));
#10620 = ORIENTED_EDGE('',*,*,#3782,.T.);
#10621 = ORIENTED_EDGE('',*,*,#10622,.T.);
#10622 = EDGE_CURVE('',#3754,#4587,#10623,.T.);
#10623 = SURFACE_CURVE('',#10624,(#10628,#10635),.PCURVE_S1.);
#10624 = LINE('',#10625,#10626);
#10625 = CARTESIAN_POINT('',(13.15,8.,-9.));
#10626 = VECTOR('',#10627,1.);
#10627 = DIRECTION('',(0.,1.,0.));
#10628 = PCURVE('',#3797,#10629);
#10629 = DEFINITIONAL_REPRESENTATION('',(#10630),#10634);
#10630 = LINE('',#10631,#10632);
#10631 = CARTESIAN_POINT('',(4.15,0.));
#10632 = VECTOR('',#10633,1.);
#10633 = DIRECTION('',(0.,-1.));
#10634 = ( GEOMETRIC_REPRESENTATION_CONTEXT(2) 
PARAMETRIC_REPRESENTATION_CONTEXT() REPRESENTATION_CONTEXT('2D SPACE',''
  ) );
#10635 = PCURVE('',#3770,#10636);
#10636 = DEFINITIONAL_REPRESENTATION('',(#10637),#10641);
#10637 = LINE('',#10638,#10639);
#10638 = CARTESIAN_POINT('',(0.,0.));
#10639 = VECTOR('',#10640,1.);
#10640 = DIRECTION('',(0.,1.));
#10641 = ( GEOMETRIC_REPRESENTATION_CONTEXT(2) 
PARAMETRIC_REPRESENTATION_CONTEXT() REPRESENTATION_CONTEXT('2D SPACE',''
  ) );
#10642 = ORIENTED_EDGE('',*,*,#4586,.T.);
#10643 = ORIENTED_EDGE('',*,*,#10594,.F.);
#10644 = ADVANCED_FACE('',(#10645),#3770,.T.);
#10645 = FACE_BOUND('',#10646,.T.);
#10646 = EDGE_LOOP('',(#10647,#10648,#10649,#10670));
#10647 = ORIENTED_EDGE('',*,*,#10622,.F.);
#10648 = ORIENTED_EDGE('',*,*,#3753,.T.);
#10649 = ORIENTED_EDGE('',*,*,#10650,.T.);
#10650 = EDGE_CURVE('',#3728,#4175,#10651,.T.);
#10651 = SURFACE_CURVE('',#10652,(#10656,#10663),.PCURVE_S1.);
#10652 = LINE('',#10653,#10654);
#10653 = CARTESIAN_POINT('',(9.,8.,-13.15));
#10654 = VECTOR('',#10655,1.);
#10655 = DIRECTION('',(0.,1.,0.));
#10656 = PCURVE('',#3770,#10657);
#10657 = DEFINITIONAL_REPRESENTATION('',(#10658),#10662);
#10658 = LINE('',#10659,#10660);
#10659 = CARTESIAN_POINT('',(1.570796326795,0.));
#10660 = VECTOR('',#10661,1.);
#10661 = DIRECTION('',(0.,1.));
#10662 = ( GEOMETRIC_REPRESENTATION_CONTEXT(2) 
PARAMETRIC_REPRESENTATION_CONTEXT() REPRESENTATION_CONTEXT('2D SPACE',''
  ) );
#10663 = PCURVE('',#3742,#10664);
#10664 = DEFINITIONAL_REPRESENTATION('',(#10665),#10669);
#10665 = LINE('',#10666,#10667);
#10666 = CARTESIAN_POINT('',(22.15,0.));
#10667 = VECTOR('',#10668,1.);
#10668 = DIRECTION('',(0.,1.));
#10669 = ( GEOMETRIC_REPRESENTATION_CONTEXT(2) 
PARAMETRIC_REPRESENTATION_CONTEXT() REPRESENTATION_CONTEXT('2D SPACE',''
  ) );
#10670 = ORIENTED_EDGE('',*,*,#4609,.F.);
#10671 = ADVANCED_FACE('',(#10672,#10698,#10798),#3742,.F.);
#10672 = FACE_BOUND('',#10673,.F.);
#10673 = EDGE_LOOP('',(#10674,#10675,#10696,#10697));
#10674 = ORIENTED_EDGE('',*,*,#4172,.F.);
#10675 = ORIENTED_EDGE('',*,*,#10676,.F.);
#10676 = EDGE_CURVE('',#3699,#4173,#10677,.T.);
#10677 = SURFACE_CURVE('',#10678,(#10682,#10689),.PCURVE_S1.);
#10678 = LINE('',#10679,#10680);
#10679 = CARTESIAN_POINT('',(-9.,8.,-13.15));
#10680 = VECTOR('',#10681,1.);
#10681 = DIRECTION('',(0.,1.,0.));
#10682 = PCURVE('',#3742,#10683);
#10683 = DEFINITIONAL_REPRESENTATION('',(#10684),#10688);
#10684 = LINE('',#10685,#10686);
#10685 = CARTESIAN_POINT('',(4.15,0.));
#10686 = VECTOR('',#10687,1.);
#10687 = DIRECTION('',(0.,1.));
#10688 = ( GEOMETRIC_REPRESENTATION_CONTEXT(2) 
PARAMETRIC_REPRESENTATION_CONTEXT() REPRESENTATION_CONTEXT('2D SPACE',''
  ) );
#10689 = PCURVE('',#3715,#10690);
#10690 = DEFINITIONAL_REPRESENTATION('',(#10691),#10695);
#10691 = LINE('',#10692,#10693);
#10692 = CARTESIAN_POINT('',(-1.570796326795,0.));
#10693 = VECTOR('',#10694,1.);
#10694 = DIRECTION('',(-0.,1.));
#10695 = ( GEOMETRIC_REPRESENTATION_CONTEXT(2) 
PARAMETRIC_REPRESENTATION_CONTEXT() REPRESENTATION_CONTEXT('2D SPACE',''
  ) );
#10696 = ORIENTED_EDGE('',*,*,#3727,.T.);
#10697 = ORIENTED_EDGE('',*,*,#10650,.T.);
#10698 = FACE_BOUND('',#10699,.F.);
#10699 = EDGE_LOOP('',(#10700));
#10700 = ORIENTED_EDGE('',*,*,#10701,.F.);
#10701 = EDGE_CURVE('',#10702,#10702,#10704,.T.);
#10702 = VERTEX_POINT('',#10703);
#10703 = CARTESIAN_POINT('',(-6.,8.619052498069,-13.15));
#10704 = SURFACE_CURVE('',#10705,(#10710,#10717),.PCURVE_S1.);
#10705 = CIRCLE('',#10706,0.580947501931);
#10706 = AXIS2_PLACEMENT_3D('',#10707,#10708,#10709);
#10707 = CARTESIAN_POINT('',(-6.,9.2,-13.15));
#10708 = DIRECTION('',(0.,0.,1.));
#10709 = DIRECTION('',(0.,-1.,0.));
#10710 = PCURVE('',#3742,#10711);
#10711 = DEFINITIONAL_REPRESENTATION('',(#10712),#10716);
#10712 = CIRCLE('',#10713,0.580947501931);
#10713 = AXIS2_PLACEMENT_2D('',#10714,#10715);
#10714 = CARTESIAN_POINT('',(7.15,1.2));
#10715 = DIRECTION('',(0.,-1.));
#10716 = ( GEOMETRIC_REPRESENTATION_CONTEXT(2) 
PARAMETRIC_REPRESENTATION_CONTEXT() REPRESENTATION_CONTEXT('2D SPACE',''
  ) );
#10717 = PCURVE('',#10718,#10723);
#10718 = SPHERICAL_SURFACE('',#10719,0.8);
#10719 = AXIS2_PLACEMENT_3D('',#10720,#10721,#10722);
#10720 = CARTESIAN_POINT('',(-6.,9.2,-12.6));
#10721 = DIRECTION('',(0.,-1.,0.));
#10722 = DIRECTION('',(1.,0.,0.));
#10723 = DEFINITIONAL_REPRESENTATION('',(#10724),#10797);
#10724 = B_SPLINE_CURVE_WITH_KNOTS('',8,(#10725,#10726,#10727,#10728,
    #10729,#10730,#10731,#10732,#10733,#10734,#10735,#10736,#10737,
    #10738,#10739,#10740,#10741,#10742,#10743,#10744,#10745,#10746,
    #10747,#10748,#10749,#10750,#10751,#10752,#10753,#10754,#10755,
    #10756,#10757,#10758,#10759,#10760,#10761,#10762,#10763,#10764,
    #10765,#10766,#10767,#10768,#10769,#10770,#10771,#10772,#10773,
    #10774,#10775,#10776,#10777,#10778,#10779,#10780,#10781,#10782,
    #10783,#10784,#10785,#10786,#10787,#10788,#10789,#10790,#10791,
    #10792,#10793,#10794,#10795,#10796),.UNSPECIFIED.,.F.,.F.,(9,7,7,7,7
    ,7,7,7,7,7,9),(0.,0.392699081699,1.129009859884,1.773281790796,
    2.337019730344,2.830290427448,3.261902287415,4.017223042356,
    5.150204174768,5.716694740974,6.28318530718),.UNSPECIFIED.);
#10725 = CARTESIAN_POINT('',(4.712388980385,0.812755561369));
#10726 = CARTESIAN_POINT('',(4.764238423685,0.812755561369));
#10727 = CARTESIAN_POINT('',(4.816087609752,0.809847231766));
#10728 = CARTESIAN_POINT('',(4.867323074049,0.804028559461));
#10729 = CARTESIAN_POINT('',(4.917324669821,0.795367970358));
#10730 = CARTESIAN_POINT('',(4.965563132676,0.783994149794));
#10731 = CARTESIAN_POINT('',(5.0116514189,0.770080891849));
#10732 = CARTESIAN_POINT('',(5.055349817483,0.753826977539));
#10733 = CARTESIAN_POINT('',(5.173727995333,0.700938777545));
#10734 = CARTESIAN_POINT('',(5.242061494246,0.658917622188));
#10735 = CARTESIAN_POINT('',(5.300644591352,0.610688960193));
#10736 = CARTESIAN_POINT('',(5.350017835619,0.557645026463));
#10737 = CARTESIAN_POINT('',(5.391296152433,0.50085753346));
#10738 = CARTESIAN_POINT('',(5.425344815199,0.44117061504));
#10739 = CARTESIAN_POINT('',(5.452955168858,0.379263351277));
#10740 = CARTESIAN_POINT('',(5.493722099014,0.260085769192));
#10741 = CARTESIAN_POINT('',(5.508254504775,0.20320376586));
#10742 = CARTESIAN_POINT('',(5.518682128755,0.145433344258));
#10743 = CARTESIAN_POINT('',(5.525277306602,8.709076590861E-02));
#10744 = CARTESIAN_POINT('',(5.528198763093,2.845352802708E-02));
#10745 = CARTESIAN_POINT('',(5.527493045479,-3.021728222008E-02));
#10746 = CARTESIAN_POINT('',(5.523095956832,-8.865463345528E-02));
#10747 = CARTESIAN_POINT('',(5.507604767875,-0.19723318791));
#10748 = CARTESIAN_POINT('',(5.497416898344,-0.24749868343));
#10749 = CARTESIAN_POINT('',(5.48414906882,-0.2971619609));
#10750 = CARTESIAN_POINT('',(5.467623449814,-0.346010248283));
#10751 = CARTESIAN_POINT('',(5.447586696319,-0.393802360679));
#10752 = CARTESIAN_POINT('',(5.423712297579,-0.440254620471));
#10753 = CARTESIAN_POINT('',(5.39562427462,-0.485026059958));
#10754 = CARTESIAN_POINT('',(5.334345432652,-0.565045147151));
#10755 = CARTESIAN_POINT('',(5.30223249171,-0.600783882742));
#10756 = CARTESIAN_POINT('',(5.266349274319,-0.63464229889));
#10757 = CARTESIAN_POINT('',(5.226457555782,-0.66630335338));
#10758 = CARTESIAN_POINT('',(5.182346539927,-0.695403847376));
#10759 = CARTESIAN_POINT('',(5.133938965108,-0.721537074533));
#10760 = CARTESIAN_POINT('',(5.081417084376,-0.744279875856));
#10761 = CARTESIAN_POINT('',(4.976185950211,-0.779867473932));
#10762 = CARTESIAN_POINT('',(4.924319972474,-0.793594035474));
#10763 = CARTESIAN_POINT('',(4.870040611792,-0.804190324169));
#10764 = CARTESIAN_POINT('',(4.813866669599,-0.811433853651));
#10765 = CARTESIAN_POINT('',(4.756547294428,-0.815163504282));
#10766 = CARTESIAN_POINT('',(4.698962686561,-0.815315338178));
#10767 = CARTESIAN_POINT('',(4.641969192144,-0.811936097528));
#10768 = CARTESIAN_POINT('',(4.488847974752,-0.793276581479));
#10769 = CARTESIAN_POINT('',(4.395431207588,-0.770972399695));
#10770 = CARTESIAN_POINT('',(4.309902428215,-0.738906113882));
#10771 = CARTESIAN_POINT('',(4.235053838398,-0.698540079326));
#10772 = CARTESIAN_POINT('',(4.170563227042,-0.6516442539));
#10773 = CARTESIAN_POINT('',(4.115671112149,-0.599509052952));
#10774 = CARTESIAN_POINT('',(4.06940801102,-0.543260152082));
#10775 = CARTESIAN_POINT('',(3.973090613085,-0.394564679245));
#10776 = CARTESIAN_POINT('',(3.932708193544,-0.29808262946));
#10777 = CARTESIAN_POINT('',(3.906709178087,-0.197347476779));
#10778 = CARTESIAN_POINT('',(3.892494434462,-9.428947245442E-02));
#10779 = CARTESIAN_POINT('',(3.889265277288,9.696771216966E-03));
#10780 = CARTESIAN_POINT('',(3.896763607222,0.113286408307));
#10781 = CARTESIAN_POINT('',(3.916031820288,0.215058944943));
#10782 = CARTESIAN_POINT('',(3.965704692145,0.361907676261));
#10783 = CARTESIAN_POINT('',(3.985724251284,0.409888913355));
#10784 = CARTESIAN_POINT('',(4.00946606476,0.456645737914));
#10785 = CARTESIAN_POINT('',(4.037257147298,0.501881207318));
#10786 = CARTESIAN_POINT('',(4.069482611281,0.54524887502));
#10787 = CARTESIAN_POINT('',(4.106572237695,0.586328065527));
#10788 = CARTESIAN_POINT('',(4.148921297045,0.624611246083));
#10789 = CARTESIAN_POINT('',(4.244448105651,0.694452119766));
#10790 = CARTESIAN_POINT('',(4.297625374551,0.726009954529));
#10791 = CARTESIAN_POINT('',(4.356377189235,0.753638672209));
#10792 = CARTESIAN_POINT('',(4.420601283513,0.776716722778));
#10793 = CARTESIAN_POINT('',(4.489845309517,0.794597180551));
#10794 = CARTESIAN_POINT('',(4.562798036738,0.806702451358));
#10795 = CARTESIAN_POINT('',(4.637593235088,0.812755561369));
#10796 = CARTESIAN_POINT('',(4.712388980385,0.812755561369));
#10797 = ( GEOMETRIC_REPRESENTATION_CONTEXT(2) 
PARAMETRIC_REPRESENTATION_CONTEXT() REPRESENTATION_CONTEXT('2D SPACE',''
  ) );
#10798 = FACE_BOUND('',#10799,.F.);
#10799 = EDGE_LOOP('',(#10800));
#10800 = ORIENTED_EDGE('',*,*,#10801,.F.);
#10801 = EDGE_CURVE('',#10802,#10802,#10804,.T.);
#10802 = VERTEX_POINT('',#10803);
#10803 = CARTESIAN_POINT('',(6.,8.619052498069,-13.15));
#10804 = SURFACE_CURVE('',#10805,(#10810,#10817),.PCURVE_S1.);
#10805 = CIRCLE('',#10806,0.580947501931);
#10806 = AXIS2_PLACEMENT_3D('',#10807,#10808,#10809);
#10807 = CARTESIAN_POINT('',(6.,9.2,-13.15));
#10808 = DIRECTION('',(0.,0.,1.));
#10809 = DIRECTION('',(0.,-1.,0.));
#10810 = PCURVE('',#3742,#10811);
#10811 = DEFINITIONAL_REPRESENTATION('',(#10812),#10816);
#10812 = CIRCLE('',#10813,0.580947501931);
#10813 = AXIS2_PLACEMENT_2D('',#10814,#10815);
#10814 = CARTESIAN_POINT('',(19.15,1.2));
#10815 = DIRECTION('',(0.,-1.));
#10816 = ( GEOMETRIC_REPRESENTATION_CONTEXT(2) 
PARAMETRIC_REPRESENTATION_CONTEXT() REPRESENTATION_CONTEXT('2D SPACE',''
  ) );
#10817 = PCURVE('',#10818,#10823);
#10818 = SPHERICAL_SURFACE('',#10819,0.8);
#10819 = AXIS2_PLACEMENT_3D('',#10820,#10821,#10822);
#10820 = CARTESIAN_POINT('',(6.,9.2,-12.6));
#10821 = DIRECTION('',(0.,-1.,0.));
#10822 = DIRECTION('',(1.,0.,0.));
#10823 = DEFINITIONAL_REPRESENTATION('',(#10824),#10897);
#10824 = B_SPLINE_CURVE_WITH_KNOTS('',8,(#10825,#10826,#10827,#10828,
    #10829,#10830,#10831,#10832,#10833,#10834,#10835,#10836,#10837,
    #10838,#10839,#10840,#10841,#10842,#10843,#10844,#10845,#10846,
    #10847,#10848,#10849,#10850,#10851,#10852,#10853,#10854,#10855,
    #10856,#10857,#10858,#10859,#10860,#10861,#10862,#10863,#10864,
    #10865,#10866,#10867,#10868,#10869,#10870,#10871,#10872,#10873,
    #10874,#10875,#10876,#10877,#10878,#10879,#10880,#10881,#10882,
    #10883,#10884,#10885,#10886,#10887,#10888,#10889,#10890,#10891,
    #10892,#10893,#10894,#10895,#10896),.UNSPECIFIED.,.F.,.F.,(9,7,7,7,7
    ,7,7,7,7,7,9),(0.,0.392699081699,1.129009859884,1.773281790796,
    2.337019730344,2.830290427448,3.261902287415,4.017223042356,
    5.150204174768,5.716694740974,6.28318530718),.UNSPECIFIED.);
#10825 = CARTESIAN_POINT('',(4.712388980385,0.812755561369));
#10826 = CARTESIAN_POINT('',(4.764238423685,0.812755561369));
#10827 = CARTESIAN_POINT('',(4.816087609752,0.809847231766));
#10828 = CARTESIAN_POINT('',(4.867323074049,0.804028559461));
#10829 = CARTESIAN_POINT('',(4.917324669821,0.795367970358));
#10830 = CARTESIAN_POINT('',(4.965563132676,0.783994149794));
#10831 = CARTESIAN_POINT('',(5.0116514189,0.770080891849));
#10832 = CARTESIAN_POINT('',(5.055349817483,0.753826977539));
#10833 = CARTESIAN_POINT('',(5.173727995333,0.700938777545));
#10834 = CARTESIAN_POINT('',(5.242061494246,0.658917622188));
#10835 = CARTESIAN_POINT('',(5.300644591352,0.610688960193));
#10836 = CARTESIAN_POINT('',(5.350017835619,0.557645026463));
#10837 = CARTESIAN_POINT('',(5.391296152433,0.50085753346));
#10838 = CARTESIAN_POINT('',(5.425344815199,0.44117061504));
#10839 = CARTESIAN_POINT('',(5.452955168858,0.379263351277));
#10840 = CARTESIAN_POINT('',(5.493722099014,0.260085769192));
#10841 = CARTESIAN_POINT('',(5.508254504775,0.20320376586));
#10842 = CARTESIAN_POINT('',(5.518682128755,0.145433344258));
#10843 = CARTESIAN_POINT('',(5.525277306602,8.709076590861E-02));
#10844 = CARTESIAN_POINT('',(5.528198763093,2.845352802708E-02));
#10845 = CARTESIAN_POINT('',(5.527493045479,-3.021728222008E-02));
#10846 = CARTESIAN_POINT('',(5.523095956832,-8.865463345528E-02));
#10847 = CARTESIAN_POINT('',(5.507604767875,-0.19723318791));
#10848 = CARTESIAN_POINT('',(5.497416898344,-0.24749868343));
#10849 = CARTESIAN_POINT('',(5.48414906882,-0.2971619609));
#10850 = CARTESIAN_POINT('',(5.467623449814,-0.346010248283));
#10851 = CARTESIAN_POINT('',(5.447586696319,-0.393802360679));
#10852 = CARTESIAN_POINT('',(5.423712297579,-0.440254620471));
#10853 = CARTESIAN_POINT('',(5.39562427462,-0.485026059958));
#10854 = CARTESIAN_POINT('',(5.334345432652,-0.565045147151));
#10855 = CARTESIAN_POINT('',(5.30223249171,-0.600783882742));
#10856 = CARTESIAN_POINT('',(5.266349274319,-0.63464229889));
#10857 = CARTESIAN_POINT('',(5.226457555782,-0.66630335338));
#10858 = CARTESIAN_POINT('',(5.182346539927,-0.695403847376));
#10859 = CARTESIAN_POINT('',(5.133938965108,-0.721537074533));
#10860 = CARTESIAN_POINT('',(5.081417084376,-0.744279875856));
#10861 = CARTESIAN_POINT('',(4.976185950211,-0.779867473932));
#10862 = CARTESIAN_POINT('',(4.924319972474,-0.793594035474));
#10863 = CARTESIAN_POINT('',(4.870040611792,-0.804190324169));
#10864 = CARTESIAN_POINT('',(4.813866669599,-0.811433853651));
#10865 = CARTESIAN_POINT('',(4.756547294428,-0.815163504282));
#10866 = CARTESIAN_POINT('',(4.698962686561,-0.815315338178));
#10867 = CARTESIAN_POINT('',(4.641969192144,-0.811936097528));
#10868 = CARTESIAN_POINT('',(4.488847974752,-0.793276581479));
#10869 = CARTESIAN_POINT('',(4.395431207588,-0.770972399695));
#10870 = CARTESIAN_POINT('',(4.309902428215,-0.738906113882));
#10871 = CARTESIAN_POINT('',(4.235053838398,-0.698540079326));
#10872 = CARTESIAN_POINT('',(4.170563227042,-0.6516442539));
#10873 = CARTESIAN_POINT('',(4.115671112149,-0.599509052952));
#10874 = CARTESIAN_POINT('',(4.06940801102,-0.543260152082));
#10875 = CARTESIAN_POINT('',(3.973090613085,-0.394564679245));
#10876 = CARTESIAN_POINT('',(3.932708193544,-0.29808262946));
#10877 = CARTESIAN_POINT('',(3.906709178087,-0.197347476779));
#10878 = CARTESIAN_POINT('',(3.892494434462,-9.428947245442E-02));
#10879 = CARTESIAN_POINT('',(3.889265277288,9.696771216966E-03));
#10880 = CARTESIAN_POINT('',(3.896763607222,0.113286408307));
#10881 = CARTESIAN_POINT('',(3.916031820288,0.215058944943));
#10882 = CARTESIAN_POINT('',(3.965704692145,0.361907676261));
#10883 = CARTESIAN_POINT('',(3.985724251284,0.409888913355));
#10884 = CARTESIAN_POINT('',(4.00946606476,0.456645737914));
#10885 = CARTESIAN_POINT('',(4.037257147298,0.501881207318));
#10886 = CARTESIAN_POINT('',(4.069482611281,0.54524887502));
#10887 = CARTESIAN_POINT('',(4.106572237695,0.586328065527));
#10888 = CARTESIAN_POINT('',(4.148921297045,0.624611246083));
#10889 = CARTESIAN_POINT('',(4.244448105651,0.694452119766));
#10890 = CARTESIAN_POINT('',(4.297625374551,0.726009954529));
#10891 = CARTESIAN_POINT('',(4.356377189235,0.753638672209));
#10892 = CARTESIAN_POINT('',(4.420601283513,0.776716722778));
#10893 = CARTESIAN_POINT('',(4.489845309517,0.794597180551));
#10894 = CARTESIAN_POINT('',(4.562798036738,0.806702451358));
#10895 = CARTESIAN_POINT('',(4.637593235088,0.812755561369));
#10896 = CARTESIAN_POINT('',(4.712388980385,0.812755561369));
#10897 = ( GEOMETRIC_REPRESENTATION_CONTEXT(2) 
PARAMETRIC_REPRESENTATION_CONTEXT() REPRESENTATION_CONTEXT('2D SPACE',''
  ) );
#10898 = ADVANCED_FACE('',(#10899),#3715,.T.);
#10899 = FACE_BOUND('',#10900,.F.);
#10900 = EDGE_LOOP('',(#10901,#10902,#10903,#10904));
#10901 = ORIENTED_EDGE('',*,*,#4125,.F.);
#10902 = ORIENTED_EDGE('',*,*,#3698,.F.);
#10903 = ORIENTED_EDGE('',*,*,#10676,.T.);
#10904 = ORIENTED_EDGE('',*,*,#4197,.F.);
#10905 = ADVANCED_FACE('',(#10906),#4456,.T.);
#10906 = FACE_BOUND('',#10907,.T.);
#10907 = EDGE_LOOP('',(#10908,#10909,#10910,#10911));
#10908 = ORIENTED_EDGE('',*,*,#4780,.F.);
#10909 = ORIENTED_EDGE('',*,*,#6781,.F.);
#10910 = ORIENTED_EDGE('',*,*,#4441,.F.);
#10911 = ORIENTED_EDGE('',*,*,#10912,.F.);
#10912 = EDGE_CURVE('',#4781,#4413,#10913,.T.);
#10913 = SURFACE_CURVE('',#10914,(#10918,#10925),.PCURVE_S1.);
#10914 = LINE('',#10915,#10916);
#10915 = CARTESIAN_POINT('',(-12.25,0.,9.));
#10916 = VECTOR('',#10917,1.);
#10917 = DIRECTION('',(0.,1.,0.));
#10918 = PCURVE('',#4456,#10919);
#10919 = DEFINITIONAL_REPRESENTATION('',(#10920),#10924);
#10920 = LINE('',#10921,#10922);
#10921 = CARTESIAN_POINT('',(21.25,0.));
#10922 = VECTOR('',#10923,1.);
#10923 = DIRECTION('',(0.,-1.));
#10924 = ( GEOMETRIC_REPRESENTATION_CONTEXT(2) 
PARAMETRIC_REPRESENTATION_CONTEXT() REPRESENTATION_CONTEXT('2D SPACE',''
  ) );
#10925 = PCURVE('',#4429,#10926);
#10926 = DEFINITIONAL_REPRESENTATION('',(#10927),#10931);
#10927 = LINE('',#10928,#10929);
#10928 = CARTESIAN_POINT('',(0.,0.));
#10929 = VECTOR('',#10930,1.);
#10930 = DIRECTION('',(0.,1.));
#10931 = ( GEOMETRIC_REPRESENTATION_CONTEXT(2) 
PARAMETRIC_REPRESENTATION_CONTEXT() REPRESENTATION_CONTEXT('2D SPACE',''
  ) );
#10932 = ADVANCED_FACE('',(#10933),#4429,.F.);
#10933 = FACE_BOUND('',#10934,.F.);
#10934 = EDGE_LOOP('',(#10935,#10936,#10937,#10958));
#10935 = ORIENTED_EDGE('',*,*,#10912,.F.);
#10936 = ORIENTED_EDGE('',*,*,#4803,.T.);
#10937 = ORIENTED_EDGE('',*,*,#10938,.T.);
#10938 = EDGE_CURVE('',#4804,#4387,#10939,.T.);
#10939 = SURFACE_CURVE('',#10940,(#10944,#10951),.PCURVE_S1.);
#10940 = LINE('',#10941,#10942);
#10941 = CARTESIAN_POINT('',(-9.,0.,12.25));
#10942 = VECTOR('',#10943,1.);
#10943 = DIRECTION('',(0.,1.,0.));
#10944 = PCURVE('',#4429,#10945);
#10945 = DEFINITIONAL_REPRESENTATION('',(#10946),#10950);
#10946 = LINE('',#10947,#10948);
#10947 = CARTESIAN_POINT('',(1.570796326795,0.));
#10948 = VECTOR('',#10949,1.);
#10949 = DIRECTION('',(0.,1.));
#10950 = ( GEOMETRIC_REPRESENTATION_CONTEXT(2) 
PARAMETRIC_REPRESENTATION_CONTEXT() REPRESENTATION_CONTEXT('2D SPACE',''
  ) );
#10951 = PCURVE('',#4401,#10952);
#10952 = DEFINITIONAL_REPRESENTATION('',(#10953),#10957);
#10953 = LINE('',#10954,#10955);
#10954 = CARTESIAN_POINT('',(3.25,0.));
#10955 = VECTOR('',#10956,1.);
#10956 = DIRECTION('',(0.,1.));
#10957 = ( GEOMETRIC_REPRESENTATION_CONTEXT(2) 
PARAMETRIC_REPRESENTATION_CONTEXT() REPRESENTATION_CONTEXT('2D SPACE',''
  ) );
#10958 = ORIENTED_EDGE('',*,*,#4412,.F.);
#10959 = ADVANCED_FACE('',(#10960),#4401,.F.);
#10960 = FACE_BOUND('',#10961,.F.);
#10961 = EDGE_LOOP('',(#10962,#10963,#10964,#10965,#10989,#11015,#11044,
    #11070,#11099,#11125,#11147,#11148));
#10962 = ORIENTED_EDGE('',*,*,#4386,.F.);
#10963 = ORIENTED_EDGE('',*,*,#10938,.F.);
#10964 = ORIENTED_EDGE('',*,*,#4827,.T.);
#10965 = ORIENTED_EDGE('',*,*,#10966,.F.);
#10966 = EDGE_CURVE('',#10967,#4828,#10969,.T.);
#10967 = VERTEX_POINT('',#10968);
#10968 = CARTESIAN_POINT('',(0.3,1.,12.25));
#10969 = SURFACE_CURVE('',#10970,(#10975,#10982),.PCURVE_S1.);
#10970 = CIRCLE('',#10971,1.);
#10971 = AXIS2_PLACEMENT_3D('',#10972,#10973,#10974);
#10972 = CARTESIAN_POINT('',(1.3,1.,12.25));
#10973 = DIRECTION('',(0.,0.,1.));
#10974 = DIRECTION('',(-1.,-0.,0.));
#10975 = PCURVE('',#4401,#10976);
#10976 = DEFINITIONAL_REPRESENTATION('',(#10977),#10981);
#10977 = CIRCLE('',#10978,1.);
#10978 = AXIS2_PLACEMENT_2D('',#10979,#10980);
#10979 = CARTESIAN_POINT('',(13.55,1.));
#10980 = DIRECTION('',(-1.,0.));
#10981 = ( GEOMETRIC_REPRESENTATION_CONTEXT(2) 
PARAMETRIC_REPRESENTATION_CONTEXT() REPRESENTATION_CONTEXT('2D SPACE',''
  ) );
#10982 = PCURVE('',#4866,#10983);
#10983 = DEFINITIONAL_REPRESENTATION('',(#10984),#10988);
#10984 = LINE('',#10985,#10986);
#10985 = CARTESIAN_POINT('',(0.,2.25));
#10986 = VECTOR('',#10987,1.);
#10987 = DIRECTION('',(1.,0.));
#10988 = ( GEOMETRIC_REPRESENTATION_CONTEXT(2) 
PARAMETRIC_REPRESENTATION_CONTEXT() REPRESENTATION_CONTEXT('2D SPACE',''
  ) );
#10989 = ORIENTED_EDGE('',*,*,#10990,.T.);
#10990 = EDGE_CURVE('',#10967,#10991,#10993,.T.);
#10991 = VERTEX_POINT('',#10992);
#10992 = CARTESIAN_POINT('',(0.3,7.,12.25));
#10993 = SURFACE_CURVE('',#10994,(#10998,#11004),.PCURVE_S1.);
#10994 = LINE('',#10995,#10996);
#10995 = CARTESIAN_POINT('',(0.3,0.,12.25));
#10996 = VECTOR('',#10997,1.);
#10997 = DIRECTION('',(0.,1.,0.));
#10998 = PCURVE('',#4401,#10999);
#10999 = DEFINITIONAL_REPRESENTATION('',(#11000),#11003);
#11000 = B_SPLINE_CURVE_WITH_KNOTS('',1,(#11001,#11002),.UNSPECIFIED.,
  .F.,.F.,(2,2),(1.,7.),.PIECEWISE_BEZIER_KNOTS.);
#11001 = CARTESIAN_POINT('',(12.55,1.));
#11002 = CARTESIAN_POINT('',(12.55,7.));
#11003 = ( GEOMETRIC_REPRESENTATION_CONTEXT(2) 
PARAMETRIC_REPRESENTATION_CONTEXT() REPRESENTATION_CONTEXT('2D SPACE',''
  ) );
#11004 = PCURVE('',#11005,#11010);
#11005 = PLANE('',#11006);
#11006 = AXIS2_PLACEMENT_3D('',#11007,#11008,#11009);
#11007 = CARTESIAN_POINT('',(0.3,0.,10.));
#11008 = DIRECTION('',(1.,0.,0.));
#11009 = DIRECTION('',(0.,0.,1.));
#11010 = DEFINITIONAL_REPRESENTATION('',(#11011),#11014);
#11011 = B_SPLINE_CURVE_WITH_KNOTS('',1,(#11012,#11013),.UNSPECIFIED.,
  .F.,.F.,(2,2),(1.,7.),.PIECEWISE_BEZIER_KNOTS.);
#11012 = CARTESIAN_POINT('',(2.25,-1.));
#11013 = CARTESIAN_POINT('',(2.25,-7.));
#11014 = ( GEOMETRIC_REPRESENTATION_CONTEXT(2) 
PARAMETRIC_REPRESENTATION_CONTEXT() REPRESENTATION_CONTEXT('2D SPACE',''
  ) );
#11015 = ORIENTED_EDGE('',*,*,#11016,.F.);
#11016 = EDGE_CURVE('',#11017,#10991,#11019,.T.);
#11017 = VERTEX_POINT('',#11018);
#11018 = CARTESIAN_POINT('',(1.3,8.,12.25));
#11019 = SURFACE_CURVE('',#11020,(#11025,#11032),.PCURVE_S1.);
#11020 = CIRCLE('',#11021,1.);
#11021 = AXIS2_PLACEMENT_3D('',#11022,#11023,#11024);
#11022 = CARTESIAN_POINT('',(1.3,7.,12.25));
#11023 = DIRECTION('',(0.,0.,1.));
#11024 = DIRECTION('',(-1.,-0.,0.));
#11025 = PCURVE('',#4401,#11026);
#11026 = DEFINITIONAL_REPRESENTATION('',(#11027),#11031);
#11027 = CIRCLE('',#11028,1.);
#11028 = AXIS2_PLACEMENT_2D('',#11029,#11030);
#11029 = CARTESIAN_POINT('',(13.55,7.));
#11030 = DIRECTION('',(-1.,0.));
#11031 = ( GEOMETRIC_REPRESENTATION_CONTEXT(2) 
PARAMETRIC_REPRESENTATION_CONTEXT() REPRESENTATION_CONTEXT('2D SPACE',''
  ) );
#11032 = PCURVE('',#11033,#11038);
#11033 = CYLINDRICAL_SURFACE('',#11034,1.);
#11034 = AXIS2_PLACEMENT_3D('',#11035,#11036,#11037);
#11035 = CARTESIAN_POINT('',(1.3,7.,10.));
#11036 = DIRECTION('',(0.,0.,1.));
#11037 = DIRECTION('',(-1.,-0.,0.));
#11038 = DEFINITIONAL_REPRESENTATION('',(#11039),#11043);
#11039 = LINE('',#11040,#11041);
#11040 = CARTESIAN_POINT('',(-6.28318530718,2.25));
#11041 = VECTOR('',#11042,1.);
#11042 = DIRECTION('',(1.,-0.));
#11043 = ( GEOMETRIC_REPRESENTATION_CONTEXT(2) 
PARAMETRIC_REPRESENTATION_CONTEXT() REPRESENTATION_CONTEXT('2D SPACE',''
  ) );
#11044 = ORIENTED_EDGE('',*,*,#11045,.F.);
#11045 = EDGE_CURVE('',#11046,#11017,#11048,.T.);
#11046 = VERTEX_POINT('',#11047);
#11047 = CARTESIAN_POINT('',(6.7,8.,12.25));
#11048 = SURFACE_CURVE('',#11049,(#11053,#11059),.PCURVE_S1.);
#11049 = LINE('',#11050,#11051);
#11050 = CARTESIAN_POINT('',(-5.975,8.,12.25));
#11051 = VECTOR('',#11052,1.);
#11052 = DIRECTION('',(-1.,0.,0.));
#11053 = PCURVE('',#4401,#11054);
#11054 = DEFINITIONAL_REPRESENTATION('',(#11055),#11058);
#11055 = B_SPLINE_CURVE_WITH_KNOTS('',1,(#11056,#11057),.UNSPECIFIED.,
  .F.,.F.,(2,2),(-12.675,-7.275),.PIECEWISE_BEZIER_KNOTS.);
#11056 = CARTESIAN_POINT('',(18.95,8.));
#11057 = CARTESIAN_POINT('',(13.55,8.));
#11058 = ( GEOMETRIC_REPRESENTATION_CONTEXT(2) 
PARAMETRIC_REPRESENTATION_CONTEXT() REPRESENTATION_CONTEXT('2D SPACE',''
  ) );
#11059 = PCURVE('',#11060,#11065);
#11060 = PLANE('',#11061);
#11061 = AXIS2_PLACEMENT_3D('',#11062,#11063,#11064);
#11062 = CARTESIAN_POINT('',(0.3,8.,10.));
#11063 = DIRECTION('',(0.,1.,0.));
#11064 = DIRECTION('',(0.,0.,1.));
#11065 = DEFINITIONAL_REPRESENTATION('',(#11066),#11069);
#11066 = B_SPLINE_CURVE_WITH_KNOTS('',1,(#11067,#11068),.UNSPECIFIED.,
  .F.,.F.,(2,2),(-12.675,-7.275),.PIECEWISE_BEZIER_KNOTS.);
#11067 = CARTESIAN_POINT('',(2.25,6.4));
#11068 = CARTESIAN_POINT('',(2.25,1.));
#11069 = ( GEOMETRIC_REPRESENTATION_CONTEXT(2) 
PARAMETRIC_REPRESENTATION_CONTEXT() REPRESENTATION_CONTEXT('2D SPACE',''
  ) );
#11070 = ORIENTED_EDGE('',*,*,#11071,.F.);
#11071 = EDGE_CURVE('',#11072,#11046,#11074,.T.);
#11072 = VERTEX_POINT('',#11073);
#11073 = CARTESIAN_POINT('',(7.7,7.,12.25));
#11074 = SURFACE_CURVE('',#11075,(#11080,#11087),.PCURVE_S1.);
#11075 = CIRCLE('',#11076,1.);
#11076 = AXIS2_PLACEMENT_3D('',#11077,#11078,#11079);
#11077 = CARTESIAN_POINT('',(6.7,7.,12.25));
#11078 = DIRECTION('',(0.,0.,1.));
#11079 = DIRECTION('',(1.,0.,-0.));
#11080 = PCURVE('',#4401,#11081);
#11081 = DEFINITIONAL_REPRESENTATION('',(#11082),#11086);
#11082 = CIRCLE('',#11083,1.);
#11083 = AXIS2_PLACEMENT_2D('',#11084,#11085);
#11084 = CARTESIAN_POINT('',(18.95,7.));
#11085 = DIRECTION('',(1.,0.));
#11086 = ( GEOMETRIC_REPRESENTATION_CONTEXT(2) 
PARAMETRIC_REPRESENTATION_CONTEXT() REPRESENTATION_CONTEXT('2D SPACE',''
  ) );
#11087 = PCURVE('',#11088,#11093);
#11088 = CYLINDRICAL_SURFACE('',#11089,1.);
#11089 = AXIS2_PLACEMENT_3D('',#11090,#11091,#11092);
#11090 = CARTESIAN_POINT('',(6.7,7.,10.));
#11091 = DIRECTION('',(0.,0.,1.));
#11092 = DIRECTION('',(1.,0.,-0.));
#11093 = DEFINITIONAL_REPRESENTATION('',(#11094),#11098);
#11094 = LINE('',#11095,#11096);
#11095 = CARTESIAN_POINT('',(0.,2.25));
#11096 = VECTOR('',#11097,1.);
#11097 = DIRECTION('',(1.,0.));
#11098 = ( GEOMETRIC_REPRESENTATION_CONTEXT(2) 
PARAMETRIC_REPRESENTATION_CONTEXT() REPRESENTATION_CONTEXT('2D SPACE',''
  ) );
#11099 = ORIENTED_EDGE('',*,*,#11100,.F.);
#11100 = EDGE_CURVE('',#11101,#11072,#11103,.T.);
#11101 = VERTEX_POINT('',#11102);
#11102 = CARTESIAN_POINT('',(7.7,1.,12.25));
#11103 = SURFACE_CURVE('',#11104,(#11108,#11114),.PCURVE_S1.);
#11104 = LINE('',#11105,#11106);
#11105 = CARTESIAN_POINT('',(7.7,0.,12.25));
#11106 = VECTOR('',#11107,1.);
#11107 = DIRECTION('',(0.,1.,0.));
#11108 = PCURVE('',#4401,#11109);
#11109 = DEFINITIONAL_REPRESENTATION('',(#11110),#11113);
#11110 = B_SPLINE_CURVE_WITH_KNOTS('',1,(#11111,#11112),.UNSPECIFIED.,
  .F.,.F.,(2,2),(1.,7.),.PIECEWISE_BEZIER_KNOTS.);
#11111 = CARTESIAN_POINT('',(19.95,1.));
#11112 = CARTESIAN_POINT('',(19.95,7.));
#11113 = ( GEOMETRIC_REPRESENTATION_CONTEXT(2) 
PARAMETRIC_REPRESENTATION_CONTEXT() REPRESENTATION_CONTEXT('2D SPACE',''
  ) );
#11114 = PCURVE('',#11115,#11120);
#11115 = PLANE('',#11116);
#11116 = AXIS2_PLACEMENT_3D('',#11117,#11118,#11119);
#11117 = CARTESIAN_POINT('',(7.7,0.,10.));
#11118 = DIRECTION('',(1.,0.,0.));
#11119 = DIRECTION('',(0.,0.,1.));
#11120 = DEFINITIONAL_REPRESENTATION('',(#11121),#11124);
#11121 = B_SPLINE_CURVE_WITH_KNOTS('',1,(#11122,#11123),.UNSPECIFIED.,
  .F.,.F.,(2,2),(1.,7.),.PIECEWISE_BEZIER_KNOTS.);
#11122 = CARTESIAN_POINT('',(2.25,-1.));
#11123 = CARTESIAN_POINT('',(2.25,-7.));
#11124 = ( GEOMETRIC_REPRESENTATION_CONTEXT(2) 
PARAMETRIC_REPRESENTATION_CONTEXT() REPRESENTATION_CONTEXT('2D SPACE',''
  ) );
#11125 = ORIENTED_EDGE('',*,*,#11126,.F.);
#11126 = EDGE_CURVE('',#4906,#11101,#11127,.T.);
#11127 = SURFACE_CURVE('',#11128,(#11133,#11140),.PCURVE_S1.);
#11128 = CIRCLE('',#11129,1.);
#11129 = AXIS2_PLACEMENT_3D('',#11130,#11131,#11132);
#11130 = CARTESIAN_POINT('',(6.7,1.,12.25));
#11131 = DIRECTION('',(0.,0.,1.));
#11132 = DIRECTION('',(1.,0.,-0.));
#11133 = PCURVE('',#4401,#11134);
#11134 = DEFINITIONAL_REPRESENTATION('',(#11135),#11139);
#11135 = CIRCLE('',#11136,1.);
#11136 = AXIS2_PLACEMENT_2D('',#11137,#11138);
#11137 = CARTESIAN_POINT('',(18.95,1.));
#11138 = DIRECTION('',(1.,0.));
#11139 = ( GEOMETRIC_REPRESENTATION_CONTEXT(2) 
PARAMETRIC_REPRESENTATION_CONTEXT() REPRESENTATION_CONTEXT('2D SPACE',''
  ) );
#11140 = PCURVE('',#4921,#11141);
#11141 = DEFINITIONAL_REPRESENTATION('',(#11142),#11146);
#11142 = LINE('',#11143,#11144);
#11143 = CARTESIAN_POINT('',(-6.28318530718,2.25));
#11144 = VECTOR('',#11145,1.);
#11145 = DIRECTION('',(1.,-0.));
#11146 = ( GEOMETRIC_REPRESENTATION_CONTEXT(2) 
PARAMETRIC_REPRESENTATION_CONTEXT() REPRESENTATION_CONTEXT('2D SPACE',''
  ) );
#11147 = ORIENTED_EDGE('',*,*,#4933,.T.);
#11148 = ORIENTED_EDGE('',*,*,#11149,.T.);
#11149 = EDGE_CURVE('',#4934,#4358,#11150,.T.);
#11150 = SURFACE_CURVE('',#11151,(#11155,#11162),.PCURVE_S1.);
#11151 = LINE('',#11152,#11153);
#11152 = CARTESIAN_POINT('',(9.,0.,12.25));
#11153 = VECTOR('',#11154,1.);
#11154 = DIRECTION('',(0.,1.,0.));
#11155 = PCURVE('',#4401,#11156);
#11156 = DEFINITIONAL_REPRESENTATION('',(#11157),#11161);
#11157 = LINE('',#11158,#11159);
#11158 = CARTESIAN_POINT('',(21.25,0.));
#11159 = VECTOR('',#11160,1.);
#11160 = DIRECTION('',(0.,1.));
#11161 = ( GEOMETRIC_REPRESENTATION_CONTEXT(2) 
PARAMETRIC_REPRESENTATION_CONTEXT() REPRESENTATION_CONTEXT('2D SPACE',''
  ) );
#11162 = PCURVE('',#4374,#11163);
#11163 = DEFINITIONAL_REPRESENTATION('',(#11164),#11168);
#11164 = LINE('',#11165,#11166);
#11165 = CARTESIAN_POINT('',(-1.570796326795,0.));
#11166 = VECTOR('',#11167,1.);
#11167 = DIRECTION('',(-0.,1.));
#11168 = ( GEOMETRIC_REPRESENTATION_CONTEXT(2) 
PARAMETRIC_REPRESENTATION_CONTEXT() REPRESENTATION_CONTEXT('2D SPACE',''
  ) );
#11169 = ADVANCED_FACE('',(#11170),#4374,.F.);
#11170 = FACE_BOUND('',#11171,.T.);
#11171 = EDGE_LOOP('',(#11172,#11193,#11194,#11195));
#11172 = ORIENTED_EDGE('',*,*,#11173,.F.);
#11173 = EDGE_CURVE('',#4957,#4332,#11174,.T.);
#11174 = SURFACE_CURVE('',#11175,(#11179,#11186),.PCURVE_S1.);
#11175 = LINE('',#11176,#11177);
#11176 = CARTESIAN_POINT('',(12.25,0.,9.));
#11177 = VECTOR('',#11178,1.);
#11178 = DIRECTION('',(0.,1.,0.));
#11179 = PCURVE('',#4374,#11180);
#11180 = DEFINITIONAL_REPRESENTATION('',(#11181),#11185);
#11181 = LINE('',#11182,#11183);
#11182 = CARTESIAN_POINT('',(-0.,0.));
#11183 = VECTOR('',#11184,1.);
#11184 = DIRECTION('',(-0.,1.));
#11185 = ( GEOMETRIC_REPRESENTATION_CONTEXT(2) 
PARAMETRIC_REPRESENTATION_CONTEXT() REPRESENTATION_CONTEXT('2D SPACE',''
  ) );
#11186 = PCURVE('',#4346,#11187);
#11187 = DEFINITIONAL_REPRESENTATION('',(#11188),#11192);
#11188 = LINE('',#11189,#11190);
#11189 = CARTESIAN_POINT('',(21.25,0.));
#11190 = VECTOR('',#11191,1.);
#11191 = DIRECTION('',(0.,-1.));
#11192 = ( GEOMETRIC_REPRESENTATION_CONTEXT(2) 
PARAMETRIC_REPRESENTATION_CONTEXT() REPRESENTATION_CONTEXT('2D SPACE',''
  ) );
#11193 = ORIENTED_EDGE('',*,*,#4956,.T.);
#11194 = ORIENTED_EDGE('',*,*,#11149,.T.);
#11195 = ORIENTED_EDGE('',*,*,#4357,.T.);
#11196 = ADVANCED_FACE('',(#11197,#11223),#4346,.F.);
#11197 = FACE_BOUND('',#11198,.F.);
#11198 = EDGE_LOOP('',(#11199,#11200,#11221,#11222));
#11199 = ORIENTED_EDGE('',*,*,#4984,.F.);
#11200 = ORIENTED_EDGE('',*,*,#11201,.T.);
#11201 = EDGE_CURVE('',#4985,#4303,#11202,.T.);
#11202 = SURFACE_CURVE('',#11203,(#11207,#11214),.PCURVE_S1.);
#11203 = LINE('',#11204,#11205);
#11204 = CARTESIAN_POINT('',(12.25,0.,-9.));
#11205 = VECTOR('',#11206,1.);
#11206 = DIRECTION('',(0.,1.,0.));
#11207 = PCURVE('',#4346,#11208);
#11208 = DEFINITIONAL_REPRESENTATION('',(#11209),#11213);
#11209 = LINE('',#11210,#11211);
#11210 = CARTESIAN_POINT('',(3.25,0.));
#11211 = VECTOR('',#11212,1.);
#11212 = DIRECTION('',(0.,-1.));
#11213 = ( GEOMETRIC_REPRESENTATION_CONTEXT(2) 
PARAMETRIC_REPRESENTATION_CONTEXT() REPRESENTATION_CONTEXT('2D SPACE',''
  ) );
#11214 = PCURVE('',#4319,#11215);
#11215 = DEFINITIONAL_REPRESENTATION('',(#11216),#11220);
#11216 = LINE('',#11217,#11218);
#11217 = CARTESIAN_POINT('',(0.,0.));
#11218 = VECTOR('',#11219,1.);
#11219 = DIRECTION('',(0.,1.));
#11220 = ( GEOMETRIC_REPRESENTATION_CONTEXT(2) 
PARAMETRIC_REPRESENTATION_CONTEXT() REPRESENTATION_CONTEXT('2D SPACE',''
  ) );
#11221 = ORIENTED_EDGE('',*,*,#4331,.F.);
#11222 = ORIENTED_EDGE('',*,*,#11173,.F.);
#11223 = FACE_BOUND('',#11224,.F.);
#11224 = EDGE_LOOP('',(#11225));
#11225 = ORIENTED_EDGE('',*,*,#11226,.T.);
#11226 = EDGE_CURVE('',#11227,#11227,#11229,.T.);
#11227 = VERTEX_POINT('',#11228);
#11228 = CARTESIAN_POINT('',(12.25,4.6,7.));
#11229 = SURFACE_CURVE('',#11230,(#11235,#11246),.PCURVE_S1.);
#11230 = CIRCLE('',#11231,1.7);
#11231 = AXIS2_PLACEMENT_3D('',#11232,#11233,#11234);
#11232 = CARTESIAN_POINT('',(12.25,2.9,7.));
#11233 = DIRECTION('',(-1.,0.,0.));
#11234 = DIRECTION('',(0.,1.,0.));
#11235 = PCURVE('',#4346,#11236);
#11236 = DEFINITIONAL_REPRESENTATION('',(#11237),#11245);
#11237 = ( BOUNDED_CURVE() B_SPLINE_CURVE(2,(#11238,#11239,#11240,#11241
    ,#11242,#11243,#11244),.UNSPECIFIED.,.T.,.F.) 
B_SPLINE_CURVE_WITH_KNOTS((1,2,2,2,2,1),(-2.094395102393,0.,
    2.094395102393,4.188790204786,6.28318530718,8.377580409573),
.UNSPECIFIED.) CURVE() GEOMETRIC_REPRESENTATION_ITEM() 
RATIONAL_B_SPLINE_CURVE((1.,0.5,1.,0.5,1.,0.5,1.)) REPRESENTATION_ITEM(
  '') );
#11238 = CARTESIAN_POINT('',(19.25,-4.6));
#11239 = CARTESIAN_POINT('',(16.305513627133,-4.6));
#11240 = CARTESIAN_POINT('',(17.777756813566,-2.05));
#11241 = CARTESIAN_POINT('',(19.25,0.5));
#11242 = CARTESIAN_POINT('',(20.722243186434,-2.05));
#11243 = CARTESIAN_POINT('',(22.194486372867,-4.6));
#11244 = CARTESIAN_POINT('',(19.25,-4.6));
#11245 = ( GEOMETRIC_REPRESENTATION_CONTEXT(2) 
PARAMETRIC_REPRESENTATION_CONTEXT() REPRESENTATION_CONTEXT('2D SPACE',''
  ) );
#11246 = PCURVE('',#11247,#11252);
#11247 = CYLINDRICAL_SURFACE('',#11248,1.7);
#11248 = AXIS2_PLACEMENT_3D('',#11249,#11250,#11251);
#11249 = CARTESIAN_POINT('',(10.25,2.9,7.));
#11250 = DIRECTION('',(-1.,-0.,-0.));
#11251 = DIRECTION('',(0.,1.,0.));
#11252 = DEFINITIONAL_REPRESENTATION('',(#11253),#11257);
#11253 = LINE('',#11254,#11255);
#11254 = CARTESIAN_POINT('',(-6.28318530718,-2.));
#11255 = VECTOR('',#11256,1.);
#11256 = DIRECTION('',(1.,-0.));
#11257 = ( GEOMETRIC_REPRESENTATION_CONTEXT(2) 
PARAMETRIC_REPRESENTATION_CONTEXT() REPRESENTATION_CONTEXT('2D SPACE',''
  ) );
#11258 = ADVANCED_FACE('',(#11259),#4319,.F.);
#11259 = FACE_BOUND('',#11260,.F.);
#11260 = EDGE_LOOP('',(#11261,#11262,#11263,#11284));
#11261 = ORIENTED_EDGE('',*,*,#11201,.F.);
#11262 = ORIENTED_EDGE('',*,*,#5007,.F.);
#11263 = ORIENTED_EDGE('',*,*,#11264,.F.);
#11264 = EDGE_CURVE('',#4276,#4686,#11265,.T.);
#11265 = SURFACE_CURVE('',#11266,(#11270,#11277),.PCURVE_S1.);
#11266 = LINE('',#11267,#11268);
#11267 = CARTESIAN_POINT('',(9.,10.15,-12.25));
#11268 = VECTOR('',#11269,1.);
#11269 = DIRECTION('',(0.,-1.,0.));
#11270 = PCURVE('',#4319,#11271);
#11271 = DEFINITIONAL_REPRESENTATION('',(#11272),#11276);
#11272 = LINE('',#11273,#11274);
#11273 = CARTESIAN_POINT('',(1.570796326795,10.15));
#11274 = VECTOR('',#11275,1.);
#11275 = DIRECTION('',(-0.,-1.));
#11276 = ( GEOMETRIC_REPRESENTATION_CONTEXT(2) 
PARAMETRIC_REPRESENTATION_CONTEXT() REPRESENTATION_CONTEXT('2D SPACE',''
  ) );
#11277 = PCURVE('',#4290,#11278);
#11278 = DEFINITIONAL_REPRESENTATION('',(#11279),#11283);
#11279 = LINE('',#11280,#11281);
#11280 = CARTESIAN_POINT('',(21.25,10.15));
#11281 = VECTOR('',#11282,1.);
#11282 = DIRECTION('',(0.,-1.));
#11283 = ( GEOMETRIC_REPRESENTATION_CONTEXT(2) 
PARAMETRIC_REPRESENTATION_CONTEXT() REPRESENTATION_CONTEXT('2D SPACE',''
  ) );
#11284 = ORIENTED_EDGE('',*,*,#4302,.F.);
#11285 = ADVANCED_FACE('',(#11286),#4290,.T.);
#11286 = FACE_BOUND('',#11287,.T.);
#11287 = EDGE_LOOP('',(#11288,#11289,#11310,#11311));
#11288 = ORIENTED_EDGE('',*,*,#4275,.F.);
#11289 = ORIENTED_EDGE('',*,*,#11290,.T.);
#11290 = EDGE_CURVE('',#4247,#4684,#11291,.T.);
#11291 = SURFACE_CURVE('',#11292,(#11296,#11303),.PCURVE_S1.);
#11292 = LINE('',#11293,#11294);
#11293 = CARTESIAN_POINT('',(-9.,10.15,-12.25));
#11294 = VECTOR('',#11295,1.);
#11295 = DIRECTION('',(0.,-1.,0.));
#11296 = PCURVE('',#4290,#11297);
#11297 = DEFINITIONAL_REPRESENTATION('',(#11298),#11302);
#11298 = LINE('',#11299,#11300);
#11299 = CARTESIAN_POINT('',(3.25,10.15));
#11300 = VECTOR('',#11301,1.);
#11301 = DIRECTION('',(0.,-1.));
#11302 = ( GEOMETRIC_REPRESENTATION_CONTEXT(2) 
PARAMETRIC_REPRESENTATION_CONTEXT() REPRESENTATION_CONTEXT('2D SPACE',''
  ) );
#11303 = PCURVE('',#4263,#11304);
#11304 = DEFINITIONAL_REPRESENTATION('',(#11305),#11309);
#11305 = LINE('',#11306,#11307);
#11306 = CARTESIAN_POINT('',(-1.570796326795,10.15));
#11307 = VECTOR('',#11308,1.);
#11308 = DIRECTION('',(-0.,-1.));
#11309 = ( GEOMETRIC_REPRESENTATION_CONTEXT(2) 
PARAMETRIC_REPRESENTATION_CONTEXT() REPRESENTATION_CONTEXT('2D SPACE',''
  ) );
#11310 = ORIENTED_EDGE('',*,*,#4683,.T.);
#11311 = ORIENTED_EDGE('',*,*,#11264,.F.);
#11312 = ADVANCED_FACE('',(#11313),#4263,.F.);
#11313 = FACE_BOUND('',#11314,.T.);
#11314 = EDGE_LOOP('',(#11315,#11316,#11317,#11318));
#11315 = ORIENTED_EDGE('',*,*,#4657,.F.);
#11316 = ORIENTED_EDGE('',*,*,#4708,.T.);
#11317 = ORIENTED_EDGE('',*,*,#11290,.F.);
#11318 = ORIENTED_EDGE('',*,*,#4246,.T.);
#11319 = ADVANCED_FACE('',(#11320),#4866,.F.);
#11320 = FACE_BOUND('',#11321,.F.);
#11321 = EDGE_LOOP('',(#11322,#11345,#11346,#11347));
#11322 = ORIENTED_EDGE('',*,*,#11323,.F.);
#11323 = EDGE_CURVE('',#10967,#11324,#11326,.T.);
#11324 = VERTEX_POINT('',#11325);
#11325 = CARTESIAN_POINT('',(0.3,1.,14.25));
#11326 = SURFACE_CURVE('',#11327,(#11331,#11338),.PCURVE_S1.);
#11327 = LINE('',#11328,#11329);
#11328 = CARTESIAN_POINT('',(0.3,1.,10.));
#11329 = VECTOR('',#11330,1.);
#11330 = DIRECTION('',(0.,0.,1.));
#11331 = PCURVE('',#4866,#11332);
#11332 = DEFINITIONAL_REPRESENTATION('',(#11333),#11337);
#11333 = LINE('',#11334,#11335);
#11334 = CARTESIAN_POINT('',(0.,0.));
#11335 = VECTOR('',#11336,1.);
#11336 = DIRECTION('',(0.,1.));
#11337 = ( GEOMETRIC_REPRESENTATION_CONTEXT(2) 
PARAMETRIC_REPRESENTATION_CONTEXT() REPRESENTATION_CONTEXT('2D SPACE',''
  ) );
#11338 = PCURVE('',#11005,#11339);
#11339 = DEFINITIONAL_REPRESENTATION('',(#11340),#11344);
#11340 = LINE('',#11341,#11342);
#11341 = CARTESIAN_POINT('',(0.,-1.));
#11342 = VECTOR('',#11343,1.);
#11343 = DIRECTION('',(1.,0.));
#11344 = ( GEOMETRIC_REPRESENTATION_CONTEXT(2) 
PARAMETRIC_REPRESENTATION_CONTEXT() REPRESENTATION_CONTEXT('2D SPACE',''
  ) );
#11345 = ORIENTED_EDGE('',*,*,#10966,.T.);
#11346 = ORIENTED_EDGE('',*,*,#4850,.T.);
#11347 = ORIENTED_EDGE('',*,*,#11348,.F.);
#11348 = EDGE_CURVE('',#11324,#4851,#11349,.T.);
#11349 = SURFACE_CURVE('',#11350,(#11355,#11362),.PCURVE_S1.);
#11350 = CIRCLE('',#11351,1.);
#11351 = AXIS2_PLACEMENT_3D('',#11352,#11353,#11354);
#11352 = CARTESIAN_POINT('',(1.3,1.,14.25));
#11353 = DIRECTION('',(0.,0.,1.));
#11354 = DIRECTION('',(-1.,-0.,0.));
#11355 = PCURVE('',#4866,#11356);
#11356 = DEFINITIONAL_REPRESENTATION('',(#11357),#11361);
#11357 = LINE('',#11358,#11359);
#11358 = CARTESIAN_POINT('',(0.,4.25));
#11359 = VECTOR('',#11360,1.);
#11360 = DIRECTION('',(1.,0.));
#11361 = ( GEOMETRIC_REPRESENTATION_CONTEXT(2) 
PARAMETRIC_REPRESENTATION_CONTEXT() REPRESENTATION_CONTEXT('2D SPACE',''
  ) );
#11362 = PCURVE('',#4894,#11363);
#11363 = DEFINITIONAL_REPRESENTATION('',(#11364),#11368);
#11364 = CIRCLE('',#11365,1.);
#11365 = AXIS2_PLACEMENT_2D('',#11366,#11367);
#11366 = CARTESIAN_POINT('',(15.55,2.8));
#11367 = DIRECTION('',(-1.,0.));
#11368 = ( GEOMETRIC_REPRESENTATION_CONTEXT(2) 
PARAMETRIC_REPRESENTATION_CONTEXT() REPRESENTATION_CONTEXT('2D SPACE',''
  ) );
#11369 = ADVANCED_FACE('',(#11370,#11416),#4894,.T.);
#11370 = FACE_BOUND('',#11371,.T.);
#11371 = EDGE_LOOP('',(#11372,#11393,#11394,#11415));
#11372 = ORIENTED_EDGE('',*,*,#11373,.F.);
#11373 = EDGE_CURVE('',#6619,#10194,#11374,.T.);
#11374 = SURFACE_CURVE('',#11375,(#11379,#11386),.PCURVE_S1.);
#11375 = LINE('',#11376,#11377);
#11376 = CARTESIAN_POINT('',(-9.,-1.8,14.25));
#11377 = VECTOR('',#11378,1.);
#11378 = DIRECTION('',(0.,1.,0.));
#11379 = PCURVE('',#4894,#11380);
#11380 = DEFINITIONAL_REPRESENTATION('',(#11381),#11385);
#11381 = LINE('',#11382,#11383);
#11382 = CARTESIAN_POINT('',(5.25,0.));
#11383 = VECTOR('',#11384,1.);
#11384 = DIRECTION('',(0.,1.));
#11385 = ( GEOMETRIC_REPRESENTATION_CONTEXT(2) 
PARAMETRIC_REPRESENTATION_CONTEXT() REPRESENTATION_CONTEXT('2D SPACE',''
  ) );
#11386 = PCURVE('',#6704,#11387);
#11387 = DEFINITIONAL_REPRESENTATION('',(#11388),#11392);
#11388 = LINE('',#11389,#11390);
#11389 = CARTESIAN_POINT('',(1.570796326795,0.));
#11390 = VECTOR('',#11391,1.);
#11391 = DIRECTION('',(0.,1.));
#11392 = ( GEOMETRIC_REPRESENTATION_CONTEXT(2) 
PARAMETRIC_REPRESENTATION_CONTEXT() REPRESENTATION_CONTEXT('2D SPACE',''
  ) );
#11393 = ORIENTED_EDGE('',*,*,#6618,.F.);
#11394 = ORIENTED_EDGE('',*,*,#11395,.T.);
#11395 = EDGE_CURVE('',#6566,#10146,#11396,.T.);
#11396 = SURFACE_CURVE('',#11397,(#11401,#11408),.PCURVE_S1.);
#11397 = LINE('',#11398,#11399);
#11398 = CARTESIAN_POINT('',(9.,-1.8,14.25));
#11399 = VECTOR('',#11400,1.);
#11400 = DIRECTION('',(0.,1.,0.));
#11401 = PCURVE('',#4894,#11402);
#11402 = DEFINITIONAL_REPRESENTATION('',(#11403),#11407);
#11403 = LINE('',#11404,#11405);
#11404 = CARTESIAN_POINT('',(23.25,0.));
#11405 = VECTOR('',#11406,1.);
#11406 = DIRECTION('',(0.,1.));
#11407 = ( GEOMETRIC_REPRESENTATION_CONTEXT(2) 
PARAMETRIC_REPRESENTATION_CONTEXT() REPRESENTATION_CONTEXT('2D SPACE',''
  ) );
#11408 = PCURVE('',#6602,#11409);
#11409 = DEFINITIONAL_REPRESENTATION('',(#11410),#11414);
#11410 = LINE('',#11411,#11412);
#11411 = CARTESIAN_POINT('',(-1.570796326795,0.));
#11412 = VECTOR('',#11413,1.);
#11413 = DIRECTION('',(-0.,1.));
#11414 = ( GEOMETRIC_REPRESENTATION_CONTEXT(2) 
PARAMETRIC_REPRESENTATION_CONTEXT() REPRESENTATION_CONTEXT('2D SPACE',''
  ) );
#11415 = ORIENTED_EDGE('',*,*,#10214,.T.);
#11416 = FACE_BOUND('',#11417,.T.);
#11417 = EDGE_LOOP('',(#11418,#11419,#11440,#11464,#11485,#11509,#11530,
    #11552));
#11418 = ORIENTED_EDGE('',*,*,#11348,.F.);
#11419 = ORIENTED_EDGE('',*,*,#11420,.T.);
#11420 = EDGE_CURVE('',#11324,#11421,#11423,.T.);
#11421 = VERTEX_POINT('',#11422);
#11422 = CARTESIAN_POINT('',(0.3,7.,14.25));
#11423 = SURFACE_CURVE('',#11424,(#11428,#11434),.PCURVE_S1.);
#11424 = LINE('',#11425,#11426);
#11425 = CARTESIAN_POINT('',(0.3,-0.9,14.25));
#11426 = VECTOR('',#11427,1.);
#11427 = DIRECTION('',(0.,1.,0.));
#11428 = PCURVE('',#4894,#11429);
#11429 = DEFINITIONAL_REPRESENTATION('',(#11430),#11433);
#11430 = B_SPLINE_CURVE_WITH_KNOTS('',1,(#11431,#11432),.UNSPECIFIED.,
  .F.,.F.,(2,2),(1.9,7.9),.PIECEWISE_BEZIER_KNOTS.);
#11431 = CARTESIAN_POINT('',(14.55,2.8));
#11432 = CARTESIAN_POINT('',(14.55,8.8));
#11433 = ( GEOMETRIC_REPRESENTATION_CONTEXT(2) 
PARAMETRIC_REPRESENTATION_CONTEXT() REPRESENTATION_CONTEXT('2D SPACE',''
  ) );
#11434 = PCURVE('',#11005,#11435);
#11435 = DEFINITIONAL_REPRESENTATION('',(#11436),#11439);
#11436 = B_SPLINE_CURVE_WITH_KNOTS('',1,(#11437,#11438),.UNSPECIFIED.,
  .F.,.F.,(2,2),(1.9,7.9),.PIECEWISE_BEZIER_KNOTS.);
#11437 = CARTESIAN_POINT('',(4.25,-1.));
#11438 = CARTESIAN_POINT('',(4.25,-7.));
#11439 = ( GEOMETRIC_REPRESENTATION_CONTEXT(2) 
PARAMETRIC_REPRESENTATION_CONTEXT() REPRESENTATION_CONTEXT('2D SPACE',''
  ) );
#11440 = ORIENTED_EDGE('',*,*,#11441,.F.);
#11441 = EDGE_CURVE('',#11442,#11421,#11444,.T.);
#11442 = VERTEX_POINT('',#11443);
#11443 = CARTESIAN_POINT('',(1.3,8.,14.25));
#11444 = SURFACE_CURVE('',#11445,(#11450,#11457),.PCURVE_S1.);
#11445 = CIRCLE('',#11446,1.);
#11446 = AXIS2_PLACEMENT_3D('',#11447,#11448,#11449);
#11447 = CARTESIAN_POINT('',(1.3,7.,14.25));
#11448 = DIRECTION('',(0.,0.,1.));
#11449 = DIRECTION('',(-1.,-0.,0.));
#11450 = PCURVE('',#4894,#11451);
#11451 = DEFINITIONAL_REPRESENTATION('',(#11452),#11456);
#11452 = CIRCLE('',#11453,1.);
#11453 = AXIS2_PLACEMENT_2D('',#11454,#11455);
#11454 = CARTESIAN_POINT('',(15.55,8.8));
#11455 = DIRECTION('',(-1.,0.));
#11456 = ( GEOMETRIC_REPRESENTATION_CONTEXT(2) 
PARAMETRIC_REPRESENTATION_CONTEXT() REPRESENTATION_CONTEXT('2D SPACE',''
  ) );
#11457 = PCURVE('',#11033,#11458);
#11458 = DEFINITIONAL_REPRESENTATION('',(#11459),#11463);
#11459 = LINE('',#11460,#11461);
#11460 = CARTESIAN_POINT('',(-6.28318530718,4.25));
#11461 = VECTOR('',#11462,1.);
#11462 = DIRECTION('',(1.,-0.));
#11463 = ( GEOMETRIC_REPRESENTATION_CONTEXT(2) 
PARAMETRIC_REPRESENTATION_CONTEXT() REPRESENTATION_CONTEXT('2D SPACE',''
  ) );
#11464 = ORIENTED_EDGE('',*,*,#11465,.F.);
#11465 = EDGE_CURVE('',#11466,#11442,#11468,.T.);
#11466 = VERTEX_POINT('',#11467);
#11467 = CARTESIAN_POINT('',(6.7,8.,14.25));
#11468 = SURFACE_CURVE('',#11469,(#11473,#11479),.PCURVE_S1.);
#11469 = LINE('',#11470,#11471);
#11470 = CARTESIAN_POINT('',(-6.975,8.,14.25));
#11471 = VECTOR('',#11472,1.);
#11472 = DIRECTION('',(-1.,0.,0.));
#11473 = PCURVE('',#4894,#11474);
#11474 = DEFINITIONAL_REPRESENTATION('',(#11475),#11478);
#11475 = B_SPLINE_CURVE_WITH_KNOTS('',1,(#11476,#11477),.UNSPECIFIED.,
  .F.,.F.,(2,2),(-13.675,-8.275),.PIECEWISE_BEZIER_KNOTS.);
#11476 = CARTESIAN_POINT('',(20.95,9.8));
#11477 = CARTESIAN_POINT('',(15.55,9.8));
#11478 = ( GEOMETRIC_REPRESENTATION_CONTEXT(2) 
PARAMETRIC_REPRESENTATION_CONTEXT() REPRESENTATION_CONTEXT('2D SPACE',''
  ) );
#11479 = PCURVE('',#11060,#11480);
#11480 = DEFINITIONAL_REPRESENTATION('',(#11481),#11484);
#11481 = B_SPLINE_CURVE_WITH_KNOTS('',1,(#11482,#11483),.UNSPECIFIED.,
  .F.,.F.,(2,2),(-13.675,-8.275),.PIECEWISE_BEZIER_KNOTS.);
#11482 = CARTESIAN_POINT('',(4.25,6.4));
#11483 = CARTESIAN_POINT('',(4.25,1.));
#11484 = ( GEOMETRIC_REPRESENTATION_CONTEXT(2) 
PARAMETRIC_REPRESENTATION_CONTEXT() REPRESENTATION_CONTEXT('2D SPACE',''
  ) );
#11485 = ORIENTED_EDGE('',*,*,#11486,.F.);
#11486 = EDGE_CURVE('',#11487,#11466,#11489,.T.);
#11487 = VERTEX_POINT('',#11488);
#11488 = CARTESIAN_POINT('',(7.7,7.,14.25));
#11489 = SURFACE_CURVE('',#11490,(#11495,#11502),.PCURVE_S1.);
#11490 = CIRCLE('',#11491,1.);
#11491 = AXIS2_PLACEMENT_3D('',#11492,#11493,#11494);
#11492 = CARTESIAN_POINT('',(6.7,7.,14.25));
#11493 = DIRECTION('',(0.,0.,1.));
#11494 = DIRECTION('',(1.,0.,-0.));
#11495 = PCURVE('',#4894,#11496);
#11496 = DEFINITIONAL_REPRESENTATION('',(#11497),#11501);
#11497 = CIRCLE('',#11498,1.);
#11498 = AXIS2_PLACEMENT_2D('',#11499,#11500);
#11499 = CARTESIAN_POINT('',(20.95,8.8));
#11500 = DIRECTION('',(1.,0.));
#11501 = ( GEOMETRIC_REPRESENTATION_CONTEXT(2) 
PARAMETRIC_REPRESENTATION_CONTEXT() REPRESENTATION_CONTEXT('2D SPACE',''
  ) );
#11502 = PCURVE('',#11088,#11503);
#11503 = DEFINITIONAL_REPRESENTATION('',(#11504),#11508);
#11504 = LINE('',#11505,#11506);
#11505 = CARTESIAN_POINT('',(0.,4.25));
#11506 = VECTOR('',#11507,1.);
#11507 = DIRECTION('',(1.,0.));
#11508 = ( GEOMETRIC_REPRESENTATION_CONTEXT(2) 
PARAMETRIC_REPRESENTATION_CONTEXT() REPRESENTATION_CONTEXT('2D SPACE',''
  ) );
#11509 = ORIENTED_EDGE('',*,*,#11510,.F.);
#11510 = EDGE_CURVE('',#11511,#11487,#11513,.T.);
#11511 = VERTEX_POINT('',#11512);
#11512 = CARTESIAN_POINT('',(7.7,1.,14.25));
#11513 = SURFACE_CURVE('',#11514,(#11518,#11524),.PCURVE_S1.);
#11514 = LINE('',#11515,#11516);
#11515 = CARTESIAN_POINT('',(7.7,-0.9,14.25));
#11516 = VECTOR('',#11517,1.);
#11517 = DIRECTION('',(0.,1.,0.));
#11518 = PCURVE('',#4894,#11519);
#11519 = DEFINITIONAL_REPRESENTATION('',(#11520),#11523);
#11520 = B_SPLINE_CURVE_WITH_KNOTS('',1,(#11521,#11522),.UNSPECIFIED.,
  .F.,.F.,(2,2),(1.9,7.9),.PIECEWISE_BEZIER_KNOTS.);
#11521 = CARTESIAN_POINT('',(21.95,2.8));
#11522 = CARTESIAN_POINT('',(21.95,8.8));
#11523 = ( GEOMETRIC_REPRESENTATION_CONTEXT(2) 
PARAMETRIC_REPRESENTATION_CONTEXT() REPRESENTATION_CONTEXT('2D SPACE',''
  ) );
#11524 = PCURVE('',#11115,#11525);
#11525 = DEFINITIONAL_REPRESENTATION('',(#11526),#11529);
#11526 = B_SPLINE_CURVE_WITH_KNOTS('',1,(#11527,#11528),.UNSPECIFIED.,
  .F.,.F.,(2,2),(1.9,7.9),.PIECEWISE_BEZIER_KNOTS.);
#11527 = CARTESIAN_POINT('',(4.25,-1.));
#11528 = CARTESIAN_POINT('',(4.25,-7.));
#11529 = ( GEOMETRIC_REPRESENTATION_CONTEXT(2) 
PARAMETRIC_REPRESENTATION_CONTEXT() REPRESENTATION_CONTEXT('2D SPACE',''
  ) );
#11530 = ORIENTED_EDGE('',*,*,#11531,.F.);
#11531 = EDGE_CURVE('',#4879,#11511,#11532,.T.);
#11532 = SURFACE_CURVE('',#11533,(#11538,#11545),.PCURVE_S1.);
#11533 = CIRCLE('',#11534,1.);
#11534 = AXIS2_PLACEMENT_3D('',#11535,#11536,#11537);
#11535 = CARTESIAN_POINT('',(6.7,1.,14.25));
#11536 = DIRECTION('',(0.,0.,1.));
#11537 = DIRECTION('',(1.,0.,-0.));
#11538 = PCURVE('',#4894,#11539);
#11539 = DEFINITIONAL_REPRESENTATION('',(#11540),#11544);
#11540 = CIRCLE('',#11541,1.);
#11541 = AXIS2_PLACEMENT_2D('',#11542,#11543);
#11542 = CARTESIAN_POINT('',(20.95,2.8));
#11543 = DIRECTION('',(1.,0.));
#11544 = ( GEOMETRIC_REPRESENTATION_CONTEXT(2) 
PARAMETRIC_REPRESENTATION_CONTEXT() REPRESENTATION_CONTEXT('2D SPACE',''
  ) );
#11545 = PCURVE('',#4921,#11546);
#11546 = DEFINITIONAL_REPRESENTATION('',(#11547),#11551);
#11547 = LINE('',#11548,#11549);
#11548 = CARTESIAN_POINT('',(-6.28318530718,4.25));
#11549 = VECTOR('',#11550,1.);
#11550 = DIRECTION('',(1.,-0.));
#11551 = ( GEOMETRIC_REPRESENTATION_CONTEXT(2) 
PARAMETRIC_REPRESENTATION_CONTEXT() REPRESENTATION_CONTEXT('2D SPACE',''
  ) );
#11552 = ORIENTED_EDGE('',*,*,#4878,.T.);
#11553 = ADVANCED_FACE('',(#11554),#4921,.F.);
#11554 = FACE_BOUND('',#11555,.T.);
#11555 = EDGE_LOOP('',(#11556,#11577,#11578,#11579));
#11556 = ORIENTED_EDGE('',*,*,#11557,.F.);
#11557 = EDGE_CURVE('',#11101,#11511,#11558,.T.);
#11558 = SURFACE_CURVE('',#11559,(#11563,#11570),.PCURVE_S1.);
#11559 = LINE('',#11560,#11561);
#11560 = CARTESIAN_POINT('',(7.7,1.,10.));
#11561 = VECTOR('',#11562,1.);
#11562 = DIRECTION('',(0.,0.,1.));
#11563 = PCURVE('',#4921,#11564);
#11564 = DEFINITIONAL_REPRESENTATION('',(#11565),#11569);
#11565 = LINE('',#11566,#11567);
#11566 = CARTESIAN_POINT('',(-0.,0.));
#11567 = VECTOR('',#11568,1.);
#11568 = DIRECTION('',(-0.,1.));
#11569 = ( GEOMETRIC_REPRESENTATION_CONTEXT(2) 
PARAMETRIC_REPRESENTATION_CONTEXT() REPRESENTATION_CONTEXT('2D SPACE',''
  ) );
#11570 = PCURVE('',#11115,#11571);
#11571 = DEFINITIONAL_REPRESENTATION('',(#11572),#11576);
#11572 = LINE('',#11573,#11574);
#11573 = CARTESIAN_POINT('',(0.,-1.));
#11574 = VECTOR('',#11575,1.);
#11575 = DIRECTION('',(1.,0.));
#11576 = ( GEOMETRIC_REPRESENTATION_CONTEXT(2) 
PARAMETRIC_REPRESENTATION_CONTEXT() REPRESENTATION_CONTEXT('2D SPACE',''
  ) );
#11577 = ORIENTED_EDGE('',*,*,#11126,.F.);
#11578 = ORIENTED_EDGE('',*,*,#4905,.T.);
#11579 = ORIENTED_EDGE('',*,*,#11531,.T.);
#11580 = ADVANCED_FACE('',(#11581),#5539,.T.);
#11581 = FACE_BOUND('',#11582,.T.);
#11582 = EDGE_LOOP('',(#11583,#11606,#11633,#11634));
#11583 = ORIENTED_EDGE('',*,*,#11584,.F.);
#11584 = EDGE_CURVE('',#11585,#5476,#11587,.T.);
#11585 = VERTEX_POINT('',#11586);
#11586 = CARTESIAN_POINT('',(12.25,5.2,-19.35));
#11587 = SURFACE_CURVE('',#11588,(#11592,#11599),.PCURVE_S1.);
#11588 = LINE('',#11589,#11590);
#11589 = CARTESIAN_POINT('',(12.25,5.2,-19.75));
#11590 = VECTOR('',#11591,1.);
#11591 = DIRECTION('',(0.,0.,1.));
#11592 = PCURVE('',#5539,#11593);
#11593 = DEFINITIONAL_REPRESENTATION('',(#11594),#11598);
#11594 = LINE('',#11595,#11596);
#11595 = CARTESIAN_POINT('',(0.,0.));
#11596 = VECTOR('',#11597,1.);
#11597 = DIRECTION('',(0.,1.));
#11598 = ( GEOMETRIC_REPRESENTATION_CONTEXT(2) 
PARAMETRIC_REPRESENTATION_CONTEXT() REPRESENTATION_CONTEXT('2D SPACE',''
  ) );
#11599 = PCURVE('',#5490,#11600);
#11600 = DEFINITIONAL_REPRESENTATION('',(#11601),#11605);
#11601 = LINE('',#11602,#11603);
#11602 = CARTESIAN_POINT('',(0.,-7.));
#11603 = VECTOR('',#11604,1.);
#11604 = DIRECTION('',(1.,0.));
#11605 = ( GEOMETRIC_REPRESENTATION_CONTEXT(2) 
PARAMETRIC_REPRESENTATION_CONTEXT() REPRESENTATION_CONTEXT('2D SPACE',''
  ) );
#11606 = ORIENTED_EDGE('',*,*,#11607,.F.);
#11607 = EDGE_CURVE('',#5591,#11585,#11608,.T.);
#11608 = SURFACE_CURVE('',#11609,(#11614,#11621),.PCURVE_S1.);
#11609 = CIRCLE('',#11610,1.5);
#11610 = AXIS2_PLACEMENT_3D('',#11611,#11612,#11613);
#11611 = CARTESIAN_POINT('',(10.75,5.2,-19.35));
#11612 = DIRECTION('',(0.,-0.,-1.));
#11613 = DIRECTION('',(0.,1.,-0.));
#11614 = PCURVE('',#5539,#11615);
#11615 = DEFINITIONAL_REPRESENTATION('',(#11616),#11620);
#11616 = LINE('',#11617,#11618);
#11617 = CARTESIAN_POINT('',(1.570796326795,0.4));
#11618 = VECTOR('',#11619,1.);
#11619 = DIRECTION('',(-1.,-0.));
#11620 = ( GEOMETRIC_REPRESENTATION_CONTEXT(2) 
PARAMETRIC_REPRESENTATION_CONTEXT() REPRESENTATION_CONTEXT('2D SPACE',''
  ) );
#11621 = PCURVE('',#11622,#11627);
#11622 = CONICAL_SURFACE('',#11623,1.5,0.785398163397);
#11623 = AXIS2_PLACEMENT_3D('',#11624,#11625,#11626);
#11624 = CARTESIAN_POINT('',(10.75,5.2,-19.35));
#11625 = DIRECTION('',(0.,0.,1.));
#11626 = DIRECTION('',(0.,1.,0.));
#11627 = DEFINITIONAL_REPRESENTATION('',(#11628),#11632);
#11628 = LINE('',#11629,#11630);
#11629 = CARTESIAN_POINT('',(-0.,-0.));
#11630 = VECTOR('',#11631,1.);
#11631 = DIRECTION('',(-1.,-0.));
#11632 = ( GEOMETRIC_REPRESENTATION_CONTEXT(2) 
PARAMETRIC_REPRESENTATION_CONTEXT() REPRESENTATION_CONTEXT('2D SPACE',''
  ) );
#11633 = ORIENTED_EDGE('',*,*,#5641,.T.);
#11634 = ORIENTED_EDGE('',*,*,#5501,.F.);
#11635 = ADVANCED_FACE('',(#11636),#5490,.T.);
#11636 = FACE_BOUND('',#11637,.T.);
#11637 = EDGE_LOOP('',(#11638,#11639,#11665,#11666));
#11638 = ORIENTED_EDGE('',*,*,#6376,.F.);
#11639 = ORIENTED_EDGE('',*,*,#11640,.F.);
#11640 = EDGE_CURVE('',#11585,#6377,#11641,.T.);
#11641 = SURFACE_CURVE('',#11642,(#11646,#11653),.PCURVE_S1.);
#11642 = LINE('',#11643,#11644);
#11643 = CARTESIAN_POINT('',(12.25,5.2,-19.35));
#11644 = VECTOR('',#11645,1.);
#11645 = DIRECTION('',(-0.,-1.,-0.));
#11646 = PCURVE('',#5490,#11647);
#11647 = DEFINITIONAL_REPRESENTATION('',(#11648),#11652);
#11648 = LINE('',#11649,#11650);
#11649 = CARTESIAN_POINT('',(0.4,-7.));
#11650 = VECTOR('',#11651,1.);
#11651 = DIRECTION('',(-0.,1.));
#11652 = ( GEOMETRIC_REPRESENTATION_CONTEXT(2) 
PARAMETRIC_REPRESENTATION_CONTEXT() REPRESENTATION_CONTEXT('2D SPACE',''
  ) );
#11653 = PCURVE('',#11654,#11659);
#11654 = PLANE('',#11655);
#11655 = AXIS2_PLACEMENT_3D('',#11656,#11657,#11658);
#11656 = CARTESIAN_POINT('',(12.05,5.2,-19.55));
#11657 = DIRECTION('',(-0.707106781187,0.,0.707106781187));
#11658 = DIRECTION('',(0.,1.,-0.));
#11659 = DEFINITIONAL_REPRESENTATION('',(#11660),#11664);
#11660 = LINE('',#11661,#11662);
#11661 = CARTESIAN_POINT('',(-0.,-0.282842712475));
#11662 = VECTOR('',#11663,1.);
#11663 = DIRECTION('',(-1.,0.));
#11664 = ( GEOMETRIC_REPRESENTATION_CONTEXT(2) 
PARAMETRIC_REPRESENTATION_CONTEXT() REPRESENTATION_CONTEXT('2D SPACE',''
  ) );
#11665 = ORIENTED_EDGE('',*,*,#11584,.T.);
#11666 = ORIENTED_EDGE('',*,*,#5475,.F.);
#11667 = ADVANCED_FACE('',(#11668,#11694),#5404,.T.);
#11668 = FACE_BOUND('',#11669,.T.);
#11669 = EDGE_LOOP('',(#11670,#11671,#11672,#11693));
#11670 = ORIENTED_EDGE('',*,*,#5388,.T.);
#11671 = ORIENTED_EDGE('',*,*,#10119,.T.);
#11672 = ORIENTED_EDGE('',*,*,#11673,.F.);
#11673 = EDGE_CURVE('',#6517,#10099,#11674,.T.);
#11674 = SURFACE_CURVE('',#11675,(#11679,#11686),.PCURVE_S1.);
#11675 = LINE('',#11676,#11677);
#11676 = CARTESIAN_POINT('',(14.25,-1.8,9.));
#11677 = VECTOR('',#11678,1.);
#11678 = DIRECTION('',(0.,1.,0.));
#11679 = PCURVE('',#5404,#11680);
#11680 = DEFINITIONAL_REPRESENTATION('',(#11681),#11685);
#11681 = LINE('',#11682,#11683);
#11682 = CARTESIAN_POINT('',(23.25,0.));
#11683 = VECTOR('',#11684,1.);
#11684 = DIRECTION('',(0.,-1.));
#11685 = ( GEOMETRIC_REPRESENTATION_CONTEXT(2) 
PARAMETRIC_REPRESENTATION_CONTEXT() REPRESENTATION_CONTEXT('2D SPACE',''
  ) );
#11686 = PCURVE('',#6602,#11687);
#11687 = DEFINITIONAL_REPRESENTATION('',(#11688),#11692);
#11688 = LINE('',#11689,#11690);
#11689 = CARTESIAN_POINT('',(-0.,0.));
#11690 = VECTOR('',#11691,1.);
#11691 = DIRECTION('',(-0.,1.));
#11692 = ( GEOMETRIC_REPRESENTATION_CONTEXT(2) 
PARAMETRIC_REPRESENTATION_CONTEXT() REPRESENTATION_CONTEXT('2D SPACE',''
  ) );
#11693 = ORIENTED_EDGE('',*,*,#6516,.F.);
#11694 = FACE_BOUND('',#11695,.T.);
#11695 = EDGE_LOOP('',(#11696));
#11696 = ORIENTED_EDGE('',*,*,#11697,.T.);
#11697 = EDGE_CURVE('',#11698,#11698,#11700,.T.);
#11698 = VERTEX_POINT('',#11699);
#11699 = CARTESIAN_POINT('',(14.25,4.6,7.));
#11700 = SURFACE_CURVE('',#11701,(#11706,#11717),.PCURVE_S1.);
#11701 = CIRCLE('',#11702,1.7);
#11702 = AXIS2_PLACEMENT_3D('',#11703,#11704,#11705);
#11703 = CARTESIAN_POINT('',(14.25,2.9,7.));
#11704 = DIRECTION('',(-1.,0.,0.));
#11705 = DIRECTION('',(0.,1.,0.));
#11706 = PCURVE('',#5404,#11707);
#11707 = DEFINITIONAL_REPRESENTATION('',(#11708),#11716);
#11708 = ( BOUNDED_CURVE() B_SPLINE_CURVE(2,(#11709,#11710,#11711,#11712
    ,#11713,#11714,#11715),.UNSPECIFIED.,.T.,.F.) 
B_SPLINE_CURVE_WITH_KNOTS((1,2,2,2,2,1),(-2.094395102393,0.,
    2.094395102393,4.188790204786,6.28318530718,8.377580409573),
.UNSPECIFIED.) CURVE() GEOMETRIC_REPRESENTATION_ITEM() 
RATIONAL_B_SPLINE_CURVE((1.,0.5,1.,0.5,1.,0.5,1.)) REPRESENTATION_ITEM(
  '') );
#11709 = CARTESIAN_POINT('',(21.25,-6.4));
#11710 = CARTESIAN_POINT('',(18.305513627133,-6.4));
#11711 = CARTESIAN_POINT('',(19.777756813566,-3.85));
#11712 = CARTESIAN_POINT('',(21.25,-1.3));
#11713 = CARTESIAN_POINT('',(22.722243186434,-3.85));
#11714 = CARTESIAN_POINT('',(24.194486372867,-6.4));
#11715 = CARTESIAN_POINT('',(21.25,-6.4));
#11716 = ( GEOMETRIC_REPRESENTATION_CONTEXT(2) 
PARAMETRIC_REPRESENTATION_CONTEXT() REPRESENTATION_CONTEXT('2D SPACE',''
  ) );
#11717 = PCURVE('',#11247,#11718);
#11718 = DEFINITIONAL_REPRESENTATION('',(#11719),#11723);
#11719 = LINE('',#11720,#11721);
#11720 = CARTESIAN_POINT('',(-6.28318530718,-4.));
#11721 = VECTOR('',#11722,1.);
#11722 = DIRECTION('',(1.,-0.));
#11723 = ( GEOMETRIC_REPRESENTATION_CONTEXT(2) 
PARAMETRIC_REPRESENTATION_CONTEXT() REPRESENTATION_CONTEXT('2D SPACE',''
  ) );
#11724 = ADVANCED_FACE('',(#11725),#5606,.F.);
#11725 = FACE_BOUND('',#11726,.T.);
#11726 = EDGE_LOOP('',(#11727,#11748,#11749,#11770));
#11727 = ORIENTED_EDGE('',*,*,#11728,.F.);
#11728 = EDGE_CURVE('',#5589,#11729,#11731,.T.);
#11729 = VERTEX_POINT('',#11730);
#11730 = CARTESIAN_POINT('',(6.75,6.3,-19.75));
#11731 = SURFACE_CURVE('',#11732,(#11736,#11742),.PCURVE_S1.);
#11732 = LINE('',#11733,#11734);
#11733 = CARTESIAN_POINT('',(6.75,6.7,-19.35));
#11734 = VECTOR('',#11735,1.);
#11735 = DIRECTION('',(4.329780281177E-17,-0.707106781187,
    -0.707106781187));
#11736 = PCURVE('',#5606,#11737);
#11737 = DEFINITIONAL_REPRESENTATION('',(#11738),#11741);
#11738 = B_SPLINE_CURVE_WITH_KNOTS('',1,(#11739,#11740),.UNSPECIFIED.,
  .F.,.F.,(2,2),(0.,0.565685424949),.PIECEWISE_BEZIER_KNOTS.);
#11739 = CARTESIAN_POINT('',(0.,-0.282842712475));
#11740 = CARTESIAN_POINT('',(0.,0.282842712475));
#11741 = ( GEOMETRIC_REPRESENTATION_CONTEXT(2) 
PARAMETRIC_REPRESENTATION_CONTEXT() REPRESENTATION_CONTEXT('2D SPACE',''
  ) );
#11742 = PCURVE('',#5703,#11743);
#11743 = DEFINITIONAL_REPRESENTATION('',(#11744),#11747);
#11744 = B_SPLINE_CURVE_WITH_KNOTS('',1,(#11745,#11746),.UNSPECIFIED.,
  .F.,.F.,(2,2),(0.,0.565685424949),.PIECEWISE_BEZIER_KNOTS.);
#11745 = CARTESIAN_POINT('',(-1.570796326795,0.));
#11746 = CARTESIAN_POINT('',(-1.570796326795,-0.4));
#11747 = ( GEOMETRIC_REPRESENTATION_CONTEXT(2) 
PARAMETRIC_REPRESENTATION_CONTEXT() REPRESENTATION_CONTEXT('2D SPACE',''
  ) );
#11748 = ORIENTED_EDGE('',*,*,#5588,.T.);
#11749 = ORIENTED_EDGE('',*,*,#11750,.T.);
#11750 = EDGE_CURVE('',#5591,#11751,#11753,.T.);
#11751 = VERTEX_POINT('',#11752);
#11752 = CARTESIAN_POINT('',(10.75,6.3,-19.75));
#11753 = SURFACE_CURVE('',#11754,(#11758,#11764),.PCURVE_S1.);
#11754 = LINE('',#11755,#11756);
#11755 = CARTESIAN_POINT('',(10.75,6.5,-19.55));
#11756 = VECTOR('',#11757,1.);
#11757 = DIRECTION('',(0.,-0.707106781187,-0.707106781187));
#11758 = PCURVE('',#5606,#11759);
#11759 = DEFINITIONAL_REPRESENTATION('',(#11760),#11763);
#11760 = B_SPLINE_CURVE_WITH_KNOTS('',1,(#11761,#11762),.UNSPECIFIED.,
  .F.,.F.,(2,2),(-0.282842712475,0.282842712475),
  .PIECEWISE_BEZIER_KNOTS.);
#11761 = CARTESIAN_POINT('',(-4.,-0.282842712475));
#11762 = CARTESIAN_POINT('',(-4.,0.282842712475));
#11763 = ( GEOMETRIC_REPRESENTATION_CONTEXT(2) 
PARAMETRIC_REPRESENTATION_CONTEXT() REPRESENTATION_CONTEXT('2D SPACE',''
  ) );
#11764 = PCURVE('',#11622,#11765);
#11765 = DEFINITIONAL_REPRESENTATION('',(#11766),#11769);
#11766 = B_SPLINE_CURVE_WITH_KNOTS('',1,(#11767,#11768),.UNSPECIFIED.,
  .F.,.F.,(2,2),(-0.282842712475,0.282842712475),
  .PIECEWISE_BEZIER_KNOTS.);
#11767 = CARTESIAN_POINT('',(0.,0.));
#11768 = CARTESIAN_POINT('',(0.,-0.4));
#11769 = ( GEOMETRIC_REPRESENTATION_CONTEXT(2) 
PARAMETRIC_REPRESENTATION_CONTEXT() REPRESENTATION_CONTEXT('2D SPACE',''
  ) );
#11770 = ORIENTED_EDGE('',*,*,#11771,.F.);
#11771 = EDGE_CURVE('',#11729,#11751,#11772,.T.);
#11772 = SURFACE_CURVE('',#11773,(#11777,#11784),.PCURVE_S1.);
#11773 = LINE('',#11774,#11775);
#11774 = CARTESIAN_POINT('',(6.75,6.3,-19.75));
#11775 = VECTOR('',#11776,1.);
#11776 = DIRECTION('',(1.,0.,0.));
#11777 = PCURVE('',#5606,#11778);
#11778 = DEFINITIONAL_REPRESENTATION('',(#11779),#11783);
#11779 = LINE('',#11780,#11781);
#11780 = CARTESIAN_POINT('',(-0.,0.282842712475));
#11781 = VECTOR('',#11782,1.);
#11782 = DIRECTION('',(-1.,0.));
#11783 = ( GEOMETRIC_REPRESENTATION_CONTEXT(2) 
PARAMETRIC_REPRESENTATION_CONTEXT() REPRESENTATION_CONTEXT('2D SPACE',''
  ) );
#11784 = PCURVE('',#6361,#11785);
#11785 = DEFINITIONAL_REPRESENTATION('',(#11786),#11790);
#11786 = LINE('',#11787,#11788);
#11787 = CARTESIAN_POINT('',(1.5,8.1));
#11788 = VECTOR('',#11789,1.);
#11789 = DIRECTION('',(1.,0.));
#11790 = ( GEOMETRIC_REPRESENTATION_CONTEXT(2) 
PARAMETRIC_REPRESENTATION_CONTEXT() REPRESENTATION_CONTEXT('2D SPACE',''
  ) );
#11791 = ADVANCED_FACE('',(#11792),#5703,.T.);
#11792 = FACE_BOUND('',#11793,.T.);
#11793 = EDGE_LOOP('',(#11794,#11815,#11816,#11817));
#11794 = ORIENTED_EDGE('',*,*,#11795,.F.);
#11795 = EDGE_CURVE('',#5666,#11796,#11798,.T.);
#11796 = VERTEX_POINT('',#11797);
#11797 = CARTESIAN_POINT('',(5.65,5.2,-19.75));
#11798 = SURFACE_CURVE('',#11799,(#11803,#11809),.PCURVE_S1.);
#11799 = LINE('',#11800,#11801);
#11800 = CARTESIAN_POINT('',(5.45,5.2,-19.55));
#11801 = VECTOR('',#11802,1.);
#11802 = DIRECTION('',(0.707106781187,0.,-0.707106781187));
#11803 = PCURVE('',#5703,#11804);
#11804 = DEFINITIONAL_REPRESENTATION('',(#11805),#11808);
#11805 = B_SPLINE_CURVE_WITH_KNOTS('',1,(#11806,#11807),.UNSPECIFIED.,
  .F.,.F.,(2,2),(-0.282842712475,0.282842712475),
  .PIECEWISE_BEZIER_KNOTS.);
#11806 = CARTESIAN_POINT('',(0.,0.));
#11807 = CARTESIAN_POINT('',(0.,-0.4));
#11808 = ( GEOMETRIC_REPRESENTATION_CONTEXT(2) 
PARAMETRIC_REPRESENTATION_CONTEXT() REPRESENTATION_CONTEXT('2D SPACE',''
  ) );
#11809 = PCURVE('',#5757,#11810);
#11810 = DEFINITIONAL_REPRESENTATION('',(#11811),#11814);
#11811 = B_SPLINE_CURVE_WITH_KNOTS('',1,(#11812,#11813),.UNSPECIFIED.,
  .F.,.F.,(2,2),(-0.282842712475,0.282842712475),
  .PIECEWISE_BEZIER_KNOTS.);
#11812 = CARTESIAN_POINT('',(5.5,-0.282842712475));
#11813 = CARTESIAN_POINT('',(5.5,0.282842712475));
#11814 = ( GEOMETRIC_REPRESENTATION_CONTEXT(2) 
PARAMETRIC_REPRESENTATION_CONTEXT() REPRESENTATION_CONTEXT('2D SPACE',''
  ) );
#11815 = ORIENTED_EDGE('',*,*,#5688,.T.);
#11816 = ORIENTED_EDGE('',*,*,#11728,.T.);
#11817 = ORIENTED_EDGE('',*,*,#11818,.F.);
#11818 = EDGE_CURVE('',#11796,#11729,#11819,.T.);
#11819 = SURFACE_CURVE('',#11820,(#11825,#11832),.PCURVE_S1.);
#11820 = CIRCLE('',#11821,1.1);
#11821 = AXIS2_PLACEMENT_3D('',#11822,#11823,#11824);
#11822 = CARTESIAN_POINT('',(6.75,5.2,-19.75));
#11823 = DIRECTION('',(-0.,0.,-1.));
#11824 = DIRECTION('',(-1.,0.,0.));
#11825 = PCURVE('',#5703,#11826);
#11826 = DEFINITIONAL_REPRESENTATION('',(#11827),#11831);
#11827 = LINE('',#11828,#11829);
#11828 = CARTESIAN_POINT('',(-0.,-0.4));
#11829 = VECTOR('',#11830,1.);
#11830 = DIRECTION('',(-1.,-0.));
#11831 = ( GEOMETRIC_REPRESENTATION_CONTEXT(2) 
PARAMETRIC_REPRESENTATION_CONTEXT() REPRESENTATION_CONTEXT('2D SPACE',''
  ) );
#11832 = PCURVE('',#6361,#11833);
#11833 = DEFINITIONAL_REPRESENTATION('',(#11834),#11842);
#11834 = ( BOUNDED_CURVE() B_SPLINE_CURVE(2,(#11835,#11836,#11837,#11838
    ,#11839,#11840,#11841),.UNSPECIFIED.,.T.,.F.) 
B_SPLINE_CURVE_WITH_KNOTS((1,2,2,2,2,1),(-2.094395102393,0.,
    2.094395102393,4.188790204786,6.28318530718,8.377580409573),
.UNSPECIFIED.) CURVE() GEOMETRIC_REPRESENTATION_ITEM() 
RATIONAL_B_SPLINE_CURVE((1.,0.5,1.,0.5,1.,0.5,1.)) REPRESENTATION_ITEM(
  '') );
#11835 = CARTESIAN_POINT('',(0.4,7.));
#11836 = CARTESIAN_POINT('',(0.4,8.905255888326));
#11837 = CARTESIAN_POINT('',(2.05,7.952627944163));
#11838 = CARTESIAN_POINT('',(3.7,7.));
#11839 = CARTESIAN_POINT('',(2.05,6.047372055837));
#11840 = CARTESIAN_POINT('',(0.4,5.094744111674));
#11841 = CARTESIAN_POINT('',(0.4,7.));
#11842 = ( GEOMETRIC_REPRESENTATION_CONTEXT(2) 
PARAMETRIC_REPRESENTATION_CONTEXT() REPRESENTATION_CONTEXT('2D SPACE',''
  ) );
#11843 = ADVANCED_FACE('',(#11844),#5757,.T.);
#11844 = FACE_BOUND('',#11845,.T.);
#11845 = EDGE_LOOP('',(#11846,#11867,#11868,#11869));
#11846 = ORIENTED_EDGE('',*,*,#11847,.F.);
#11847 = EDGE_CURVE('',#5721,#11848,#11850,.T.);
#11848 = VERTEX_POINT('',#11849);
#11849 = CARTESIAN_POINT('',(5.65,-0.3,-19.75));
#11850 = SURFACE_CURVE('',#11851,(#11855,#11861),.PCURVE_S1.);
#11851 = LINE('',#11852,#11853);
#11852 = CARTESIAN_POINT('',(5.45,-0.3,-19.55));
#11853 = VECTOR('',#11854,1.);
#11854 = DIRECTION('',(0.707106781187,0.,-0.707106781187));
#11855 = PCURVE('',#5757,#11856);
#11856 = DEFINITIONAL_REPRESENTATION('',(#11857),#11860);
#11857 = B_SPLINE_CURVE_WITH_KNOTS('',1,(#11858,#11859),.UNSPECIFIED.,
  .F.,.F.,(2,2),(-0.282842712475,0.282842712475),
  .PIECEWISE_BEZIER_KNOTS.);
#11858 = CARTESIAN_POINT('',(0.,-0.282842712475));
#11859 = CARTESIAN_POINT('',(0.,0.282842712475));
#11860 = ( GEOMETRIC_REPRESENTATION_CONTEXT(2) 
PARAMETRIC_REPRESENTATION_CONTEXT() REPRESENTATION_CONTEXT('2D SPACE',''
  ) );
#11861 = PCURVE('',#5790,#11862);
#11862 = DEFINITIONAL_REPRESENTATION('',(#11863),#11866);
#11863 = B_SPLINE_CURVE_WITH_KNOTS('',1,(#11864,#11865),.UNSPECIFIED.,
  .F.,.F.,(2,2),(-0.282842712475,0.282842712475),
  .PIECEWISE_BEZIER_KNOTS.);
#11864 = CARTESIAN_POINT('',(-1.570796326795,0.));
#11865 = CARTESIAN_POINT('',(-1.570796326795,-0.4));
#11866 = ( GEOMETRIC_REPRESENTATION_CONTEXT(2) 
PARAMETRIC_REPRESENTATION_CONTEXT() REPRESENTATION_CONTEXT('2D SPACE',''
  ) );
#11867 = ORIENTED_EDGE('',*,*,#5743,.T.);
#11868 = ORIENTED_EDGE('',*,*,#11795,.T.);
#11869 = ORIENTED_EDGE('',*,*,#11870,.F.);
#11870 = EDGE_CURVE('',#11848,#11796,#11871,.T.);
#11871 = SURFACE_CURVE('',#11872,(#11876,#11883),.PCURVE_S1.);
#11872 = LINE('',#11873,#11874);
#11873 = CARTESIAN_POINT('',(5.65,-0.3,-19.75));
#11874 = VECTOR('',#11875,1.);
#11875 = DIRECTION('',(0.,1.,0.));
#11876 = PCURVE('',#5757,#11877);
#11877 = DEFINITIONAL_REPRESENTATION('',(#11878),#11882);
#11878 = LINE('',#11879,#11880);
#11879 = CARTESIAN_POINT('',(0.,0.282842712475));
#11880 = VECTOR('',#11881,1.);
#11881 = DIRECTION('',(1.,0.));
#11882 = ( GEOMETRIC_REPRESENTATION_CONTEXT(2) 
PARAMETRIC_REPRESENTATION_CONTEXT() REPRESENTATION_CONTEXT('2D SPACE',''
  ) );
#11883 = PCURVE('',#6361,#11884);
#11884 = DEFINITIONAL_REPRESENTATION('',(#11885),#11889);
#11885 = LINE('',#11886,#11887);
#11886 = CARTESIAN_POINT('',(0.4,1.5));
#11887 = VECTOR('',#11888,1.);
#11888 = DIRECTION('',(0.,1.));
#11889 = ( GEOMETRIC_REPRESENTATION_CONTEXT(2) 
PARAMETRIC_REPRESENTATION_CONTEXT() REPRESENTATION_CONTEXT('2D SPACE',''
  ) );
#11890 = ADVANCED_FACE('',(#11891),#5790,.T.);
#11891 = FACE_BOUND('',#11892,.T.);
#11892 = EDGE_LOOP('',(#11893,#11894,#11895,#11896));
#11893 = ORIENTED_EDGE('',*,*,#6326,.F.);
#11894 = ORIENTED_EDGE('',*,*,#5775,.T.);
#11895 = ORIENTED_EDGE('',*,*,#11847,.T.);
#11896 = ORIENTED_EDGE('',*,*,#11897,.F.);
#11897 = EDGE_CURVE('',#6327,#11848,#11898,.T.);
#11898 = SURFACE_CURVE('',#11899,(#11904,#11911),.PCURVE_S1.);
#11899 = CIRCLE('',#11900,1.1);
#11900 = AXIS2_PLACEMENT_3D('',#11901,#11902,#11903);
#11901 = CARTESIAN_POINT('',(6.75,-0.3,-19.75));
#11902 = DIRECTION('',(-0.,-0.,-1.));
#11903 = DIRECTION('',(0.,-1.,0.));
#11904 = PCURVE('',#5790,#11905);
#11905 = DEFINITIONAL_REPRESENTATION('',(#11906),#11910);
#11906 = LINE('',#11907,#11908);
#11907 = CARTESIAN_POINT('',(-0.,-0.4));
#11908 = VECTOR('',#11909,1.);
#11909 = DIRECTION('',(-1.,-0.));
#11910 = ( GEOMETRIC_REPRESENTATION_CONTEXT(2) 
PARAMETRIC_REPRESENTATION_CONTEXT() REPRESENTATION_CONTEXT('2D SPACE',''
  ) );
#11911 = PCURVE('',#6361,#11912);
#11912 = DEFINITIONAL_REPRESENTATION('',(#11913),#11921);
#11913 = ( BOUNDED_CURVE() B_SPLINE_CURVE(2,(#11914,#11915,#11916,#11917
    ,#11918,#11919,#11920),.UNSPECIFIED.,.T.,.F.) 
B_SPLINE_CURVE_WITH_KNOTS((1,2,2,2,2,1),(-2.094395102393,0.,
    2.094395102393,4.188790204786,6.28318530718,8.377580409573),
.UNSPECIFIED.) CURVE() GEOMETRIC_REPRESENTATION_ITEM() 
RATIONAL_B_SPLINE_CURVE((1.,0.5,1.,0.5,1.,0.5,1.)) REPRESENTATION_ITEM(
  '') );
#11914 = CARTESIAN_POINT('',(1.5,0.4));
#11915 = CARTESIAN_POINT('',(-0.405255888326,0.4));
#11916 = CARTESIAN_POINT('',(0.547372055837,2.05));
#11917 = CARTESIAN_POINT('',(1.5,3.7));
#11918 = CARTESIAN_POINT('',(2.452627944163,2.05));
#11919 = CARTESIAN_POINT('',(3.405255888326,0.4));
#11920 = CARTESIAN_POINT('',(1.5,0.4));
#11921 = ( GEOMETRIC_REPRESENTATION_CONTEXT(2) 
PARAMETRIC_REPRESENTATION_CONTEXT() REPRESENTATION_CONTEXT('2D SPACE',''
  ) );
#11922 = ADVANCED_FACE('',(#11923),#5971,.T.);
#11923 = FACE_BOUND('',#11924,.T.);
#11924 = EDGE_LOOP('',(#11925,#11946,#11947,#11948));
#11925 = ORIENTED_EDGE('',*,*,#11926,.F.);
#11926 = EDGE_CURVE('',#5934,#11927,#11929,.T.);
#11927 = VERTEX_POINT('',#11928);
#11928 = CARTESIAN_POINT('',(-5.65,-0.3,-19.75));
#11929 = SURFACE_CURVE('',#11930,(#11934,#11940),.PCURVE_S1.);
#11930 = LINE('',#11931,#11932);
#11931 = CARTESIAN_POINT('',(-5.45,-0.3,-19.55));
#11932 = VECTOR('',#11933,1.);
#11933 = DIRECTION('',(-0.707106781187,-0.,-0.707106781187));
#11934 = PCURVE('',#5971,#11935);
#11935 = DEFINITIONAL_REPRESENTATION('',(#11936),#11939);
#11936 = B_SPLINE_CURVE_WITH_KNOTS('',1,(#11937,#11938),.UNSPECIFIED.,
  .F.,.F.,(2,2),(-0.282842712475,0.282842712475),
  .PIECEWISE_BEZIER_KNOTS.);
#11937 = CARTESIAN_POINT('',(0.,0.));
#11938 = CARTESIAN_POINT('',(0.,-0.4));
#11939 = ( GEOMETRIC_REPRESENTATION_CONTEXT(2) 
PARAMETRIC_REPRESENTATION_CONTEXT() REPRESENTATION_CONTEXT('2D SPACE',''
  ) );
#11940 = PCURVE('',#6006,#11941);
#11941 = DEFINITIONAL_REPRESENTATION('',(#11942),#11945);
#11942 = B_SPLINE_CURVE_WITH_KNOTS('',1,(#11943,#11944),.UNSPECIFIED.,
  .F.,.F.,(2,2),(-0.282842712475,0.282842712475),
  .PIECEWISE_BEZIER_KNOTS.);
#11943 = CARTESIAN_POINT('',(-5.5,-0.282842712475));
#11944 = CARTESIAN_POINT('',(-5.5,0.282842712475));
#11945 = ( GEOMETRIC_REPRESENTATION_CONTEXT(2) 
PARAMETRIC_REPRESENTATION_CONTEXT() REPRESENTATION_CONTEXT('2D SPACE',''
  ) );
#11946 = ORIENTED_EDGE('',*,*,#5956,.T.);
#11947 = ORIENTED_EDGE('',*,*,#6865,.T.);
#11948 = ORIENTED_EDGE('',*,*,#11949,.F.);
#11949 = EDGE_CURVE('',#11927,#6866,#11950,.T.);
#11950 = SURFACE_CURVE('',#11951,(#11956,#11963),.PCURVE_S1.);
#11951 = CIRCLE('',#11952,1.1);
#11952 = AXIS2_PLACEMENT_3D('',#11953,#11954,#11955);
#11953 = CARTESIAN_POINT('',(-6.75,-0.3,-19.75));
#11954 = DIRECTION('',(0.,-0.,-1.));
#11955 = DIRECTION('',(1.,1.850371707709E-16,-0.));
#11956 = PCURVE('',#5971,#11957);
#11957 = DEFINITIONAL_REPRESENTATION('',(#11958),#11962);
#11958 = LINE('',#11959,#11960);
#11959 = CARTESIAN_POINT('',(-0.,-0.4));
#11960 = VECTOR('',#11961,1.);
#11961 = DIRECTION('',(-1.,-0.));
#11962 = ( GEOMETRIC_REPRESENTATION_CONTEXT(2) 
PARAMETRIC_REPRESENTATION_CONTEXT() REPRESENTATION_CONTEXT('2D SPACE',''
  ) );
#11963 = PCURVE('',#6133,#11964);
#11964 = DEFINITIONAL_REPRESENTATION('',(#11965),#11973);
#11965 = ( BOUNDED_CURVE() B_SPLINE_CURVE(2,(#11966,#11967,#11968,#11969
    ,#11970,#11971,#11972),.UNSPECIFIED.,.T.,.F.) 
B_SPLINE_CURVE_WITH_KNOTS((1,2,2,2,2,1),(-2.094395102393,0.,
    2.094395102393,4.188790204786,6.28318530718,8.377580409573),
.UNSPECIFIED.) CURVE() GEOMETRIC_REPRESENTATION_ITEM() 
RATIONAL_B_SPLINE_CURVE((1.,0.5,1.,0.5,1.,0.5,1.)) REPRESENTATION_ITEM(
  '') );
#11966 = CARTESIAN_POINT('',(6.6,1.5));
#11967 = CARTESIAN_POINT('',(6.6,-0.405255888326));
#11968 = CARTESIAN_POINT('',(4.95,0.547372055837));
#11969 = CARTESIAN_POINT('',(3.3,1.5));
#11970 = CARTESIAN_POINT('',(4.95,2.452627944163));
#11971 = CARTESIAN_POINT('',(6.6,3.405255888326));
#11972 = CARTESIAN_POINT('',(6.6,1.5));
#11973 = ( GEOMETRIC_REPRESENTATION_CONTEXT(2) 
PARAMETRIC_REPRESENTATION_CONTEXT() REPRESENTATION_CONTEXT('2D SPACE',''
  ) );
#11974 = ADVANCED_FACE('',(#11975),#6006,.F.);
#11975 = FACE_BOUND('',#11976,.T.);
#11976 = EDGE_LOOP('',(#11977,#11998,#11999,#12000));
#11977 = ORIENTED_EDGE('',*,*,#11978,.F.);
#11978 = EDGE_CURVE('',#5991,#11979,#11981,.T.);
#11979 = VERTEX_POINT('',#11980);
#11980 = CARTESIAN_POINT('',(-5.65,5.2,-19.75));
#11981 = SURFACE_CURVE('',#11982,(#11986,#11992),.PCURVE_S1.);
#11982 = LINE('',#11983,#11984);
#11983 = CARTESIAN_POINT('',(-5.25,5.2,-19.35));
#11984 = VECTOR('',#11985,1.);
#11985 = DIRECTION('',(-0.707106781187,-4.329780281177E-17,
    -0.707106781187));
#11986 = PCURVE('',#6006,#11987);
#11987 = DEFINITIONAL_REPRESENTATION('',(#11988),#11991);
#11988 = B_SPLINE_CURVE_WITH_KNOTS('',1,(#11989,#11990),.UNSPECIFIED.,
  .F.,.F.,(2,2),(0.,0.565685424949),.PIECEWISE_BEZIER_KNOTS.);
#11989 = CARTESIAN_POINT('',(0.,-0.282842712475));
#11990 = CARTESIAN_POINT('',(0.,0.282842712475));
#11991 = ( GEOMETRIC_REPRESENTATION_CONTEXT(2) 
PARAMETRIC_REPRESENTATION_CONTEXT() REPRESENTATION_CONTEXT('2D SPACE',''
  ) );
#11992 = PCURVE('',#6059,#11993);
#11993 = DEFINITIONAL_REPRESENTATION('',(#11994),#11997);
#11994 = B_SPLINE_CURVE_WITH_KNOTS('',1,(#11995,#11996),.UNSPECIFIED.,
  .F.,.F.,(2,2),(0.,0.565685424949),.PIECEWISE_BEZIER_KNOTS.);
#11995 = CARTESIAN_POINT('',(-1.570796326795,0.));
#11996 = CARTESIAN_POINT('',(-1.570796326795,-0.4));
#11997 = ( GEOMETRIC_REPRESENTATION_CONTEXT(2) 
PARAMETRIC_REPRESENTATION_CONTEXT() REPRESENTATION_CONTEXT('2D SPACE',''
  ) );
#11998 = ORIENTED_EDGE('',*,*,#5990,.T.);
#11999 = ORIENTED_EDGE('',*,*,#11926,.T.);
#12000 = ORIENTED_EDGE('',*,*,#12001,.F.);
#12001 = EDGE_CURVE('',#11979,#11927,#12002,.T.);
#12002 = SURFACE_CURVE('',#12003,(#12007,#12014),.PCURVE_S1.);
#12003 = LINE('',#12004,#12005);
#12004 = CARTESIAN_POINT('',(-5.65,5.2,-19.75));
#12005 = VECTOR('',#12006,1.);
#12006 = DIRECTION('',(-0.,-1.,-0.));
#12007 = PCURVE('',#6006,#12008);
#12008 = DEFINITIONAL_REPRESENTATION('',(#12009),#12013);
#12009 = LINE('',#12010,#12011);
#12010 = CARTESIAN_POINT('',(-0.,0.282842712475));
#12011 = VECTOR('',#12012,1.);
#12012 = DIRECTION('',(-1.,0.));
#12013 = ( GEOMETRIC_REPRESENTATION_CONTEXT(2) 
PARAMETRIC_REPRESENTATION_CONTEXT() REPRESENTATION_CONTEXT('2D SPACE',''
  ) );
#12014 = PCURVE('',#6133,#12015);
#12015 = DEFINITIONAL_REPRESENTATION('',(#12016),#12020);
#12016 = LINE('',#12017,#12018);
#12017 = CARTESIAN_POINT('',(6.6,7.));
#12018 = VECTOR('',#12019,1.);
#12019 = DIRECTION('',(-0.,-1.));
#12020 = ( GEOMETRIC_REPRESENTATION_CONTEXT(2) 
PARAMETRIC_REPRESENTATION_CONTEXT() REPRESENTATION_CONTEXT('2D SPACE',''
  ) );
#12021 = ADVANCED_FACE('',(#12022),#6059,.T.);
#12022 = FACE_BOUND('',#12023,.T.);
#12023 = EDGE_LOOP('',(#12024,#12025,#12026,#12027));
#12024 = ORIENTED_EDGE('',*,*,#6098,.F.);
#12025 = ORIENTED_EDGE('',*,*,#6044,.T.);
#12026 = ORIENTED_EDGE('',*,*,#11978,.T.);
#12027 = ORIENTED_EDGE('',*,*,#12028,.F.);
#12028 = EDGE_CURVE('',#6099,#11979,#12029,.T.);
#12029 = SURFACE_CURVE('',#12030,(#12035,#12042),.PCURVE_S1.);
#12030 = CIRCLE('',#12031,1.1);
#12031 = AXIS2_PLACEMENT_3D('',#12032,#12033,#12034);
#12032 = CARTESIAN_POINT('',(-6.75,5.2,-19.75));
#12033 = DIRECTION('',(0.,-0.,-1.));
#12034 = DIRECTION('',(0.,1.,-0.));
#12035 = PCURVE('',#6059,#12036);
#12036 = DEFINITIONAL_REPRESENTATION('',(#12037),#12041);
#12037 = LINE('',#12038,#12039);
#12038 = CARTESIAN_POINT('',(-0.,-0.4));
#12039 = VECTOR('',#12040,1.);
#12040 = DIRECTION('',(-1.,-0.));
#12041 = ( GEOMETRIC_REPRESENTATION_CONTEXT(2) 
PARAMETRIC_REPRESENTATION_CONTEXT() REPRESENTATION_CONTEXT('2D SPACE',''
  ) );
#12042 = PCURVE('',#6133,#12043);
#12043 = DEFINITIONAL_REPRESENTATION('',(#12044),#12052);
#12044 = ( BOUNDED_CURVE() B_SPLINE_CURVE(2,(#12045,#12046,#12047,#12048
    ,#12049,#12050,#12051),.UNSPECIFIED.,.T.,.F.) 
B_SPLINE_CURVE_WITH_KNOTS((1,2,2,2,2,1),(-2.094395102393,0.,
    2.094395102393,4.188790204786,6.28318530718,8.377580409573),
.UNSPECIFIED.) CURVE() GEOMETRIC_REPRESENTATION_ITEM() 
RATIONAL_B_SPLINE_CURVE((1.,0.5,1.,0.5,1.,0.5,1.)) REPRESENTATION_ITEM(
  '') );
#12045 = CARTESIAN_POINT('',(5.5,8.1));
#12046 = CARTESIAN_POINT('',(7.405255888326,8.1));
#12047 = CARTESIAN_POINT('',(6.452627944163,6.45));
#12048 = CARTESIAN_POINT('',(5.5,4.8));
#12049 = CARTESIAN_POINT('',(4.547372055837,6.45));
#12050 = CARTESIAN_POINT('',(3.594744111674,8.1));
#12051 = CARTESIAN_POINT('',(5.5,8.1));
#12052 = ( GEOMETRIC_REPRESENTATION_CONTEXT(2) 
PARAMETRIC_REPRESENTATION_CONTEXT() REPRESENTATION_CONTEXT('2D SPACE',''
  ) );
#12053 = ADVANCED_FACE('',(#12054),#6133,.F.);
#12054 = FACE_BOUND('',#12055,.F.);
#12055 = EDGE_LOOP('',(#12056,#12057,#12058,#12059,#12060,#12061,#12062,
    #12063));
#12056 = ORIENTED_EDGE('',*,*,#6223,.F.);
#12057 = ORIENTED_EDGE('',*,*,#6270,.F.);
#12058 = ORIENTED_EDGE('',*,*,#6888,.F.);
#12059 = ORIENTED_EDGE('',*,*,#11949,.F.);
#12060 = ORIENTED_EDGE('',*,*,#12001,.F.);
#12061 = ORIENTED_EDGE('',*,*,#12028,.F.);
#12062 = ORIENTED_EDGE('',*,*,#6119,.F.);
#12063 = ORIENTED_EDGE('',*,*,#6171,.F.);
#12064 = ADVANCED_FACE('',(#12065),#6314,.T.);
#12065 = FACE_BOUND('',#12066,.T.);
#12066 = EDGE_LOOP('',(#12067,#12088,#12089,#12090));
#12067 = ORIENTED_EDGE('',*,*,#12068,.F.);
#12068 = EDGE_CURVE('',#6377,#12069,#12071,.T.);
#12069 = VERTEX_POINT('',#12070);
#12070 = CARTESIAN_POINT('',(11.85,-0.3,-19.75));
#12071 = SURFACE_CURVE('',#12072,(#12076,#12082),.PCURVE_S1.);
#12072 = LINE('',#12073,#12074);
#12073 = CARTESIAN_POINT('',(12.05,-0.3,-19.55));
#12074 = VECTOR('',#12075,1.);
#12075 = DIRECTION('',(-0.707106781187,-0.,-0.707106781187));
#12076 = PCURVE('',#6314,#12077);
#12077 = DEFINITIONAL_REPRESENTATION('',(#12078),#12081);
#12078 = B_SPLINE_CURVE_WITH_KNOTS('',1,(#12079,#12080),.UNSPECIFIED.,
  .F.,.F.,(2,2),(-0.282842712475,0.282842712475),
  .PIECEWISE_BEZIER_KNOTS.);
#12079 = CARTESIAN_POINT('',(0.,0.));
#12080 = CARTESIAN_POINT('',(0.,-0.4));
#12081 = ( GEOMETRIC_REPRESENTATION_CONTEXT(2) 
PARAMETRIC_REPRESENTATION_CONTEXT() REPRESENTATION_CONTEXT('2D SPACE',''
  ) );
#12082 = PCURVE('',#11654,#12083);
#12083 = DEFINITIONAL_REPRESENTATION('',(#12084),#12087);
#12084 = B_SPLINE_CURVE_WITH_KNOTS('',1,(#12085,#12086),.UNSPECIFIED.,
  .F.,.F.,(2,2),(-0.282842712475,0.282842712475),
  .PIECEWISE_BEZIER_KNOTS.);
#12085 = CARTESIAN_POINT('',(-5.5,-0.282842712475));
#12086 = CARTESIAN_POINT('',(-5.5,0.282842712475));
#12087 = ( GEOMETRIC_REPRESENTATION_CONTEXT(2) 
PARAMETRIC_REPRESENTATION_CONTEXT() REPRESENTATION_CONTEXT('2D SPACE',''
  ) );
#12088 = ORIENTED_EDGE('',*,*,#6399,.T.);
#12089 = ORIENTED_EDGE('',*,*,#6299,.T.);
#12090 = ORIENTED_EDGE('',*,*,#12091,.F.);
#12091 = EDGE_CURVE('',#12069,#6300,#12092,.T.);
#12092 = SURFACE_CURVE('',#12093,(#12098,#12105),.PCURVE_S1.);
#12093 = CIRCLE('',#12094,1.1);
#12094 = AXIS2_PLACEMENT_3D('',#12095,#12096,#12097);
#12095 = CARTESIAN_POINT('',(10.75,-0.3,-19.75));
#12096 = DIRECTION('',(0.,-0.,-1.));
#12097 = DIRECTION('',(1.,1.850371707709E-16,-0.));
#12098 = PCURVE('',#6314,#12099);
#12099 = DEFINITIONAL_REPRESENTATION('',(#12100),#12104);
#12100 = LINE('',#12101,#12102);
#12101 = CARTESIAN_POINT('',(-0.,-0.4));
#12102 = VECTOR('',#12103,1.);
#12103 = DIRECTION('',(-1.,-0.));
#12104 = ( GEOMETRIC_REPRESENTATION_CONTEXT(2) 
PARAMETRIC_REPRESENTATION_CONTEXT() REPRESENTATION_CONTEXT('2D SPACE',''
  ) );
#12105 = PCURVE('',#6361,#12106);
#12106 = DEFINITIONAL_REPRESENTATION('',(#12107),#12115);
#12107 = ( BOUNDED_CURVE() B_SPLINE_CURVE(2,(#12108,#12109,#12110,#12111
    ,#12112,#12113,#12114),.UNSPECIFIED.,.T.,.F.) 
B_SPLINE_CURVE_WITH_KNOTS((1,2,2,2,2,1),(-2.094395102393,0.,
    2.094395102393,4.188790204786,6.28318530718,8.377580409573),
.UNSPECIFIED.) CURVE() GEOMETRIC_REPRESENTATION_ITEM() 
RATIONAL_B_SPLINE_CURVE((1.,0.5,1.,0.5,1.,0.5,1.)) REPRESENTATION_ITEM(
  '') );
#12108 = CARTESIAN_POINT('',(6.6,1.5));
#12109 = CARTESIAN_POINT('',(6.6,-0.405255888326));
#12110 = CARTESIAN_POINT('',(4.95,0.547372055837));
#12111 = CARTESIAN_POINT('',(3.3,1.5));
#12112 = CARTESIAN_POINT('',(4.95,2.452627944163));
#12113 = CARTESIAN_POINT('',(6.6,3.405255888326));
#12114 = CARTESIAN_POINT('',(6.6,1.5));
#12115 = ( GEOMETRIC_REPRESENTATION_CONTEXT(2) 
PARAMETRIC_REPRESENTATION_CONTEXT() REPRESENTATION_CONTEXT('2D SPACE',''
  ) );
#12116 = ADVANCED_FACE('',(#12117),#6361,.F.);
#12117 = FACE_BOUND('',#12118,.F.);
#12118 = EDGE_LOOP('',(#12119,#12120,#12121,#12122,#12123,#12146,#12172,
    #12173));
#12119 = ORIENTED_EDGE('',*,*,#11870,.F.);
#12120 = ORIENTED_EDGE('',*,*,#11897,.F.);
#12121 = ORIENTED_EDGE('',*,*,#6347,.F.);
#12122 = ORIENTED_EDGE('',*,*,#12091,.F.);
#12123 = ORIENTED_EDGE('',*,*,#12124,.F.);
#12124 = EDGE_CURVE('',#12125,#12069,#12127,.T.);
#12125 = VERTEX_POINT('',#12126);
#12126 = CARTESIAN_POINT('',(11.85,5.2,-19.75));
#12127 = SURFACE_CURVE('',#12128,(#12132,#12139),.PCURVE_S1.);
#12128 = LINE('',#12129,#12130);
#12129 = CARTESIAN_POINT('',(11.85,5.2,-19.75));
#12130 = VECTOR('',#12131,1.);
#12131 = DIRECTION('',(-0.,-1.,-0.));
#12132 = PCURVE('',#6361,#12133);
#12133 = DEFINITIONAL_REPRESENTATION('',(#12134),#12138);
#12134 = LINE('',#12135,#12136);
#12135 = CARTESIAN_POINT('',(6.6,7.));
#12136 = VECTOR('',#12137,1.);
#12137 = DIRECTION('',(-0.,-1.));
#12138 = ( GEOMETRIC_REPRESENTATION_CONTEXT(2) 
PARAMETRIC_REPRESENTATION_CONTEXT() REPRESENTATION_CONTEXT('2D SPACE',''
  ) );
#12139 = PCURVE('',#11654,#12140);
#12140 = DEFINITIONAL_REPRESENTATION('',(#12141),#12145);
#12141 = LINE('',#12142,#12143);
#12142 = CARTESIAN_POINT('',(-0.,0.282842712475));
#12143 = VECTOR('',#12144,1.);
#12144 = DIRECTION('',(-1.,0.));
#12145 = ( GEOMETRIC_REPRESENTATION_CONTEXT(2) 
PARAMETRIC_REPRESENTATION_CONTEXT() REPRESENTATION_CONTEXT('2D SPACE',''
  ) );
#12146 = ORIENTED_EDGE('',*,*,#12147,.F.);
#12147 = EDGE_CURVE('',#11751,#12125,#12148,.T.);
#12148 = SURFACE_CURVE('',#12149,(#12154,#12165),.PCURVE_S1.);
#12149 = CIRCLE('',#12150,1.1);
#12150 = AXIS2_PLACEMENT_3D('',#12151,#12152,#12153);
#12151 = CARTESIAN_POINT('',(10.75,5.2,-19.75));
#12152 = DIRECTION('',(0.,-0.,-1.));
#12153 = DIRECTION('',(0.,1.,-0.));
#12154 = PCURVE('',#6361,#12155);
#12155 = DEFINITIONAL_REPRESENTATION('',(#12156),#12164);
#12156 = ( BOUNDED_CURVE() B_SPLINE_CURVE(2,(#12157,#12158,#12159,#12160
    ,#12161,#12162,#12163),.UNSPECIFIED.,.T.,.F.) 
B_SPLINE_CURVE_WITH_KNOTS((1,2,2,2,2,1),(-2.094395102393,0.,
    2.094395102393,4.188790204786,6.28318530718,8.377580409573),
.UNSPECIFIED.) CURVE() GEOMETRIC_REPRESENTATION_ITEM() 
RATIONAL_B_SPLINE_CURVE((1.,0.5,1.,0.5,1.,0.5,1.)) REPRESENTATION_ITEM(
  '') );
#12157 = CARTESIAN_POINT('',(5.5,8.1));
#12158 = CARTESIAN_POINT('',(7.405255888326,8.1));
#12159 = CARTESIAN_POINT('',(6.452627944163,6.45));
#12160 = CARTESIAN_POINT('',(5.5,4.8));
#12161 = CARTESIAN_POINT('',(4.547372055837,6.45));
#12162 = CARTESIAN_POINT('',(3.594744111674,8.1));
#12163 = CARTESIAN_POINT('',(5.5,8.1));
#12164 = ( GEOMETRIC_REPRESENTATION_CONTEXT(2) 
PARAMETRIC_REPRESENTATION_CONTEXT() REPRESENTATION_CONTEXT('2D SPACE',''
  ) );
#12165 = PCURVE('',#11622,#12166);
#12166 = DEFINITIONAL_REPRESENTATION('',(#12167),#12171);
#12167 = LINE('',#12168,#12169);
#12168 = CARTESIAN_POINT('',(-0.,-0.4));
#12169 = VECTOR('',#12170,1.);
#12170 = DIRECTION('',(-1.,-0.));
#12171 = ( GEOMETRIC_REPRESENTATION_CONTEXT(2) 
PARAMETRIC_REPRESENTATION_CONTEXT() REPRESENTATION_CONTEXT('2D SPACE',''
  ) );
#12172 = ORIENTED_EDGE('',*,*,#11771,.F.);
#12173 = ORIENTED_EDGE('',*,*,#11818,.F.);
#12174 = ADVANCED_FACE('',(#12175),#6602,.T.);
#12175 = FACE_BOUND('',#12176,.F.);
#12176 = EDGE_LOOP('',(#12177,#12178,#12179,#12180));
#12177 = ORIENTED_EDGE('',*,*,#11673,.F.);
#12178 = ORIENTED_EDGE('',*,*,#6587,.T.);
#12179 = ORIENTED_EDGE('',*,*,#11395,.T.);
#12180 = ORIENTED_EDGE('',*,*,#10166,.F.);
#12181 = ADVANCED_FACE('',(#12182),#6704,.T.);
#12182 = FACE_BOUND('',#12183,.T.);
#12183 = EDGE_LOOP('',(#12184,#12205,#12206,#12207));
#12184 = ORIENTED_EDGE('',*,*,#12185,.F.);
#12185 = EDGE_CURVE('',#6668,#10241,#12186,.T.);
#12186 = SURFACE_CURVE('',#12187,(#12191,#12198),.PCURVE_S1.);
#12187 = LINE('',#12188,#12189);
#12188 = CARTESIAN_POINT('',(-14.25,-1.8,9.));
#12189 = VECTOR('',#12190,1.);
#12190 = DIRECTION('',(0.,1.,0.));
#12191 = PCURVE('',#6704,#12192);
#12192 = DEFINITIONAL_REPRESENTATION('',(#12193),#12197);
#12193 = LINE('',#12194,#12195);
#12194 = CARTESIAN_POINT('',(0.,0.));
#12195 = VECTOR('',#12196,1.);
#12196 = DIRECTION('',(0.,1.));
#12197 = ( GEOMETRIC_REPRESENTATION_CONTEXT(2) 
PARAMETRIC_REPRESENTATION_CONTEXT() REPRESENTATION_CONTEXT('2D SPACE',''
  ) );
#12198 = PCURVE('',#6737,#12199);
#12199 = DEFINITIONAL_REPRESENTATION('',(#12200),#12204);
#12200 = LINE('',#12201,#12202);
#12201 = CARTESIAN_POINT('',(23.25,0.));
#12202 = VECTOR('',#12203,1.);
#12203 = DIRECTION('',(0.,-1.));
#12204 = ( GEOMETRIC_REPRESENTATION_CONTEXT(2) 
PARAMETRIC_REPRESENTATION_CONTEXT() REPRESENTATION_CONTEXT('2D SPACE',''
  ) );
#12205 = ORIENTED_EDGE('',*,*,#6689,.F.);
#12206 = ORIENTED_EDGE('',*,*,#11373,.T.);
#12207 = ORIENTED_EDGE('',*,*,#10261,.T.);
#12208 = ADVANCED_FACE('',(#12209),#6737,.F.);
#12209 = FACE_BOUND('',#12210,.F.);
#12210 = EDGE_LOOP('',(#12211,#12212,#12213,#12214));
#12211 = ORIENTED_EDGE('',*,*,#6842,.F.);
#12212 = ORIENTED_EDGE('',*,*,#10289,.F.);
#12213 = ORIENTED_EDGE('',*,*,#12185,.F.);
#12214 = ORIENTED_EDGE('',*,*,#6721,.T.);
#12215 = ADVANCED_FACE('',(#12216),#6930,.F.);
#12216 = FACE_BOUND('',#12217,.F.);
#12217 = EDGE_LOOP('',(#12218,#12219,#12220,#12221));
#12218 = ORIENTED_EDGE('',*,*,#6912,.T.);
#12219 = ORIENTED_EDGE('',*,*,#7038,.T.);
#12220 = ORIENTED_EDGE('',*,*,#7088,.T.);
#12221 = ORIENTED_EDGE('',*,*,#6988,.T.);
#12222 = ADVANCED_FACE('',(#12223),#7133,.F.);
#12223 = FACE_BOUND('',#12224,.F.);
#12224 = EDGE_LOOP('',(#12225,#12226,#12227,#12228));
#12225 = ORIENTED_EDGE('',*,*,#7115,.T.);
#12226 = ORIENTED_EDGE('',*,*,#7241,.T.);
#12227 = ORIENTED_EDGE('',*,*,#7291,.T.);
#12228 = ORIENTED_EDGE('',*,*,#7191,.T.);
#12229 = ADVANCED_FACE('',(#12230),#7336,.F.);
#12230 = FACE_BOUND('',#12231,.F.);
#12231 = EDGE_LOOP('',(#12232,#12233,#12234,#12235));
#12232 = ORIENTED_EDGE('',*,*,#7318,.T.);
#12233 = ORIENTED_EDGE('',*,*,#7444,.T.);
#12234 = ORIENTED_EDGE('',*,*,#7494,.T.);
#12235 = ORIENTED_EDGE('',*,*,#7394,.T.);
#12236 = ADVANCED_FACE('',(#12237),#7539,.F.);
#12237 = FACE_BOUND('',#12238,.F.);
#12238 = EDGE_LOOP('',(#12239,#12240,#12241,#12242));
#12239 = ORIENTED_EDGE('',*,*,#7521,.T.);
#12240 = ORIENTED_EDGE('',*,*,#7647,.T.);
#12241 = ORIENTED_EDGE('',*,*,#7697,.T.);
#12242 = ORIENTED_EDGE('',*,*,#7597,.T.);
#12243 = ADVANCED_FACE('',(#12244),#7742,.F.);
#12244 = FACE_BOUND('',#12245,.F.);
#12245 = EDGE_LOOP('',(#12246,#12247,#12248,#12249,#12250,#12251,#12252)
  );
#12246 = ORIENTED_EDGE('',*,*,#7798,.T.);
#12247 = ORIENTED_EDGE('',*,*,#7724,.T.);
#12248 = ORIENTED_EDGE('',*,*,#7848,.T.);
#12249 = ORIENTED_EDGE('',*,*,#7946,.T.);
#12250 = ORIENTED_EDGE('',*,*,#8046,.T.);
#12251 = ORIENTED_EDGE('',*,*,#7996,.T.);
#12252 = ORIENTED_EDGE('',*,*,#7897,.T.);
#12253 = ADVANCED_FACE('',(#12254),#8091,.F.);
#12254 = FACE_BOUND('',#12255,.F.);
#12255 = EDGE_LOOP('',(#12256,#12257,#12258,#12259));
#12256 = ORIENTED_EDGE('',*,*,#8073,.T.);
#12257 = ORIENTED_EDGE('',*,*,#8199,.T.);
#12258 = ORIENTED_EDGE('',*,*,#8249,.T.);
#12259 = ORIENTED_EDGE('',*,*,#8149,.T.);
#12260 = ADVANCED_FACE('',(#12261),#8294,.F.);
#12261 = FACE_BOUND('',#12262,.F.);
#12262 = EDGE_LOOP('',(#12263,#12264,#12265,#12266));
#12263 = ORIENTED_EDGE('',*,*,#8276,.T.);
#12264 = ORIENTED_EDGE('',*,*,#8402,.T.);
#12265 = ORIENTED_EDGE('',*,*,#8452,.T.);
#12266 = ORIENTED_EDGE('',*,*,#8352,.T.);
#12267 = ADVANCED_FACE('',(#12268),#8497,.F.);
#12268 = FACE_BOUND('',#12269,.F.);
#12269 = EDGE_LOOP('',(#12270,#12271,#12272,#12273));
#12270 = ORIENTED_EDGE('',*,*,#8479,.T.);
#12271 = ORIENTED_EDGE('',*,*,#8605,.T.);
#12272 = ORIENTED_EDGE('',*,*,#8655,.T.);
#12273 = ORIENTED_EDGE('',*,*,#8555,.T.);
#12274 = ADVANCED_FACE('',(#12275),#8903,.T.);
#12275 = FACE_BOUND('',#12276,.T.);
#12276 = EDGE_LOOP('',(#12277,#12298,#12299,#12300));
#12277 = ORIENTED_EDGE('',*,*,#12278,.F.);
#12278 = EDGE_CURVE('',#9018,#9461,#12279,.T.);
#12279 = SURFACE_CURVE('',#12280,(#12284,#12291),.PCURVE_S1.);
#12280 = LINE('',#12281,#12282);
#12281 = CARTESIAN_POINT('',(-3.,-1.2,8.1));
#12282 = VECTOR('',#12283,1.);
#12283 = DIRECTION('',(1.,0.,0.));
#12284 = PCURVE('',#8903,#12285);
#12285 = DEFINITIONAL_REPRESENTATION('',(#12286),#12290);
#12286 = LINE('',#12287,#12288);
#12287 = CARTESIAN_POINT('',(0.,0.));
#12288 = VECTOR('',#12289,1.);
#12289 = DIRECTION('',(0.,1.));
#12290 = ( GEOMETRIC_REPRESENTATION_CONTEXT(2) 
PARAMETRIC_REPRESENTATION_CONTEXT() REPRESENTATION_CONTEXT('2D SPACE',''
  ) );
#12291 = PCURVE('',#9033,#12292);
#12292 = DEFINITIONAL_REPRESENTATION('',(#12293),#12297);
#12293 = LINE('',#12294,#12295);
#12294 = CARTESIAN_POINT('',(0.,0.));
#12295 = VECTOR('',#12296,1.);
#12296 = DIRECTION('',(1.,0.));
#12297 = ( GEOMETRIC_REPRESENTATION_CONTEXT(2) 
PARAMETRIC_REPRESENTATION_CONTEXT() REPRESENTATION_CONTEXT('2D SPACE',''
  ) );
#12298 = ORIENTED_EDGE('',*,*,#9045,.T.);
#12299 = ORIENTED_EDGE('',*,*,#8887,.T.);
#12300 = ORIENTED_EDGE('',*,*,#9483,.F.);
#12301 = ADVANCED_FACE('',(#12302,#12338),#9006,.T.);
#12302 = FACE_BOUND('',#12303,.T.);
#12303 = EDGE_LOOP('',(#12304,#12305,#12306,#12307,#12308,#12309,#12310,
    #12311,#12312,#12313,#12314,#12315,#12316,#12317,#12318,#12319));
#12304 = ORIENTED_EDGE('',*,*,#9439,.F.);
#12305 = ORIENTED_EDGE('',*,*,#9582,.F.);
#12306 = ORIENTED_EDGE('',*,*,#9674,.T.);
#12307 = ORIENTED_EDGE('',*,*,#9746,.F.);
#12308 = ORIENTED_EDGE('',*,*,#9843,.T.);
#12309 = ORIENTED_EDGE('',*,*,#9818,.F.);
#12310 = ORIENTED_EDGE('',*,*,#9721,.T.);
#12311 = ORIENTED_EDGE('',*,*,#9604,.T.);
#12312 = ORIENTED_EDGE('',*,*,#9532,.T.);
#12313 = ORIENTED_EDGE('',*,*,#9392,.T.);
#12314 = ORIENTED_EDGE('',*,*,#9342,.T.);
#12315 = ORIENTED_EDGE('',*,*,#9263,.F.);
#12316 = ORIENTED_EDGE('',*,*,#9216,.F.);
#12317 = ORIENTED_EDGE('',*,*,#9144,.F.);
#12318 = ORIENTED_EDGE('',*,*,#8989,.T.);
#12319 = ORIENTED_EDGE('',*,*,#12320,.F.);
#12320 = EDGE_CURVE('',#9440,#8992,#12321,.T.);
#12321 = SURFACE_CURVE('',#12322,(#12326,#12332),.PCURVE_S1.);
#12322 = LINE('',#12323,#12324);
#12323 = CARTESIAN_POINT('',(-5.85,-0.6,8.1));
#12324 = VECTOR('',#12325,1.);
#12325 = DIRECTION('',(-1.,0.,0.));
#12326 = PCURVE('',#9006,#12327);
#12327 = DEFINITIONAL_REPRESENTATION('',(#12328),#12331);
#12328 = B_SPLINE_CURVE_WITH_KNOTS('',1,(#12329,#12330),.UNSPECIFIED.,
  .F.,.F.,(2,2),(-8.85,-2.85),.PIECEWISE_BEZIER_KNOTS.);
#12329 = CARTESIAN_POINT('',(16.8,11.7));
#12330 = CARTESIAN_POINT('',(16.8,5.7));
#12331 = ( GEOMETRIC_REPRESENTATION_CONTEXT(2) 
PARAMETRIC_REPRESENTATION_CONTEXT() REPRESENTATION_CONTEXT('2D SPACE',''
  ) );
#12332 = PCURVE('',#9033,#12333);
#12333 = DEFINITIONAL_REPRESENTATION('',(#12334),#12337);
#12334 = B_SPLINE_CURVE_WITH_KNOTS('',1,(#12335,#12336),.UNSPECIFIED.,
  .F.,.F.,(2,2),(-8.85,-2.85),.PIECEWISE_BEZIER_KNOTS.);
#12335 = CARTESIAN_POINT('',(6.,0.6));
#12336 = CARTESIAN_POINT('',(0.,0.6));
#12337 = ( GEOMETRIC_REPRESENTATION_CONTEXT(2) 
PARAMETRIC_REPRESENTATION_CONTEXT() REPRESENTATION_CONTEXT('2D SPACE',''
  ) );
#12338 = FACE_BOUND('',#12339,.T.);
#12339 = EDGE_LOOP('',(#12340));
#12340 = ORIENTED_EDGE('',*,*,#12341,.F.);
#12341 = EDGE_CURVE('',#12342,#12342,#12344,.T.);
#12342 = VERTEX_POINT('',#12343);
#12343 = CARTESIAN_POINT('',(4.,-0.6,0.));
#12344 = SURFACE_CURVE('',#12345,(#12350,#12357),.PCURVE_S1.);
#12345 = CIRCLE('',#12346,2.);
#12346 = AXIS2_PLACEMENT_3D('',#12347,#12348,#12349);
#12347 = CARTESIAN_POINT('',(2.,-0.6,0.));
#12348 = DIRECTION('',(-0.,1.,0.));
#12349 = DIRECTION('',(1.,0.,0.));
#12350 = PCURVE('',#9006,#12351);
#12351 = DEFINITIONAL_REPRESENTATION('',(#12352),#12356);
#12352 = CIRCLE('',#12353,2.);
#12353 = AXIS2_PLACEMENT_2D('',#12354,#12355);
#12354 = CARTESIAN_POINT('',(8.7,10.7));
#12355 = DIRECTION('',(0.,1.));
#12356 = ( GEOMETRIC_REPRESENTATION_CONTEXT(2) 
PARAMETRIC_REPRESENTATION_CONTEXT() REPRESENTATION_CONTEXT('2D SPACE',''
  ) );
#12357 = PCURVE('',#12358,#12363);
#12358 = CYLINDRICAL_SURFACE('',#12359,2.);
#12359 = AXIS2_PLACEMENT_3D('',#12360,#12361,#12362);
#12360 = CARTESIAN_POINT('',(2.,0.,0.));
#12361 = DIRECTION('',(-0.,1.,-0.));
#12362 = DIRECTION('',(1.,0.,0.));
#12363 = DEFINITIONAL_REPRESENTATION('',(#12364),#12368);
#12364 = LINE('',#12365,#12366);
#12365 = CARTESIAN_POINT('',(-6.28318530718,-0.6));
#12366 = VECTOR('',#12367,1.);
#12367 = DIRECTION('',(1.,-0.));
#12368 = ( GEOMETRIC_REPRESENTATION_CONTEXT(2) 
PARAMETRIC_REPRESENTATION_CONTEXT() REPRESENTATION_CONTEXT('2D SPACE',''
  ) );
#12369 = ADVANCED_FACE('',(#12370),#9033,.T.);
#12370 = FACE_BOUND('',#12371,.T.);
#12371 = EDGE_LOOP('',(#12372,#12373,#12374,#12375));
#12372 = ORIENTED_EDGE('',*,*,#9017,.F.);
#12373 = ORIENTED_EDGE('',*,*,#12278,.T.);
#12374 = ORIENTED_EDGE('',*,*,#9460,.T.);
#12375 = ORIENTED_EDGE('',*,*,#12320,.T.);
#12376 = ADVANCED_FACE('',(#12377),#9886,.F.);
#12377 = FACE_BOUND('',#12378,.F.);
#12378 = EDGE_LOOP('',(#12379,#12380,#12381,#12382));
#12379 = ORIENTED_EDGE('',*,*,#9868,.T.);
#12380 = ORIENTED_EDGE('',*,*,#9994,.T.);
#12381 = ORIENTED_EDGE('',*,*,#10044,.T.);
#12382 = ORIENTED_EDGE('',*,*,#9944,.T.);
#12383 = ADVANCED_FACE('',(#12384),#10410,.T.);
#12384 = FACE_BOUND('',#12385,.T.);
#12385 = EDGE_LOOP('',(#12386));
#12386 = ORIENTED_EDGE('',*,*,#10393,.T.);
#12387 = ADVANCED_FACE('',(#12388),#10510,.T.);
#12388 = FACE_BOUND('',#12389,.T.);
#12389 = EDGE_LOOP('',(#12390));
#12390 = ORIENTED_EDGE('',*,*,#10493,.T.);
#12391 = ADVANCED_FACE('',(#12392),#10718,.T.);
#12392 = FACE_BOUND('',#12393,.T.);
#12393 = EDGE_LOOP('',(#12394));
#12394 = ORIENTED_EDGE('',*,*,#10701,.F.);
#12395 = ADVANCED_FACE('',(#12396),#10818,.T.);
#12396 = FACE_BOUND('',#12397,.T.);
#12397 = EDGE_LOOP('',(#12398));
#12398 = ORIENTED_EDGE('',*,*,#10801,.F.);
#12399 = ADVANCED_FACE('',(#12400),#11115,.F.);
#12400 = FACE_BOUND('',#12401,.F.);
#12401 = EDGE_LOOP('',(#12402,#12403,#12404,#12405));
#12402 = ORIENTED_EDGE('',*,*,#11510,.F.);
#12403 = ORIENTED_EDGE('',*,*,#11557,.F.);
#12404 = ORIENTED_EDGE('',*,*,#11100,.T.);
#12405 = ORIENTED_EDGE('',*,*,#12406,.T.);
#12406 = EDGE_CURVE('',#11072,#11487,#12407,.T.);
#12407 = SURFACE_CURVE('',#12408,(#12412,#12419),.PCURVE_S1.);
#12408 = LINE('',#12409,#12410);
#12409 = CARTESIAN_POINT('',(7.7,7.,10.));
#12410 = VECTOR('',#12411,1.);
#12411 = DIRECTION('',(0.,0.,1.));
#12412 = PCURVE('',#11115,#12413);
#12413 = DEFINITIONAL_REPRESENTATION('',(#12414),#12418);
#12414 = LINE('',#12415,#12416);
#12415 = CARTESIAN_POINT('',(0.,-7.));
#12416 = VECTOR('',#12417,1.);
#12417 = DIRECTION('',(1.,0.));
#12418 = ( GEOMETRIC_REPRESENTATION_CONTEXT(2) 
PARAMETRIC_REPRESENTATION_CONTEXT() REPRESENTATION_CONTEXT('2D SPACE',''
  ) );
#12419 = PCURVE('',#11088,#12420);
#12420 = DEFINITIONAL_REPRESENTATION('',(#12421),#12425);
#12421 = LINE('',#12422,#12423);
#12422 = CARTESIAN_POINT('',(0.,0.));
#12423 = VECTOR('',#12424,1.);
#12424 = DIRECTION('',(0.,1.));
#12425 = ( GEOMETRIC_REPRESENTATION_CONTEXT(2) 
PARAMETRIC_REPRESENTATION_CONTEXT() REPRESENTATION_CONTEXT('2D SPACE',''
  ) );
#12426 = ADVANCED_FACE('',(#12427),#11088,.F.);
#12427 = FACE_BOUND('',#12428,.F.);
#12428 = EDGE_LOOP('',(#12429,#12430,#12431,#12452));
#12429 = ORIENTED_EDGE('',*,*,#12406,.F.);
#12430 = ORIENTED_EDGE('',*,*,#11071,.T.);
#12431 = ORIENTED_EDGE('',*,*,#12432,.T.);
#12432 = EDGE_CURVE('',#11046,#11466,#12433,.T.);
#12433 = SURFACE_CURVE('',#12434,(#12438,#12445),.PCURVE_S1.);
#12434 = LINE('',#12435,#12436);
#12435 = CARTESIAN_POINT('',(6.7,8.,10.));
#12436 = VECTOR('',#12437,1.);
#12437 = DIRECTION('',(0.,0.,1.));
#12438 = PCURVE('',#11088,#12439);
#12439 = DEFINITIONAL_REPRESENTATION('',(#12440),#12444);
#12440 = LINE('',#12441,#12442);
#12441 = CARTESIAN_POINT('',(1.570796326795,0.));
#12442 = VECTOR('',#12443,1.);
#12443 = DIRECTION('',(0.,1.));
#12444 = ( GEOMETRIC_REPRESENTATION_CONTEXT(2) 
PARAMETRIC_REPRESENTATION_CONTEXT() REPRESENTATION_CONTEXT('2D SPACE',''
  ) );
#12445 = PCURVE('',#11060,#12446);
#12446 = DEFINITIONAL_REPRESENTATION('',(#12447),#12451);
#12447 = LINE('',#12448,#12449);
#12448 = CARTESIAN_POINT('',(0.,6.4));
#12449 = VECTOR('',#12450,1.);
#12450 = DIRECTION('',(1.,0.));
#12451 = ( GEOMETRIC_REPRESENTATION_CONTEXT(2) 
PARAMETRIC_REPRESENTATION_CONTEXT() REPRESENTATION_CONTEXT('2D SPACE',''
  ) );
#12452 = ORIENTED_EDGE('',*,*,#11486,.F.);
#12453 = ADVANCED_FACE('',(#12454),#11060,.F.);
#12454 = FACE_BOUND('',#12455,.F.);
#12455 = EDGE_LOOP('',(#12456,#12457,#12478,#12479));
#12456 = ORIENTED_EDGE('',*,*,#11045,.T.);
#12457 = ORIENTED_EDGE('',*,*,#12458,.T.);
#12458 = EDGE_CURVE('',#11017,#11442,#12459,.T.);
#12459 = SURFACE_CURVE('',#12460,(#12464,#12471),.PCURVE_S1.);
#12460 = LINE('',#12461,#12462);
#12461 = CARTESIAN_POINT('',(1.3,8.,10.));
#12462 = VECTOR('',#12463,1.);
#12463 = DIRECTION('',(0.,0.,1.));
#12464 = PCURVE('',#11060,#12465);
#12465 = DEFINITIONAL_REPRESENTATION('',(#12466),#12470);
#12466 = LINE('',#12467,#12468);
#12467 = CARTESIAN_POINT('',(0.,1.));
#12468 = VECTOR('',#12469,1.);
#12469 = DIRECTION('',(1.,0.));
#12470 = ( GEOMETRIC_REPRESENTATION_CONTEXT(2) 
PARAMETRIC_REPRESENTATION_CONTEXT() REPRESENTATION_CONTEXT('2D SPACE',''
  ) );
#12471 = PCURVE('',#11033,#12472);
#12472 = DEFINITIONAL_REPRESENTATION('',(#12473),#12477);
#12473 = LINE('',#12474,#12475);
#12474 = CARTESIAN_POINT('',(-1.570796326795,0.));
#12475 = VECTOR('',#12476,1.);
#12476 = DIRECTION('',(-0.,1.));
#12477 = ( GEOMETRIC_REPRESENTATION_CONTEXT(2) 
PARAMETRIC_REPRESENTATION_CONTEXT() REPRESENTATION_CONTEXT('2D SPACE',''
  ) );
#12478 = ORIENTED_EDGE('',*,*,#11465,.F.);
#12479 = ORIENTED_EDGE('',*,*,#12432,.F.);
#12480 = ADVANCED_FACE('',(#12481),#11033,.F.);
#12481 = FACE_BOUND('',#12482,.T.);
#12482 = EDGE_LOOP('',(#12483,#12504,#12505,#12506));
#12483 = ORIENTED_EDGE('',*,*,#12484,.F.);
#12484 = EDGE_CURVE('',#10991,#11421,#12485,.T.);
#12485 = SURFACE_CURVE('',#12486,(#12490,#12497),.PCURVE_S1.);
#12486 = LINE('',#12487,#12488);
#12487 = CARTESIAN_POINT('',(0.3,7.,10.));
#12488 = VECTOR('',#12489,1.);
#12489 = DIRECTION('',(0.,0.,1.));
#12490 = PCURVE('',#11033,#12491);
#12491 = DEFINITIONAL_REPRESENTATION('',(#12492),#12496);
#12492 = LINE('',#12493,#12494);
#12493 = CARTESIAN_POINT('',(-0.,0.));
#12494 = VECTOR('',#12495,1.);
#12495 = DIRECTION('',(-0.,1.));
#12496 = ( GEOMETRIC_REPRESENTATION_CONTEXT(2) 
PARAMETRIC_REPRESENTATION_CONTEXT() REPRESENTATION_CONTEXT('2D SPACE',''
  ) );
#12497 = PCURVE('',#11005,#12498);
#12498 = DEFINITIONAL_REPRESENTATION('',(#12499),#12503);
#12499 = LINE('',#12500,#12501);
#12500 = CARTESIAN_POINT('',(0.,-7.));
#12501 = VECTOR('',#12502,1.);
#12502 = DIRECTION('',(1.,0.));
#12503 = ( GEOMETRIC_REPRESENTATION_CONTEXT(2) 
PARAMETRIC_REPRESENTATION_CONTEXT() REPRESENTATION_CONTEXT('2D SPACE',''
  ) );
#12504 = ORIENTED_EDGE('',*,*,#11016,.F.);
#12505 = ORIENTED_EDGE('',*,*,#12458,.T.);
#12506 = ORIENTED_EDGE('',*,*,#11441,.T.);
#12507 = ADVANCED_FACE('',(#12508),#11005,.T.);
#12508 = FACE_BOUND('',#12509,.T.);
#12509 = EDGE_LOOP('',(#12510,#12511,#12512,#12513));
#12510 = ORIENTED_EDGE('',*,*,#11420,.F.);
#12511 = ORIENTED_EDGE('',*,*,#11323,.F.);
#12512 = ORIENTED_EDGE('',*,*,#10990,.T.);
#12513 = ORIENTED_EDGE('',*,*,#12484,.T.);
#12514 = ADVANCED_FACE('',(#12515),#11247,.F.);
#12515 = FACE_BOUND('',#12516,.T.);
#12516 = EDGE_LOOP('',(#12517,#12518,#12539,#12540));
#12517 = ORIENTED_EDGE('',*,*,#11226,.T.);
#12518 = ORIENTED_EDGE('',*,*,#12519,.T.);
#12519 = EDGE_CURVE('',#11227,#11698,#12520,.T.);
#12520 = SEAM_CURVE('',#12521,(#12525,#12532),.PCURVE_S1.);
#12521 = LINE('',#12522,#12523);
#12522 = CARTESIAN_POINT('',(10.25,4.6,7.));
#12523 = VECTOR('',#12524,1.);
#12524 = DIRECTION('',(1.,0.,0.));
#12525 = PCURVE('',#11247,#12526);
#12526 = DEFINITIONAL_REPRESENTATION('',(#12527),#12531);
#12527 = LINE('',#12528,#12529);
#12528 = CARTESIAN_POINT('',(-6.28318530718,0.));
#12529 = VECTOR('',#12530,1.);
#12530 = DIRECTION('',(-0.,-1.));
#12531 = ( GEOMETRIC_REPRESENTATION_CONTEXT(2) 
PARAMETRIC_REPRESENTATION_CONTEXT() REPRESENTATION_CONTEXT('2D SPACE',''
  ) );
#12532 = PCURVE('',#11247,#12533);
#12533 = DEFINITIONAL_REPRESENTATION('',(#12534),#12538);
#12534 = LINE('',#12535,#12536);
#12535 = CARTESIAN_POINT('',(-0.,0.));
#12536 = VECTOR('',#12537,1.);
#12537 = DIRECTION('',(-0.,-1.));
#12538 = ( GEOMETRIC_REPRESENTATION_CONTEXT(2) 
PARAMETRIC_REPRESENTATION_CONTEXT() REPRESENTATION_CONTEXT('2D SPACE',''
  ) );
#12539 = ORIENTED_EDGE('',*,*,#11697,.F.);
#12540 = ORIENTED_EDGE('',*,*,#12519,.F.);
#12541 = ADVANCED_FACE('',(#12542),#11622,.T.);
#12542 = FACE_BOUND('',#12543,.T.);
#12543 = EDGE_LOOP('',(#12544,#12545,#12546,#12565));
#12544 = ORIENTED_EDGE('',*,*,#11750,.F.);
#12545 = ORIENTED_EDGE('',*,*,#11607,.T.);
#12546 = ORIENTED_EDGE('',*,*,#12547,.T.);
#12547 = EDGE_CURVE('',#11585,#12125,#12548,.T.);
#12548 = SURFACE_CURVE('',#12549,(#12553,#12559),.PCURVE_S1.);
#12549 = LINE('',#12550,#12551);
#12550 = CARTESIAN_POINT('',(12.25,5.2,-19.35));
#12551 = VECTOR('',#12552,1.);
#12552 = DIRECTION('',(-0.707106781187,-4.329780281177E-17,
    -0.707106781187));
#12553 = PCURVE('',#11622,#12554);
#12554 = DEFINITIONAL_REPRESENTATION('',(#12555),#12558);
#12555 = B_SPLINE_CURVE_WITH_KNOTS('',1,(#12556,#12557),.UNSPECIFIED.,
  .F.,.F.,(2,2),(0.,0.565685424949),.PIECEWISE_BEZIER_KNOTS.);
#12556 = CARTESIAN_POINT('',(-1.570796326795,0.));
#12557 = CARTESIAN_POINT('',(-1.570796326795,-0.4));
#12558 = ( GEOMETRIC_REPRESENTATION_CONTEXT(2) 
PARAMETRIC_REPRESENTATION_CONTEXT() REPRESENTATION_CONTEXT('2D SPACE',''
  ) );
#12559 = PCURVE('',#11654,#12560);
#12560 = DEFINITIONAL_REPRESENTATION('',(#12561),#12564);
#12561 = B_SPLINE_CURVE_WITH_KNOTS('',1,(#12562,#12563),.UNSPECIFIED.,
  .F.,.F.,(2,2),(0.,0.565685424949),.PIECEWISE_BEZIER_KNOTS.);
#12562 = CARTESIAN_POINT('',(0.,-0.282842712475));
#12563 = CARTESIAN_POINT('',(0.,0.282842712475));
#12564 = ( GEOMETRIC_REPRESENTATION_CONTEXT(2) 
PARAMETRIC_REPRESENTATION_CONTEXT() REPRESENTATION_CONTEXT('2D SPACE',''
  ) );
#12565 = ORIENTED_EDGE('',*,*,#12147,.F.);
#12566 = ADVANCED_FACE('',(#12567),#11654,.F.);
#12567 = FACE_BOUND('',#12568,.T.);
#12568 = EDGE_LOOP('',(#12569,#12570,#12571,#12572));
#12569 = ORIENTED_EDGE('',*,*,#12547,.F.);
#12570 = ORIENTED_EDGE('',*,*,#11640,.T.);
#12571 = ORIENTED_EDGE('',*,*,#12068,.T.);
#12572 = ORIENTED_EDGE('',*,*,#12124,.F.);
#12573 = ADVANCED_FACE('',(#12574),#12358,.T.);
#12574 = FACE_BOUND('',#12575,.F.);
#12575 = EDGE_LOOP('',(#12576,#12605,#12626,#12627));
#12576 = ORIENTED_EDGE('',*,*,#12577,.F.);
#12577 = EDGE_CURVE('',#12578,#12578,#12580,.T.);
#12578 = VERTEX_POINT('',#12579);
#12579 = CARTESIAN_POINT('',(4.,0.,0.));
#12580 = SURFACE_CURVE('',#12581,(#12586,#12593),.PCURVE_S1.);
#12581 = CIRCLE('',#12582,2.);
#12582 = AXIS2_PLACEMENT_3D('',#12583,#12584,#12585);
#12583 = CARTESIAN_POINT('',(2.,0.,0.));
#12584 = DIRECTION('',(0.,-1.,0.));
#12585 = DIRECTION('',(1.,0.,0.));
#12586 = PCURVE('',#12358,#12587);
#12587 = DEFINITIONAL_REPRESENTATION('',(#12588),#12592);
#12588 = LINE('',#12589,#12590);
#12589 = CARTESIAN_POINT('',(-0.,0.));
#12590 = VECTOR('',#12591,1.);
#12591 = DIRECTION('',(-1.,0.));
#12592 = ( GEOMETRIC_REPRESENTATION_CONTEXT(2) 
PARAMETRIC_REPRESENTATION_CONTEXT() REPRESENTATION_CONTEXT('2D SPACE',''
  ) );
#12593 = PCURVE('',#12594,#12599);
#12594 = PLANE('',#12595);
#12595 = AXIS2_PLACEMENT_3D('',#12596,#12597,#12598);
#12596 = CARTESIAN_POINT('',(2.,0.,1.74751904908E-16));
#12597 = DIRECTION('',(-0.,-1.,-0.));
#12598 = DIRECTION('',(0.,0.,-1.));
#12599 = DEFINITIONAL_REPRESENTATION('',(#12600),#12604);
#12600 = CIRCLE('',#12601,2.);
#12601 = AXIS2_PLACEMENT_2D('',#12602,#12603);
#12602 = CARTESIAN_POINT('',(1.74751904908E-16,0.));
#12603 = DIRECTION('',(0.,1.));
#12604 = ( GEOMETRIC_REPRESENTATION_CONTEXT(2) 
PARAMETRIC_REPRESENTATION_CONTEXT() REPRESENTATION_CONTEXT('2D SPACE',''
  ) );
#12605 = ORIENTED_EDGE('',*,*,#12606,.T.);
#12606 = EDGE_CURVE('',#12578,#12342,#12607,.T.);
#12607 = SEAM_CURVE('',#12608,(#12612,#12619),.PCURVE_S1.);
#12608 = LINE('',#12609,#12610);
#12609 = CARTESIAN_POINT('',(4.,0.,0.));
#12610 = VECTOR('',#12611,1.);
#12611 = DIRECTION('',(0.,-1.,0.));
#12612 = PCURVE('',#12358,#12613);
#12613 = DEFINITIONAL_REPRESENTATION('',(#12614),#12618);
#12614 = LINE('',#12615,#12616);
#12615 = CARTESIAN_POINT('',(-6.28318530718,0.));
#12616 = VECTOR('',#12617,1.);
#12617 = DIRECTION('',(-0.,-1.));
#12618 = ( GEOMETRIC_REPRESENTATION_CONTEXT(2) 
PARAMETRIC_REPRESENTATION_CONTEXT() REPRESENTATION_CONTEXT('2D SPACE',''
  ) );
#12619 = PCURVE('',#12358,#12620);
#12620 = DEFINITIONAL_REPRESENTATION('',(#12621),#12625);
#12621 = LINE('',#12622,#12623);
#12622 = CARTESIAN_POINT('',(-0.,0.));
#12623 = VECTOR('',#12624,1.);
#12624 = DIRECTION('',(-0.,-1.));
#12625 = ( GEOMETRIC_REPRESENTATION_CONTEXT(2) 
PARAMETRIC_REPRESENTATION_CONTEXT() REPRESENTATION_CONTEXT('2D SPACE',''
  ) );
#12626 = ORIENTED_EDGE('',*,*,#12341,.F.);
#12627 = ORIENTED_EDGE('',*,*,#12606,.F.);
#12628 = ADVANCED_FACE('',(#12629),#12594,.F.);
#12629 = FACE_BOUND('',#12630,.F.);
#12630 = EDGE_LOOP('',(#12631));
#12631 = ORIENTED_EDGE('',*,*,#12577,.T.);
#12632 = ( GEOMETRIC_REPRESENTATION_CONTEXT(3) 
GLOBAL_UNCERTAINTY_ASSIGNED_CONTEXT((#12636)) 
GLOBAL_UNIT_ASSIGNED_CONTEXT((#12633,#12634,#12635)) 
REPRESENTATION_CONTEXT('Context #1',
  '3D Context with UNIT and UNCERTAINTY') );
#12633 = ( LENGTH_UNIT() NAMED_UNIT(*) SI_UNIT(.MILLI.,.METRE.) );
#12634 = ( NAMED_UNIT(*) PLANE_ANGLE_UNIT() SI_UNIT($,.RADIAN.) );
#12635 = ( NAMED_UNIT(*) SI_UNIT($,.STERADIAN.) SOLID_ANGLE_UNIT() );
#12636 = UNCERTAINTY_MEASURE_WITH_UNIT(LENGTH_MEASURE(1.E-07),#12633,
  'distance_accuracy_value','confusion accuracy');
#12637 = PRODUCT_RELATED_PRODUCT_CATEGORY('part',$,(#7));
ENDSEC;
END-ISO-10303-21;
